date,NoDur,Durbl,Manuf,Enrgy,Chems,BusEq,Telcm,Utils,Shops,Hlth,Money,Other
2005-01-03,-0.0090000000,-0.0132000000,-0.0138000000,-0.0321000000,-0.0050000000,-0.0109000000,-0.0050000000,-0.0147000000,-0.0023000000,-0.0110000000,-0.0055000000,-0.0080000000
2005-01-04,-0.0042000000,-0.0140000000,-0.0149000000,-0.0067000000,-0.0184000000,-0.0216000000,-0.0129000000,-0.0069000000,-0.0115000000,-0.0096000000,-0.0095000000,-0.0163000000
2005-01-05,-0.0051000000,-0.0155000000,-0.0093000000,-0.0056000000,-0.0063000000,-0.0062000000,-0.0012000000,-0.0098000000,-0.0024000000,-0.0043000000,-0.0026000000,-0.0063000000
2005-01-06,0.0020000000,0.0033000000,0.0019000000,0.0159000000,0.0099000000,-0.0043000000,0.0036000000,0.0038000000,0.0009000000,0.0071000000,0.0049000000,0.0060000000
2005-01-07,0.0034000000,-0.0059000000,-0.0034000000,-0.0073000000,0.0045000000,0.0007000000,-0.0013000000,-0.0035000000,-0.0016000000,0.0003000000,-0.0055000000,-0.0025000000
2005-01-10,0.0075000000,0.0033000000,0.0052000000,0.0073000000,0.0079000000,0.0024000000,0.0015000000,0.0071000000,0.0030000000,0.0083000000,0.0030000000,0.0035000000
2005-01-11,-0.0053000000,-0.0047000000,-0.0053000000,-0.0006000000,-0.0069000000,-0.0114000000,-0.0058000000,-0.0046000000,-0.0029000000,-0.0102000000,-0.0049000000,-0.0085000000
2005-01-12,0.0002000000,0.0014000000,0.0084000000,0.0166000000,0.0059000000,0.0065000000,0.0016000000,0.0031000000,0.0057000000,0.0055000000,-0.0017000000,0.0006000000
2005-01-13,-0.0044000000,-0.0097000000,-0.0048000000,0.0046000000,-0.0089000000,-0.0104000000,-0.0091000000,0.0052000000,-0.0062000000,-0.0174000000,-0.0082000000,-0.0061000000
2005-01-14,0.0062000000,0.0033000000,0.0108000000,0.0094000000,0.0089000000,0.0065000000,0.0045000000,0.0072000000,0.0085000000,0.0058000000,0.0041000000,0.0078000000
2005-01-18,0.0129000000,0.0045000000,0.0016000000,0.0106000000,0.0069000000,0.0090000000,0.0095000000,0.0081000000,0.0103000000,0.0092000000,0.0136000000,0.0085000000
2005-01-19,-0.0023000000,-0.0092000000,-0.0084000000,-0.0061000000,0.0022000000,-0.0198000000,-0.0125000000,-0.0027000000,-0.0093000000,-0.0064000000,-0.0099000000,-0.0079000000
2005-01-20,-0.0037000000,-0.0172000000,-0.0076000000,-0.0088000000,-0.0018000000,-0.0135000000,-0.0064000000,-0.0030000000,-0.0067000000,-0.0034000000,-0.0074000000,-0.0069000000
2005-01-21,-0.0042000000,-0.0123000000,-0.0068000000,-0.0002000000,-0.0096000000,-0.0068000000,0.0003000000,-0.0024000000,-0.0092000000,-0.0103000000,-0.0044000000,-0.0030000000
2005-01-24,-0.0053000000,-0.0080000000,-0.0067000000,0.0098000000,-0.0112000000,-0.0126000000,-0.0005000000,0.0063000000,-0.0073000000,-0.0105000000,-0.0001000000,-0.0026000000
2005-01-25,-0.0009000000,0.0065000000,0.0066000000,0.0034000000,0.0062000000,0.0052000000,-0.0023000000,-0.0067000000,0.0041000000,0.0091000000,0.0011000000,0.0065000000
2005-01-26,-0.0002000000,0.0102000000,0.0069000000,0.0097000000,0.0002000000,0.0114000000,0.0024000000,0.0144000000,0.0069000000,0.0081000000,0.0043000000,0.0018000000
2005-01-27,0.0054000000,0.0000000000,0.0058000000,0.0079000000,0.0048000000,0.0025000000,-0.0100000000,0.0052000000,0.0027000000,-0.0020000000,-0.0027000000,-0.0008000000
2005-01-28,0.0005000000,-0.0058000000,0.0029000000,-0.0079000000,-0.0036000000,-0.0035000000,-0.0014000000,0.0008000000,-0.0036000000,-0.0106000000,-0.0029000000,0.0017000000
2005-01-31,0.0093000000,0.0112000000,0.0111000000,0.0111000000,0.0033000000,0.0122000000,0.0023000000,0.0111000000,0.0107000000,0.0013000000,0.0136000000,0.0094000000
2005-02-01,0.0023000000,0.0031000000,0.0069000000,0.0227000000,0.0051000000,0.0021000000,0.0016000000,0.0068000000,0.0044000000,0.0075000000,0.0118000000,0.0055000000
2005-02-02,0.0050000000,0.0062000000,0.0055000000,0.0124000000,0.0108000000,0.0019000000,0.0053000000,0.0050000000,0.0058000000,0.0046000000,-0.0016000000,0.0019000000
2005-02-03,-0.0038000000,-0.0094000000,-0.0008000000,0.0071000000,-0.0028000000,-0.0098000000,0.0004000000,0.0022000000,0.0034000000,-0.0040000000,-0.0031000000,-0.0028000000
2005-02-04,0.0162000000,0.0074000000,0.0091000000,0.0073000000,0.0035000000,0.0170000000,0.0122000000,0.0115000000,0.0077000000,0.0109000000,0.0108000000,0.0101000000
2005-02-07,-0.0024000000,0.0050000000,-0.0026000000,-0.0044000000,0.0010000000,-0.0011000000,-0.0037000000,-0.0040000000,-0.0002000000,0.0038000000,-0.0014000000,-0.0003000000
2005-02-08,0.0027000000,-0.0032000000,0.0040000000,0.0088000000,-0.0043000000,0.0036000000,-0.0012000000,0.0032000000,-0.0033000000,0.0010000000,-0.0025000000,0.0027000000
2005-02-09,-0.0086000000,-0.0130000000,-0.0119000000,-0.0027000000,-0.0101000000,-0.0151000000,-0.0102000000,-0.0042000000,-0.0128000000,-0.0127000000,-0.0049000000,-0.0109000000
2005-02-10,0.0038000000,0.0030000000,0.0073000000,0.0218000000,0.0088000000,0.0004000000,-0.0024000000,0.0025000000,0.0011000000,0.0007000000,0.0037000000,0.0012000000
2005-02-11,0.0042000000,0.0052000000,0.0098000000,0.0049000000,0.0099000000,0.0111000000,0.0054000000,0.0007000000,0.0060000000,0.0128000000,0.0072000000,0.0062000000
2005-02-14,-0.0012000000,-0.0001000000,0.0000000000,0.0074000000,0.0051000000,0.0033000000,-0.0029000000,0.0090000000,-0.0004000000,-0.0010000000,0.0001000000,-0.0018000000
2005-02-15,-0.0001000000,0.0048000000,0.0023000000,0.0012000000,0.0085000000,0.0049000000,0.0074000000,-0.0024000000,0.0053000000,-0.0008000000,0.0022000000,0.0032000000
2005-02-16,0.0007000000,0.0002000000,0.0051000000,0.0274000000,0.0024000000,-0.0033000000,0.0007000000,0.0077000000,-0.0006000000,-0.0033000000,-0.0043000000,0.0003000000
2005-02-17,-0.0086000000,-0.0093000000,-0.0067000000,-0.0113000000,-0.0047000000,-0.0130000000,-0.0094000000,-0.0042000000,-0.0056000000,-0.0014000000,-0.0094000000,-0.0041000000
2005-02-18,-0.0008000000,0.0018000000,0.0011000000,0.0231000000,0.0036000000,-0.0026000000,-0.0032000000,-0.0106000000,-0.0001000000,0.0147000000,-0.0093000000,-0.0017000000
2005-02-22,-0.0156000000,-0.0151000000,-0.0168000000,-0.0094000000,-0.0182000000,-0.0112000000,-0.0105000000,-0.0241000000,-0.0192000000,-0.0117000000,-0.0158000000,-0.0143000000
2005-02-23,0.0033000000,0.0057000000,0.0070000000,0.0150000000,0.0163000000,-0.0016000000,0.0074000000,0.0058000000,0.0031000000,0.0044000000,0.0073000000,0.0038000000
2005-02-24,0.0072000000,0.0055000000,0.0133000000,0.0234000000,0.0087000000,0.0098000000,-0.0012000000,0.0088000000,0.0060000000,0.0074000000,0.0045000000,0.0098000000
2005-02-25,0.0059000000,0.0104000000,0.0133000000,0.0281000000,0.0103000000,0.0067000000,0.0013000000,0.0174000000,0.0073000000,0.0090000000,0.0095000000,0.0073000000
2005-02-28,-0.0024000000,-0.0100000000,-0.0059000000,-0.0027000000,-0.0125000000,-0.0025000000,-0.0012000000,-0.0069000000,-0.0010000000,-0.0172000000,-0.0069000000,-0.0063000000
2005-03-01,0.0087000000,0.0075000000,0.0027000000,-0.0204000000,0.0066000000,0.0092000000,0.0116000000,0.0029000000,0.0107000000,0.0085000000,0.0087000000,0.0048000000
2005-03-02,-0.0004000000,-0.0119000000,-0.0009000000,0.0123000000,-0.0032000000,-0.0027000000,0.0024000000,0.0009000000,-0.0004000000,0.0002000000,-0.0024000000,0.0026000000
2005-03-03,0.0010000000,0.0017000000,0.0027000000,0.0128000000,0.0009000000,-0.0056000000,-0.0028000000,0.0027000000,0.0059000000,-0.0033000000,-0.0019000000,-0.0012000000
2005-03-04,0.0066000000,-0.0012000000,0.0147000000,0.0129000000,0.0150000000,0.0047000000,0.0038000000,0.0153000000,0.0067000000,0.0037000000,0.0118000000,0.0126000000
2005-03-07,-0.0019000000,0.0041000000,-0.0007000000,-0.0068000000,-0.0029000000,0.0112000000,0.0043000000,0.0075000000,0.0008000000,0.0037000000,0.0016000000,0.0044000000
2005-03-08,-0.0059000000,-0.0090000000,-0.0039000000,-0.0006000000,-0.0035000000,-0.0089000000,-0.0086000000,-0.0051000000,-0.0049000000,-0.0061000000,-0.0025000000,-0.0053000000
2005-03-09,-0.0090000000,-0.0128000000,-0.0101000000,-0.0291000000,-0.0006000000,-0.0032000000,-0.0056000000,-0.0173000000,-0.0065000000,-0.0060000000,-0.0111000000,-0.0100000000
2005-03-10,0.0026000000,0.0014000000,0.0002000000,-0.0178000000,-0.0031000000,0.0021000000,-0.0014000000,0.0047000000,0.0005000000,0.0007000000,0.0045000000,-0.0002000000
2005-03-11,-0.0032000000,0.0026000000,-0.0003000000,0.0085000000,-0.0063000000,-0.0121000000,-0.0037000000,-0.0067000000,-0.0024000000,-0.0092000000,-0.0087000000,-0.0033000000
2005-03-14,0.0039000000,0.0057000000,0.0041000000,0.0055000000,0.0060000000,0.0028000000,0.0059000000,0.0167000000,0.0029000000,0.0140000000,0.0065000000,0.0064000000
2005-03-15,-0.0040000000,-0.0088000000,-0.0019000000,-0.0139000000,-0.0078000000,-0.0081000000,-0.0042000000,-0.0058000000,-0.0047000000,-0.0117000000,-0.0067000000,-0.0027000000
2005-03-16,-0.0076000000,-0.0315000000,-0.0105000000,0.0021000000,-0.0139000000,-0.0104000000,-0.0028000000,-0.0091000000,-0.0071000000,-0.0074000000,-0.0084000000,-0.0108000000
2005-03-17,0.0017000000,-0.0083000000,0.0034000000,0.0197000000,0.0046000000,-0.0008000000,0.0022000000,0.0064000000,0.0033000000,-0.0004000000,-0.0032000000,0.0029000000
2005-03-18,-0.0030000000,-0.0058000000,-0.0007000000,0.0140000000,0.0041000000,-0.0066000000,-0.0016000000,-0.0023000000,-0.0052000000,0.0004000000,-0.0044000000,0.0030000000
2005-03-21,-0.0058000000,0.0046000000,-0.0028000000,-0.0079000000,-0.0085000000,0.0022000000,-0.0022000000,-0.0020000000,-0.0048000000,-0.0013000000,-0.0081000000,-0.0019000000
2005-03-22,-0.0055000000,-0.0086000000,-0.0056000000,-0.0152000000,-0.0040000000,-0.0094000000,-0.0118000000,-0.0179000000,-0.0020000000,-0.0022000000,-0.0157000000,-0.0061000000
2005-03-23,0.0003000000,-0.0132000000,-0.0067000000,-0.0178000000,0.0039000000,0.0037000000,0.0032000000,-0.0073000000,-0.0016000000,0.0116000000,-0.0007000000,-0.0061000000
2005-03-24,-0.0013000000,0.0077000000,0.0035000000,-0.0060000000,-0.0017000000,0.0003000000,-0.0039000000,0.0104000000,0.0038000000,0.0011000000,-0.0033000000,0.0031000000
2005-03-28,0.0055000000,-0.0085000000,-0.0030000000,-0.0013000000,-0.0007000000,0.0004000000,0.0052000000,0.0010000000,0.0060000000,-0.0021000000,0.0057000000,0.0014000000
2005-03-29,-0.0021000000,-0.0116000000,-0.0169000000,-0.0137000000,-0.0143000000,-0.0076000000,-0.0055000000,-0.0124000000,-0.0080000000,-0.0046000000,-0.0043000000,-0.0132000000
2005-03-30,0.0119000000,0.0134000000,0.0146000000,0.0146000000,0.0181000000,0.0163000000,0.0122000000,0.0138000000,0.0112000000,0.0131000000,0.0122000000,0.0138000000
2005-03-31,-0.0009000000,0.0001000000,0.0024000000,0.0152000000,0.0023000000,-0.0029000000,0.0035000000,0.0107000000,-0.0016000000,-0.0070000000,-0.0017000000,-0.0003000000
2005-04-01,-0.0070000000,-0.0085000000,-0.0035000000,0.0229000000,-0.0071000000,-0.0071000000,-0.0053000000,0.0041000000,-0.0140000000,-0.0085000000,-0.0131000000,-0.0081000000
2005-04-04,-0.0001000000,-0.0038000000,-0.0010000000,-0.0052000000,0.0066000000,0.0031000000,0.0058000000,0.0017000000,0.0073000000,0.0026000000,0.0066000000,0.0028000000
2005-04-05,0.0055000000,0.0031000000,0.0032000000,-0.0131000000,0.0035000000,0.0002000000,0.0054000000,0.0053000000,0.0089000000,0.0182000000,0.0025000000,0.0058000000
2005-04-06,-0.0032000000,0.0048000000,0.0027000000,0.0169000000,0.0027000000,-0.0020000000,-0.0025000000,-0.0016000000,-0.0018000000,0.0034000000,0.0064000000,-0.0008000000
2005-04-07,0.0043000000,0.0079000000,0.0080000000,-0.0029000000,0.0103000000,0.0108000000,0.0066000000,0.0055000000,0.0006000000,0.0097000000,0.0034000000,0.0059000000
2005-04-08,-0.0043000000,-0.0137000000,-0.0091000000,-0.0168000000,-0.0109000000,-0.0080000000,-0.0055000000,-0.0079000000,-0.0102000000,-0.0080000000,-0.0079000000,-0.0081000000
2005-04-11,-0.0018000000,-0.0153000000,-0.0011000000,0.0052000000,0.0024000000,-0.0056000000,-0.0018000000,0.0081000000,-0.0014000000,-0.0005000000,-0.0003000000,0.0008000000
2005-04-12,0.0068000000,0.0018000000,0.0053000000,-0.0106000000,0.0005000000,0.0041000000,0.0058000000,0.0087000000,0.0062000000,0.0065000000,0.0112000000,0.0081000000
2005-04-13,-0.0043000000,-0.0293000000,-0.0185000000,-0.0250000000,-0.0160000000,-0.0166000000,-0.0092000000,-0.0079000000,-0.0082000000,0.0054000000,-0.0136000000,-0.0149000000
2005-04-14,-0.0012000000,-0.0319000000,-0.0183000000,-0.0048000000,-0.0179000000,-0.0132000000,-0.0061000000,-0.0113000000,-0.0120000000,-0.0003000000,-0.0128000000,-0.0146000000
2005-04-15,-0.0131000000,-0.0233000000,-0.0211000000,-0.0397000000,-0.0159000000,-0.0296000000,-0.0182000000,-0.0175000000,-0.0183000000,0.0126000000,-0.0118000000,-0.0107000000
2005-04-18,-0.0063000000,0.0080000000,0.0035000000,0.0178000000,0.0055000000,0.0012000000,-0.0024000000,0.0061000000,0.0052000000,-0.0060000000,0.0061000000,0.0035000000
2005-04-19,0.0072000000,0.0057000000,0.0117000000,0.0243000000,0.0065000000,0.0122000000,0.0029000000,0.0133000000,0.0026000000,0.0002000000,0.0047000000,0.0051000000
2005-04-20,-0.0137000000,-0.0143000000,-0.0127000000,-0.0213000000,-0.0174000000,-0.0083000000,-0.0100000000,-0.0094000000,-0.0161000000,-0.0112000000,-0.0147000000,-0.0164000000
2005-04-21,0.0183000000,0.0303000000,0.0230000000,0.0323000000,0.0198000000,0.0299000000,0.0196000000,0.0135000000,0.0153000000,0.0137000000,0.0082000000,0.0213000000
2005-04-22,-0.0077000000,-0.0118000000,-0.0118000000,0.0032000000,-0.0087000000,-0.0138000000,-0.0072000000,0.0040000000,-0.0165000000,-0.0035000000,-0.0065000000,-0.0107000000
2005-04-25,0.0121000000,0.0031000000,0.0090000000,0.0138000000,0.0084000000,0.0081000000,0.0051000000,0.0084000000,0.0107000000,0.0011000000,0.0126000000,0.0115000000
2005-04-26,-0.0060000000,-0.0162000000,-0.0161000000,-0.0149000000,-0.0147000000,-0.0113000000,-0.0100000000,-0.0112000000,-0.0052000000,-0.0028000000,-0.0059000000,-0.0071000000
2005-04-27,0.0051000000,-0.0032000000,-0.0012000000,-0.0219000000,-0.0051000000,0.0030000000,0.0108000000,0.0052000000,0.0039000000,0.0035000000,0.0129000000,0.0008000000
2005-04-28,-0.0060000000,-0.0126000000,-0.0132000000,-0.0276000000,-0.0037000000,-0.0122000000,-0.0094000000,-0.0068000000,-0.0126000000,-0.0099000000,-0.0101000000,-0.0145000000
2005-04-29,0.0062000000,0.0044000000,0.0105000000,0.0135000000,0.0137000000,0.0108000000,0.0060000000,0.0115000000,0.0024000000,0.0131000000,0.0142000000,0.0104000000
2005-05-02,0.0042000000,0.0107000000,0.0067000000,0.0177000000,0.0086000000,0.0025000000,-0.0043000000,0.0059000000,0.0101000000,0.0028000000,0.0040000000,0.0051000000
2005-05-03,0.0057000000,0.0014000000,-0.0006000000,-0.0232000000,0.0022000000,0.0043000000,0.0007000000,-0.0068000000,0.0045000000,0.0034000000,0.0011000000,-0.0051000000
2005-05-04,0.0096000000,0.0491000000,0.0134000000,0.0115000000,0.0123000000,0.0123000000,0.0123000000,0.0051000000,0.0092000000,0.0091000000,0.0186000000,0.0113000000
2005-05-05,-0.0001000000,-0.0170000000,-0.0037000000,0.0102000000,-0.0063000000,-0.0025000000,-0.0063000000,-0.0038000000,0.0026000000,-0.0016000000,-0.0040000000,-0.0030000000
2005-05-06,-0.0028000000,0.0034000000,0.0056000000,-0.0025000000,-0.0018000000,0.0051000000,-0.0022000000,-0.0007000000,0.0010000000,-0.0040000000,-0.0037000000,0.0018000000
2005-05-09,0.0037000000,0.0072000000,0.0044000000,0.0118000000,0.0019000000,0.0036000000,0.0040000000,0.0078000000,0.0092000000,0.0051000000,0.0079000000,0.0060000000
2005-05-10,-0.0066000000,-0.0097000000,-0.0115000000,-0.0151000000,-0.0089000000,-0.0117000000,-0.0071000000,-0.0050000000,-0.0076000000,-0.0048000000,-0.0126000000,-0.0118000000
2005-05-11,0.0021000000,-0.0032000000,0.0054000000,0.0060000000,0.0059000000,0.0059000000,-0.0032000000,0.0042000000,0.0020000000,0.0042000000,0.0047000000,0.0053000000
2005-05-12,-0.0041000000,-0.0178000000,-0.0138000000,-0.0430000000,-0.0139000000,-0.0006000000,-0.0028000000,-0.0110000000,-0.0090000000,-0.0036000000,-0.0101000000,-0.0125000000
2005-05-13,-0.0044000000,-0.0008000000,-0.0099000000,-0.0184000000,-0.0129000000,0.0136000000,-0.0034000000,-0.0159000000,-0.0063000000,-0.0045000000,-0.0089000000,-0.0061000000
2005-05-16,0.0101000000,0.0133000000,0.0122000000,-0.0066000000,0.0051000000,0.0090000000,0.0037000000,0.0061000000,0.0155000000,0.0108000000,0.0172000000,0.0119000000
2005-05-17,0.0001000000,0.0028000000,0.0094000000,0.0181000000,0.0123000000,0.0053000000,0.0045000000,0.0127000000,0.0112000000,-0.0002000000,0.0067000000,0.0064000000
2005-05-18,0.0084000000,0.0338000000,0.0178000000,-0.0008000000,0.0195000000,0.0147000000,0.0059000000,0.0031000000,0.0189000000,0.0038000000,0.0103000000,0.0166000000
2005-05-19,0.0047000000,0.0091000000,-0.0004000000,0.0190000000,-0.0004000000,0.0081000000,0.0091000000,0.0035000000,0.0054000000,0.0016000000,0.0009000000,0.0045000000
2005-05-20,-0.0009000000,0.0125000000,-0.0016000000,-0.0103000000,-0.0034000000,0.0019000000,0.0010000000,-0.0003000000,-0.0046000000,-0.0022000000,-0.0002000000,-0.0004000000
2005-05-23,0.0010000000,0.0040000000,0.0080000000,0.0156000000,0.0032000000,0.0044000000,0.0016000000,-0.0010000000,0.0066000000,0.0033000000,0.0013000000,0.0038000000
2005-05-24,0.0010000000,-0.0106000000,-0.0003000000,0.0074000000,-0.0051000000,0.0036000000,-0.0003000000,0.0006000000,-0.0028000000,0.0015000000,-0.0015000000,0.0012000000
2005-05-25,-0.0033000000,-0.0044000000,-0.0095000000,0.0108000000,-0.0085000000,-0.0050000000,-0.0021000000,-0.0005000000,-0.0048000000,-0.0062000000,-0.0055000000,-0.0068000000
2005-05-26,0.0017000000,0.0112000000,0.0104000000,0.0083000000,0.0047000000,0.0121000000,0.0055000000,0.0042000000,0.0050000000,0.0046000000,0.0088000000,0.0076000000
2005-05-27,-0.0006000000,0.0004000000,0.0020000000,0.0150000000,-0.0009000000,-0.0003000000,0.0013000000,0.0067000000,0.0009000000,-0.0021000000,0.0019000000,0.0014000000
2005-05-31,-0.0062000000,-0.0084000000,-0.0038000000,-0.0079000000,-0.0079000000,-0.0064000000,-0.0027000000,0.0020000000,-0.0039000000,-0.0059000000,-0.0036000000,-0.0058000000
2005-06-01,0.0049000000,-0.0001000000,0.0083000000,0.0192000000,0.0150000000,0.0098000000,0.0005000000,0.0120000000,0.0102000000,0.0060000000,0.0091000000,0.0094000000
2005-06-02,0.0046000000,0.0043000000,-0.0004000000,0.0005000000,-0.0047000000,0.0051000000,0.0053000000,-0.0005000000,0.0099000000,0.0009000000,-0.0003000000,0.0023000000
2005-06-03,-0.0067000000,-0.0114000000,-0.0051000000,0.0020000000,-0.0082000000,-0.0126000000,-0.0018000000,0.0008000000,-0.0110000000,-0.0087000000,-0.0056000000,-0.0045000000
2005-06-06,0.0001000000,-0.0014000000,0.0024000000,0.0048000000,0.0008000000,0.0001000000,-0.0037000000,0.0005000000,0.0065000000,-0.0007000000,0.0034000000,-0.0009000000
2005-06-07,0.0028000000,0.0098000000,0.0009000000,-0.0069000000,0.0059000000,-0.0043000000,0.0019000000,0.0016000000,0.0019000000,-0.0002000000,-0.0001000000,0.0021000000
2005-06-08,-0.0004000000,0.0079000000,-0.0022000000,-0.0026000000,-0.0047000000,-0.0009000000,0.0003000000,0.0008000000,-0.0066000000,-0.0061000000,-0.0006000000,-0.0060000000
2005-06-09,0.0018000000,-0.0012000000,0.0022000000,0.0281000000,-0.0030000000,0.0085000000,0.0004000000,0.0042000000,0.0056000000,0.0050000000,0.0043000000,0.0032000000
2005-06-10,-0.0011000000,0.0138000000,-0.0014000000,0.0004000000,0.0009000000,-0.0076000000,0.0042000000,0.0035000000,-0.0002000000,-0.0010000000,-0.0032000000,-0.0033000000
2005-06-13,0.0015000000,0.0060000000,0.0027000000,0.0034000000,-0.0007000000,0.0037000000,0.0075000000,0.0055000000,0.0026000000,0.0029000000,0.0013000000,0.0021000000
2005-06-14,-0.0013000000,0.0152000000,0.0022000000,0.0046000000,0.0033000000,-0.0032000000,0.0004000000,0.0027000000,0.0161000000,0.0064000000,0.0031000000,0.0025000000
2005-06-15,-0.0014000000,0.0046000000,0.0038000000,0.0122000000,0.0043000000,0.0041000000,-0.0024000000,-0.0034000000,0.0023000000,-0.0023000000,0.0033000000,0.0006000000
2005-06-16,0.0025000000,0.0048000000,0.0057000000,0.0151000000,0.0041000000,0.0040000000,-0.0030000000,0.0008000000,0.0022000000,0.0079000000,0.0037000000,0.0039000000
2005-06-17,0.0017000000,0.0013000000,0.0057000000,0.0158000000,-0.0004000000,-0.0003000000,0.0004000000,0.0094000000,-0.0026000000,0.0047000000,0.0043000000,0.0046000000
2005-06-20,0.0004000000,-0.0023000000,-0.0042000000,0.0013000000,-0.0050000000,-0.0016000000,0.0055000000,0.0011000000,-0.0010000000,0.0008000000,-0.0004000000,-0.0027000000
2005-06-21,-0.0021000000,0.0050000000,-0.0020000000,-0.0212000000,-0.0027000000,0.0036000000,-0.0013000000,-0.0014000000,-0.0016000000,-0.0046000000,0.0015000000,0.0003000000
2005-06-22,-0.0007000000,-0.0110000000,-0.0004000000,0.0028000000,0.0018000000,0.0018000000,0.0002000000,0.0073000000,0.0031000000,-0.0028000000,0.0016000000,-0.0041000000
2005-06-23,-0.0103000000,-0.0169000000,-0.0146000000,-0.0052000000,-0.0176000000,-0.0092000000,-0.0104000000,0.0022000000,-0.0138000000,-0.0076000000,-0.0100000000,-0.0179000000
2005-06-24,-0.0115000000,-0.0119000000,-0.0135000000,-0.0082000000,-0.0124000000,-0.0144000000,-0.0033000000,-0.0067000000,-0.0109000000,-0.0032000000,-0.0010000000,-0.0050000000
2005-06-27,-0.0005000000,-0.0078000000,-0.0022000000,0.0171000000,-0.0006000000,-0.0072000000,-0.0029000000,0.0046000000,0.0003000000,-0.0035000000,0.0000000000,0.0003000000
2005-06-28,0.0105000000,0.0199000000,0.0157000000,-0.0120000000,0.0149000000,0.0109000000,0.0086000000,0.0090000000,0.0175000000,0.0115000000,0.0110000000,0.0147000000
2005-06-29,-0.0053000000,0.0024000000,-0.0035000000,-0.0050000000,0.0007000000,0.0012000000,0.0001000000,-0.0012000000,-0.0019000000,-0.0038000000,0.0042000000,-0.0009000000
2005-06-30,-0.0060000000,-0.0092000000,-0.0069000000,-0.0087000000,-0.0133000000,-0.0082000000,-0.0043000000,0.0017000000,-0.0039000000,-0.0073000000,-0.0055000000,-0.0053000000
2005-07-01,0.0037000000,0.0055000000,0.0018000000,0.0219000000,0.0004000000,0.0010000000,0.0017000000,0.0106000000,0.0019000000,-0.0014000000,0.0022000000,0.0024000000
2005-07-05,0.0035000000,0.0092000000,0.0087000000,0.0304000000,-0.0004000000,0.0095000000,0.0038000000,0.0041000000,0.0180000000,0.0064000000,0.0081000000,0.0037000000
2005-07-06,-0.0105000000,-0.0045000000,-0.0089000000,-0.0167000000,-0.0050000000,-0.0025000000,-0.0049000000,-0.0161000000,-0.0089000000,-0.0075000000,-0.0054000000,-0.0054000000
2005-07-07,-0.0017000000,-0.0030000000,0.0043000000,0.0113000000,-0.0005000000,0.0038000000,-0.0028000000,0.0086000000,0.0025000000,0.0025000000,0.0020000000,0.0006000000
2005-07-08,0.0133000000,0.0178000000,0.0148000000,-0.0039000000,0.0172000000,0.0174000000,0.0123000000,0.0101000000,0.0119000000,0.0148000000,0.0093000000,0.0147000000
2005-07-11,0.0054000000,0.0152000000,0.0100000000,0.0068000000,0.0150000000,0.0111000000,0.0044000000,0.0073000000,0.0066000000,0.0040000000,0.0043000000,0.0064000000
2005-07-12,0.0000000000,-0.0033000000,-0.0030000000,0.0069000000,0.0009000000,0.0051000000,0.0010000000,0.0029000000,0.0057000000,0.0024000000,0.0011000000,-0.0015000000
2005-07-13,0.0026000000,0.0000000000,0.0008000000,-0.0044000000,0.0023000000,0.0040000000,0.0012000000,0.0009000000,-0.0028000000,-0.0054000000,0.0014000000,0.0011000000
2005-07-14,0.0055000000,0.0126000000,0.0022000000,-0.0236000000,0.0034000000,0.0057000000,0.0029000000,-0.0105000000,0.0013000000,0.0088000000,0.0021000000,0.0030000000
2005-07-15,0.0014000000,0.0048000000,-0.0005000000,-0.0047000000,-0.0020000000,0.0009000000,-0.0001000000,-0.0009000000,0.0052000000,0.0040000000,0.0022000000,0.0012000000
2005-07-18,-0.0067000000,0.0026000000,-0.0023000000,-0.0048000000,-0.0025000000,-0.0058000000,-0.0100000000,-0.0023000000,0.0019000000,-0.0068000000,-0.0090000000,-0.0049000000
2005-07-19,0.0047000000,0.0090000000,0.0151000000,0.0184000000,0.0030000000,0.0169000000,0.0005000000,0.0050000000,0.0062000000,0.0030000000,0.0014000000,0.0071000000
2005-07-20,0.0023000000,0.0014000000,0.0147000000,0.0029000000,0.0095000000,-0.0011000000,0.0010000000,0.0040000000,0.0051000000,0.0159000000,0.0031000000,0.0096000000
2005-07-21,-0.0033000000,-0.0149000000,-0.0069000000,-0.0120000000,-0.0049000000,-0.0030000000,-0.0053000000,-0.0160000000,-0.0117000000,-0.0082000000,-0.0072000000,-0.0059000000
2005-07-22,0.0074000000,0.0011000000,0.0084000000,0.0301000000,0.0044000000,-0.0028000000,0.0066000000,0.0119000000,0.0064000000,-0.0032000000,0.0066000000,0.0071000000
2005-07-25,-0.0042000000,-0.0056000000,-0.0058000000,0.0055000000,-0.0056000000,-0.0047000000,-0.0027000000,-0.0019000000,-0.0058000000,-0.0074000000,-0.0043000000,-0.0089000000
2005-07-26,0.0015000000,0.0046000000,0.0029000000,-0.0042000000,-0.0103000000,0.0045000000,0.0089000000,0.0007000000,0.0030000000,0.0031000000,0.0018000000,0.0029000000
2005-07-27,0.0008000000,0.0011000000,0.0019000000,0.0042000000,0.0087000000,0.0053000000,0.0103000000,0.0044000000,0.0047000000,0.0116000000,-0.0001000000,0.0035000000
2005-07-28,0.0078000000,0.0079000000,0.0093000000,0.0073000000,0.0134000000,0.0012000000,0.0085000000,0.0077000000,0.0105000000,0.0050000000,0.0059000000,0.0101000000
2005-07-29,-0.0065000000,-0.0077000000,-0.0035000000,-0.0120000000,-0.0041000000,-0.0066000000,-0.0061000000,-0.0003000000,-0.0044000000,-0.0045000000,-0.0080000000,-0.0084000000
2005-08-01,-0.0033000000,0.0029000000,-0.0002000000,0.0096000000,-0.0038000000,0.0037000000,-0.0009000000,-0.0093000000,-0.0002000000,0.0058000000,0.0013000000,0.0012000000
2005-08-02,0.0043000000,0.0027000000,0.0092000000,0.0136000000,0.0057000000,0.0121000000,0.0019000000,0.0206000000,0.0024000000,0.0043000000,0.0066000000,0.0022000000
2005-08-03,0.0028000000,-0.0033000000,-0.0032000000,-0.0062000000,0.0004000000,0.0027000000,0.0041000000,0.0038000000,-0.0044000000,0.0001000000,0.0019000000,-0.0027000000
2005-08-04,-0.0046000000,-0.0064000000,-0.0086000000,-0.0002000000,-0.0129000000,-0.0098000000,-0.0028000000,-0.0074000000,-0.0156000000,-0.0106000000,-0.0076000000,-0.0052000000
2005-08-05,-0.0093000000,-0.0165000000,-0.0062000000,-0.0071000000,-0.0019000000,-0.0037000000,-0.0064000000,-0.0171000000,-0.0086000000,-0.0080000000,-0.0114000000,-0.0072000000
2005-08-08,-0.0038000000,0.0016000000,0.0004000000,0.0134000000,0.0000000000,-0.0053000000,-0.0044000000,-0.0178000000,-0.0023000000,-0.0059000000,-0.0036000000,-0.0051000000
2005-08-09,0.0041000000,0.0076000000,0.0029000000,0.0009000000,0.0010000000,0.0051000000,0.0087000000,0.0076000000,0.0072000000,0.0091000000,0.0055000000,0.0069000000
2005-08-10,0.0016000000,-0.0018000000,0.0014000000,0.0174000000,-0.0030000000,-0.0113000000,-0.0029000000,0.0023000000,-0.0005000000,-0.0015000000,-0.0008000000,-0.0025000000
2005-08-11,0.0049000000,0.0021000000,0.0096000000,0.0108000000,0.0052000000,0.0073000000,0.0054000000,0.0076000000,0.0039000000,0.0077000000,0.0062000000,0.0108000000
2005-08-12,-0.0052000000,-0.0057000000,-0.0066000000,-0.0005000000,-0.0061000000,-0.0100000000,-0.0046000000,-0.0021000000,-0.0038000000,-0.0065000000,-0.0047000000,-0.0051000000
2005-08-15,0.0048000000,0.0010000000,0.0046000000,-0.0096000000,0.0035000000,0.0061000000,0.0047000000,0.0026000000,0.0053000000,0.0029000000,0.0048000000,0.0012000000
2005-08-16,-0.0072000000,-0.0133000000,-0.0170000000,-0.0226000000,-0.0135000000,-0.0127000000,-0.0070000000,-0.0147000000,-0.0228000000,-0.0077000000,-0.0063000000,-0.0106000000
2005-08-17,0.0019000000,-0.0009000000,0.0027000000,-0.0222000000,-0.0010000000,0.0089000000,0.0025000000,-0.0045000000,0.0044000000,0.0013000000,0.0001000000,0.0006000000
2005-08-18,0.0077000000,0.0005000000,-0.0045000000,-0.0017000000,0.0029000000,-0.0065000000,-0.0057000000,0.0036000000,-0.0016000000,0.0003000000,0.0000000000,-0.0016000000
2005-08-19,0.0018000000,0.0048000000,0.0050000000,0.0157000000,0.0031000000,-0.0002000000,-0.0005000000,0.0073000000,-0.0073000000,-0.0054000000,0.0015000000,-0.0009000000
2005-08-22,0.0001000000,0.0015000000,0.0034000000,0.0040000000,0.0025000000,0.0021000000,0.0017000000,0.0072000000,0.0005000000,0.0002000000,0.0030000000,0.0006000000
2005-08-23,-0.0016000000,-0.0021000000,-0.0071000000,-0.0018000000,-0.0055000000,-0.0008000000,-0.0003000000,0.0055000000,-0.0022000000,-0.0043000000,-0.0046000000,-0.0052000000
2005-08-24,-0.0048000000,-0.0009000000,-0.0072000000,0.0043000000,-0.0095000000,-0.0036000000,-0.0099000000,-0.0027000000,-0.0104000000,-0.0025000000,-0.0087000000,-0.0049000000
2005-08-25,0.0022000000,-0.0001000000,0.0044000000,0.0016000000,-0.0012000000,0.0022000000,-0.0017000000,0.0075000000,0.0036000000,0.0015000000,0.0027000000,0.0013000000
2005-08-26,-0.0055000000,-0.0092000000,-0.0050000000,-0.0126000000,-0.0051000000,-0.0042000000,-0.0037000000,-0.0055000000,-0.0065000000,-0.0047000000,-0.0088000000,-0.0066000000
2005-08-29,0.0063000000,-0.0014000000,0.0081000000,0.0079000000,0.0076000000,0.0074000000,0.0038000000,0.0064000000,0.0051000000,0.0109000000,0.0060000000,0.0035000000
2005-08-30,-0.0046000000,-0.0022000000,-0.0038000000,0.0151000000,-0.0071000000,-0.0014000000,-0.0009000000,0.0005000000,-0.0123000000,-0.0027000000,-0.0057000000,-0.0044000000
2005-08-31,0.0084000000,0.0106000000,0.0144000000,0.0286000000,0.0049000000,0.0085000000,0.0061000000,0.0120000000,0.0093000000,0.0130000000,0.0084000000,0.0132000000
2005-09-01,-0.0026000000,-0.0106000000,0.0016000000,0.0280000000,0.0009000000,-0.0032000000,-0.0032000000,0.0138000000,-0.0089000000,0.0009000000,0.0033000000,-0.0036000000
2005-09-02,-0.0013000000,-0.0031000000,-0.0033000000,-0.0190000000,-0.0011000000,-0.0022000000,-0.0042000000,-0.0032000000,-0.0038000000,-0.0020000000,-0.0013000000,-0.0011000000
2005-09-06,0.0094000000,0.0092000000,0.0114000000,0.0051000000,0.0089000000,0.0128000000,0.0115000000,0.0111000000,0.0202000000,0.0152000000,0.0113000000,0.0141000000
2005-09-07,0.0028000000,0.0063000000,0.0023000000,0.0042000000,0.0047000000,0.0022000000,-0.0020000000,-0.0012000000,0.0085000000,0.0045000000,0.0015000000,0.0051000000
2005-09-08,-0.0030000000,-0.0108000000,-0.0055000000,0.0008000000,-0.0045000000,-0.0003000000,-0.0052000000,-0.0068000000,-0.0081000000,-0.0030000000,-0.0050000000,-0.0052000000
2005-09-09,0.0032000000,0.0038000000,0.0094000000,0.0275000000,0.0072000000,0.0034000000,0.0047000000,0.0131000000,0.0068000000,0.0047000000,0.0070000000,0.0046000000
2005-09-12,0.0033000000,0.0066000000,0.0015000000,-0.0158000000,-0.0026000000,0.0033000000,-0.0016000000,-0.0027000000,0.0057000000,-0.0028000000,0.0014000000,0.0021000000
2005-09-13,-0.0092000000,-0.0084000000,-0.0051000000,-0.0097000000,-0.0125000000,-0.0009000000,-0.0044000000,-0.0055000000,-0.0145000000,-0.0106000000,-0.0076000000,-0.0074000000
2005-09-14,-0.0036000000,-0.0009000000,-0.0082000000,0.0105000000,-0.0040000000,-0.0097000000,-0.0059000000,0.0037000000,-0.0091000000,-0.0042000000,-0.0032000000,-0.0044000000
2005-09-15,0.0041000000,-0.0077000000,-0.0007000000,0.0001000000,-0.0005000000,-0.0045000000,-0.0012000000,0.0060000000,-0.0009000000,-0.0013000000,0.0009000000,0.0049000000
2005-09-16,0.0036000000,0.0029000000,0.0041000000,0.0134000000,0.0057000000,0.0060000000,0.0073000000,0.0094000000,0.0016000000,0.0063000000,0.0138000000,0.0031000000
2005-09-19,-0.0062000000,-0.0143000000,-0.0084000000,0.0237000000,-0.0094000000,-0.0060000000,-0.0092000000,0.0002000000,-0.0109000000,-0.0076000000,-0.0079000000,-0.0095000000
2005-09-20,-0.0081000000,-0.0219000000,-0.0087000000,-0.0073000000,-0.0087000000,-0.0043000000,-0.0077000000,-0.0054000000,-0.0178000000,-0.0046000000,-0.0052000000,-0.0101000000
2005-09-21,-0.0163000000,-0.0073000000,-0.0087000000,0.0134000000,-0.0184000000,-0.0123000000,-0.0110000000,-0.0123000000,-0.0162000000,-0.0073000000,-0.0150000000,-0.0067000000
2005-09-22,0.0036000000,0.0033000000,0.0051000000,-0.0051000000,0.0062000000,0.0012000000,0.0005000000,-0.0078000000,0.0171000000,-0.0006000000,0.0049000000,0.0045000000
2005-09-23,0.0034000000,0.0053000000,0.0055000000,-0.0172000000,0.0060000000,0.0038000000,0.0036000000,0.0023000000,0.0021000000,-0.0020000000,0.0045000000,0.0045000000
2005-09-26,0.0014000000,-0.0004000000,0.0029000000,0.0174000000,-0.0023000000,-0.0009000000,0.0000000000,0.0061000000,0.0032000000,-0.0040000000,-0.0010000000,0.0010000000
2005-09-27,0.0081000000,-0.0061000000,0.0034000000,0.0002000000,0.0044000000,-0.0032000000,-0.0032000000,0.0032000000,0.0002000000,-0.0060000000,0.0003000000,0.0032000000
2005-09-28,0.0007000000,-0.0011000000,-0.0003000000,0.0093000000,0.0007000000,0.0028000000,0.0058000000,0.0095000000,-0.0064000000,0.0009000000,-0.0040000000,0.0017000000
2005-09-29,0.0067000000,0.0025000000,0.0059000000,0.0082000000,0.0068000000,0.0136000000,0.0041000000,0.0118000000,0.0083000000,0.0032000000,0.0145000000,0.0078000000
2005-09-30,0.0041000000,0.0093000000,0.0074000000,-0.0155000000,0.0160000000,0.0059000000,0.0066000000,-0.0019000000,0.0058000000,0.0012000000,-0.0012000000,0.0042000000
2005-10-03,0.0000000000,0.0042000000,-0.0011000000,-0.0026000000,-0.0026000000,0.0018000000,-0.0039000000,0.0115000000,0.0003000000,0.0011000000,-0.0004000000,-0.0022000000
2005-10-04,-0.0027000000,-0.0104000000,-0.0109000000,-0.0339000000,-0.0115000000,-0.0112000000,-0.0037000000,-0.0179000000,-0.0034000000,0.0035000000,-0.0092000000,-0.0099000000
2005-10-05,-0.0082000000,-0.0319000000,-0.0203000000,-0.0365000000,-0.0190000000,-0.0154000000,-0.0128000000,-0.0315000000,-0.0125000000,-0.0178000000,-0.0076000000,-0.0146000000
2005-10-06,-0.0013000000,-0.0066000000,-0.0067000000,-0.0247000000,-0.0088000000,-0.0090000000,-0.0067000000,-0.0150000000,0.0026000000,-0.0107000000,0.0010000000,0.0040000000
2005-10-07,-0.0024000000,-0.0012000000,0.0071000000,0.0221000000,0.0062000000,0.0030000000,-0.0026000000,0.0114000000,0.0022000000,-0.0019000000,0.0020000000,0.0093000000
2005-10-10,-0.0074000000,-0.0338000000,-0.0084000000,-0.0162000000,-0.0030000000,-0.0080000000,-0.0023000000,-0.0177000000,-0.0032000000,-0.0009000000,-0.0058000000,-0.0064000000
2005-10-11,-0.0027000000,-0.0044000000,-0.0039000000,0.0228000000,0.0004000000,-0.0060000000,-0.0122000000,0.0002000000,-0.0023000000,-0.0067000000,-0.0070000000,-0.0043000000
2005-10-12,-0.0059000000,-0.0015000000,-0.0049000000,-0.0166000000,-0.0015000000,-0.0087000000,-0.0095000000,-0.0179000000,-0.0093000000,-0.0010000000,-0.0066000000,-0.0081000000
2005-10-13,-0.0043000000,0.0079000000,-0.0028000000,-0.0254000000,0.0030000000,0.0055000000,-0.0043000000,-0.0213000000,0.0015000000,0.0089000000,0.0025000000,0.0002000000
2005-10-14,0.0090000000,0.0068000000,0.0134000000,0.0135000000,0.0024000000,0.0055000000,0.0047000000,0.0110000000,0.0107000000,0.0056000000,0.0121000000,0.0104000000
2005-10-17,0.0119000000,0.0127000000,0.0049000000,0.0124000000,-0.0012000000,0.0023000000,-0.0044000000,0.0118000000,0.0042000000,-0.0022000000,0.0018000000,-0.0004000000
2005-10-18,-0.0082000000,-0.0156000000,-0.0115000000,-0.0452000000,-0.0089000000,-0.0033000000,-0.0094000000,-0.0198000000,-0.0080000000,-0.0025000000,-0.0055000000,-0.0108000000
2005-10-19,0.0063000000,0.0122000000,0.0112000000,0.0173000000,0.0090000000,0.0147000000,0.0093000000,0.0048000000,0.0234000000,0.0093000000,0.0207000000,0.0143000000
2005-10-20,-0.0089000000,-0.0075000000,-0.0151000000,-0.0447000000,-0.0047000000,-0.0099000000,-0.0093000000,-0.0253000000,-0.0078000000,-0.0212000000,-0.0099000000,-0.0121000000
2005-10-21,-0.0001000000,-0.0043000000,-0.0047000000,0.0081000000,0.0019000000,0.0070000000,0.0081000000,0.0116000000,0.0029000000,-0.0072000000,0.0058000000,0.0025000000
2005-10-24,0.0099000000,0.0263000000,0.0189000000,0.0335000000,0.0155000000,0.0135000000,0.0172000000,0.0264000000,0.0147000000,0.0110000000,0.0175000000,0.0181000000
2005-10-25,-0.0020000000,-0.0031000000,-0.0024000000,0.0195000000,-0.0017000000,-0.0082000000,0.0031000000,0.0023000000,-0.0117000000,-0.0004000000,-0.0066000000,-0.0038000000
2005-10-26,-0.0030000000,-0.0041000000,-0.0044000000,-0.0107000000,0.0001000000,-0.0019000000,-0.0031000000,-0.0122000000,-0.0093000000,-0.0053000000,0.0005000000,-0.0083000000
2005-10-27,-0.0115000000,-0.0261000000,-0.0168000000,-0.0231000000,-0.0058000000,-0.0138000000,-0.0086000000,-0.0127000000,-0.0203000000,-0.0136000000,-0.0032000000,-0.0122000000
2005-10-28,0.0149000000,0.0121000000,0.0164000000,0.0228000000,0.0212000000,0.0098000000,0.0124000000,0.0214000000,0.0207000000,0.0117000000,0.0171000000,0.0143000000
2005-10-31,0.0022000000,0.0174000000,0.0083000000,0.0069000000,0.0038000000,0.0154000000,0.0081000000,0.0110000000,0.0215000000,0.0081000000,0.0066000000,0.0075000000
2005-11-01,-0.0024000000,-0.0021000000,-0.0009000000,0.0053000000,-0.0054000000,-0.0030000000,0.0029000000,-0.0196000000,-0.0051000000,-0.0045000000,-0.0020000000,-0.0013000000
2005-11-02,0.0070000000,0.0087000000,0.0131000000,0.0159000000,0.0086000000,0.0136000000,0.0123000000,0.0067000000,0.0134000000,0.0044000000,0.0109000000,0.0171000000
2005-11-03,0.0010000000,-0.0017000000,0.0041000000,0.0189000000,-0.0014000000,0.0104000000,-0.0112000000,0.0017000000,0.0071000000,0.0096000000,-0.0025000000,0.0046000000
2005-11-04,-0.0029000000,0.0009000000,-0.0030000000,-0.0238000000,0.0017000000,0.0050000000,0.0012000000,-0.0029000000,0.0048000000,0.0047000000,0.0034000000,-0.0020000000
2005-11-07,0.0033000000,0.0121000000,0.0064000000,-0.0167000000,-0.0011000000,0.0047000000,-0.0019000000,-0.0048000000,0.0061000000,0.0013000000,0.0067000000,0.0060000000
2005-11-08,-0.0037000000,-0.0141000000,-0.0040000000,0.0095000000,-0.0024000000,-0.0027000000,0.0007000000,-0.0019000000,-0.0111000000,-0.0011000000,-0.0047000000,-0.0090000000
2005-11-09,0.0009000000,-0.0086000000,0.0011000000,-0.0080000000,0.0007000000,-0.0002000000,0.0027000000,0.0077000000,0.0017000000,0.0037000000,0.0038000000,0.0036000000
2005-11-10,0.0109000000,0.0060000000,0.0050000000,-0.0280000000,0.0118000000,0.0078000000,0.0099000000,-0.0068000000,0.0159000000,0.0093000000,0.0172000000,0.0114000000
2005-11-11,0.0006000000,0.0082000000,0.0049000000,0.0065000000,0.0046000000,0.0025000000,-0.0002000000,-0.0073000000,0.0019000000,0.0017000000,0.0046000000,0.0038000000
2005-11-14,-0.0029000000,-0.0037000000,0.0050000000,0.0022000000,-0.0053000000,0.0013000000,-0.0016000000,-0.0042000000,0.0018000000,-0.0079000000,-0.0005000000,-0.0023000000
2005-11-15,-0.0047000000,-0.0120000000,-0.0014000000,0.0006000000,-0.0029000000,-0.0036000000,-0.0071000000,0.0003000000,-0.0139000000,0.0040000000,-0.0084000000,-0.0057000000
2005-11-16,-0.0034000000,-0.0063000000,0.0041000000,0.0208000000,-0.0015000000,0.0027000000,-0.0018000000,0.0078000000,0.0023000000,-0.0035000000,-0.0037000000,0.0010000000
2005-11-17,-0.0034000000,0.0178000000,0.0101000000,0.0003000000,0.0120000000,0.0147000000,0.0144000000,0.0139000000,0.0132000000,0.0079000000,0.0117000000,0.0147000000
2005-11-18,0.0022000000,0.0195000000,0.0013000000,0.0030000000,0.0060000000,0.0027000000,0.0054000000,0.0010000000,0.0024000000,0.0043000000,0.0045000000,0.0119000000
2005-11-21,0.0022000000,0.0061000000,0.0104000000,0.0231000000,0.0042000000,0.0026000000,0.0015000000,0.0044000000,0.0052000000,0.0029000000,0.0057000000,0.0075000000
2005-11-22,0.0073000000,0.0010000000,0.0051000000,0.0129000000,0.0005000000,0.0066000000,0.0046000000,0.0037000000,0.0073000000,-0.0047000000,0.0064000000,0.0029000000
2005-11-23,0.0041000000,0.0087000000,0.0020000000,-0.0033000000,-0.0024000000,0.0049000000,0.0021000000,0.0062000000,0.0046000000,0.0006000000,0.0072000000,0.0008000000
2005-11-25,0.0020000000,-0.0082000000,0.0018000000,0.0039000000,0.0039000000,0.0020000000,0.0036000000,0.0059000000,0.0008000000,0.0009000000,0.0013000000,0.0025000000
2005-11-28,-0.0053000000,-0.0020000000,-0.0088000000,-0.0323000000,-0.0040000000,-0.0066000000,-0.0007000000,-0.0077000000,-0.0116000000,-0.0110000000,-0.0086000000,-0.0103000000
2005-11-29,0.0045000000,0.0030000000,0.0062000000,0.0011000000,0.0085000000,-0.0032000000,-0.0023000000,0.0025000000,-0.0023000000,-0.0040000000,0.0019000000,-0.0001000000
2005-11-30,-0.0070000000,-0.0102000000,0.0017000000,0.0006000000,-0.0091000000,0.0014000000,-0.0082000000,-0.0081000000,-0.0053000000,-0.0025000000,-0.0107000000,-0.0012000000
2005-12-01,0.0085000000,0.0140000000,0.0206000000,0.0286000000,0.0121000000,0.0165000000,0.0116000000,0.0103000000,0.0078000000,0.0082000000,0.0095000000,0.0108000000
2005-12-02,0.0001000000,-0.0039000000,-0.0011000000,0.0000000000,-0.0018000000,0.0008000000,0.0005000000,-0.0003000000,0.0024000000,0.0046000000,0.0007000000,-0.0013000000
2005-12-05,-0.0050000000,-0.0056000000,-0.0039000000,0.0094000000,0.0012000000,-0.0079000000,-0.0019000000,-0.0006000000,-0.0078000000,0.0015000000,-0.0022000000,-0.0047000000
2005-12-06,-0.0022000000,-0.0010000000,0.0032000000,0.0060000000,0.0030000000,0.0028000000,0.0027000000,0.0003000000,0.0050000000,-0.0053000000,-0.0002000000,0.0035000000
2005-12-07,-0.0039000000,0.0006000000,-0.0055000000,-0.0068000000,-0.0073000000,-0.0037000000,-0.0015000000,-0.0061000000,0.0005000000,-0.0028000000,-0.0083000000,-0.0052000000
2005-12-08,-0.0015000000,-0.0043000000,0.0007000000,0.0136000000,0.0008000000,-0.0058000000,-0.0067000000,0.0099000000,-0.0012000000,0.0026000000,-0.0009000000,-0.0024000000
2005-12-09,0.0012000000,0.0106000000,0.0024000000,-0.0147000000,0.0011000000,0.0062000000,0.0039000000,0.0074000000,0.0042000000,-0.0018000000,0.0075000000,0.0023000000
2005-12-12,0.0017000000,0.0048000000,0.0018000000,0.0110000000,0.0000000000,0.0026000000,-0.0024000000,-0.0040000000,0.0033000000,0.0011000000,-0.0028000000,0.0008000000
2005-12-13,0.0056000000,-0.0025000000,0.0044000000,-0.0006000000,0.0154000000,-0.0012000000,0.0015000000,0.0109000000,0.0039000000,0.0109000000,0.0078000000,0.0008000000
2005-12-14,0.0016000000,0.0059000000,0.0047000000,0.0103000000,0.0054000000,-0.0007000000,-0.0021000000,0.0119000000,0.0061000000,0.0006000000,0.0037000000,0.0054000000
2005-12-15,0.0058000000,-0.0034000000,-0.0029000000,-0.0080000000,-0.0073000000,-0.0017000000,-0.0016000000,0.0010000000,-0.0054000000,0.0024000000,-0.0040000000,0.0003000000
2005-12-16,0.0029000000,-0.0030000000,-0.0002000000,-0.0247000000,-0.0111000000,-0.0034000000,-0.0005000000,-0.0017000000,-0.0022000000,0.0002000000,0.0004000000,-0.0001000000
2005-12-19,-0.0047000000,-0.0105000000,-0.0120000000,-0.0038000000,-0.0002000000,-0.0136000000,-0.0052000000,-0.0129000000,-0.0111000000,0.0083000000,-0.0079000000,-0.0087000000
2005-12-20,-0.0036000000,-0.0095000000,0.0028000000,0.0073000000,-0.0043000000,-0.0010000000,-0.0057000000,0.0034000000,0.0001000000,-0.0024000000,0.0028000000,-0.0027000000
2005-12-21,0.0026000000,0.0029000000,0.0068000000,0.0011000000,0.0092000000,0.0038000000,-0.0044000000,-0.0090000000,0.0034000000,0.0068000000,0.0042000000,0.0044000000
2005-12-22,0.0022000000,0.0014000000,0.0072000000,-0.0029000000,0.0064000000,0.0062000000,0.0046000000,0.0047000000,-0.0006000000,0.0074000000,0.0055000000,0.0062000000
2005-12-23,-0.0005000000,0.0028000000,0.0012000000,-0.0030000000,0.0032000000,0.0021000000,0.0015000000,0.0003000000,0.0017000000,0.0004000000,0.0014000000,0.0009000000
2005-12-27,-0.0054000000,-0.0038000000,-0.0120000000,-0.0268000000,-0.0060000000,-0.0099000000,-0.0042000000,-0.0076000000,-0.0102000000,-0.0096000000,-0.0079000000,-0.0086000000
2005-12-28,0.0015000000,0.0035000000,0.0065000000,0.0129000000,0.0031000000,0.0013000000,-0.0040000000,-0.0003000000,0.0043000000,0.0000000000,-0.0003000000,0.0017000000
2005-12-29,-0.0011000000,0.0012000000,-0.0016000000,-0.0055000000,-0.0030000000,-0.0064000000,0.0002000000,-0.0024000000,-0.0025000000,-0.0038000000,-0.0016000000,0.0016000000
2005-12-30,-0.0064000000,-0.0065000000,-0.0074000000,0.0026000000,-0.0077000000,-0.0062000000,-0.0036000000,-0.0025000000,-0.0075000000,-0.0052000000,-0.0042000000,-0.0046000000
2006-01-03,0.0067000000,0.0064000000,0.0143000000,0.0436000000,0.0137000000,0.0193000000,0.0103000000,0.0203000000,0.0048000000,0.0132000000,0.0139000000,0.0102000000
2006-01-04,0.0042000000,0.0096000000,0.0085000000,0.0034000000,0.0005000000,0.0109000000,0.0049000000,0.0004000000,-0.0011000000,0.0100000000,0.0001000000,0.0042000000
2006-01-05,-0.0023000000,0.0095000000,-0.0033000000,-0.0112000000,0.0014000000,0.0088000000,0.0043000000,-0.0063000000,-0.0043000000,0.0003000000,0.0029000000,-0.0015000000
2006-01-06,0.0072000000,0.0090000000,0.0125000000,0.0206000000,0.0073000000,0.0157000000,0.0139000000,0.0088000000,0.0060000000,0.0058000000,0.0055000000,0.0050000000
2006-01-09,0.0038000000,0.0098000000,0.0064000000,-0.0001000000,0.0025000000,0.0037000000,0.0031000000,-0.0014000000,0.0072000000,0.0101000000,0.0033000000,0.0065000000
2006-01-10,-0.0035000000,0.0027000000,0.0011000000,0.0084000000,-0.0034000000,0.0012000000,-0.0042000000,0.0019000000,0.0030000000,-0.0040000000,0.0006000000,0.0014000000
2006-01-11,0.0002000000,0.0008000000,0.0010000000,0.0037000000,-0.0042000000,0.0080000000,0.0037000000,-0.0021000000,0.0061000000,-0.0031000000,0.0034000000,0.0032000000
2006-01-12,-0.0024000000,-0.0177000000,-0.0067000000,-0.0058000000,-0.0118000000,-0.0071000000,-0.0018000000,-0.0005000000,-0.0063000000,-0.0049000000,-0.0059000000,-0.0108000000
2006-01-13,0.0014000000,-0.0040000000,-0.0003000000,0.0144000000,0.0032000000,0.0001000000,0.0018000000,0.0078000000,-0.0028000000,0.0021000000,-0.0002000000,0.0019000000
2006-01-17,-0.0050000000,-0.0140000000,-0.0023000000,0.0206000000,-0.0010000000,-0.0095000000,-0.0089000000,0.0101000000,-0.0070000000,-0.0023000000,-0.0081000000,-0.0053000000
2006-01-18,-0.0004000000,0.0027000000,-0.0035000000,-0.0153000000,-0.0011000000,-0.0121000000,0.0019000000,0.0003000000,0.0035000000,0.0011000000,-0.0023000000,0.0001000000
2006-01-19,-0.0002000000,0.0177000000,0.0108000000,0.0191000000,0.0058000000,0.0107000000,0.0070000000,0.0091000000,0.0038000000,0.0068000000,-0.0015000000,0.0068000000
2006-01-20,-0.0130000000,-0.0179000000,-0.0181000000,-0.0048000000,-0.0131000000,-0.0286000000,-0.0148000000,-0.0069000000,-0.0161000000,-0.0170000000,-0.0205000000,-0.0176000000
2006-01-23,0.0019000000,0.0165000000,0.0063000000,0.0090000000,0.0045000000,0.0000000000,-0.0014000000,0.0003000000,0.0000000000,-0.0017000000,0.0028000000,0.0005000000
2006-01-24,0.0036000000,0.0152000000,0.0117000000,-0.0027000000,0.0072000000,0.0055000000,0.0068000000,0.0062000000,0.0105000000,-0.0047000000,0.0044000000,0.0066000000
2006-01-25,-0.0030000000,0.0031000000,-0.0014000000,-0.0178000000,0.0052000000,-0.0008000000,0.0015000000,-0.0136000000,0.0028000000,-0.0019000000,0.0010000000,-0.0034000000
2006-01-26,0.0033000000,0.0064000000,0.0149000000,-0.0027000000,0.0063000000,0.0073000000,0.0096000000,-0.0068000000,0.0077000000,0.0070000000,0.0158000000,0.0085000000
2006-01-27,0.0086000000,0.0088000000,0.0087000000,0.0170000000,0.0066000000,0.0083000000,0.0062000000,0.0063000000,0.0025000000,0.0112000000,0.0023000000,0.0041000000
2006-01-30,-0.0037000000,0.0012000000,0.0031000000,0.0237000000,-0.0036000000,0.0034000000,0.0009000000,-0.0043000000,-0.0002000000,-0.0051000000,-0.0027000000,0.0031000000
2006-01-31,-0.0060000000,-0.0085000000,-0.0024000000,-0.0024000000,0.0031000000,-0.0045000000,-0.0065000000,0.0008000000,0.0003000000,-0.0006000000,-0.0012000000,-0.0005000000
2006-02-01,0.0048000000,0.0054000000,0.0071000000,-0.0172000000,0.0064000000,0.0035000000,0.0062000000,0.0011000000,0.0005000000,0.0054000000,0.0004000000,0.0031000000
2006-02-02,-0.0064000000,-0.0076000000,-0.0103000000,-0.0088000000,-0.0079000000,-0.0149000000,-0.0098000000,-0.0139000000,0.0016000000,-0.0086000000,-0.0077000000,-0.0081000000
2006-02-03,-0.0044000000,-0.0063000000,-0.0040000000,-0.0094000000,-0.0058000000,-0.0089000000,0.0013000000,-0.0057000000,-0.0053000000,-0.0044000000,-0.0037000000,-0.0017000000
2006-02-06,-0.0034000000,-0.0009000000,0.0130000000,0.0141000000,0.0018000000,-0.0028000000,0.0005000000,0.0056000000,-0.0028000000,-0.0054000000,0.0009000000,0.0025000000
2006-02-07,-0.0032000000,-0.0059000000,-0.0141000000,-0.0351000000,-0.0100000000,-0.0034000000,0.0012000000,-0.0076000000,-0.0076000000,-0.0037000000,-0.0064000000,-0.0140000000
2006-02-08,0.0053000000,0.0036000000,0.0047000000,-0.0012000000,0.0039000000,0.0155000000,0.0147000000,-0.0016000000,0.0066000000,0.0119000000,0.0064000000,0.0082000000
2006-02-09,0.0038000000,-0.0002000000,-0.0005000000,-0.0198000000,0.0023000000,-0.0047000000,-0.0033000000,0.0013000000,-0.0004000000,-0.0011000000,0.0022000000,0.0005000000
2006-02-10,0.0004000000,0.0016000000,0.0031000000,-0.0079000000,0.0051000000,0.0034000000,0.0062000000,-0.0015000000,0.0023000000,-0.0034000000,0.0045000000,0.0032000000
2006-02-13,-0.0045000000,-0.0043000000,-0.0051000000,-0.0043000000,-0.0061000000,-0.0091000000,-0.0043000000,-0.0010000000,-0.0011000000,-0.0026000000,-0.0035000000,-0.0039000000
2006-02-14,0.0109000000,0.0125000000,0.0142000000,-0.0043000000,0.0127000000,0.0105000000,0.0148000000,-0.0021000000,0.0156000000,0.0091000000,0.0129000000,0.0093000000
2006-02-15,0.0044000000,0.0042000000,0.0029000000,-0.0020000000,0.0046000000,0.0032000000,0.0056000000,0.0027000000,0.0084000000,0.0091000000,0.0042000000,0.0027000000
2006-02-16,0.0049000000,0.0049000000,0.0052000000,0.0194000000,0.0093000000,0.0119000000,0.0060000000,0.0093000000,0.0030000000,0.0088000000,0.0055000000,0.0027000000
2006-02-17,-0.0017000000,0.0006000000,0.0012000000,0.0089000000,0.0025000000,-0.0078000000,0.0016000000,0.0095000000,-0.0055000000,-0.0001000000,-0.0038000000,-0.0003000000
2006-02-21,-0.0025000000,-0.0069000000,0.0015000000,0.0140000000,-0.0030000000,-0.0112000000,-0.0038000000,0.0029000000,-0.0061000000,-0.0074000000,-0.0041000000,-0.0038000000
2006-02-22,0.0093000000,0.0070000000,0.0059000000,-0.0143000000,0.0026000000,0.0092000000,0.0002000000,0.0052000000,0.0065000000,0.0069000000,0.0173000000,0.0088000000
2006-02-23,0.0013000000,-0.0056000000,-0.0023000000,-0.0039000000,-0.0035000000,-0.0042000000,-0.0004000000,-0.0042000000,-0.0002000000,-0.0036000000,-0.0030000000,-0.0033000000
2006-02-24,-0.0009000000,-0.0028000000,0.0038000000,0.0132000000,-0.0015000000,0.0013000000,-0.0028000000,0.0042000000,-0.0029000000,0.0033000000,0.0025000000,0.0015000000
2006-02-27,0.0033000000,0.0085000000,-0.0023000000,-0.0145000000,0.0023000000,0.0105000000,0.0073000000,0.0067000000,0.0105000000,0.0101000000,0.0018000000,0.0037000000
2006-02-28,-0.0095000000,-0.0112000000,-0.0099000000,-0.0101000000,-0.0121000000,-0.0112000000,-0.0079000000,-0.0082000000,-0.0088000000,-0.0134000000,-0.0103000000,-0.0127000000
2006-03-01,0.0047000000,0.0058000000,0.0131000000,0.0160000000,0.0082000000,0.0201000000,0.0100000000,0.0000000000,0.0080000000,0.0021000000,0.0057000000,0.0057000000
2006-03-02,-0.0022000000,-0.0134000000,0.0011000000,0.0112000000,-0.0023000000,-0.0003000000,-0.0004000000,-0.0011000000,-0.0059000000,-0.0019000000,-0.0057000000,-0.0004000000
2006-03-03,0.0014000000,-0.0067000000,0.0006000000,0.0017000000,0.0018000000,-0.0035000000,-0.0049000000,-0.0027000000,-0.0017000000,-0.0018000000,-0.0025000000,0.0020000000
2006-03-06,-0.0028000000,-0.0011000000,-0.0122000000,-0.0275000000,-0.0063000000,-0.0072000000,0.0053000000,-0.0223000000,-0.0056000000,-0.0057000000,-0.0046000000,-0.0029000000
2006-03-07,0.0006000000,-0.0017000000,-0.0060000000,-0.0117000000,0.0008000000,-0.0067000000,-0.0084000000,-0.0054000000,-0.0029000000,-0.0024000000,0.0020000000,-0.0055000000
2006-03-08,0.0066000000,-0.0013000000,-0.0028000000,-0.0007000000,-0.0001000000,-0.0006000000,0.0006000000,0.0021000000,0.0040000000,0.0062000000,0.0015000000,0.0015000000
2006-03-09,0.0029000000,0.0013000000,-0.0014000000,-0.0110000000,0.0026000000,-0.0081000000,0.0001000000,-0.0055000000,-0.0050000000,-0.0060000000,-0.0065000000,-0.0028000000
2006-03-10,0.0091000000,0.0104000000,0.0108000000,0.0029000000,0.0113000000,0.0043000000,0.0066000000,0.0056000000,0.0084000000,0.0041000000,0.0082000000,0.0095000000
2006-03-13,0.0018000000,-0.0017000000,0.0006000000,0.0169000000,0.0005000000,0.0025000000,0.0004000000,0.0060000000,0.0007000000,0.0022000000,0.0003000000,0.0018000000
2006-03-14,0.0076000000,0.0059000000,0.0145000000,0.0178000000,-0.0049000000,0.0131000000,0.0062000000,0.0096000000,0.0111000000,0.0046000000,0.0119000000,0.0085000000
2006-03-15,-0.0018000000,0.0087000000,0.0105000000,0.0048000000,0.0050000000,0.0075000000,0.0047000000,0.0036000000,0.0035000000,0.0025000000,0.0024000000,0.0103000000
2006-03-16,0.0006000000,0.0010000000,0.0025000000,0.0137000000,-0.0007000000,-0.0073000000,-0.0010000000,0.0070000000,0.0077000000,-0.0005000000,0.0025000000,0.0000000000
2006-03-17,-0.0004000000,-0.0018000000,0.0046000000,-0.0095000000,-0.0019000000,0.0040000000,-0.0010000000,-0.0037000000,0.0042000000,0.0074000000,0.0024000000,0.0028000000
2006-03-20,-0.0002000000,0.0011000000,-0.0011000000,-0.0160000000,-0.0016000000,0.0038000000,-0.0028000000,-0.0113000000,0.0022000000,0.0022000000,0.0012000000,-0.0011000000
2006-03-21,-0.0052000000,0.0019000000,-0.0090000000,-0.0030000000,-0.0038000000,-0.0064000000,-0.0029000000,-0.0099000000,-0.0038000000,-0.0083000000,-0.0094000000,-0.0069000000
2006-03-22,0.0058000000,0.0064000000,0.0117000000,0.0073000000,0.0075000000,0.0012000000,0.0040000000,0.0070000000,0.0037000000,0.0096000000,0.0074000000,0.0077000000
2006-03-23,-0.0055000000,-0.0041000000,0.0010000000,0.0112000000,-0.0079000000,-0.0024000000,0.0003000000,-0.0008000000,0.0015000000,-0.0042000000,-0.0046000000,-0.0019000000
2006-03-24,0.0024000000,0.0099000000,0.0056000000,0.0075000000,-0.0007000000,0.0051000000,0.0057000000,0.0006000000,-0.0015000000,-0.0014000000,0.0010000000,0.0009000000
2006-03-27,-0.0045000000,0.0048000000,0.0003000000,0.0056000000,-0.0027000000,0.0014000000,-0.0004000000,-0.0067000000,-0.0014000000,-0.0071000000,0.0003000000,0.0012000000
2006-03-28,-0.0052000000,-0.0053000000,-0.0051000000,0.0031000000,-0.0069000000,-0.0069000000,-0.0084000000,-0.0028000000,-0.0039000000,-0.0094000000,-0.0094000000,-0.0035000000
2006-03-29,0.0060000000,0.0170000000,0.0109000000,0.0105000000,0.0057000000,0.0169000000,0.0094000000,0.0084000000,0.0065000000,0.0022000000,0.0059000000,0.0091000000
2006-03-30,-0.0054000000,-0.0073000000,-0.0028000000,-0.0004000000,0.0006000000,0.0015000000,-0.0032000000,-0.0079000000,-0.0037000000,-0.0014000000,-0.0038000000,0.0043000000
2006-03-31,-0.0036000000,-0.0032000000,-0.0041000000,-0.0102000000,-0.0030000000,-0.0027000000,-0.0017000000,-0.0062000000,-0.0018000000,-0.0029000000,0.0001000000,0.0022000000
2006-04-03,0.0032000000,-0.0069000000,0.0040000000,0.0058000000,0.0046000000,0.0030000000,0.0050000000,0.0043000000,-0.0061000000,-0.0031000000,0.0003000000,0.0011000000
2006-04-04,0.0000000000,0.0022000000,0.0074000000,0.0111000000,0.0030000000,0.0033000000,0.0037000000,0.0076000000,0.0043000000,0.0006000000,0.0098000000,0.0058000000
2006-04-05,0.0014000000,-0.0001000000,0.0068000000,0.0123000000,0.0008000000,0.0087000000,0.0020000000,0.0088000000,0.0047000000,-0.0033000000,0.0021000000,0.0050000000
2006-04-06,-0.0029000000,-0.0054000000,0.0033000000,0.0009000000,-0.0009000000,0.0010000000,0.0004000000,-0.0105000000,0.0006000000,-0.0072000000,-0.0030000000,0.0013000000
2006-04-07,-0.0086000000,-0.0035000000,-0.0093000000,-0.0154000000,-0.0076000000,-0.0107000000,-0.0052000000,-0.0147000000,-0.0090000000,-0.0117000000,-0.0090000000,-0.0095000000
2006-04-10,0.0017000000,0.0016000000,0.0018000000,0.0150000000,-0.0014000000,-0.0037000000,-0.0003000000,0.0019000000,-0.0044000000,-0.0011000000,0.0004000000,-0.0020000000
2006-04-11,-0.0073000000,-0.0122000000,-0.0062000000,-0.0026000000,-0.0099000000,-0.0080000000,-0.0108000000,-0.0104000000,-0.0082000000,-0.0089000000,-0.0096000000,-0.0066000000
2006-04-12,0.0007000000,0.0010000000,0.0061000000,-0.0062000000,0.0026000000,0.0010000000,0.0002000000,0.0015000000,0.0023000000,0.0036000000,0.0032000000,0.0039000000
2006-04-13,-0.0031000000,0.0032000000,0.0037000000,0.0023000000,0.0025000000,0.0035000000,0.0029000000,-0.0050000000,0.0013000000,0.0006000000,0.0028000000,-0.0023000000
2006-04-17,-0.0041000000,-0.0021000000,0.0015000000,0.0155000000,-0.0045000000,-0.0090000000,-0.0051000000,0.0019000000,-0.0065000000,-0.0037000000,-0.0013000000,-0.0049000000
2006-04-18,0.0096000000,0.0172000000,0.0258000000,0.0270000000,0.0126000000,0.0202000000,0.0138000000,0.0210000000,0.0148000000,0.0122000000,0.0154000000,0.0189000000
2006-04-19,0.0022000000,0.0053000000,0.0157000000,0.0136000000,0.0065000000,0.0030000000,-0.0078000000,0.0039000000,-0.0006000000,-0.0010000000,0.0012000000,0.0029000000
2006-04-20,0.0032000000,0.0196000000,-0.0020000000,-0.0109000000,0.0043000000,0.0009000000,-0.0058000000,0.0053000000,0.0018000000,0.0050000000,0.0009000000,-0.0005000000
2006-04-21,0.0034000000,-0.0139000000,0.0045000000,0.0220000000,0.0046000000,-0.0093000000,-0.0017000000,0.0044000000,-0.0084000000,-0.0023000000,-0.0020000000,-0.0020000000
2006-04-24,0.0029000000,-0.0040000000,-0.0014000000,-0.0135000000,0.0001000000,-0.0037000000,-0.0013000000,0.0030000000,-0.0033000000,-0.0033000000,-0.0015000000,-0.0026000000
2006-04-25,-0.0028000000,0.0043000000,-0.0076000000,-0.0120000000,0.0015000000,0.0001000000,0.0064000000,-0.0112000000,-0.0014000000,-0.0065000000,-0.0065000000,-0.0043000000
2006-04-26,0.0054000000,0.0166000000,0.0027000000,-0.0169000000,0.0075000000,0.0031000000,0.0083000000,-0.0075000000,0.0037000000,-0.0001000000,0.0067000000,0.0016000000
2006-04-27,0.0019000000,-0.0081000000,-0.0123000000,-0.0113000000,0.0015000000,0.0059000000,0.0104000000,0.0115000000,0.0001000000,0.0057000000,0.0087000000,0.0004000000
2006-04-28,0.0037000000,-0.0110000000,0.0027000000,0.0107000000,-0.0021000000,-0.0202000000,-0.0001000000,0.0031000000,-0.0013000000,0.0060000000,0.0100000000,0.0026000000
2006-05-01,-0.0017000000,-0.0031000000,0.0048000000,0.0122000000,-0.0004000000,-0.0057000000,-0.0031000000,-0.0062000000,0.0012000000,-0.0077000000,-0.0132000000,-0.0019000000
2006-05-02,0.0074000000,0.0045000000,0.0111000000,0.0215000000,0.0091000000,0.0025000000,0.0016000000,0.0167000000,0.0017000000,-0.0044000000,0.0062000000,0.0029000000
2006-05-03,0.0007000000,0.0024000000,0.0024000000,-0.0134000000,-0.0084000000,-0.0019000000,-0.0016000000,-0.0049000000,0.0018000000,-0.0027000000,-0.0043000000,-0.0024000000
2006-05-04,0.0004000000,0.0128000000,0.0091000000,-0.0064000000,0.0018000000,0.0066000000,0.0039000000,0.0017000000,0.0030000000,0.0034000000,0.0026000000,0.0087000000
2006-05-05,0.0074000000,0.0059000000,0.0115000000,0.0107000000,0.0045000000,0.0060000000,0.0079000000,0.0202000000,0.0152000000,0.0107000000,0.0138000000,0.0096000000
2006-05-08,0.0045000000,0.0021000000,0.0000000000,-0.0037000000,0.0068000000,0.0004000000,0.0053000000,-0.0047000000,0.0025000000,-0.0002000000,-0.0034000000,-0.0006000000
2006-05-09,0.0027000000,0.0120000000,0.0028000000,0.0055000000,0.0011000000,-0.0050000000,0.0055000000,-0.0063000000,-0.0007000000,-0.0043000000,0.0000000000,0.0031000000
2006-05-10,-0.0033000000,0.0014000000,0.0011000000,0.0070000000,-0.0059000000,-0.0100000000,-0.0007000000,0.0063000000,-0.0031000000,-0.0045000000,0.0014000000,-0.0013000000
2006-05-11,-0.0111000000,-0.0117000000,-0.0135000000,-0.0086000000,-0.0096000000,-0.0240000000,-0.0102000000,-0.0104000000,-0.0136000000,-0.0051000000,-0.0154000000,-0.0080000000
2006-05-12,-0.0066000000,-0.0091000000,-0.0199000000,-0.0288000000,-0.0140000000,-0.0093000000,-0.0080000000,-0.0123000000,-0.0152000000,-0.0067000000,-0.0086000000,-0.0124000000
2006-05-15,0.0096000000,0.0025000000,-0.0109000000,-0.0182000000,0.0020000000,-0.0018000000,0.0025000000,0.0018000000,0.0051000000,0.0120000000,0.0044000000,-0.0007000000
2006-05-16,0.0009000000,-0.0045000000,-0.0002000000,0.0027000000,0.0055000000,-0.0087000000,0.0066000000,-0.0047000000,-0.0057000000,0.0009000000,0.0007000000,0.0007000000
2006-05-17,-0.0093000000,-0.0177000000,-0.0252000000,-0.0268000000,-0.0139000000,-0.0115000000,-0.0201000000,-0.0172000000,-0.0122000000,-0.0137000000,-0.0177000000,-0.0159000000
2006-05-18,-0.0071000000,-0.0086000000,-0.0136000000,-0.0112000000,-0.0073000000,-0.0050000000,-0.0080000000,-0.0010000000,0.0035000000,-0.0069000000,-0.0085000000,-0.0064000000
2006-05-19,0.0039000000,0.0084000000,0.0044000000,0.0044000000,-0.0024000000,0.0051000000,0.0090000000,0.0076000000,0.0053000000,0.0020000000,0.0042000000,0.0010000000
2006-05-22,0.0020000000,-0.0104000000,-0.0093000000,-0.0053000000,-0.0078000000,-0.0080000000,-0.0072000000,0.0050000000,-0.0065000000,-0.0058000000,-0.0030000000,-0.0040000000
2006-05-23,-0.0014000000,-0.0008000000,-0.0011000000,-0.0004000000,-0.0008000000,-0.0072000000,-0.0015000000,-0.0134000000,-0.0059000000,-0.0050000000,-0.0050000000,-0.0035000000
2006-05-24,0.0063000000,0.0071000000,-0.0036000000,-0.0113000000,0.0006000000,0.0070000000,0.0006000000,0.0044000000,-0.0011000000,0.0052000000,-0.0002000000,-0.0018000000
2006-05-25,0.0074000000,0.0171000000,0.0127000000,0.0298000000,0.0100000000,0.0119000000,0.0140000000,0.0124000000,0.0114000000,0.0113000000,0.0094000000,0.0113000000
2006-05-26,0.0026000000,0.0124000000,0.0094000000,0.0065000000,0.0051000000,0.0041000000,0.0099000000,0.0089000000,0.0028000000,0.0082000000,0.0074000000,0.0046000000
2006-05-30,-0.0114000000,-0.0267000000,-0.0177000000,-0.0197000000,-0.0141000000,-0.0203000000,-0.0156000000,-0.0044000000,-0.0183000000,-0.0162000000,-0.0149000000,-0.0143000000
2006-05-31,0.0072000000,0.0116000000,0.0121000000,0.0208000000,0.0070000000,0.0040000000,0.0092000000,0.0165000000,0.0108000000,0.0080000000,0.0082000000,0.0101000000
2006-06-01,0.0065000000,0.0142000000,0.0133000000,0.0064000000,0.0081000000,0.0173000000,0.0241000000,0.0118000000,0.0129000000,0.0116000000,0.0142000000,0.0115000000
2006-06-02,-0.0010000000,-0.0060000000,0.0012000000,0.0127000000,-0.0010000000,-0.0030000000,-0.0018000000,0.0108000000,-0.0030000000,0.0033000000,0.0037000000,0.0019000000
2006-06-05,-0.0131000000,-0.0225000000,-0.0286000000,-0.0303000000,-0.0185000000,-0.0198000000,-0.0097000000,-0.0115000000,-0.0170000000,-0.0175000000,-0.0180000000,-0.0191000000
2006-06-06,0.0021000000,-0.0093000000,-0.0126000000,-0.0001000000,-0.0026000000,-0.0029000000,0.0022000000,-0.0018000000,-0.0030000000,-0.0001000000,-0.0027000000,-0.0027000000
2006-06-07,-0.0030000000,-0.0074000000,-0.0130000000,-0.0322000000,-0.0103000000,-0.0113000000,-0.0004000000,-0.0063000000,-0.0005000000,0.0036000000,0.0037000000,-0.0060000000
2006-06-08,-0.0026000000,-0.0057000000,0.0005000000,0.0085000000,0.0050000000,-0.0067000000,-0.0052000000,0.0046000000,0.0038000000,0.0024000000,0.0035000000,-0.0039000000
2006-06-09,0.0012000000,0.0006000000,-0.0044000000,-0.0108000000,-0.0063000000,-0.0048000000,-0.0067000000,0.0046000000,-0.0040000000,-0.0064000000,-0.0030000000,-0.0049000000
2006-06-12,-0.0068000000,-0.0103000000,-0.0230000000,-0.0170000000,-0.0099000000,-0.0214000000,-0.0092000000,-0.0025000000,-0.0158000000,-0.0096000000,-0.0136000000,-0.0144000000
2006-06-13,-0.0090000000,-0.0067000000,-0.0105000000,-0.0298000000,-0.0088000000,-0.0049000000,-0.0026000000,-0.0149000000,-0.0042000000,-0.0051000000,-0.0170000000,-0.0106000000
2006-06-14,0.0025000000,0.0043000000,0.0146000000,0.0239000000,0.0076000000,0.0094000000,0.0020000000,-0.0016000000,0.0082000000,0.0033000000,-0.0061000000,0.0055000000
2006-06-15,0.0110000000,0.0226000000,0.0335000000,0.0352000000,0.0150000000,0.0283000000,0.0193000000,0.0169000000,0.0217000000,0.0161000000,0.0223000000,0.0248000000
2006-06-16,0.0013000000,-0.0016000000,-0.0047000000,-0.0052000000,-0.0016000000,-0.0044000000,0.0020000000,-0.0003000000,-0.0064000000,-0.0024000000,-0.0070000000,-0.0049000000
2006-06-19,-0.0049000000,-0.0056000000,-0.0163000000,-0.0321000000,-0.0106000000,-0.0048000000,-0.0080000000,-0.0142000000,-0.0075000000,-0.0099000000,-0.0077000000,-0.0065000000
2006-06-20,0.0032000000,-0.0071000000,-0.0013000000,-0.0046000000,0.0036000000,-0.0023000000,-0.0011000000,0.0008000000,0.0006000000,-0.0031000000,0.0019000000,-0.0009000000
2006-06-21,0.0048000000,0.0183000000,0.0182000000,0.0198000000,0.0123000000,0.0174000000,0.0026000000,0.0017000000,0.0109000000,0.0047000000,0.0090000000,0.0123000000
2006-06-22,-0.0007000000,-0.0024000000,-0.0039000000,0.0039000000,-0.0009000000,-0.0119000000,-0.0056000000,-0.0055000000,-0.0067000000,-0.0054000000,-0.0037000000,-0.0063000000
2006-06-23,-0.0051000000,0.0001000000,0.0036000000,0.0180000000,0.0023000000,-0.0027000000,0.0021000000,0.0094000000,-0.0018000000,-0.0001000000,-0.0040000000,0.0016000000
2006-06-26,0.0045000000,0.0072000000,0.0056000000,0.0123000000,0.0047000000,0.0040000000,0.0013000000,0.0044000000,0.0062000000,-0.0005000000,0.0080000000,0.0033000000
2006-06-27,-0.0048000000,-0.0136000000,-0.0132000000,0.0072000000,-0.0094000000,-0.0148000000,-0.0072000000,-0.0028000000,-0.0115000000,-0.0139000000,-0.0102000000,-0.0110000000
2006-06-28,0.0031000000,0.0026000000,0.0036000000,0.0204000000,-0.0014000000,0.0042000000,0.0073000000,0.0060000000,0.0010000000,0.0025000000,0.0038000000,0.0058000000
2006-06-29,0.0141000000,0.0277000000,0.0305000000,0.0257000000,0.0266000000,0.0274000000,0.0187000000,0.0123000000,0.0227000000,0.0193000000,0.0229000000,0.0223000000
2006-06-30,-0.0001000000,0.0207000000,0.0034000000,-0.0007000000,-0.0045000000,-0.0046000000,0.0060000000,0.0029000000,-0.0026000000,0.0068000000,-0.0030000000,0.0007000000
2006-07-03,0.0062000000,-0.0067000000,0.0055000000,0.0124000000,0.0088000000,0.0102000000,0.0039000000,0.0089000000,0.0005000000,0.0044000000,0.0100000000,0.0069000000
2006-07-05,-0.0056000000,-0.0093000000,-0.0117000000,0.0036000000,-0.0079000000,-0.0173000000,-0.0078000000,-0.0060000000,-0.0106000000,-0.0026000000,-0.0085000000,-0.0096000000
2006-07-06,0.0149000000,0.0003000000,0.0033000000,0.0036000000,0.0026000000,0.0003000000,0.0006000000,-0.0038000000,0.0016000000,0.0049000000,0.0026000000,-0.0005000000
2006-07-07,-0.0027000000,-0.0076000000,-0.0175000000,-0.0125000000,-0.0060000000,-0.0136000000,-0.0051000000,0.0046000000,-0.0094000000,-0.0010000000,-0.0050000000,-0.0093000000
2006-07-10,0.0038000000,0.0040000000,0.0011000000,0.0021000000,0.0072000000,-0.0115000000,-0.0029000000,0.0059000000,0.0031000000,0.0001000000,0.0050000000,0.0016000000
2006-07-11,0.0070000000,0.0006000000,0.0046000000,0.0125000000,0.0051000000,0.0067000000,0.0008000000,0.0074000000,0.0013000000,0.0000000000,0.0028000000,-0.0005000000
2006-07-12,-0.0087000000,-0.0147000000,-0.0106000000,-0.0039000000,-0.0111000000,-0.0205000000,-0.0076000000,-0.0063000000,-0.0185000000,-0.0091000000,-0.0114000000,-0.0100000000
2006-07-13,-0.0089000000,-0.0271000000,-0.0239000000,-0.0075000000,-0.0117000000,-0.0163000000,-0.0207000000,-0.0046000000,-0.0130000000,-0.0099000000,-0.0136000000,-0.0183000000
2006-07-14,-0.0040000000,-0.0131000000,-0.0116000000,0.0103000000,-0.0094000000,-0.0043000000,-0.0045000000,0.0001000000,-0.0122000000,-0.0086000000,-0.0046000000,-0.0125000000
2006-07-17,0.0012000000,-0.0035000000,-0.0112000000,-0.0249000000,-0.0012000000,0.0012000000,0.0075000000,-0.0002000000,0.0033000000,0.0010000000,0.0002000000,-0.0015000000
2006-07-18,0.0068000000,0.0042000000,0.0038000000,0.0052000000,0.0007000000,0.0031000000,0.0041000000,0.0037000000,-0.0080000000,-0.0004000000,0.0026000000,0.0015000000
2006-07-19,0.0080000000,0.0212000000,0.0287000000,0.0079000000,0.0220000000,0.0161000000,0.0163000000,0.0134000000,0.0241000000,0.0218000000,0.0271000000,0.0190000000
2006-07-20,-0.0016000000,-0.0150000000,-0.0276000000,-0.0180000000,-0.0098000000,-0.0145000000,-0.0082000000,0.0025000000,-0.0105000000,-0.0009000000,-0.0051000000,-0.0220000000
2006-07-21,-0.0020000000,-0.0066000000,-0.0147000000,-0.0138000000,-0.0098000000,-0.0141000000,-0.0087000000,0.0008000000,-0.0094000000,0.0000000000,-0.0067000000,-0.0127000000
2006-07-24,0.0081000000,0.0247000000,0.0203000000,0.0292000000,0.0158000000,0.0186000000,0.0178000000,0.0105000000,0.0193000000,0.0219000000,0.0130000000,0.0184000000
2006-07-25,0.0091000000,0.0090000000,0.0116000000,0.0164000000,0.0018000000,0.0061000000,0.0133000000,0.0067000000,0.0088000000,0.0095000000,0.0034000000,0.0006000000
2006-07-26,-0.0009000000,0.0054000000,-0.0077000000,0.0169000000,-0.0023000000,0.0000000000,0.0069000000,0.0052000000,-0.0166000000,0.0056000000,-0.0024000000,-0.0095000000
2006-07-27,-0.0053000000,-0.0073000000,-0.0027000000,-0.0064000000,-0.0142000000,-0.0062000000,0.0091000000,-0.0060000000,-0.0087000000,-0.0024000000,-0.0077000000,-0.0067000000
2006-07-28,0.0118000000,0.0143000000,0.0131000000,0.0025000000,0.0110000000,0.0198000000,0.0153000000,0.0064000000,0.0117000000,0.0104000000,0.0155000000,0.0157000000
2006-07-31,-0.0019000000,-0.0019000000,0.0026000000,0.0155000000,-0.0069000000,-0.0013000000,-0.0049000000,-0.0016000000,0.0007000000,-0.0034000000,-0.0027000000,-0.0036000000
2006-08-01,-0.0030000000,-0.0086000000,-0.0084000000,0.0036000000,-0.0095000000,-0.0161000000,-0.0082000000,0.0097000000,-0.0112000000,-0.0012000000,-0.0029000000,-0.0079000000
2006-08-02,0.0028000000,0.0081000000,0.0081000000,0.0019000000,0.0228000000,0.0091000000,0.0177000000,-0.0011000000,0.0071000000,0.0039000000,0.0031000000,0.0099000000
2006-08-03,0.0002000000,0.0108000000,0.0086000000,-0.0057000000,0.0103000000,0.0072000000,-0.0083000000,-0.0049000000,0.0098000000,-0.0046000000,0.0036000000,0.0065000000
2006-08-04,-0.0018000000,0.0004000000,-0.0040000000,-0.0040000000,-0.0008000000,-0.0032000000,-0.0003000000,0.0007000000,0.0032000000,-0.0019000000,0.0028000000,-0.0056000000
2006-08-07,-0.0052000000,-0.0006000000,-0.0002000000,0.0081000000,-0.0004000000,-0.0050000000,-0.0083000000,-0.0125000000,-0.0024000000,-0.0061000000,-0.0035000000,-0.0037000000
2006-08-08,0.0048000000,-0.0089000000,-0.0115000000,-0.0014000000,-0.0001000000,-0.0030000000,-0.0043000000,0.0058000000,-0.0087000000,-0.0028000000,-0.0042000000,-0.0083000000
2006-08-09,-0.0041000000,-0.0097000000,-0.0131000000,0.0056000000,-0.0027000000,0.0052000000,-0.0057000000,0.0015000000,-0.0127000000,-0.0002000000,-0.0118000000,-0.0097000000
2006-08-10,0.0059000000,0.0064000000,0.0036000000,-0.0044000000,0.0084000000,0.0067000000,0.0066000000,-0.0003000000,0.0175000000,-0.0001000000,0.0045000000,0.0069000000
2006-08-11,-0.0007000000,-0.0044000000,-0.0084000000,-0.0004000000,-0.0049000000,-0.0085000000,0.0012000000,-0.0016000000,-0.0031000000,-0.0057000000,-0.0034000000,-0.0089000000
2006-08-14,0.0023000000,0.0042000000,-0.0010000000,-0.0165000000,-0.0017000000,0.0101000000,-0.0019000000,0.0035000000,0.0056000000,0.0024000000,0.0001000000,0.0032000000
2006-08-15,0.0064000000,0.0203000000,0.0180000000,0.0006000000,0.0147000000,0.0267000000,0.0105000000,0.0078000000,0.0143000000,0.0105000000,0.0168000000,0.0160000000
2006-08-16,0.0016000000,0.0182000000,0.0194000000,-0.0068000000,0.0072000000,0.0198000000,0.0006000000,-0.0067000000,0.0096000000,0.0091000000,0.0064000000,0.0189000000
2006-08-17,-0.0031000000,0.0025000000,-0.0021000000,-0.0035000000,-0.0019000000,0.0054000000,0.0034000000,-0.0032000000,0.0052000000,0.0025000000,0.0037000000,0.0025000000
2006-08-18,0.0113000000,-0.0039000000,-0.0002000000,0.0135000000,0.0006000000,0.0054000000,0.0020000000,0.0095000000,-0.0031000000,0.0015000000,0.0011000000,0.0012000000
2006-08-21,-0.0004000000,-0.0164000000,-0.0067000000,0.0069000000,-0.0010000000,-0.0096000000,-0.0008000000,0.0002000000,-0.0105000000,-0.0042000000,-0.0047000000,-0.0059000000
2006-08-22,0.0020000000,0.0016000000,0.0002000000,0.0055000000,0.0024000000,0.0008000000,0.0022000000,0.0073000000,-0.0028000000,0.0014000000,-0.0008000000,0.0003000000
2006-08-23,-0.0011000000,-0.0084000000,-0.0076000000,-0.0138000000,-0.0028000000,-0.0065000000,-0.0026000000,-0.0106000000,-0.0078000000,-0.0004000000,-0.0019000000,-0.0077000000
2006-08-24,0.0024000000,-0.0043000000,-0.0051000000,0.0131000000,-0.0018000000,0.0031000000,0.0015000000,0.0039000000,-0.0068000000,0.0047000000,0.0026000000,-0.0006000000
2006-08-25,0.0000000000,-0.0042000000,-0.0013000000,0.0036000000,-0.0016000000,0.0019000000,0.0035000000,0.0010000000,-0.0023000000,0.0011000000,-0.0052000000,0.0007000000
2006-08-28,0.0049000000,0.0078000000,0.0061000000,-0.0109000000,0.0028000000,0.0098000000,0.0078000000,0.0074000000,0.0114000000,0.0075000000,0.0061000000,0.0067000000
2006-08-29,0.0055000000,0.0076000000,0.0044000000,-0.0072000000,0.0075000000,0.0081000000,0.0050000000,0.0018000000,0.0064000000,0.0056000000,-0.0012000000,0.0054000000
2006-08-30,0.0022000000,0.0040000000,-0.0012000000,-0.0149000000,0.0066000000,0.0091000000,0.0015000000,-0.0065000000,0.0021000000,0.0009000000,0.0029000000,0.0014000000
2006-08-31,-0.0028000000,0.0020000000,0.0063000000,-0.0055000000,0.0034000000,-0.0034000000,-0.0001000000,0.0105000000,0.0022000000,-0.0005000000,0.0011000000,0.0018000000
2006-09-01,0.0051000000,0.0084000000,0.0085000000,0.0109000000,0.0051000000,0.0027000000,0.0095000000,-0.0003000000,0.0098000000,0.0057000000,0.0018000000,0.0041000000
2006-09-05,-0.0050000000,0.0057000000,0.0093000000,0.0093000000,-0.0019000000,0.0051000000,-0.0001000000,-0.0067000000,0.0060000000,-0.0027000000,0.0025000000,-0.0001000000
2006-09-06,-0.0040000000,-0.0088000000,-0.0143000000,-0.0284000000,-0.0073000000,-0.0186000000,-0.0076000000,-0.0071000000,-0.0087000000,-0.0084000000,-0.0048000000,-0.0108000000
2006-09-07,-0.0068000000,-0.0026000000,-0.0076000000,0.0012000000,-0.0047000000,-0.0065000000,-0.0027000000,-0.0013000000,-0.0009000000,-0.0065000000,-0.0071000000,-0.0033000000
2006-09-08,0.0049000000,0.0099000000,0.0006000000,-0.0206000000,0.0010000000,0.0091000000,0.0016000000,0.0001000000,0.0123000000,0.0063000000,0.0054000000,0.0016000000
2006-09-11,-0.0012000000,-0.0006000000,-0.0111000000,-0.0312000000,0.0001000000,0.0081000000,0.0048000000,-0.0044000000,0.0119000000,0.0009000000,0.0024000000,0.0005000000
2006-09-12,0.0043000000,0.0290000000,0.0124000000,-0.0055000000,0.0070000000,0.0183000000,0.0116000000,-0.0045000000,0.0201000000,0.0106000000,0.0138000000,0.0162000000
2006-09-13,0.0011000000,0.0058000000,0.0121000000,0.0163000000,-0.0064000000,0.0025000000,0.0016000000,0.0025000000,0.0036000000,-0.0014000000,0.0063000000,0.0061000000
2006-09-14,0.0010000000,-0.0052000000,-0.0072000000,-0.0175000000,0.0054000000,0.0026000000,0.0014000000,-0.0066000000,0.0011000000,-0.0004000000,0.0008000000,-0.0033000000
2006-09-15,0.0016000000,-0.0146000000,0.0038000000,-0.0020000000,0.0035000000,0.0025000000,-0.0022000000,0.0024000000,0.0020000000,0.0021000000,0.0047000000,0.0029000000
2006-09-18,-0.0013000000,-0.0070000000,0.0035000000,0.0233000000,-0.0011000000,0.0003000000,-0.0055000000,-0.0032000000,-0.0033000000,0.0001000000,-0.0023000000,0.0005000000
2006-09-19,-0.0007000000,-0.0029000000,-0.0059000000,-0.0166000000,0.0009000000,-0.0068000000,0.0012000000,0.0010000000,0.0036000000,0.0000000000,0.0006000000,-0.0053000000
2006-09-20,0.0028000000,0.0087000000,0.0032000000,-0.0225000000,0.0106000000,0.0169000000,0.0139000000,-0.0026000000,0.0097000000,0.0064000000,0.0080000000,0.0042000000
2006-09-21,-0.0025000000,-0.0099000000,-0.0078000000,0.0137000000,-0.0043000000,-0.0105000000,-0.0008000000,-0.0017000000,-0.0160000000,-0.0038000000,-0.0060000000,-0.0081000000
2006-09-22,-0.0021000000,-0.0030000000,-0.0063000000,-0.0060000000,-0.0005000000,-0.0082000000,0.0025000000,-0.0020000000,-0.0009000000,-0.0058000000,-0.0023000000,-0.0039000000
2006-09-25,-0.0062000000,0.0115000000,0.0105000000,0.0006000000,0.0080000000,0.0155000000,0.0144000000,0.0111000000,0.0083000000,0.0047000000,0.0098000000,0.0102000000
2006-09-26,0.0022000000,0.0171000000,0.0144000000,0.0219000000,0.0076000000,0.0065000000,0.0030000000,0.0018000000,0.0043000000,0.0017000000,0.0045000000,0.0145000000
2006-09-27,0.0048000000,-0.0013000000,0.0028000000,0.0140000000,0.0021000000,-0.0028000000,-0.0125000000,0.0116000000,0.0000000000,0.0060000000,-0.0027000000,0.0004000000
2006-09-28,-0.0008000000,0.0066000000,0.0039000000,0.0008000000,-0.0007000000,0.0050000000,-0.0041000000,-0.0024000000,0.0028000000,-0.0009000000,0.0030000000,0.0004000000
2006-09-29,-0.0034000000,-0.0046000000,-0.0044000000,0.0022000000,-0.0074000000,-0.0052000000,0.0064000000,-0.0087000000,-0.0094000000,0.0008000000,-0.0030000000,-0.0025000000
2006-10-02,-0.0041000000,0.0024000000,-0.0017000000,-0.0108000000,-0.0016000000,-0.0055000000,-0.0076000000,0.0058000000,-0.0048000000,-0.0058000000,-0.0040000000,0.0004000000
2006-10-03,-0.0027000000,0.0009000000,-0.0021000000,-0.0324000000,-0.0003000000,0.0011000000,0.0094000000,0.0004000000,0.0125000000,0.0019000000,0.0085000000,0.0018000000
2006-10-04,0.0100000000,0.0140000000,0.0137000000,0.0163000000,0.0123000000,0.0187000000,0.0088000000,0.0056000000,0.0156000000,0.0083000000,0.0118000000,0.0132000000
2006-10-05,0.0051000000,0.0062000000,0.0158000000,0.0143000000,0.0048000000,0.0023000000,-0.0046000000,-0.0003000000,-0.0015000000,0.0023000000,0.0026000000,0.0111000000
2006-10-06,-0.0028000000,-0.0061000000,-0.0022000000,0.0022000000,-0.0008000000,-0.0025000000,0.0027000000,-0.0055000000,-0.0097000000,-0.0005000000,-0.0037000000,-0.0044000000
2006-10-09,0.0001000000,0.0051000000,0.0044000000,-0.0108000000,0.0025000000,0.0039000000,0.0045000000,-0.0002000000,0.0055000000,0.0018000000,0.0027000000,0.0027000000
2006-10-10,-0.0043000000,0.0049000000,0.0043000000,0.0158000000,0.0013000000,0.0004000000,0.0033000000,0.0061000000,0.0026000000,-0.0015000000,-0.0008000000,0.0067000000
2006-10-11,-0.0012000000,-0.0025000000,-0.0030000000,-0.0115000000,-0.0047000000,-0.0005000000,-0.0010000000,0.0017000000,0.0006000000,-0.0024000000,-0.0035000000,-0.0049000000
2006-10-12,0.0023000000,0.0125000000,0.0165000000,0.0200000000,0.0042000000,0.0156000000,0.0147000000,0.0051000000,0.0145000000,0.0072000000,0.0063000000,0.0102000000
2006-10-13,0.0022000000,-0.0018000000,0.0029000000,0.0136000000,-0.0023000000,0.0076000000,0.0020000000,0.0001000000,-0.0018000000,-0.0017000000,0.0013000000,-0.0002000000
2006-10-16,0.0024000000,0.0073000000,0.0124000000,0.0218000000,0.0047000000,0.0029000000,-0.0073000000,0.0058000000,0.0009000000,0.0034000000,-0.0022000000,0.0054000000
2006-10-17,-0.0052000000,-0.0051000000,-0.0087000000,-0.0083000000,-0.0034000000,-0.0090000000,-0.0020000000,0.0042000000,-0.0069000000,0.0026000000,-0.0020000000,-0.0043000000
2006-10-18,0.0036000000,-0.0019000000,-0.0063000000,-0.0048000000,0.0054000000,-0.0038000000,0.0015000000,0.0078000000,0.0030000000,0.0103000000,0.0025000000,-0.0019000000
2006-10-19,0.0066000000,0.0037000000,0.0025000000,0.0171000000,0.0006000000,0.0005000000,0.0069000000,0.0059000000,-0.0033000000,-0.0022000000,-0.0056000000,0.0039000000
2006-10-20,0.0018000000,-0.0060000000,-0.0132000000,-0.0080000000,0.0011000000,0.0024000000,0.0071000000,0.0044000000,0.0026000000,0.0038000000,-0.0005000000,-0.0004000000
2006-10-23,0.0087000000,0.0103000000,0.0076000000,0.0009000000,0.0051000000,0.0064000000,0.0047000000,0.0037000000,0.0163000000,0.0015000000,0.0056000000,0.0024000000
2006-10-24,-0.0012000000,0.0090000000,0.0066000000,0.0138000000,0.0010000000,-0.0063000000,0.0006000000,0.0010000000,0.0004000000,-0.0034000000,-0.0008000000,0.0020000000
2006-10-25,0.0093000000,-0.0019000000,-0.0009000000,0.0160000000,0.0036000000,0.0061000000,0.0005000000,0.0086000000,-0.0063000000,-0.0008000000,0.0013000000,0.0062000000
2006-10-26,0.0020000000,0.0076000000,0.0034000000,-0.0004000000,0.0072000000,0.0052000000,0.0191000000,-0.0020000000,0.0132000000,0.0041000000,0.0088000000,0.0056000000
2006-10-27,-0.0032000000,-0.0110000000,-0.0090000000,-0.0058000000,-0.0034000000,-0.0148000000,-0.0026000000,-0.0062000000,-0.0122000000,-0.0047000000,-0.0089000000,-0.0100000000
2006-10-30,-0.0003000000,0.0008000000,0.0035000000,-0.0144000000,0.0066000000,0.0078000000,-0.0077000000,-0.0003000000,0.0023000000,-0.0043000000,0.0026000000,0.0034000000
2006-10-31,-0.0011000000,0.0005000000,-0.0013000000,0.0080000000,-0.0030000000,0.0023000000,-0.0016000000,0.0008000000,-0.0045000000,-0.0029000000,-0.0015000000,-0.0012000000
2006-11-01,-0.0038000000,-0.0084000000,-0.0086000000,-0.0081000000,-0.0042000000,-0.0103000000,-0.0079000000,0.0040000000,-0.0143000000,-0.0068000000,-0.0097000000,-0.0091000000
2006-11-02,-0.0016000000,-0.0017000000,-0.0027000000,0.0027000000,0.0051000000,-0.0004000000,0.0039000000,-0.0054000000,-0.0046000000,0.0022000000,0.0011000000,-0.0026000000
2006-11-03,-0.0046000000,-0.0063000000,0.0012000000,0.0188000000,-0.0014000000,-0.0020000000,-0.0020000000,-0.0025000000,-0.0103000000,-0.0023000000,-0.0018000000,0.0002000000
2006-11-06,0.0055000000,0.0183000000,0.0114000000,0.0093000000,0.0084000000,0.0129000000,0.0148000000,-0.0031000000,0.0123000000,0.0125000000,0.0135000000,0.0150000000
2006-11-07,-0.0019000000,0.0006000000,0.0074000000,-0.0086000000,0.0042000000,0.0037000000,0.0033000000,-0.0009000000,0.0039000000,0.0060000000,0.0028000000,0.0024000000
2006-11-08,0.0073000000,0.0106000000,0.0046000000,0.0179000000,0.0037000000,0.0022000000,0.0033000000,0.0101000000,0.0012000000,-0.0088000000,0.0016000000,0.0046000000
2006-11-09,-0.0061000000,-0.0052000000,-0.0047000000,0.0112000000,-0.0022000000,0.0015000000,-0.0107000000,0.0012000000,-0.0101000000,-0.0228000000,-0.0082000000,-0.0038000000
2006-11-10,0.0012000000,0.0099000000,0.0014000000,-0.0079000000,0.0003000000,0.0047000000,-0.0092000000,0.0059000000,0.0077000000,0.0019000000,0.0070000000,0.0035000000
2006-11-13,-0.0009000000,0.0092000000,0.0065000000,0.0004000000,0.0013000000,0.0079000000,0.0012000000,0.0000000000,-0.0012000000,0.0004000000,0.0027000000,0.0043000000
2006-11-14,0.0064000000,0.0096000000,0.0076000000,0.0026000000,0.0019000000,0.0115000000,0.0022000000,0.0032000000,0.0167000000,0.0069000000,0.0059000000,0.0053000000
2006-11-15,0.0033000000,0.0117000000,0.0083000000,0.0083000000,0.0023000000,0.0024000000,-0.0059000000,-0.0011000000,0.0044000000,0.0052000000,0.0019000000,0.0074000000
2006-11-16,0.0071000000,0.0062000000,-0.0013000000,-0.0270000000,0.0052000000,0.0046000000,0.0027000000,0.0007000000,0.0022000000,0.0053000000,0.0052000000,0.0045000000
2006-11-17,0.0025000000,-0.0009000000,0.0001000000,0.0094000000,-0.0007000000,-0.0021000000,0.0069000000,0.0014000000,-0.0068000000,0.0066000000,-0.0022000000,0.0004000000
2006-11-20,-0.0019000000,-0.0073000000,0.0048000000,-0.0046000000,-0.0006000000,0.0017000000,0.0010000000,-0.0021000000,-0.0018000000,-0.0029000000,0.0008000000,-0.0021000000
2006-11-21,-0.0003000000,-0.0052000000,0.0086000000,0.0171000000,-0.0033000000,0.0006000000,-0.0021000000,0.0018000000,-0.0005000000,-0.0007000000,-0.0013000000,0.0027000000
2006-11-22,0.0032000000,-0.0017000000,0.0031000000,-0.0057000000,0.0060000000,0.0081000000,-0.0033000000,0.0017000000,0.0044000000,0.0021000000,0.0016000000,0.0061000000
2006-11-24,-0.0033000000,-0.0031000000,0.0000000000,-0.0042000000,-0.0020000000,-0.0029000000,-0.0007000000,0.0017000000,-0.0050000000,-0.0054000000,-0.0030000000,-0.0037000000
2006-11-27,-0.0108000000,-0.0232000000,-0.0191000000,-0.0034000000,-0.0150000000,-0.0243000000,-0.0104000000,-0.0097000000,-0.0167000000,-0.0084000000,-0.0167000000,-0.0133000000
2006-11-28,0.0034000000,-0.0009000000,0.0014000000,0.0189000000,0.0028000000,0.0036000000,0.0040000000,0.0076000000,0.0004000000,0.0021000000,0.0025000000,-0.0029000000
2006-11-29,0.0093000000,0.0085000000,0.0135000000,0.0287000000,0.0062000000,0.0062000000,0.0118000000,0.0146000000,0.0095000000,0.0083000000,0.0061000000,0.0065000000
2006-11-30,0.0009000000,-0.0020000000,0.0023000000,0.0085000000,-0.0054000000,0.0014000000,0.0039000000,0.0015000000,-0.0030000000,-0.0002000000,-0.0005000000,0.0037000000
2006-12-01,-0.0027000000,-0.0025000000,-0.0061000000,0.0056000000,-0.0025000000,-0.0090000000,0.0006000000,0.0038000000,-0.0028000000,0.0017000000,-0.0043000000,-0.0022000000
2006-12-04,0.0107000000,0.0113000000,0.0145000000,0.0002000000,0.0109000000,0.0144000000,0.0083000000,0.0088000000,0.0151000000,-0.0033000000,0.0121000000,0.0122000000
2006-12-05,0.0061000000,0.0038000000,0.0042000000,0.0058000000,0.0035000000,0.0010000000,0.0069000000,0.0026000000,0.0058000000,0.0037000000,0.0051000000,0.0042000000
2006-12-06,0.0000000000,-0.0124000000,0.0001000000,-0.0081000000,0.0012000000,-0.0044000000,0.0028000000,-0.0037000000,0.0018000000,0.0015000000,0.0022000000,-0.0016000000
2006-12-07,0.0000000000,-0.0070000000,-0.0033000000,-0.0050000000,-0.0001000000,-0.0084000000,-0.0016000000,-0.0047000000,-0.0055000000,-0.0035000000,-0.0029000000,-0.0019000000
2006-12-08,0.0005000000,0.0035000000,0.0015000000,-0.0015000000,0.0007000000,0.0034000000,0.0049000000,-0.0024000000,0.0005000000,0.0028000000,0.0023000000,-0.0001000000
2006-12-11,-0.0005000000,-0.0046000000,-0.0036000000,-0.0007000000,0.0002000000,0.0024000000,0.0095000000,0.0038000000,0.0008000000,0.0000000000,0.0055000000,0.0016000000
2006-12-12,0.0023000000,-0.0073000000,-0.0079000000,0.0009000000,-0.0037000000,-0.0048000000,0.0036000000,0.0041000000,-0.0070000000,-0.0012000000,-0.0001000000,-0.0007000000
2006-12-13,-0.0016000000,-0.0029000000,0.0003000000,0.0092000000,-0.0010000000,0.0011000000,-0.0001000000,0.0043000000,0.0045000000,-0.0024000000,0.0008000000,-0.0001000000
2006-12-14,0.0035000000,0.0087000000,0.0048000000,0.0179000000,0.0049000000,0.0104000000,0.0019000000,0.0024000000,0.0129000000,0.0047000000,0.0071000000,0.0110000000
2006-12-15,0.0020000000,-0.0113000000,-0.0013000000,-0.0120000000,0.0051000000,0.0008000000,0.0030000000,-0.0023000000,-0.0044000000,0.0024000000,0.0041000000,0.0075000000
2006-12-18,-0.0022000000,-0.0038000000,-0.0068000000,-0.0273000000,-0.0037000000,-0.0076000000,-0.0029000000,-0.0088000000,-0.0028000000,-0.0025000000,0.0028000000,0.0002000000
2006-12-19,0.0022000000,0.0017000000,0.0055000000,0.0160000000,0.0030000000,-0.0026000000,-0.0019000000,0.0059000000,-0.0022000000,0.0024000000,0.0010000000,0.0006000000
2006-12-20,0.0005000000,0.0090000000,0.0021000000,-0.0123000000,0.0025000000,0.0004000000,-0.0022000000,-0.0040000000,-0.0021000000,-0.0012000000,0.0019000000,-0.0031000000
2006-12-21,-0.0005000000,-0.0023000000,-0.0047000000,-0.0053000000,-0.0084000000,-0.0065000000,0.0027000000,-0.0037000000,-0.0033000000,-0.0025000000,-0.0022000000,-0.0051000000
2006-12-22,-0.0026000000,-0.0023000000,-0.0058000000,-0.0079000000,-0.0038000000,-0.0076000000,-0.0057000000,-0.0010000000,0.0006000000,-0.0049000000,-0.0039000000,-0.0050000000
2006-12-26,0.0035000000,0.0058000000,0.0063000000,0.0024000000,0.0071000000,0.0057000000,0.0056000000,0.0051000000,0.0015000000,0.0010000000,0.0068000000,0.0046000000
2006-12-27,0.0047000000,0.0148000000,0.0096000000,0.0112000000,0.0051000000,0.0077000000,0.0074000000,0.0042000000,0.0066000000,0.0057000000,0.0084000000,0.0072000000
2006-12-28,0.0009000000,-0.0058000000,-0.0030000000,0.0021000000,-0.0005000000,-0.0025000000,0.0013000000,-0.0038000000,-0.0025000000,0.0005000000,-0.0029000000,-0.0029000000
2006-12-29,-0.0064000000,-0.0040000000,-0.0058000000,-0.0096000000,-0.0053000000,-0.0031000000,-0.0001000000,-0.0032000000,-0.0030000000,-0.0036000000,-0.0064000000,-0.0055000000
2007-01-03,0.0031000000,-0.0029000000,-0.0044000000,-0.0374000000,0.0050000000,0.0028000000,0.0014000000,0.0031000000,0.0065000000,0.0024000000,0.0026000000,0.0047000000
2007-01-04,0.0016000000,0.0019000000,-0.0021000000,-0.0186000000,-0.0071000000,0.0152000000,0.0008000000,-0.0023000000,0.0031000000,0.0125000000,-0.0010000000,-0.0014000000
2007-01-05,-0.0061000000,-0.0072000000,-0.0073000000,0.0084000000,-0.0091000000,-0.0072000000,-0.0115000000,-0.0169000000,-0.0087000000,-0.0053000000,-0.0084000000,-0.0091000000
2007-01-08,0.0038000000,0.0043000000,0.0062000000,0.0015000000,0.0005000000,0.0028000000,0.0046000000,-0.0002000000,-0.0004000000,0.0009000000,0.0039000000,0.0028000000
2007-01-09,0.0016000000,0.0086000000,0.0006000000,-0.0111000000,0.0005000000,0.0041000000,-0.0076000000,0.0021000000,0.0055000000,0.0015000000,-0.0024000000,0.0023000000
2007-01-10,0.0054000000,0.0027000000,0.0040000000,-0.0160000000,0.0052000000,0.0056000000,0.0055000000,0.0009000000,0.0043000000,0.0006000000,0.0024000000,0.0060000000
2007-01-11,0.0072000000,0.0156000000,0.0082000000,-0.0070000000,0.0108000000,0.0097000000,0.0064000000,0.0008000000,0.0132000000,0.0110000000,0.0060000000,0.0100000000
2007-01-12,-0.0037000000,0.0024000000,0.0058000000,0.0272000000,0.0098000000,0.0051000000,0.0064000000,-0.0049000000,0.0053000000,0.0038000000,0.0026000000,0.0044000000
2007-01-16,0.0042000000,0.0020000000,-0.0011000000,-0.0125000000,0.0009000000,-0.0028000000,-0.0002000000,0.0019000000,0.0024000000,0.0030000000,0.0010000000,0.0054000000
2007-01-17,-0.0018000000,0.0007000000,0.0029000000,0.0116000000,0.0045000000,-0.0102000000,-0.0030000000,0.0008000000,0.0002000000,0.0043000000,-0.0029000000,-0.0023000000
2007-01-18,-0.0026000000,-0.0056000000,-0.0082000000,-0.0069000000,-0.0014000000,-0.0174000000,0.0099000000,-0.0026000000,0.0018000000,0.0041000000,-0.0055000000,-0.0019000000
2007-01-19,-0.0003000000,0.0103000000,0.0069000000,0.0239000000,0.0084000000,0.0016000000,-0.0032000000,0.0060000000,0.0014000000,0.0026000000,0.0017000000,-0.0006000000
2007-01-22,-0.0021000000,-0.0051000000,-0.0106000000,-0.0065000000,-0.0062000000,-0.0088000000,-0.0013000000,-0.0004000000,-0.0077000000,-0.0063000000,-0.0018000000,-0.0056000000
2007-01-23,0.0033000000,0.0022000000,0.0158000000,0.0239000000,0.0017000000,0.0001000000,0.0053000000,0.0056000000,0.0018000000,-0.0048000000,0.0001000000,0.0050000000
2007-01-24,0.0033000000,0.0096000000,0.0042000000,0.0054000000,0.0052000000,0.0168000000,0.0116000000,0.0067000000,0.0081000000,0.0087000000,0.0087000000,0.0043000000
2007-01-25,-0.0072000000,-0.0104000000,-0.0101000000,-0.0199000000,-0.0086000000,-0.0104000000,-0.0116000000,-0.0069000000,-0.0115000000,-0.0082000000,-0.0136000000,-0.0111000000
2007-01-26,0.0000000000,0.0009000000,0.0014000000,0.0040000000,-0.0020000000,0.0018000000,-0.0015000000,0.0022000000,-0.0033000000,-0.0051000000,0.0014000000,-0.0049000000
2007-01-29,0.0025000000,0.0007000000,0.0008000000,-0.0032000000,0.0022000000,0.0017000000,0.0027000000,-0.0002000000,0.0016000000,0.0001000000,-0.0031000000,0.0040000000
2007-01-30,0.0002000000,-0.0019000000,0.0084000000,0.0209000000,-0.0025000000,0.0045000000,0.0073000000,0.0062000000,0.0018000000,0.0046000000,0.0059000000,0.0016000000
2007-01-31,0.0029000000,0.0005000000,0.0115000000,0.0017000000,0.0113000000,0.0054000000,0.0059000000,0.0031000000,0.0107000000,0.0042000000,0.0064000000,0.0106000000
2007-02-01,0.0063000000,0.0121000000,0.0121000000,0.0119000000,0.0090000000,-0.0013000000,-0.0061000000,0.0088000000,0.0073000000,0.0071000000,0.0072000000,0.0074000000
2007-02-02,-0.0016000000,0.0065000000,0.0000000000,0.0017000000,-0.0015000000,0.0037000000,0.0040000000,0.0041000000,0.0009000000,-0.0012000000,0.0021000000,0.0018000000
2007-02-05,-0.0031000000,-0.0010000000,-0.0012000000,-0.0020000000,-0.0048000000,-0.0007000000,-0.0017000000,0.0088000000,-0.0010000000,-0.0007000000,-0.0011000000,-0.0014000000
2007-02-06,-0.0010000000,0.0081000000,0.0069000000,-0.0040000000,0.0036000000,-0.0018000000,-0.0015000000,0.0050000000,0.0038000000,-0.0016000000,0.0038000000,0.0002000000
2007-02-07,0.0000000000,0.0035000000,0.0015000000,-0.0058000000,0.0000000000,0.0077000000,0.0035000000,0.0009000000,0.0023000000,0.0001000000,0.0037000000,0.0013000000
2007-02-08,-0.0050000000,-0.0024000000,-0.0009000000,0.0098000000,-0.0002000000,0.0011000000,-0.0028000000,0.0047000000,-0.0005000000,0.0002000000,-0.0044000000,-0.0026000000
2007-02-09,-0.0010000000,0.0002000000,-0.0081000000,-0.0038000000,0.0017000000,-0.0112000000,-0.0126000000,0.0000000000,-0.0066000000,-0.0047000000,-0.0098000000,-0.0086000000
2007-02-12,0.0014000000,-0.0048000000,-0.0001000000,-0.0125000000,-0.0017000000,-0.0043000000,-0.0086000000,-0.0011000000,-0.0023000000,-0.0035000000,-0.0014000000,-0.0029000000
2007-02-13,0.0067000000,0.0041000000,0.0128000000,0.0121000000,0.0104000000,0.0032000000,0.0122000000,0.0068000000,0.0075000000,0.0022000000,0.0083000000,0.0085000000
2007-02-14,0.0028000000,0.0091000000,0.0115000000,0.0028000000,0.0034000000,0.0123000000,0.0063000000,0.0035000000,0.0042000000,0.0056000000,0.0077000000,0.0101000000
2007-02-15,0.0042000000,0.0042000000,0.0047000000,-0.0074000000,0.0019000000,0.0043000000,0.0005000000,-0.0054000000,0.0061000000,0.0007000000,0.0014000000,-0.0027000000
2007-02-16,0.0039000000,0.0014000000,-0.0008000000,0.0007000000,0.0034000000,-0.0024000000,0.0041000000,0.0003000000,-0.0006000000,-0.0026000000,0.0014000000,-0.0006000000
2007-02-20,0.0019000000,0.0066000000,0.0058000000,-0.0067000000,0.0038000000,0.0060000000,0.0020000000,0.0048000000,0.0118000000,0.0017000000,0.0046000000,0.0061000000
2007-02-21,-0.0023000000,0.0012000000,0.0051000000,0.0063000000,-0.0003000000,-0.0010000000,-0.0005000000,-0.0027000000,-0.0011000000,-0.0040000000,-0.0028000000,-0.0002000000
2007-02-22,-0.0039000000,-0.0029000000,-0.0024000000,0.0085000000,-0.0033000000,0.0038000000,-0.0011000000,0.0019000000,-0.0031000000,-0.0036000000,-0.0012000000,-0.0014000000
2007-02-23,-0.0011000000,-0.0026000000,0.0002000000,0.0030000000,0.0035000000,-0.0029000000,-0.0033000000,0.0077000000,-0.0022000000,-0.0025000000,-0.0093000000,-0.0036000000
2007-02-26,-0.0006000000,-0.0062000000,-0.0034000000,0.0047000000,0.0002000000,-0.0044000000,0.0012000000,0.0203000000,-0.0032000000,0.0030000000,-0.0071000000,-0.0043000000
2007-02-27,-0.0294000000,-0.0405000000,-0.0358000000,-0.0396000000,-0.0401000000,-0.0388000000,-0.0398000000,-0.0271000000,-0.0336000000,-0.0267000000,-0.0335000000,-0.0303000000
2007-02-28,0.0074000000,0.0004000000,0.0023000000,0.0001000000,0.0143000000,0.0038000000,0.0173000000,0.0002000000,0.0042000000,0.0023000000,0.0058000000,0.0050000000
2007-03-01,-0.0008000000,-0.0041000000,-0.0015000000,-0.0036000000,-0.0004000000,-0.0028000000,0.0008000000,0.0041000000,-0.0056000000,-0.0082000000,-0.0009000000,-0.0005000000
2007-03-02,-0.0123000000,-0.0169000000,-0.0154000000,-0.0162000000,-0.0120000000,-0.0156000000,-0.0092000000,-0.0147000000,-0.0102000000,-0.0104000000,-0.0090000000,-0.0112000000
2007-03-05,-0.0068000000,-0.0105000000,-0.0093000000,-0.0080000000,-0.0077000000,-0.0063000000,-0.0132000000,-0.0139000000,-0.0124000000,-0.0061000000,-0.0154000000,-0.0139000000
2007-03-06,0.0159000000,0.0149000000,0.0155000000,0.0177000000,0.0116000000,0.0186000000,0.0148000000,0.0133000000,0.0137000000,0.0106000000,0.0196000000,0.0135000000
2007-03-07,-0.0014000000,0.0002000000,0.0029000000,0.0134000000,-0.0077000000,-0.0054000000,-0.0070000000,0.0013000000,0.0013000000,-0.0021000000,-0.0054000000,-0.0021000000
2007-03-08,0.0096000000,0.0106000000,0.0097000000,0.0023000000,0.0079000000,0.0044000000,0.0122000000,0.0028000000,0.0089000000,0.0046000000,0.0073000000,0.0076000000
2007-03-09,0.0048000000,0.0009000000,0.0039000000,-0.0027000000,0.0028000000,0.0004000000,0.0013000000,0.0012000000,-0.0002000000,0.0030000000,0.0008000000,-0.0004000000
2007-03-12,0.0036000000,-0.0026000000,0.0061000000,-0.0034000000,0.0056000000,0.0081000000,0.0054000000,0.0094000000,0.0022000000,0.0010000000,0.0003000000,0.0012000000
2007-03-13,-0.0182000000,-0.0220000000,-0.0205000000,-0.0131000000,-0.0192000000,-0.0197000000,-0.0133000000,-0.0134000000,-0.0207000000,-0.0150000000,-0.0291000000,-0.0190000000
2007-03-14,0.0037000000,0.0035000000,0.0078000000,0.0142000000,0.0025000000,0.0114000000,0.0037000000,0.0066000000,0.0005000000,0.0018000000,0.0062000000,0.0028000000
2007-03-15,0.0060000000,0.0033000000,0.0046000000,-0.0031000000,0.0105000000,0.0007000000,-0.0011000000,0.0108000000,0.0071000000,0.0002000000,0.0096000000,0.0063000000
2007-03-16,-0.0040000000,-0.0046000000,-0.0037000000,-0.0104000000,-0.0061000000,-0.0011000000,-0.0034000000,-0.0056000000,-0.0009000000,-0.0027000000,-0.0063000000,-0.0033000000
2007-03-19,0.0078000000,0.0153000000,0.0126000000,0.0179000000,0.0088000000,0.0079000000,0.0130000000,0.0107000000,0.0110000000,0.0100000000,0.0115000000,0.0109000000
2007-03-20,0.0074000000,0.0054000000,0.0040000000,0.0100000000,0.0071000000,0.0051000000,0.0068000000,0.0135000000,0.0085000000,0.0064000000,0.0072000000,0.0059000000
2007-03-21,0.0093000000,0.0140000000,0.0143000000,0.0162000000,0.0117000000,0.0191000000,0.0186000000,0.0121000000,0.0142000000,0.0119000000,0.0230000000,0.0149000000
2007-03-22,0.0012000000,-0.0002000000,-0.0020000000,0.0179000000,0.0057000000,-0.0041000000,0.0027000000,0.0013000000,-0.0005000000,0.0011000000,-0.0048000000,-0.0006000000
2007-03-23,-0.0005000000,0.0020000000,0.0045000000,0.0067000000,0.0004000000,-0.0013000000,-0.0053000000,0.0028000000,0.0047000000,-0.0051000000,0.0019000000,0.0023000000
2007-03-26,-0.0019000000,-0.0007000000,-0.0022000000,0.0078000000,0.0043000000,0.0041000000,-0.0018000000,0.0047000000,-0.0001000000,0.0019000000,-0.0023000000,-0.0005000000
2007-03-27,-0.0060000000,-0.0124000000,-0.0060000000,0.0002000000,-0.0107000000,-0.0057000000,-0.0025000000,-0.0014000000,-0.0069000000,-0.0065000000,-0.0077000000,-0.0075000000
2007-03-28,0.0010000000,-0.0078000000,-0.0085000000,-0.0018000000,-0.0057000000,-0.0083000000,-0.0105000000,0.0003000000,-0.0093000000,-0.0051000000,-0.0107000000,-0.0079000000
2007-03-29,0.0049000000,0.0015000000,0.0046000000,0.0078000000,0.0015000000,-0.0013000000,0.0071000000,0.0032000000,0.0009000000,0.0054000000,0.0033000000,0.0019000000
2007-03-30,0.0038000000,0.0000000000,-0.0008000000,-0.0113000000,-0.0015000000,0.0014000000,0.0045000000,-0.0062000000,0.0026000000,0.0013000000,-0.0014000000,-0.0003000000
2007-04-02,0.0066000000,0.0061000000,0.0020000000,0.0098000000,0.0004000000,0.0038000000,0.0014000000,0.0174000000,0.0042000000,0.0039000000,-0.0043000000,0.0018000000
2007-04-03,0.0096000000,0.0090000000,0.0089000000,0.0040000000,0.0063000000,0.0107000000,0.0086000000,0.0010000000,0.0116000000,0.0106000000,0.0127000000,0.0098000000
2007-04-04,0.0054000000,0.0012000000,0.0018000000,0.0061000000,-0.0001000000,0.0053000000,-0.0020000000,-0.0028000000,-0.0015000000,0.0045000000,-0.0016000000,-0.0017000000
2007-04-05,0.0021000000,0.0081000000,0.0010000000,0.0033000000,0.0004000000,0.0042000000,0.0065000000,0.0030000000,0.0043000000,0.0071000000,0.0018000000,0.0022000000
2007-04-09,-0.0023000000,0.0011000000,0.0016000000,-0.0006000000,0.0081000000,-0.0011000000,-0.0011000000,0.0073000000,0.0025000000,0.0006000000,-0.0010000000,0.0024000000
2007-04-10,0.0029000000,0.0021000000,0.0027000000,0.0127000000,-0.0077000000,0.0016000000,0.0024000000,0.0045000000,-0.0007000000,0.0021000000,0.0019000000,0.0019000000
2007-04-11,-0.0052000000,-0.0103000000,-0.0081000000,-0.0064000000,-0.0052000000,-0.0082000000,-0.0055000000,-0.0048000000,-0.0079000000,-0.0007000000,-0.0073000000,-0.0050000000
2007-04-12,0.0066000000,0.0050000000,0.0074000000,0.0136000000,0.0112000000,0.0082000000,0.0062000000,-0.0022000000,0.0043000000,0.0098000000,0.0013000000,0.0083000000
2007-04-13,0.0004000000,0.0018000000,0.0022000000,0.0006000000,-0.0008000000,0.0028000000,0.0045000000,-0.0001000000,0.0006000000,0.0128000000,0.0044000000,0.0032000000
2007-04-16,0.0053000000,0.0129000000,0.0098000000,0.0062000000,0.0091000000,0.0087000000,0.0067000000,0.0066000000,0.0114000000,0.0088000000,0.0208000000,0.0074000000
2007-04-17,0.0067000000,-0.0053000000,0.0007000000,-0.0040000000,-0.0010000000,0.0021000000,-0.0004000000,0.0046000000,0.0035000000,0.0036000000,0.0007000000,-0.0008000000
2007-04-18,0.0004000000,-0.0028000000,0.0005000000,-0.0047000000,-0.0033000000,-0.0028000000,-0.0027000000,0.0016000000,-0.0031000000,-0.0037000000,0.0088000000,0.0010000000
2007-04-19,-0.0035000000,0.0020000000,-0.0010000000,-0.0108000000,-0.0027000000,-0.0015000000,-0.0007000000,-0.0051000000,0.0002000000,0.0064000000,-0.0032000000,-0.0045000000
2007-04-20,0.0086000000,0.0104000000,0.0127000000,0.0213000000,0.0060000000,0.0078000000,0.0089000000,0.0088000000,0.0114000000,0.0057000000,0.0073000000,0.0059000000
2007-04-23,-0.0020000000,0.0007000000,0.0032000000,-0.0011000000,-0.0017000000,-0.0024000000,-0.0058000000,0.0064000000,-0.0031000000,-0.0014000000,-0.0045000000,-0.0034000000
2007-04-24,0.0016000000,0.0157000000,0.0001000000,-0.0051000000,0.0025000000,0.0054000000,-0.0031000000,0.0050000000,-0.0022000000,-0.0023000000,-0.0030000000,-0.0037000000
2007-04-25,0.0046000000,0.0071000000,0.0104000000,0.0188000000,0.0089000000,0.0092000000,0.0067000000,0.0080000000,0.0083000000,0.0068000000,0.0106000000,0.0087000000
2007-04-26,-0.0043000000,0.0155000000,0.0043000000,0.0011000000,-0.0058000000,0.0020000000,-0.0037000000,-0.0061000000,-0.0001000000,0.0022000000,-0.0012000000,0.0010000000
2007-04-27,-0.0018000000,-0.0044000000,0.0052000000,-0.0023000000,-0.0016000000,0.0029000000,-0.0054000000,-0.0049000000,-0.0060000000,-0.0040000000,-0.0012000000,0.0022000000
2007-04-30,-0.0061000000,-0.0150000000,-0.0124000000,-0.0115000000,0.0001000000,-0.0108000000,-0.0042000000,-0.0092000000,-0.0145000000,-0.0067000000,-0.0066000000,-0.0101000000
2007-05-01,0.0013000000,0.0026000000,0.0027000000,0.0042000000,-0.0087000000,0.0034000000,0.0036000000,0.0091000000,0.0024000000,0.0053000000,0.0023000000,-0.0010000000
2007-05-02,0.0048000000,0.0190000000,0.0125000000,0.0077000000,0.0035000000,0.0076000000,0.0147000000,0.0062000000,0.0073000000,0.0048000000,0.0072000000,0.0102000000
2007-05-03,0.0023000000,-0.0081000000,0.0025000000,0.0092000000,0.0016000000,0.0059000000,0.0080000000,-0.0017000000,-0.0007000000,0.0015000000,0.0064000000,0.0025000000
2007-05-04,0.0010000000,0.0045000000,0.0021000000,-0.0009000000,0.0028000000,0.0031000000,0.0009000000,0.0020000000,0.0002000000,0.0046000000,0.0040000000,0.0030000000
2007-05-07,0.0013000000,-0.0046000000,0.0059000000,0.0012000000,0.0019000000,0.0002000000,0.0029000000,0.0072000000,0.0013000000,0.0027000000,0.0021000000,0.0021000000
2007-05-08,-0.0042000000,0.0024000000,0.0002000000,0.0022000000,-0.0048000000,0.0039000000,-0.0020000000,-0.0050000000,-0.0045000000,-0.0033000000,-0.0017000000,-0.0011000000
2007-05-09,0.0017000000,0.0074000000,0.0089000000,0.0001000000,0.0041000000,0.0017000000,0.0011000000,0.0020000000,0.0079000000,0.0012000000,0.0051000000,0.0034000000
2007-05-10,-0.0113000000,-0.0145000000,-0.0152000000,-0.0189000000,-0.0109000000,-0.0119000000,-0.0125000000,-0.0115000000,-0.0107000000,-0.0210000000,-0.0133000000,-0.0136000000
2007-05-11,0.0055000000,0.0119000000,0.0123000000,0.0220000000,0.0053000000,0.0120000000,0.0150000000,0.0079000000,0.0013000000,0.0065000000,0.0087000000,0.0081000000
2007-05-14,-0.0003000000,0.0033000000,-0.0004000000,0.0035000000,-0.0007000000,-0.0056000000,0.0015000000,0.0036000000,-0.0029000000,-0.0003000000,-0.0061000000,-0.0058000000
2007-05-15,0.0035000000,-0.0023000000,-0.0013000000,-0.0019000000,0.0033000000,-0.0072000000,0.0026000000,0.0008000000,-0.0057000000,-0.0041000000,-0.0022000000,-0.0023000000
2007-05-16,0.0090000000,0.0013000000,0.0026000000,0.0043000000,0.0130000000,0.0099000000,0.0105000000,0.0045000000,0.0064000000,0.0080000000,0.0113000000,0.0080000000
2007-05-17,-0.0031000000,-0.0028000000,0.0005000000,0.0118000000,0.0014000000,-0.0026000000,-0.0035000000,-0.0030000000,0.0008000000,-0.0052000000,-0.0019000000,-0.0019000000
2007-05-18,0.0066000000,0.0097000000,0.0044000000,0.0171000000,0.0043000000,0.0067000000,0.0078000000,0.0061000000,0.0104000000,0.0056000000,0.0040000000,0.0057000000
2007-05-21,0.0004000000,0.0072000000,0.0047000000,0.0083000000,-0.0009000000,0.0055000000,0.0058000000,0.0043000000,-0.0010000000,0.0029000000,0.0008000000,0.0047000000
2007-05-22,0.0024000000,0.0013000000,-0.0021000000,-0.0074000000,-0.0014000000,0.0026000000,-0.0014000000,-0.0029000000,-0.0015000000,0.0018000000,0.0022000000,0.0074000000
2007-05-23,-0.0020000000,0.0018000000,-0.0009000000,0.0010000000,-0.0014000000,-0.0078000000,0.0035000000,-0.0116000000,-0.0011000000,0.0012000000,-0.0013000000,0.0023000000
2007-05-24,-0.0061000000,-0.0151000000,-0.0096000000,-0.0148000000,-0.0117000000,-0.0170000000,-0.0080000000,-0.0258000000,-0.0041000000,-0.0049000000,-0.0080000000,-0.0102000000
2007-05-25,0.0047000000,0.0038000000,0.0096000000,0.0154000000,0.0068000000,0.0098000000,0.0065000000,-0.0008000000,0.0037000000,0.0010000000,0.0015000000,0.0049000000
2007-05-29,0.0043000000,-0.0010000000,0.0035000000,-0.0076000000,0.0029000000,0.0063000000,0.0007000000,0.0070000000,0.0028000000,0.0008000000,0.0032000000,0.0024000000
2007-05-30,0.0067000000,0.0044000000,0.0121000000,0.0196000000,0.0076000000,0.0081000000,0.0142000000,0.0123000000,0.0052000000,-0.0010000000,0.0056000000,0.0070000000
2007-05-31,0.0001000000,-0.0003000000,0.0053000000,-0.0058000000,-0.0006000000,0.0041000000,-0.0006000000,0.0019000000,0.0061000000,0.0036000000,-0.0020000000,0.0029000000
2007-06-01,0.0067000000,0.0043000000,0.0052000000,0.0123000000,0.0058000000,0.0022000000,-0.0049000000,-0.0027000000,0.0121000000,0.0020000000,0.0047000000,0.0045000000
2007-06-04,-0.0010000000,0.0037000000,0.0013000000,0.0110000000,0.0007000000,0.0029000000,0.0031000000,-0.0011000000,0.0060000000,-0.0010000000,-0.0012000000,0.0030000000
2007-06-05,-0.0088000000,-0.0029000000,-0.0035000000,-0.0029000000,0.0005000000,-0.0022000000,-0.0073000000,-0.0136000000,-0.0089000000,-0.0045000000,-0.0061000000,-0.0060000000
2007-06-06,-0.0053000000,-0.0109000000,-0.0111000000,-0.0125000000,-0.0110000000,-0.0090000000,-0.0068000000,-0.0133000000,-0.0068000000,-0.0094000000,-0.0075000000,-0.0095000000
2007-06-07,-0.0145000000,-0.0196000000,-0.0194000000,-0.0196000000,-0.0155000000,-0.0169000000,-0.0171000000,-0.0331000000,-0.0157000000,-0.0175000000,-0.0158000000,-0.0161000000
2007-06-08,0.0077000000,0.0140000000,0.0140000000,0.0072000000,0.0125000000,0.0149000000,0.0104000000,0.0096000000,0.0107000000,0.0071000000,0.0111000000,0.0105000000
2007-06-11,0.0007000000,0.0027000000,-0.0029000000,0.0052000000,0.0004000000,-0.0018000000,0.0000000000,0.0090000000,-0.0036000000,0.0007000000,0.0036000000,0.0009000000
2007-06-12,-0.0077000000,-0.0092000000,-0.0098000000,-0.0102000000,-0.0110000000,-0.0089000000,-0.0134000000,-0.0139000000,-0.0111000000,-0.0092000000,-0.0107000000,-0.0116000000
2007-06-13,0.0120000000,0.0165000000,0.0201000000,0.0166000000,0.0128000000,0.0130000000,0.0129000000,0.0192000000,0.0113000000,0.0096000000,0.0144000000,0.0129000000
2007-06-14,0.0016000000,0.0093000000,0.0101000000,0.0181000000,0.0012000000,0.0074000000,0.0091000000,0.0049000000,0.0018000000,0.0022000000,-0.0009000000,0.0061000000
2007-06-15,0.0041000000,0.0107000000,0.0070000000,0.0130000000,0.0071000000,0.0089000000,0.0030000000,0.0143000000,0.0033000000,0.0082000000,0.0044000000,0.0066000000
2007-06-18,0.0005000000,-0.0034000000,-0.0011000000,0.0032000000,-0.0044000000,0.0018000000,-0.0019000000,-0.0087000000,-0.0019000000,-0.0050000000,0.0003000000,-0.0036000000
2007-06-19,-0.0037000000,0.0012000000,0.0031000000,-0.0041000000,0.0017000000,0.0002000000,0.0065000000,0.0014000000,-0.0031000000,0.0011000000,0.0031000000,0.0092000000
2007-06-20,-0.0112000000,-0.0042000000,-0.0121000000,-0.0303000000,-0.0041000000,-0.0097000000,-0.0122000000,-0.0244000000,-0.0040000000,-0.0140000000,-0.0151000000,-0.0071000000
2007-06-21,0.0074000000,0.0064000000,0.0066000000,0.0193000000,0.0044000000,0.0102000000,0.0023000000,0.0082000000,0.0013000000,0.0028000000,0.0020000000,0.0022000000
2007-06-22,-0.0093000000,-0.0046000000,-0.0080000000,-0.0141000000,-0.0092000000,-0.0120000000,-0.0112000000,-0.0184000000,-0.0103000000,-0.0159000000,-0.0158000000,-0.0101000000
2007-06-25,-0.0019000000,-0.0066000000,-0.0066000000,-0.0058000000,-0.0037000000,-0.0029000000,-0.0019000000,0.0027000000,-0.0025000000,-0.0022000000,-0.0055000000,-0.0028000000
2007-06-26,0.0028000000,-0.0038000000,-0.0077000000,-0.0163000000,-0.0010000000,-0.0016000000,-0.0014000000,-0.0038000000,-0.0043000000,0.0053000000,-0.0014000000,-0.0064000000
2007-06-27,0.0088000000,0.0129000000,0.0081000000,0.0148000000,0.0042000000,0.0120000000,0.0060000000,0.0145000000,0.0100000000,0.0080000000,0.0079000000,0.0055000000
2007-06-28,0.0010000000,0.0062000000,-0.0001000000,-0.0009000000,0.0005000000,0.0009000000,0.0038000000,-0.0015000000,-0.0014000000,0.0010000000,-0.0005000000,0.0025000000
2007-06-29,0.0000000000,-0.0031000000,0.0015000000,0.0066000000,-0.0001000000,-0.0034000000,0.0037000000,0.0027000000,-0.0023000000,-0.0031000000,-0.0078000000,-0.0002000000
2007-07-02,0.0081000000,0.0161000000,0.0169000000,0.0124000000,0.0121000000,0.0085000000,0.0142000000,0.0189000000,0.0070000000,0.0088000000,0.0119000000,0.0070000000
2007-07-03,-0.0012000000,0.0006000000,0.0014000000,0.0073000000,0.0024000000,0.0071000000,0.0021000000,0.0001000000,0.0002000000,0.0019000000,0.0058000000,0.0046000000
2007-07-05,0.0014000000,-0.0076000000,0.0033000000,-0.0005000000,0.0038000000,0.0059000000,-0.0022000000,-0.0027000000,0.0007000000,0.0009000000,-0.0049000000,0.0069000000
2007-07-06,0.0029000000,0.0033000000,0.0060000000,0.0105000000,0.0010000000,0.0035000000,0.0033000000,-0.0038000000,0.0097000000,-0.0011000000,0.0037000000,0.0056000000
2007-07-09,0.0004000000,0.0121000000,0.0052000000,0.0132000000,0.0033000000,0.0007000000,-0.0020000000,0.0034000000,-0.0029000000,-0.0005000000,-0.0036000000,0.0031000000
2007-07-10,-0.0131000000,-0.0130000000,-0.0126000000,-0.0068000000,-0.0141000000,-0.0086000000,-0.0180000000,-0.0132000000,-0.0192000000,-0.0106000000,-0.0204000000,-0.0156000000
2007-07-11,0.0029000000,-0.0016000000,0.0089000000,0.0061000000,0.0078000000,0.0050000000,0.0073000000,0.0050000000,0.0041000000,0.0073000000,0.0045000000,0.0070000000
2007-07-12,0.0129000000,0.0133000000,0.0218000000,0.0207000000,0.0192000000,0.0206000000,0.0107000000,0.0156000000,0.0197000000,0.0135000000,0.0205000000,0.0144000000
2007-07-13,0.0043000000,0.0024000000,0.0042000000,0.0090000000,0.0023000000,-0.0004000000,0.0017000000,0.0113000000,0.0032000000,-0.0003000000,0.0005000000,0.0071000000
2007-07-16,-0.0026000000,-0.0024000000,-0.0003000000,-0.0148000000,-0.0003000000,0.0005000000,0.0028000000,-0.0147000000,-0.0056000000,-0.0011000000,-0.0037000000,0.0014000000
2007-07-17,-0.0047000000,-0.0021000000,0.0044000000,-0.0086000000,0.0073000000,0.0069000000,-0.0007000000,-0.0011000000,-0.0043000000,-0.0051000000,0.0008000000,0.0049000000
2007-07-18,-0.0045000000,0.0025000000,-0.0027000000,0.0205000000,0.0008000000,-0.0068000000,-0.0009000000,0.0074000000,-0.0019000000,-0.0048000000,-0.0098000000,-0.0010000000
2007-07-19,0.0028000000,-0.0007000000,0.0082000000,0.0065000000,0.0064000000,0.0121000000,0.0039000000,0.0181000000,0.0046000000,-0.0002000000,-0.0036000000,0.0049000000
2007-07-20,-0.0119000000,-0.0180000000,-0.0173000000,-0.0094000000,-0.0103000000,-0.0104000000,-0.0105000000,-0.0148000000,-0.0117000000,-0.0080000000,-0.0170000000,-0.0100000000
2007-07-23,0.0057000000,0.0064000000,0.0021000000,0.0035000000,0.0112000000,0.0030000000,0.0113000000,0.0044000000,-0.0012000000,0.0085000000,0.0006000000,0.0039000000
2007-07-24,-0.0161000000,-0.0190000000,-0.0166000000,-0.0325000000,-0.0175000000,-0.0161000000,-0.0117000000,-0.0342000000,-0.0167000000,-0.0136000000,-0.0271000000,-0.0177000000
2007-07-25,0.0036000000,-0.0169000000,0.0004000000,0.0140000000,-0.0013000000,0.0011000000,0.0016000000,0.0022000000,-0.0002000000,0.0045000000,0.0072000000,-0.0013000000
2007-07-26,-0.0200000000,-0.0283000000,-0.0243000000,-0.0376000000,-0.0195000000,-0.0154000000,-0.0282000000,-0.0285000000,-0.0253000000,-0.0182000000,-0.0240000000,-0.0241000000
2007-07-27,-0.0149000000,-0.0153000000,-0.0134000000,-0.0235000000,-0.0123000000,-0.0164000000,-0.0140000000,-0.0174000000,-0.0135000000,-0.0180000000,-0.0112000000,-0.0120000000
2007-07-30,0.0065000000,0.0202000000,0.0159000000,0.0111000000,0.0120000000,0.0071000000,0.0094000000,0.0102000000,0.0094000000,0.0052000000,0.0101000000,0.0095000000
2007-07-31,-0.0042000000,-0.0101000000,-0.0105000000,-0.0095000000,-0.0126000000,-0.0172000000,-0.0105000000,-0.0020000000,-0.0100000000,-0.0096000000,-0.0168000000,-0.0074000000
2007-08-01,0.0092000000,0.0070000000,0.0024000000,0.0017000000,0.0139000000,0.0096000000,0.0034000000,0.0242000000,0.0050000000,0.0071000000,0.0013000000,-0.0006000000
2007-08-02,0.0035000000,0.0030000000,0.0068000000,-0.0065000000,0.0004000000,0.0099000000,0.0065000000,0.0079000000,0.0102000000,0.0069000000,0.0036000000,0.0083000000
2007-08-03,-0.0137000000,-0.0342000000,-0.0242000000,-0.0356000000,-0.0164000000,-0.0235000000,-0.0238000000,-0.0351000000,-0.0283000000,-0.0141000000,-0.0371000000,-0.0237000000
2007-08-06,0.0251000000,0.0106000000,0.0112000000,0.0094000000,0.0196000000,0.0127000000,0.0077000000,0.0306000000,0.0221000000,0.0212000000,0.0418000000,0.0150000000
2007-08-07,0.0067000000,0.0050000000,0.0015000000,0.0205000000,0.0032000000,0.0000000000,0.0011000000,0.0192000000,0.0056000000,0.0039000000,0.0078000000,0.0111000000
2007-08-08,0.0073000000,0.0213000000,0.0039000000,0.0195000000,0.0112000000,0.0185000000,0.0014000000,0.0105000000,0.0145000000,0.0152000000,0.0196000000,0.0186000000
2007-08-09,-0.0221000000,-0.0245000000,-0.0310000000,-0.0326000000,-0.0175000000,-0.0231000000,-0.0278000000,-0.0252000000,-0.0303000000,-0.0194000000,-0.0359000000,-0.0222000000
2007-08-10,-0.0027000000,0.0023000000,0.0075000000,0.0132000000,0.0061000000,-0.0003000000,-0.0006000000,-0.0046000000,0.0024000000,-0.0073000000,0.0037000000,-0.0097000000
2007-08-13,-0.0001000000,0.0012000000,0.0055000000,-0.0079000000,-0.0075000000,0.0035000000,0.0098000000,0.0006000000,0.0006000000,0.0000000000,-0.0068000000,0.0007000000
2007-08-14,-0.0131000000,-0.0225000000,-0.0210000000,-0.0069000000,-0.0156000000,-0.0162000000,-0.0208000000,-0.0184000000,-0.0294000000,-0.0092000000,-0.0220000000,-0.0208000000
2007-08-15,-0.0096000000,-0.0228000000,-0.0237000000,-0.0203000000,-0.0154000000,-0.0177000000,-0.0120000000,-0.0154000000,-0.0135000000,-0.0046000000,-0.0087000000,-0.0204000000
2007-08-16,0.0003000000,-0.0123000000,-0.0099000000,-0.0083000000,0.0011000000,-0.0070000000,-0.0054000000,-0.0011000000,0.0063000000,-0.0027000000,0.0322000000,0.0003000000
2007-08-17,0.0146000000,0.0184000000,0.0264000000,0.0351000000,0.0183000000,0.0194000000,0.0194000000,0.0243000000,0.0169000000,0.0104000000,0.0353000000,0.0259000000
2007-08-20,-0.0013000000,0.0114000000,0.0114000000,0.0012000000,0.0069000000,0.0010000000,-0.0041000000,-0.0014000000,0.0035000000,0.0003000000,-0.0086000000,0.0048000000
2007-08-21,-0.0014000000,0.0033000000,-0.0011000000,-0.0145000000,-0.0026000000,0.0037000000,0.0056000000,0.0036000000,0.0077000000,0.0001000000,0.0049000000,0.0038000000
2007-08-22,0.0110000000,0.0176000000,0.0201000000,0.0097000000,0.0147000000,0.0117000000,0.0160000000,0.0112000000,0.0116000000,0.0095000000,0.0090000000,0.0157000000
2007-08-23,-0.0015000000,-0.0157000000,-0.0081000000,0.0037000000,-0.0005000000,-0.0003000000,0.0038000000,0.0022000000,-0.0076000000,0.0015000000,-0.0053000000,-0.0034000000
2007-08-24,0.0093000000,0.0128000000,0.0180000000,0.0211000000,0.0133000000,0.0153000000,0.0122000000,0.0091000000,0.0151000000,0.0069000000,0.0068000000,0.0121000000
2007-08-27,-0.0020000000,-0.0094000000,-0.0040000000,-0.0074000000,-0.0085000000,-0.0063000000,-0.0009000000,-0.0288000000,-0.0073000000,-0.0061000000,-0.0124000000,-0.0100000000
2007-08-28,-0.0187000000,-0.0294000000,-0.0288000000,-0.0257000000,-0.0189000000,-0.0221000000,-0.0257000000,-0.0144000000,-0.0196000000,-0.0136000000,-0.0300000000,-0.0222000000
2007-08-29,0.0134000000,0.0316000000,0.0253000000,0.0287000000,0.0155000000,0.0267000000,0.0260000000,0.0255000000,0.0261000000,0.0123000000,0.0178000000,0.0179000000
2007-08-30,-0.0022000000,-0.0031000000,-0.0022000000,-0.0007000000,-0.0019000000,0.0032000000,-0.0077000000,-0.0082000000,-0.0081000000,-0.0016000000,-0.0103000000,-0.0057000000
2007-08-31,0.0074000000,0.0136000000,0.0153000000,0.0087000000,0.0089000000,0.0122000000,0.0094000000,0.0056000000,0.0147000000,0.0076000000,0.0141000000,0.0115000000
2007-09-04,0.0074000000,0.0142000000,0.0077000000,0.0201000000,0.0049000000,0.0139000000,0.0112000000,0.0185000000,-0.0030000000,0.0093000000,0.0111000000,0.0096000000
2007-09-05,-0.0094000000,-0.0142000000,-0.0110000000,-0.0006000000,-0.0051000000,-0.0081000000,-0.0131000000,-0.0109000000,-0.0149000000,-0.0034000000,-0.0176000000,-0.0101000000
2007-09-06,0.0053000000,0.0001000000,0.0064000000,0.0083000000,0.0077000000,0.0030000000,0.0022000000,0.0107000000,0.0010000000,0.0082000000,-0.0017000000,0.0096000000
2007-09-07,-0.0103000000,-0.0329000000,-0.0229000000,-0.0162000000,-0.0182000000,-0.0191000000,-0.0198000000,-0.0149000000,-0.0193000000,-0.0131000000,-0.0138000000,-0.0169000000
2007-09-10,-0.0009000000,-0.0103000000,-0.0063000000,-0.0081000000,-0.0004000000,-0.0001000000,-0.0034000000,0.0008000000,-0.0052000000,-0.0003000000,-0.0013000000,-0.0033000000
2007-09-11,0.0129000000,0.0138000000,0.0120000000,0.0185000000,0.0153000000,0.0150000000,0.0119000000,0.0112000000,0.0174000000,0.0104000000,0.0127000000,0.0124000000
2007-09-12,0.0037000000,0.0026000000,-0.0022000000,0.0105000000,0.0022000000,-0.0047000000,-0.0041000000,0.0036000000,-0.0044000000,0.0029000000,-0.0023000000,0.0016000000
2007-09-13,0.0016000000,0.0143000000,0.0054000000,0.0084000000,0.0024000000,0.0013000000,0.0098000000,0.0018000000,0.0142000000,0.0029000000,0.0131000000,0.0082000000
2007-09-14,0.0010000000,0.0069000000,0.0062000000,0.0032000000,0.0028000000,-0.0017000000,-0.0031000000,0.0038000000,0.0044000000,-0.0008000000,0.0004000000,0.0012000000
2007-09-17,-0.0050000000,-0.0020000000,-0.0057000000,0.0004000000,-0.0004000000,-0.0056000000,-0.0056000000,-0.0060000000,-0.0077000000,-0.0092000000,-0.0076000000,-0.0060000000
2007-09-18,0.0193000000,0.0302000000,0.0340000000,0.0290000000,0.0244000000,0.0219000000,0.0221000000,0.0210000000,0.0347000000,0.0186000000,0.0420000000,0.0317000000
2007-09-19,0.0087000000,0.0089000000,0.0078000000,0.0056000000,0.0083000000,0.0048000000,0.0061000000,0.0135000000,0.0017000000,0.0095000000,0.0051000000,0.0033000000
2007-09-20,-0.0062000000,-0.0117000000,-0.0021000000,0.0001000000,-0.0016000000,0.0002000000,-0.0039000000,-0.0089000000,-0.0126000000,-0.0046000000,-0.0153000000,-0.0069000000
2007-09-21,0.0018000000,-0.0047000000,0.0080000000,0.0063000000,0.0078000000,0.0071000000,0.0076000000,0.0038000000,-0.0018000000,0.0058000000,0.0025000000,0.0029000000
2007-09-24,-0.0043000000,-0.0100000000,-0.0068000000,-0.0066000000,-0.0023000000,0.0006000000,-0.0073000000,-0.0013000000,-0.0045000000,-0.0030000000,-0.0130000000,-0.0047000000
2007-09-25,-0.0006000000,-0.0111000000,0.0041000000,-0.0093000000,0.0013000000,0.0102000000,0.0045000000,-0.0024000000,-0.0127000000,-0.0009000000,-0.0023000000,0.0008000000
2007-09-26,0.0086000000,0.0247000000,0.0085000000,0.0033000000,0.0132000000,0.0029000000,0.0075000000,0.0073000000,0.0075000000,0.0068000000,0.0060000000,0.0036000000
2007-09-27,0.0061000000,0.0008000000,0.0088000000,0.0078000000,0.0032000000,0.0023000000,0.0013000000,-0.0042000000,0.0016000000,0.0017000000,0.0080000000,0.0058000000
2007-09-28,0.0000000000,-0.0008000000,-0.0019000000,-0.0039000000,-0.0024000000,-0.0020000000,-0.0026000000,-0.0124000000,-0.0014000000,-0.0055000000,-0.0056000000,-0.0028000000
2007-10-01,0.0088000000,0.0090000000,0.0145000000,0.0127000000,0.0109000000,0.0141000000,0.0078000000,0.0155000000,0.0043000000,0.0133000000,0.0192000000,0.0180000000
2007-10-02,-0.0001000000,0.0111000000,-0.0025000000,-0.0113000000,-0.0055000000,0.0012000000,-0.0012000000,-0.0014000000,0.0086000000,-0.0022000000,0.0073000000,0.0053000000
2007-10-03,-0.0044000000,0.0018000000,-0.0099000000,-0.0100000000,-0.0107000000,-0.0082000000,-0.0051000000,-0.0005000000,0.0037000000,0.0039000000,-0.0006000000,-0.0123000000
2007-10-04,0.0002000000,-0.0076000000,0.0019000000,0.0043000000,0.0075000000,0.0004000000,0.0062000000,0.0077000000,-0.0043000000,0.0036000000,0.0021000000,0.0008000000
2007-10-05,0.0060000000,0.0199000000,0.0134000000,0.0059000000,0.0055000000,0.0127000000,0.0061000000,0.0065000000,0.0179000000,0.0081000000,0.0117000000,0.0160000000
2007-10-08,-0.0025000000,-0.0054000000,-0.0028000000,-0.0069000000,-0.0046000000,0.0067000000,-0.0067000000,-0.0036000000,-0.0032000000,-0.0046000000,-0.0063000000,-0.0010000000
2007-10-09,0.0026000000,0.0047000000,0.0104000000,0.0195000000,0.0118000000,0.0063000000,0.0053000000,0.0136000000,0.0004000000,0.0037000000,0.0084000000,0.0088000000
2007-10-10,0.0002000000,-0.0109000000,-0.0058000000,0.0070000000,0.0018000000,0.0026000000,-0.0039000000,-0.0061000000,0.0024000000,-0.0013000000,-0.0082000000,0.0017000000
2007-10-11,-0.0082000000,0.0020000000,-0.0085000000,-0.0034000000,0.0007000000,-0.0130000000,-0.0041000000,0.0037000000,-0.0049000000,-0.0049000000,-0.0035000000,-0.0039000000
2007-10-12,0.0056000000,0.0139000000,0.0075000000,0.0068000000,0.0087000000,0.0111000000,0.0068000000,0.0039000000,0.0021000000,0.0036000000,0.0007000000,0.0018000000
2007-10-15,-0.0064000000,-0.0187000000,-0.0067000000,0.0104000000,-0.0089000000,-0.0071000000,-0.0092000000,-0.0100000000,-0.0127000000,-0.0083000000,-0.0172000000,-0.0097000000
2007-10-16,0.0008000000,-0.0100000000,-0.0062000000,0.0029000000,-0.0057000000,-0.0035000000,-0.0022000000,-0.0034000000,-0.0081000000,-0.0089000000,-0.0169000000,-0.0059000000
2007-10-17,0.0037000000,-0.0053000000,-0.0007000000,-0.0036000000,-0.0018000000,0.0125000000,0.0023000000,-0.0015000000,-0.0012000000,-0.0010000000,-0.0007000000,0.0063000000
2007-10-18,0.0002000000,0.0064000000,0.0049000000,0.0043000000,0.0050000000,0.0026000000,-0.0041000000,0.0005000000,-0.0039000000,0.0029000000,-0.0107000000,-0.0013000000
2007-10-19,-0.0168000000,-0.0370000000,-0.0351000000,-0.0349000000,-0.0147000000,-0.0260000000,-0.0172000000,-0.0233000000,-0.0208000000,-0.0126000000,-0.0275000000,-0.0229000000
2007-10-22,0.0061000000,0.0019000000,0.0060000000,-0.0113000000,0.0011000000,0.0097000000,0.0031000000,0.0054000000,0.0102000000,-0.0018000000,0.0097000000,0.0047000000
2007-10-23,0.0044000000,0.0105000000,0.0110000000,0.0062000000,0.0089000000,0.0138000000,0.0055000000,0.0008000000,0.0003000000,0.0119000000,0.0062000000,0.0132000000
2007-10-24,0.0001000000,0.0096000000,0.0019000000,0.0078000000,0.0055000000,-0.0106000000,-0.0037000000,0.0052000000,-0.0042000000,-0.0029000000,-0.0075000000,-0.0041000000
2007-10-25,0.0047000000,-0.0122000000,-0.0040000000,0.0086000000,0.0003000000,-0.0046000000,-0.0197000000,0.0174000000,0.0037000000,-0.0011000000,-0.0054000000,-0.0027000000
2007-10-26,0.0087000000,0.0077000000,0.0046000000,0.0137000000,0.0085000000,0.0216000000,0.0115000000,0.0148000000,0.0113000000,0.0052000000,0.0233000000,0.0083000000
2007-10-29,0.0043000000,0.0083000000,0.0059000000,0.0080000000,0.0056000000,0.0049000000,0.0036000000,0.0064000000,0.0046000000,0.0028000000,-0.0005000000,0.0051000000
2007-10-30,-0.0048000000,-0.0032000000,-0.0086000000,-0.0272000000,-0.0204000000,0.0028000000,-0.0117000000,-0.0013000000,-0.0004000000,-0.0019000000,-0.0056000000,-0.0059000000
2007-10-31,0.0090000000,0.0147000000,0.0146000000,0.0201000000,0.0128000000,0.0173000000,0.0092000000,0.0157000000,0.0063000000,0.0069000000,0.0091000000,0.0141000000
2007-11-01,-0.0231000000,-0.0317000000,-0.0280000000,-0.0290000000,-0.0206000000,-0.0178000000,-0.0246000000,-0.0200000000,-0.0272000000,-0.0177000000,-0.0423000000,-0.0237000000
2007-11-02,0.0002000000,0.0096000000,0.0091000000,0.0069000000,0.0085000000,0.0069000000,0.0016000000,0.0079000000,-0.0013000000,0.0002000000,-0.0132000000,0.0005000000
2007-11-05,-0.0027000000,-0.0117000000,-0.0048000000,-0.0042000000,-0.0013000000,-0.0029000000,-0.0070000000,0.0076000000,-0.0118000000,-0.0029000000,-0.0123000000,-0.0070000000
2007-11-06,0.0088000000,0.0085000000,0.0164000000,0.0278000000,0.0141000000,0.0106000000,0.0064000000,0.0015000000,0.0079000000,0.0043000000,0.0160000000,0.0095000000
2007-11-07,-0.0160000000,-0.0376000000,-0.0258000000,-0.0288000000,-0.0187000000,-0.0254000000,-0.0244000000,-0.0231000000,-0.0190000000,-0.0203000000,-0.0451000000,-0.0256000000
2007-11-08,0.0117000000,0.0037000000,0.0022000000,0.0154000000,0.0119000000,-0.0316000000,-0.0005000000,0.0165000000,0.0026000000,0.0040000000,0.0069000000,0.0033000000
2007-11-09,-0.0067000000,-0.0257000000,-0.0175000000,-0.0207000000,-0.0123000000,-0.0300000000,-0.0172000000,-0.0110000000,-0.0225000000,-0.0054000000,0.0033000000,-0.0166000000
2007-11-12,-0.0103000000,-0.0099000000,-0.0208000000,-0.0360000000,-0.0144000000,-0.0149000000,-0.0170000000,-0.0160000000,0.0058000000,0.0018000000,0.0015000000,-0.0111000000
2007-11-13,0.0191000000,0.0260000000,0.0226000000,0.0223000000,0.0159000000,0.0368000000,0.0270000000,0.0081000000,0.0327000000,0.0134000000,0.0438000000,0.0251000000
2007-11-14,-0.0022000000,-0.0126000000,-0.0023000000,-0.0034000000,0.0013000000,-0.0130000000,-0.0140000000,-0.0018000000,-0.0106000000,-0.0010000000,-0.0055000000,-0.0040000000
2007-11-15,-0.0069000000,-0.0176000000,-0.0131000000,-0.0224000000,-0.0107000000,-0.0073000000,-0.0009000000,0.0009000000,-0.0058000000,-0.0031000000,-0.0278000000,-0.0133000000
2007-11-16,0.0072000000,-0.0116000000,-0.0033000000,0.0152000000,0.0092000000,0.0108000000,0.0079000000,0.0043000000,0.0010000000,0.0042000000,-0.0060000000,0.0043000000
2007-11-19,-0.0091000000,-0.0282000000,-0.0190000000,-0.0137000000,-0.0185000000,-0.0155000000,-0.0241000000,0.0000000000,-0.0206000000,-0.0103000000,-0.0270000000,-0.0215000000
2007-11-20,0.0068000000,-0.0026000000,0.0059000000,0.0298000000,0.0104000000,0.0025000000,-0.0009000000,0.0119000000,0.0009000000,0.0019000000,-0.0089000000,0.0006000000
2007-11-21,-0.0122000000,-0.0054000000,-0.0106000000,-0.0168000000,-0.0152000000,-0.0137000000,-0.0151000000,-0.0107000000,-0.0112000000,-0.0161000000,-0.0199000000,-0.0185000000
2007-11-23,0.0111000000,0.0158000000,0.0183000000,0.0159000000,0.0128000000,0.0124000000,0.0113000000,0.0030000000,0.0184000000,0.0144000000,0.0277000000,0.0135000000
2007-11-26,-0.0130000000,-0.0122000000,-0.0149000000,-0.0271000000,-0.0111000000,-0.0220000000,-0.0240000000,-0.0071000000,-0.0196000000,-0.0119000000,-0.0341000000,-0.0170000000
2007-11-27,0.0177000000,0.0087000000,0.0109000000,-0.0041000000,0.0103000000,0.0143000000,0.0086000000,0.0059000000,0.0114000000,0.0214000000,0.0227000000,0.0110000000
2007-11-28,0.0198000000,0.0355000000,0.0327000000,0.0170000000,0.0275000000,0.0304000000,0.0254000000,0.0134000000,0.0301000000,0.0188000000,0.0455000000,0.0297000000
2007-11-29,0.0014000000,-0.0031000000,0.0006000000,0.0092000000,0.0031000000,0.0025000000,0.0081000000,-0.0014000000,-0.0051000000,0.0032000000,-0.0068000000,-0.0030000000
2007-11-30,0.0082000000,0.0118000000,0.0026000000,0.0065000000,0.0037000000,-0.0080000000,0.0120000000,0.0040000000,0.0084000000,0.0030000000,0.0243000000,0.0095000000
2007-12-03,-0.0034000000,-0.0197000000,-0.0030000000,0.0013000000,-0.0020000000,-0.0088000000,0.0008000000,0.0068000000,-0.0031000000,-0.0091000000,-0.0095000000,-0.0114000000
2007-12-04,-0.0011000000,-0.0100000000,-0.0058000000,-0.0083000000,-0.0056000000,-0.0031000000,-0.0075000000,0.0079000000,0.0033000000,-0.0039000000,-0.0162000000,-0.0076000000
2007-12-05,0.0078000000,0.0229000000,0.0153000000,0.0198000000,0.0119000000,0.0238000000,-0.0021000000,0.0150000000,0.0072000000,0.0089000000,0.0184000000,0.0143000000
2007-12-06,0.0081000000,0.0262000000,0.0190000000,0.0247000000,0.0117000000,0.0140000000,0.0085000000,0.0017000000,0.0101000000,0.0063000000,0.0248000000,0.0195000000
2007-12-07,-0.0010000000,0.0009000000,0.0020000000,-0.0006000000,0.0038000000,-0.0002000000,0.0013000000,0.0007000000,0.0045000000,-0.0015000000,-0.0084000000,0.0047000000
2007-12-10,0.0064000000,0.0087000000,0.0079000000,0.0063000000,0.0088000000,0.0061000000,-0.0040000000,0.0013000000,0.0045000000,0.0021000000,0.0183000000,0.0048000000
2007-12-11,-0.0189000000,-0.0372000000,-0.0322000000,-0.0198000000,-0.0188000000,-0.0203000000,-0.0059000000,-0.0210000000,-0.0247000000,-0.0149000000,-0.0437000000,-0.0239000000
2007-12-12,0.0079000000,0.0046000000,0.0085000000,0.0242000000,0.0102000000,0.0099000000,0.0154000000,0.0034000000,-0.0030000000,0.0012000000,-0.0080000000,-0.0004000000
2007-12-13,0.0031000000,-0.0045000000,0.0050000000,0.0063000000,0.0081000000,0.0013000000,0.0003000000,0.0100000000,-0.0051000000,-0.0026000000,-0.0030000000,-0.0016000000
2007-12-14,-0.0102000000,-0.0196000000,-0.0125000000,-0.0144000000,-0.0128000000,-0.0114000000,-0.0089000000,-0.0160000000,-0.0173000000,-0.0110000000,-0.0168000000,-0.0152000000
2007-12-17,-0.0131000000,-0.0122000000,-0.0224000000,-0.0172000000,-0.0140000000,-0.0217000000,-0.0165000000,-0.0118000000,-0.0081000000,-0.0125000000,-0.0092000000,-0.0210000000
2007-12-18,0.0016000000,0.0101000000,0.0048000000,0.0159000000,0.0007000000,0.0064000000,0.0075000000,0.0133000000,0.0116000000,0.0065000000,0.0030000000,0.0054000000
2007-12-19,0.0044000000,-0.0007000000,-0.0013000000,0.0048000000,-0.0016000000,0.0025000000,-0.0084000000,-0.0028000000,-0.0081000000,-0.0032000000,0.0004000000,-0.0042000000
2007-12-20,0.0051000000,0.0160000000,0.0115000000,0.0103000000,0.0141000000,0.0168000000,0.0080000000,0.0035000000,-0.0008000000,0.0043000000,-0.0030000000,0.0033000000
2007-12-21,0.0125000000,0.0227000000,0.0200000000,0.0208000000,0.0133000000,0.0163000000,0.0180000000,0.0099000000,0.0138000000,0.0109000000,0.0219000000,0.0144000000
2007-12-24,0.0057000000,0.0024000000,0.0104000000,0.0055000000,0.0036000000,0.0083000000,0.0055000000,0.0006000000,0.0115000000,0.0018000000,0.0138000000,0.0107000000
2007-12-26,-0.0020000000,0.0044000000,0.0025000000,0.0102000000,0.0015000000,0.0031000000,0.0060000000,-0.0037000000,-0.0069000000,-0.0012000000,-0.0023000000,0.0023000000
2007-12-27,-0.0137000000,-0.0221000000,-0.0156000000,-0.0106000000,-0.0072000000,-0.0166000000,-0.0121000000,-0.0077000000,-0.0124000000,-0.0125000000,-0.0214000000,-0.0143000000
2007-12-28,-0.0005000000,-0.0019000000,0.0019000000,0.0096000000,0.0029000000,0.0006000000,0.0021000000,0.0061000000,0.0017000000,-0.0001000000,-0.0039000000,0.0035000000
2007-12-31,-0.0083000000,-0.0101000000,-0.0073000000,-0.0123000000,-0.0118000000,-0.0107000000,-0.0097000000,-0.0076000000,-0.0050000000,-0.0091000000,0.0051000000,-0.0056000000
2008-01-02,-0.0123000000,-0.0213000000,-0.0176000000,0.0051000000,-0.0113000000,-0.0194000000,-0.0153000000,-0.0110000000,-0.0180000000,-0.0062000000,-0.0228000000,-0.0164000000
2008-01-03,0.0060000000,-0.0091000000,0.0043000000,0.0036000000,0.0027000000,-0.0018000000,-0.0013000000,0.0019000000,-0.0178000000,0.0032000000,-0.0045000000,-0.0028000000
2008-01-04,-0.0110000000,-0.0363000000,-0.0296000000,-0.0242000000,-0.0152000000,-0.0418000000,-0.0199000000,-0.0022000000,-0.0252000000,-0.0117000000,-0.0270000000,-0.0292000000
2008-01-07,0.0197000000,0.0017000000,-0.0137000000,-0.0101000000,0.0012000000,-0.0092000000,0.0059000000,0.0179000000,0.0105000000,0.0183000000,0.0062000000,-0.0044000000
2008-01-08,-0.0011000000,-0.0263000000,-0.0242000000,-0.0153000000,-0.0104000000,-0.0261000000,-0.0265000000,-0.0014000000,-0.0194000000,0.0092000000,-0.0325000000,-0.0195000000
2008-01-09,0.0105000000,0.0028000000,0.0046000000,0.0137000000,0.0045000000,0.0174000000,-0.0014000000,0.0130000000,0.0078000000,0.0161000000,0.0135000000,0.0065000000
2008-01-10,0.0070000000,0.0130000000,0.0102000000,-0.0038000000,0.0057000000,0.0045000000,0.0139000000,-0.0029000000,0.0140000000,0.0030000000,0.0206000000,0.0161000000
2008-01-11,-0.0178000000,-0.0261000000,-0.0196000000,-0.0125000000,-0.0170000000,-0.0206000000,-0.0188000000,-0.0072000000,-0.0275000000,0.0020000000,-0.0059000000,-0.0176000000
2008-01-14,0.0019000000,0.0056000000,0.0178000000,0.0149000000,0.0187000000,0.0232000000,0.0098000000,0.0037000000,0.0041000000,-0.0043000000,0.0085000000,0.0080000000
2008-01-15,-0.0170000000,-0.0329000000,-0.0280000000,-0.0301000000,-0.0242000000,-0.0231000000,-0.0185000000,-0.0140000000,-0.0190000000,-0.0153000000,-0.0328000000,-0.0217000000
2008-01-16,-0.0095000000,0.0022000000,-0.0084000000,-0.0314000000,-0.0178000000,-0.0181000000,0.0033000000,-0.0132000000,0.0159000000,0.0054000000,0.0124000000,-0.0027000000
2008-01-17,-0.0234000000,-0.0282000000,-0.0370000000,-0.0382000000,-0.0316000000,-0.0180000000,-0.0239000000,-0.0357000000,-0.0096000000,-0.0177000000,-0.0429000000,-0.0245000000
2008-01-18,-0.0087000000,0.0035000000,0.0014000000,0.0074000000,-0.0058000000,0.0016000000,-0.0318000000,-0.0140000000,0.0018000000,-0.0167000000,-0.0156000000,0.0084000000
2008-01-22,-0.0169000000,0.0074000000,-0.0029000000,-0.0260000000,-0.0172000000,-0.0276000000,-0.0150000000,-0.0314000000,0.0242000000,-0.0252000000,0.0132000000,0.0003000000
2008-01-23,0.0111000000,0.0546000000,0.0163000000,0.0023000000,0.0216000000,0.0008000000,0.0142000000,0.0285000000,0.0312000000,-0.0004000000,0.0557000000,0.0284000000
2008-01-24,0.0092000000,-0.0045000000,0.0146000000,0.0328000000,0.0093000000,0.0270000000,0.0042000000,-0.0219000000,-0.0079000000,-0.0008000000,0.0072000000,0.0089000000
2008-01-25,-0.0141000000,-0.0063000000,0.0005000000,-0.0124000000,-0.0026000000,-0.0140000000,-0.0125000000,-0.0148000000,-0.0197000000,-0.0170000000,-0.0222000000,-0.0095000000
2008-01-28,0.0197000000,0.0237000000,0.0153000000,0.0181000000,0.0119000000,0.0040000000,0.0233000000,0.0138000000,0.0149000000,0.0140000000,0.0335000000,0.0155000000
2008-01-29,-0.0028000000,0.0047000000,0.0099000000,0.0083000000,-0.0046000000,0.0017000000,0.0197000000,0.0044000000,0.0103000000,0.0018000000,0.0139000000,0.0097000000
2008-01-30,-0.0085000000,-0.0043000000,-0.0031000000,0.0003000000,-0.0070000000,-0.0015000000,-0.0098000000,-0.0020000000,-0.0062000000,-0.0114000000,-0.0098000000,-0.0036000000
2008-01-31,0.0064000000,0.0282000000,0.0144000000,0.0053000000,0.0153000000,0.0121000000,0.0224000000,0.0193000000,0.0344000000,0.0080000000,0.0262000000,0.0158000000
2008-02-01,0.0142000000,0.0173000000,0.0203000000,0.0085000000,0.0182000000,0.0106000000,0.0124000000,0.0149000000,0.0122000000,0.0161000000,0.0180000000,0.0185000000
2008-02-04,-0.0077000000,-0.0226000000,-0.0051000000,-0.0004000000,-0.0004000000,-0.0136000000,-0.0049000000,0.0151000000,-0.0196000000,0.0052000000,-0.0227000000,-0.0171000000
2008-02-05,-0.0256000000,-0.0295000000,-0.0295000000,-0.0381000000,-0.0211000000,-0.0292000000,-0.0377000000,-0.0331000000,-0.0258000000,-0.0199000000,-0.0405000000,-0.0202000000
2008-02-06,-0.0030000000,-0.0153000000,-0.0100000000,-0.0160000000,-0.0002000000,-0.0135000000,-0.0027000000,-0.0013000000,-0.0131000000,-0.0007000000,-0.0088000000,-0.0058000000
2008-02-07,0.0149000000,0.0138000000,0.0042000000,0.0139000000,0.0075000000,-0.0007000000,0.0041000000,-0.0028000000,0.0239000000,0.0021000000,0.0124000000,0.0080000000
2008-02-08,-0.0031000000,-0.0139000000,-0.0002000000,0.0139000000,-0.0020000000,0.0109000000,-0.0051000000,-0.0015000000,-0.0070000000,-0.0103000000,-0.0191000000,-0.0017000000
2008-02-11,0.0080000000,0.0194000000,0.0130000000,0.0229000000,0.0140000000,0.0104000000,0.0070000000,0.0083000000,0.0153000000,0.0006000000,-0.0174000000,0.0082000000
2008-02-12,0.0090000000,0.0079000000,0.0055000000,0.0012000000,0.0135000000,-0.0006000000,0.0157000000,0.0083000000,0.0018000000,0.0111000000,0.0110000000,0.0023000000
2008-02-13,0.0026000000,0.0145000000,0.0253000000,0.0210000000,0.0037000000,0.0248000000,0.0260000000,0.0033000000,0.0095000000,0.0107000000,0.0064000000,0.0155000000
2008-02-14,-0.0073000000,-0.0225000000,-0.0137000000,0.0009000000,-0.0063000000,-0.0192000000,-0.0077000000,-0.0092000000,-0.0227000000,-0.0127000000,-0.0183000000,-0.0138000000
2008-02-15,0.0070000000,-0.0046000000,-0.0060000000,-0.0035000000,-0.0039000000,-0.0053000000,0.0087000000,0.0024000000,-0.0037000000,0.0011000000,0.0061000000,-0.0013000000
2008-02-19,0.0003000000,-0.0011000000,0.0057000000,0.0252000000,0.0100000000,-0.0088000000,-0.0274000000,0.0023000000,-0.0025000000,0.0028000000,-0.0066000000,0.0012000000
2008-02-20,0.0030000000,0.0058000000,0.0093000000,0.0165000000,0.0060000000,0.0147000000,-0.0141000000,0.0024000000,0.0125000000,-0.0025000000,0.0141000000,0.0076000000
2008-02-21,-0.0059000000,-0.0158000000,-0.0146000000,-0.0209000000,-0.0115000000,-0.0100000000,-0.0097000000,-0.0162000000,-0.0135000000,-0.0111000000,-0.0126000000,-0.0126000000
2008-02-22,0.0045000000,0.0098000000,0.0085000000,0.0078000000,0.0036000000,0.0012000000,0.0181000000,0.0096000000,0.0093000000,0.0003000000,0.0114000000,0.0000000000
2008-02-25,0.0117000000,0.0188000000,0.0195000000,0.0266000000,0.0203000000,0.0092000000,0.0116000000,0.0072000000,0.0128000000,0.0208000000,0.0110000000,0.0139000000
2008-02-26,0.0052000000,0.0111000000,0.0064000000,0.0135000000,0.0056000000,0.0099000000,0.0047000000,0.0084000000,0.0138000000,0.0043000000,0.0032000000,0.0053000000
2008-02-27,-0.0015000000,-0.0001000000,-0.0029000000,-0.0077000000,-0.0031000000,0.0063000000,-0.0059000000,-0.0158000000,-0.0035000000,-0.0086000000,0.0075000000,0.0001000000
2008-02-28,-0.0072000000,-0.0152000000,-0.0042000000,0.0137000000,-0.0063000000,-0.0084000000,-0.0001000000,-0.0036000000,-0.0185000000,-0.0062000000,-0.0280000000,-0.0109000000
2008-02-29,-0.0193000000,-0.0366000000,-0.0312000000,-0.0286000000,-0.0206000000,-0.0233000000,-0.0295000000,-0.0279000000,-0.0265000000,-0.0115000000,-0.0381000000,-0.0232000000
2008-03-03,0.0048000000,0.0076000000,0.0032000000,0.0099000000,0.0052000000,-0.0052000000,0.0018000000,0.0103000000,0.0031000000,0.0022000000,-0.0115000000,-0.0025000000
2008-03-04,-0.0028000000,-0.0057000000,-0.0069000000,-0.0148000000,-0.0098000000,0.0013000000,-0.0071000000,0.0100000000,0.0013000000,0.0010000000,-0.0062000000,-0.0006000000
2008-03-05,0.0091000000,-0.0053000000,0.0123000000,0.0155000000,0.0126000000,0.0079000000,0.0077000000,0.0032000000,0.0002000000,-0.0019000000,-0.0049000000,0.0112000000
2008-03-06,-0.0154000000,-0.0221000000,-0.0164000000,-0.0254000000,-0.0095000000,-0.0190000000,-0.0169000000,-0.0207000000,-0.0248000000,-0.0200000000,-0.0344000000,-0.0243000000
2008-03-07,-0.0084000000,-0.0136000000,-0.0185000000,-0.0203000000,-0.0239000000,-0.0014000000,-0.0054000000,-0.0038000000,-0.0065000000,-0.0096000000,0.0009000000,-0.0136000000
2008-03-10,-0.0074000000,-0.0231000000,-0.0240000000,-0.0103000000,-0.0179000000,-0.0122000000,-0.0193000000,-0.0068000000,-0.0137000000,-0.0161000000,-0.0255000000,-0.0212000000
2008-03-11,0.0207000000,0.0447000000,0.0346000000,0.0453000000,0.0387000000,0.0344000000,0.0254000000,0.0285000000,0.0300000000,0.0186000000,0.0517000000,0.0380000000
2008-03-12,-0.0040000000,-0.0089000000,-0.0014000000,-0.0149000000,0.0006000000,-0.0039000000,-0.0112000000,-0.0118000000,-0.0051000000,-0.0011000000,-0.0193000000,-0.0025000000
2008-03-13,-0.0005000000,0.0046000000,0.0126000000,0.0152000000,0.0107000000,0.0040000000,-0.0005000000,0.0037000000,0.0060000000,0.0044000000,0.0070000000,0.0073000000
2008-03-14,-0.0170000000,-0.0218000000,-0.0151000000,-0.0163000000,-0.0129000000,-0.0212000000,-0.0183000000,-0.0108000000,-0.0155000000,-0.0187000000,-0.0372000000,-0.0169000000
2008-03-17,-0.0085000000,-0.0254000000,-0.0145000000,-0.0258000000,-0.0101000000,-0.0074000000,0.0013000000,-0.0058000000,-0.0094000000,-0.0035000000,-0.0164000000,-0.0118000000
2008-03-18,0.0279000000,0.0472000000,0.0357000000,0.0360000000,0.0345000000,0.0403000000,0.0333000000,0.0206000000,0.0372000000,0.0249000000,0.0734000000,0.0399000000
2008-03-19,-0.0123000000,-0.0205000000,-0.0333000000,-0.0545000000,-0.0316000000,-0.0268000000,-0.0178000000,-0.0246000000,-0.0097000000,-0.0055000000,-0.0177000000,-0.0225000000
2008-03-20,0.0109000000,0.0262000000,0.0055000000,0.0052000000,0.0067000000,0.0166000000,0.0183000000,0.0042000000,0.0352000000,0.0100000000,0.0616000000,0.0272000000
2008-03-24,0.0148000000,0.0275000000,0.0237000000,0.0143000000,0.0170000000,0.0265000000,0.0283000000,-0.0008000000,0.0234000000,0.0092000000,0.0086000000,0.0183000000
2008-03-25,0.0122000000,0.0028000000,0.0114000000,0.0060000000,0.0067000000,0.0050000000,0.0019000000,0.0017000000,-0.0040000000,0.0021000000,-0.0013000000,0.0039000000
2008-03-26,-0.0057000000,-0.0164000000,-0.0048000000,0.0208000000,0.0010000000,-0.0097000000,-0.0162000000,0.0052000000,-0.0110000000,-0.0022000000,-0.0305000000,-0.0077000000
2008-03-27,-0.0016000000,-0.0224000000,-0.0151000000,-0.0073000000,-0.0045000000,-0.0213000000,-0.0046000000,0.0041000000,-0.0129000000,-0.0017000000,-0.0196000000,-0.0071000000
2008-03-28,-0.0006000000,-0.0227000000,-0.0027000000,-0.0045000000,-0.0029000000,-0.0042000000,-0.0121000000,-0.0073000000,-0.0133000000,-0.0059000000,-0.0190000000,-0.0062000000
2008-03-31,-0.0031000000,0.0100000000,0.0083000000,0.0017000000,0.0051000000,0.0063000000,0.0135000000,0.0106000000,0.0108000000,-0.0027000000,0.0090000000,0.0066000000
2008-04-01,0.0153000000,0.0396000000,0.0317000000,0.0191000000,0.0195000000,0.0341000000,0.0305000000,0.0232000000,0.0368000000,0.0205000000,0.0673000000,0.0305000000
2008-04-02,-0.0068000000,0.0072000000,0.0026000000,0.0130000000,0.0000000000,-0.0030000000,-0.0022000000,0.0073000000,-0.0016000000,-0.0069000000,-0.0056000000,-0.0005000000
2008-04-03,0.0016000000,0.0050000000,0.0020000000,0.0011000000,0.0068000000,0.0012000000,0.0048000000,-0.0042000000,-0.0033000000,0.0004000000,0.0011000000,0.0030000000
2008-04-04,0.0013000000,0.0012000000,0.0102000000,0.0117000000,0.0134000000,0.0031000000,-0.0087000000,0.0051000000,-0.0028000000,0.0097000000,-0.0127000000,0.0003000000
2008-04-07,0.0018000000,-0.0052000000,-0.0026000000,0.0031000000,0.0005000000,-0.0032000000,0.0083000000,0.0031000000,-0.0045000000,0.0047000000,0.0078000000,-0.0010000000
2008-04-08,-0.0060000000,-0.0011000000,-0.0029000000,0.0103000000,0.0035000000,-0.0078000000,-0.0011000000,0.0051000000,-0.0019000000,-0.0037000000,-0.0128000000,-0.0040000000
2008-04-09,-0.0093000000,-0.0271000000,-0.0067000000,0.0039000000,-0.0063000000,-0.0042000000,-0.0169000000,0.0001000000,-0.0154000000,-0.0071000000,-0.0177000000,-0.0169000000
2008-04-10,0.0093000000,0.0059000000,0.0071000000,-0.0002000000,0.0047000000,0.0136000000,0.0007000000,-0.0033000000,0.0101000000,0.0129000000,-0.0032000000,0.0055000000
2008-04-11,-0.0104000000,-0.0238000000,-0.0233000000,-0.0133000000,-0.0082000000,-0.0277000000,-0.0193000000,-0.0021000000,-0.0142000000,-0.0155000000,-0.0188000000,-0.0429000000
2008-04-14,0.0039000000,-0.0099000000,0.0001000000,0.0177000000,0.0049000000,-0.0042000000,-0.0048000000,0.0044000000,-0.0018000000,-0.0049000000,-0.0217000000,-0.0080000000
2008-04-15,0.0037000000,0.0032000000,0.0049000000,0.0117000000,0.0022000000,0.0004000000,-0.0010000000,0.0094000000,0.0085000000,-0.0042000000,0.0130000000,0.0017000000
2008-04-16,0.0104000000,0.0323000000,0.0315000000,0.0272000000,0.0206000000,0.0291000000,0.0128000000,0.0217000000,0.0144000000,0.0087000000,0.0285000000,0.0232000000
2008-04-17,-0.0013000000,-0.0045000000,-0.0060000000,-0.0009000000,-0.0129000000,0.0000000000,0.0030000000,-0.0003000000,0.0010000000,-0.0117000000,0.0118000000,-0.0063000000
2008-04-18,0.0065000000,0.0300000000,0.0266000000,0.0140000000,0.0095000000,0.0304000000,0.0106000000,0.0052000000,0.0141000000,0.0084000000,0.0171000000,0.0164000000
2008-04-21,0.0000000000,0.0082000000,-0.0011000000,0.0069000000,0.0076000000,0.0068000000,0.0021000000,-0.0051000000,-0.0019000000,-0.0063000000,-0.0156000000,-0.0062000000
2008-04-22,-0.0114000000,-0.0232000000,-0.0150000000,0.0025000000,-0.0112000000,-0.0127000000,-0.0048000000,-0.0048000000,-0.0125000000,-0.0093000000,-0.0120000000,-0.0082000000
2008-04-23,0.0039000000,-0.0006000000,0.0030000000,-0.0090000000,-0.0117000000,0.0138000000,0.0118000000,0.0076000000,0.0075000000,0.0084000000,-0.0043000000,-0.0029000000
2008-04-24,-0.0045000000,0.0208000000,0.0016000000,-0.0218000000,-0.0094000000,0.0108000000,0.0070000000,-0.0066000000,0.0106000000,0.0035000000,0.0331000000,0.0101000000
2008-04-25,-0.0037000000,-0.0075000000,0.0108000000,0.0124000000,0.0150000000,-0.0095000000,0.0027000000,0.0061000000,0.0130000000,0.0067000000,0.0165000000,0.0096000000
2008-04-28,-0.0007000000,0.0128000000,0.0005000000,-0.0015000000,-0.0121000000,-0.0027000000,0.0020000000,-0.0017000000,0.0001000000,0.0049000000,-0.0002000000,0.0008000000
2008-04-29,-0.0132000000,-0.0027000000,-0.0101000000,-0.0137000000,-0.0136000000,0.0040000000,0.0107000000,-0.0087000000,0.0071000000,-0.0107000000,-0.0041000000,-0.0013000000
2008-04-30,-0.0016000000,0.0059000000,-0.0018000000,0.0086000000,0.0049000000,-0.0069000000,-0.0019000000,0.0012000000,-0.0129000000,-0.0032000000,-0.0091000000,0.0025000000
2008-05-01,0.0080000000,0.0225000000,0.0102000000,-0.0221000000,0.0031000000,0.0279000000,0.0349000000,0.0091000000,0.0194000000,0.0169000000,0.0376000000,0.0122000000
2008-05-02,0.0029000000,-0.0014000000,0.0043000000,0.0113000000,0.0055000000,-0.0015000000,0.0021000000,0.0111000000,-0.0045000000,-0.0022000000,0.0016000000,0.0027000000
2008-05-05,0.0009000000,-0.0099000000,-0.0002000000,0.0120000000,-0.0001000000,-0.0056000000,-0.0059000000,-0.0086000000,-0.0083000000,-0.0034000000,-0.0121000000,-0.0064000000
2008-05-06,0.0044000000,0.0025000000,0.0101000000,0.0221000000,0.0059000000,0.0098000000,0.0045000000,0.0024000000,-0.0009000000,-0.0011000000,0.0074000000,0.0069000000
2008-05-07,-0.0117000000,-0.0212000000,-0.0139000000,-0.0129000000,-0.0151000000,-0.0135000000,-0.0079000000,-0.0124000000,-0.0095000000,-0.0142000000,-0.0323000000,-0.0192000000
2008-05-08,0.0046000000,0.0051000000,0.0120000000,0.0167000000,0.0089000000,0.0064000000,0.0041000000,0.0058000000,-0.0037000000,0.0024000000,-0.0097000000,0.0058000000
2008-05-09,-0.0077000000,-0.0052000000,-0.0045000000,-0.0056000000,-0.0078000000,-0.0024000000,-0.0075000000,0.0004000000,-0.0005000000,-0.0038000000,-0.0075000000,-0.0106000000
2008-05-12,0.0132000000,0.0173000000,0.0162000000,0.0002000000,0.0081000000,0.0130000000,0.0113000000,0.0078000000,0.0199000000,0.0079000000,0.0158000000,0.0068000000
2008-05-13,0.0044000000,0.0064000000,0.0077000000,0.0129000000,0.0025000000,0.0026000000,0.0037000000,-0.0006000000,-0.0028000000,-0.0047000000,-0.0126000000,0.0058000000
2008-05-14,0.0045000000,0.0089000000,-0.0017000000,-0.0073000000,0.0040000000,0.0042000000,0.0123000000,0.0049000000,0.0104000000,0.0054000000,0.0066000000,0.0039000000
2008-05-15,0.0086000000,0.0130000000,0.0098000000,0.0159000000,0.0102000000,0.0192000000,0.0071000000,-0.0003000000,0.0089000000,0.0006000000,0.0095000000,0.0078000000
2008-05-16,0.0005000000,-0.0056000000,0.0035000000,0.0248000000,0.0050000000,-0.0003000000,-0.0022000000,0.0082000000,-0.0054000000,0.0014000000,-0.0116000000,0.0002000000
2008-05-19,-0.0014000000,0.0028000000,0.0023000000,0.0108000000,-0.0077000000,-0.0050000000,0.0028000000,0.0093000000,-0.0061000000,0.0024000000,-0.0046000000,0.0016000000
2008-05-20,-0.0048000000,-0.0112000000,-0.0072000000,0.0114000000,-0.0034000000,-0.0130000000,-0.0187000000,0.0042000000,-0.0120000000,-0.0023000000,-0.0175000000,-0.0107000000
2008-05-21,-0.0098000000,-0.0161000000,-0.0181000000,-0.0114000000,-0.0186000000,-0.0180000000,-0.0090000000,-0.0023000000,-0.0195000000,-0.0083000000,-0.0199000000,-0.0197000000
2008-05-22,0.0118000000,-0.0071000000,-0.0042000000,-0.0097000000,0.0058000000,0.0052000000,0.0077000000,0.0037000000,0.0076000000,0.0059000000,0.0120000000,0.0013000000
2008-05-23,-0.0045000000,-0.0182000000,-0.0115000000,-0.0182000000,-0.0127000000,-0.0056000000,-0.0153000000,-0.0184000000,-0.0113000000,-0.0102000000,-0.0175000000,-0.0143000000
2008-05-27,0.0061000000,0.0046000000,0.0070000000,-0.0098000000,-0.0047000000,0.0166000000,0.0074000000,0.0059000000,0.0123000000,0.0053000000,0.0092000000,0.0118000000
2008-05-28,-0.0035000000,0.0097000000,0.0129000000,0.0136000000,0.0157000000,0.0042000000,0.0050000000,0.0016000000,0.0102000000,-0.0008000000,-0.0057000000,0.0091000000
2008-05-29,0.0092000000,0.0129000000,-0.0011000000,-0.0200000000,0.0028000000,0.0061000000,0.0115000000,0.0037000000,0.0124000000,0.0172000000,0.0161000000,0.0068000000
2008-05-30,-0.0020000000,0.0047000000,0.0084000000,0.0093000000,0.0084000000,0.0064000000,0.0001000000,0.0004000000,-0.0035000000,0.0023000000,-0.0055000000,0.0055000000
2008-06-02,-0.0077000000,-0.0153000000,-0.0104000000,0.0056000000,-0.0102000000,-0.0142000000,-0.0083000000,-0.0073000000,-0.0108000000,-0.0075000000,-0.0157000000,-0.0121000000
2008-06-03,-0.0029000000,-0.0014000000,-0.0109000000,-0.0160000000,0.0020000000,-0.0033000000,-0.0070000000,-0.0047000000,0.0042000000,0.0016000000,-0.0059000000,-0.0020000000
2008-06-04,0.0042000000,-0.0015000000,-0.0009000000,-0.0161000000,0.0072000000,0.0088000000,0.0037000000,0.0098000000,0.0045000000,0.0030000000,-0.0052000000,-0.0010000000
2008-06-05,0.0120000000,0.0098000000,0.0153000000,0.0446000000,0.0179000000,0.0177000000,0.0195000000,0.0144000000,0.0213000000,0.0089000000,0.0190000000,0.0166000000
2008-06-06,-0.0248000000,-0.0413000000,-0.0323000000,-0.0125000000,-0.0244000000,-0.0280000000,-0.0303000000,-0.0211000000,-0.0333000000,-0.0234000000,-0.0449000000,-0.0307000000
2008-06-09,-0.0014000000,0.0019000000,0.0060000000,0.0246000000,0.0111000000,-0.0034000000,-0.0080000000,0.0153000000,0.0015000000,-0.0048000000,-0.0195000000,0.0001000000
2008-06-10,0.0087000000,-0.0066000000,-0.0087000000,-0.0225000000,0.0020000000,-0.0031000000,-0.0066000000,-0.0017000000,0.0018000000,-0.0041000000,0.0084000000,-0.0025000000
2008-06-11,-0.0110000000,-0.0338000000,-0.0185000000,0.0104000000,-0.0047000000,-0.0222000000,-0.0204000000,-0.0062000000,-0.0227000000,-0.0138000000,-0.0301000000,-0.0224000000
2008-06-12,0.0032000000,0.0044000000,0.0048000000,-0.0171000000,0.0020000000,0.0075000000,-0.0025000000,-0.0037000000,0.0101000000,0.0044000000,0.0162000000,-0.0029000000
2008-06-13,0.0002000000,0.0255000000,0.0199000000,0.0119000000,0.0135000000,0.0202000000,0.0174000000,0.0115000000,0.0192000000,0.0127000000,0.0176000000,0.0151000000
2008-06-16,-0.0133000000,0.0058000000,0.0010000000,0.0042000000,-0.0022000000,0.0050000000,-0.0108000000,-0.0002000000,0.0026000000,-0.0020000000,0.0091000000,0.0007000000
2008-06-17,0.0017000000,-0.0134000000,-0.0071000000,0.0180000000,0.0049000000,-0.0065000000,-0.0085000000,0.0032000000,-0.0121000000,-0.0026000000,-0.0258000000,-0.0077000000
2008-06-18,-0.0086000000,-0.0244000000,-0.0076000000,-0.0011000000,-0.0093000000,-0.0120000000,-0.0144000000,-0.0038000000,-0.0173000000,-0.0077000000,-0.0113000000,-0.0088000000
2008-06-19,0.0022000000,0.0167000000,0.0100000000,-0.0244000000,-0.0079000000,0.0126000000,0.0031000000,0.0028000000,0.0113000000,0.0116000000,0.0027000000,0.0075000000
2008-06-20,-0.0063000000,-0.0341000000,-0.0176000000,-0.0072000000,-0.0169000000,-0.0241000000,-0.0258000000,-0.0126000000,-0.0228000000,-0.0131000000,-0.0225000000,-0.0192000000
2008-06-23,-0.0009000000,-0.0213000000,0.0080000000,0.0351000000,-0.0010000000,-0.0061000000,-0.0051000000,0.0114000000,-0.0132000000,0.0017000000,-0.0237000000,-0.0062000000
2008-06-24,-0.0053000000,-0.0109000000,-0.0156000000,-0.0174000000,-0.0199000000,-0.0055000000,-0.0039000000,-0.0058000000,0.0001000000,0.0024000000,0.0099000000,-0.0084000000
2008-06-25,0.0082000000,0.0015000000,-0.0076000000,-0.0057000000,0.0099000000,0.0141000000,0.0124000000,0.0050000000,0.0163000000,0.0084000000,0.0043000000,0.0093000000
2008-06-26,-0.0188000000,-0.0514000000,-0.0358000000,-0.0109000000,-0.0258000000,-0.0344000000,-0.0275000000,-0.0233000000,-0.0291000000,-0.0196000000,-0.0385000000,-0.0305000000
2008-06-27,-0.0149000000,-0.0094000000,-0.0052000000,0.0095000000,-0.0063000000,-0.0045000000,-0.0076000000,-0.0068000000,-0.0032000000,0.0041000000,-0.0115000000,-0.0043000000
2008-06-30,-0.0003000000,-0.0129000000,0.0006000000,0.0186000000,-0.0011000000,-0.0091000000,0.0172000000,0.0211000000,-0.0102000000,0.0103000000,-0.0212000000,0.0020000000
2008-07-01,-0.0020000000,0.0005000000,-0.0018000000,0.0054000000,0.0052000000,0.0025000000,-0.0098000000,0.0059000000,0.0069000000,0.0092000000,0.0088000000,-0.0054000000
2008-07-02,-0.0047000000,-0.0490000000,-0.0394000000,-0.0325000000,-0.0233000000,-0.0187000000,-0.0147000000,-0.0091000000,-0.0178000000,-0.0045000000,-0.0147000000,-0.0302000000
2008-07-03,0.0046000000,-0.0007000000,0.0018000000,-0.0064000000,0.0113000000,0.0001000000,-0.0051000000,-0.0118000000,0.0011000000,0.0045000000,-0.0084000000,-0.0007000000
2008-07-07,0.0001000000,-0.0056000000,-0.0008000000,-0.0235000000,-0.0102000000,0.0048000000,-0.0054000000,-0.0119000000,0.0017000000,-0.0071000000,-0.0274000000,-0.0017000000
2008-07-08,0.0126000000,0.0363000000,0.0094000000,-0.0152000000,0.0107000000,0.0119000000,0.0164000000,0.0026000000,0.0274000000,0.0310000000,0.0527000000,0.0231000000
2008-07-09,-0.0062000000,-0.0259000000,-0.0174000000,-0.0212000000,-0.0019000000,-0.0286000000,-0.0216000000,0.0059000000,-0.0206000000,-0.0035000000,-0.0441000000,-0.0190000000
2008-07-10,-0.0028000000,-0.0138000000,0.0122000000,0.0304000000,0.0175000000,0.0115000000,0.0080000000,0.0078000000,-0.0127000000,0.0064000000,-0.0080000000,0.0040000000
2008-07-11,-0.0018000000,0.0000000000,-0.0092000000,-0.0037000000,-0.0045000000,-0.0077000000,-0.0069000000,-0.0061000000,-0.0147000000,-0.0075000000,-0.0211000000,-0.0046000000
2008-07-14,0.0025000000,-0.0188000000,0.0039000000,0.0040000000,0.0040000000,-0.0101000000,-0.0033000000,-0.0095000000,-0.0043000000,-0.0044000000,-0.0448000000,-0.0097000000
2008-07-15,0.0017000000,-0.0020000000,-0.0182000000,-0.0414000000,-0.0052000000,0.0014000000,0.0020000000,-0.0089000000,-0.0024000000,0.0171000000,-0.0268000000,-0.0122000000
2008-07-16,0.0115000000,0.0601000000,0.0215000000,-0.0224000000,0.0094000000,0.0235000000,0.0150000000,-0.0163000000,0.0331000000,0.0098000000,0.1068000000,0.0294000000
2008-07-17,-0.0075000000,0.0361000000,0.0111000000,-0.0258000000,0.0048000000,0.0113000000,0.0040000000,-0.0182000000,0.0165000000,0.0081000000,0.0609000000,0.0122000000
2008-07-18,-0.0042000000,-0.0078000000,-0.0018000000,0.0104000000,-0.0035000000,-0.0113000000,0.0064000000,0.0063000000,-0.0085000000,-0.0054000000,0.0082000000,0.0020000000
2008-07-21,-0.0030000000,-0.0017000000,0.0120000000,0.0297000000,0.0119000000,-0.0044000000,-0.0084000000,0.0148000000,-0.0089000000,-0.0022000000,-0.0099000000,0.0029000000
2008-07-22,0.0221000000,0.0346000000,0.0117000000,-0.0259000000,0.0038000000,0.0016000000,-0.0007000000,-0.0043000000,0.0245000000,0.0045000000,0.0636000000,0.0213000000
2008-07-23,0.0082000000,0.0165000000,-0.0012000000,-0.0404000000,-0.0089000000,0.0115000000,0.0288000000,-0.0230000000,0.0041000000,0.0045000000,0.0199000000,0.0099000000
2008-07-24,-0.0092000000,-0.0607000000,-0.0322000000,-0.0041000000,-0.0139000000,-0.0184000000,-0.0227000000,-0.0079000000,-0.0221000000,-0.0008000000,-0.0571000000,-0.0299000000
2008-07-25,0.0011000000,0.0033000000,0.0121000000,0.0124000000,0.0034000000,0.0142000000,-0.0038000000,-0.0038000000,-0.0025000000,0.0075000000,-0.0036000000,0.0016000000
2008-07-28,-0.0081000000,-0.0323000000,-0.0121000000,-0.0023000000,-0.0089000000,-0.0191000000,-0.0272000000,-0.0029000000,-0.0175000000,-0.0094000000,-0.0398000000,-0.0202000000
2008-07-29,0.0136000000,0.0434000000,0.0232000000,-0.0091000000,0.0211000000,0.0205000000,0.0130000000,0.0040000000,0.0313000000,0.0062000000,0.0652000000,0.0271000000
2008-07-30,0.0083000000,-0.0017000000,0.0218000000,0.0551000000,0.0290000000,0.0047000000,0.0104000000,0.0184000000,0.0051000000,-0.0009000000,0.0181000000,0.0170000000
2008-07-31,-0.0137000000,-0.0084000000,-0.0242000000,-0.0368000000,-0.0175000000,-0.0054000000,-0.0038000000,-0.0046000000,-0.0054000000,0.0032000000,-0.0100000000,-0.0118000000
2008-08-01,0.0036000000,-0.0155000000,-0.0050000000,-0.0044000000,-0.0102000000,-0.0051000000,-0.0087000000,-0.0252000000,-0.0068000000,-0.0072000000,0.0063000000,-0.0070000000
2008-08-04,0.0045000000,-0.0072000000,-0.0208000000,-0.0510000000,-0.0168000000,-0.0056000000,-0.0028000000,-0.0164000000,0.0021000000,0.0086000000,-0.0090000000,-0.0133000000
2008-08-05,0.0162000000,0.0428000000,0.0218000000,0.0067000000,0.0253000000,0.0270000000,0.0319000000,0.0110000000,0.0401000000,0.0218000000,0.0439000000,0.0259000000
2008-08-06,0.0073000000,0.0013000000,0.0108000000,0.0234000000,0.0042000000,0.0135000000,-0.0113000000,0.0017000000,-0.0014000000,0.0064000000,-0.0082000000,0.0018000000
2008-08-07,-0.0162000000,-0.0237000000,-0.0144000000,-0.0144000000,-0.0119000000,-0.0018000000,-0.0144000000,-0.0063000000,-0.0255000000,-0.0138000000,-0.0430000000,-0.0136000000
2008-08-08,0.0222000000,0.0420000000,0.0235000000,-0.0035000000,0.0201000000,0.0216000000,0.0318000000,0.0109000000,0.0384000000,0.0213000000,0.0343000000,0.0247000000
2008-08-11,0.0065000000,0.0196000000,0.0045000000,-0.0045000000,-0.0037000000,0.0059000000,0.0175000000,0.0093000000,0.0211000000,0.0035000000,0.0196000000,0.0060000000
2008-08-12,0.0007000000,-0.0042000000,-0.0046000000,-0.0042000000,0.0034000000,-0.0008000000,-0.0094000000,-0.0183000000,-0.0056000000,-0.0031000000,-0.0417000000,-0.0130000000
2008-08-13,0.0010000000,-0.0153000000,0.0030000000,0.0347000000,0.0068000000,-0.0004000000,-0.0059000000,0.0137000000,-0.0141000000,-0.0027000000,-0.0238000000,-0.0039000000
2008-08-14,0.0011000000,0.0172000000,0.0025000000,-0.0129000000,-0.0001000000,0.0066000000,0.0076000000,-0.0098000000,0.0128000000,0.0047000000,0.0222000000,0.0125000000
2008-08-15,0.0031000000,0.0063000000,0.0018000000,-0.0157000000,0.0042000000,0.0013000000,0.0106000000,0.0048000000,0.0120000000,0.0045000000,0.0119000000,0.0064000000
2008-08-18,-0.0108000000,-0.0222000000,-0.0135000000,-0.0121000000,-0.0034000000,-0.0135000000,-0.0119000000,0.0011000000,-0.0122000000,-0.0089000000,-0.0307000000,-0.0167000000
2008-08-19,-0.0078000000,-0.0237000000,-0.0107000000,0.0275000000,-0.0043000000,-0.0133000000,-0.0176000000,0.0038000000,-0.0181000000,-0.0061000000,-0.0266000000,-0.0173000000
2008-08-20,0.0035000000,-0.0044000000,0.0044000000,0.0287000000,0.0022000000,0.0031000000,-0.0023000000,0.0083000000,-0.0019000000,-0.0041000000,0.0111000000,0.0015000000
2008-08-21,-0.0035000000,-0.0111000000,0.0008000000,0.0239000000,-0.0013000000,-0.0032000000,0.0023000000,0.0081000000,0.0033000000,-0.0002000000,-0.0087000000,0.0036000000
2008-08-22,0.0068000000,0.0177000000,0.0105000000,-0.0164000000,0.0123000000,0.0146000000,0.0179000000,-0.0001000000,0.0179000000,0.0105000000,0.0258000000,0.0149000000
2008-08-25,-0.0138000000,-0.0210000000,-0.0205000000,-0.0155000000,-0.0175000000,-0.0175000000,-0.0236000000,-0.0097000000,-0.0212000000,-0.0135000000,-0.0289000000,-0.0205000000
2008-08-26,-0.0029000000,0.0000000000,0.0025000000,0.0184000000,0.0005000000,-0.0037000000,0.0040000000,0.0119000000,0.0043000000,0.0004000000,0.0068000000,0.0007000000
2008-08-27,0.0046000000,0.0061000000,0.0109000000,0.0141000000,0.0060000000,0.0086000000,0.0117000000,0.0096000000,0.0043000000,-0.0010000000,0.0152000000,0.0101000000
2008-08-28,0.0038000000,0.0267000000,0.0230000000,-0.0068000000,0.0109000000,0.0099000000,0.0231000000,0.0045000000,0.0166000000,0.0085000000,0.0389000000,0.0215000000
2008-08-29,-0.0121000000,-0.0108000000,-0.0140000000,-0.0120000000,-0.0124000000,-0.0221000000,-0.0087000000,-0.0159000000,-0.0105000000,-0.0110000000,-0.0046000000,-0.0111000000
2008-09-02,0.0070000000,0.0081000000,-0.0129000000,-0.0490000000,-0.0035000000,-0.0123000000,0.0071000000,-0.0188000000,0.0165000000,0.0010000000,0.0147000000,0.0007000000
2008-09-03,-0.0043000000,0.0034000000,-0.0101000000,-0.0034000000,0.0011000000,-0.0147000000,0.0000000000,-0.0134000000,0.0054000000,0.0004000000,0.0134000000,-0.0047000000
2008-09-04,-0.0145000000,-0.0276000000,-0.0379000000,-0.0227000000,-0.0237000000,-0.0319000000,-0.0335000000,-0.0117000000,-0.0215000000,-0.0221000000,-0.0433000000,-0.0300000000
2008-09-05,0.0134000000,0.0004000000,0.0020000000,-0.0014000000,0.0112000000,-0.0024000000,-0.0057000000,-0.0172000000,0.0048000000,-0.0037000000,0.0271000000,-0.0002000000
2008-09-08,0.0169000000,0.0315000000,0.0079000000,-0.0087000000,0.0090000000,0.0058000000,0.0301000000,0.0188000000,0.0314000000,0.0149000000,0.0417000000,0.0218000000
2008-09-09,-0.0089000000,-0.0310000000,-0.0402000000,-0.0681000000,-0.0266000000,-0.0227000000,-0.0151000000,-0.0332000000,-0.0207000000,-0.0150000000,-0.0572000000,-0.0387000000
2008-09-10,0.0019000000,0.0173000000,0.0082000000,0.0390000000,0.0105000000,0.0078000000,-0.0120000000,0.0099000000,0.0062000000,0.0019000000,-0.0023000000,0.0082000000
2008-09-11,0.0136000000,0.0151000000,0.0145000000,0.0120000000,0.0163000000,0.0107000000,0.0019000000,0.0108000000,0.0152000000,0.0108000000,0.0152000000,0.0136000000
2008-09-12,0.0053000000,0.0090000000,0.0124000000,0.0316000000,0.0123000000,0.0011000000,0.0029000000,0.0158000000,-0.0122000000,-0.0026000000,-0.0079000000,-0.0016000000
2008-09-15,-0.0188000000,-0.0413000000,-0.0425000000,-0.0718000000,-0.0295000000,-0.0368000000,-0.0434000000,-0.0370000000,-0.0214000000,-0.0203000000,-0.0845000000,-0.0426000000
2008-09-16,0.0086000000,0.0121000000,0.0143000000,0.0354000000,0.0087000000,0.0064000000,-0.0056000000,-0.0022000000,0.0083000000,0.0054000000,0.0471000000,0.0201000000
2008-09-17,-0.0376000000,-0.0443000000,-0.0468000000,-0.0211000000,-0.0318000000,-0.0472000000,-0.0454000000,-0.0486000000,-0.0457000000,-0.0331000000,-0.0787000000,-0.0408000000
2008-09-18,0.0249000000,0.0505000000,0.0339000000,0.0353000000,0.0130000000,0.0408000000,0.0324000000,0.0363000000,0.0364000000,0.0241000000,0.1025000000,0.0434000000
2008-09-19,0.0140000000,0.0397000000,0.0362000000,0.0649000000,0.0252000000,0.0299000000,0.0366000000,0.0334000000,0.0019000000,0.0092000000,0.0985000000,0.0629000000
2008-09-22,-0.0254000000,-0.0518000000,-0.0320000000,-0.0104000000,-0.0314000000,-0.0350000000,-0.0431000000,-0.0227000000,-0.0378000000,-0.0232000000,-0.0801000000,-0.0471000000
2008-09-23,-0.0107000000,-0.0264000000,-0.0241000000,-0.0263000000,-0.0249000000,-0.0098000000,-0.0143000000,-0.0128000000,-0.0129000000,-0.0037000000,-0.0135000000,-0.0234000000
2008-09-24,-0.0033000000,-0.0152000000,-0.0128000000,-0.0019000000,0.0048000000,0.0044000000,0.0000000000,-0.0010000000,-0.0045000000,0.0038000000,-0.0127000000,-0.0049000000
2008-09-25,0.0144000000,0.0005000000,0.0099000000,0.0231000000,0.0005000000,0.0183000000,0.0295000000,0.0250000000,0.0163000000,0.0153000000,0.0201000000,0.0142000000
2008-09-26,0.0012000000,-0.0087000000,-0.0036000000,-0.0176000000,-0.0131000000,0.0009000000,0.0027000000,-0.0103000000,0.0092000000,0.0015000000,0.0223000000,-0.0045000000
2008-09-29,-0.0487000000,-0.0687000000,-0.0747000000,-0.1071000000,-0.0574000000,-0.0861000000,-0.0835000000,-0.0583000000,-0.0538000000,-0.0522000000,-0.1413000000,-0.0622000000
2008-09-30,0.0249000000,0.0444000000,0.0361000000,0.0592000000,0.0382000000,0.0491000000,0.0338000000,0.0184000000,0.0258000000,0.0301000000,0.1112000000,0.0366000000
2008-10-01,0.0145000000,-0.0319000000,-0.0256000000,-0.0167000000,0.0046000000,-0.0192000000,-0.0027000000,-0.0006000000,-0.0071000000,-0.0027000000,0.0193000000,-0.0117000000
2008-10-02,-0.0299000000,-0.0750000000,-0.0637000000,-0.0598000000,-0.0470000000,-0.0437000000,-0.0310000000,-0.0313000000,-0.0315000000,-0.0154000000,-0.0397000000,-0.0628000000
2008-10-03,-0.0091000000,-0.0336000000,-0.0158000000,-0.0055000000,-0.0071000000,-0.0109000000,-0.0101000000,-0.0077000000,-0.0165000000,-0.0070000000,-0.0320000000,-0.0154000000
2008-10-06,-0.0396000000,-0.0386000000,-0.0399000000,-0.0353000000,-0.0368000000,-0.0393000000,-0.0424000000,-0.0531000000,-0.0339000000,-0.0458000000,-0.0400000000,-0.0326000000
2008-10-07,-0.0306000000,-0.0663000000,-0.0558000000,-0.0551000000,-0.0417000000,-0.0598000000,-0.0488000000,-0.0425000000,-0.0510000000,-0.0334000000,-0.1002000000,-0.0553000000
2008-10-08,-0.0182000000,-0.0212000000,-0.0077000000,0.0067000000,-0.0051000000,-0.0104000000,-0.0250000000,-0.0216000000,-0.0116000000,-0.0084000000,-0.0309000000,-0.0064000000
2008-10-09,-0.0685000000,-0.0931000000,-0.0661000000,-0.1173000000,-0.0659000000,-0.0406000000,-0.0724000000,-0.0669000000,-0.0593000000,-0.0670000000,-0.1099000000,-0.0616000000
2008-10-10,-0.0153000000,0.0161000000,-0.0141000000,-0.0802000000,-0.0232000000,-0.0069000000,-0.0401000000,-0.0454000000,-0.0047000000,-0.0332000000,0.0537000000,0.0237000000
2008-10-13,0.1024000000,0.0961000000,0.1137000000,0.1918000000,0.0968000000,0.1188000000,0.1450000000,0.1446000000,0.0773000000,0.1110000000,0.1125000000,0.0634000000
2008-10-14,-0.0407000000,-0.0324000000,-0.0220000000,-0.0057000000,-0.0104000000,-0.0365000000,-0.0037000000,-0.0073000000,-0.0273000000,-0.0024000000,0.0512000000,-0.0151000000
2008-10-15,-0.0587000000,-0.0934000000,-0.1049000000,-0.1529000000,-0.0862000000,-0.0799000000,-0.0967000000,-0.0892000000,-0.0821000000,-0.0591000000,-0.0853000000,-0.0840000000
2008-10-16,0.0311000000,0.0317000000,0.0559000000,0.0900000000,0.0417000000,0.0500000000,0.0366000000,0.0428000000,0.0552000000,0.0370000000,0.0217000000,0.0285000000
2008-10-17,0.0077000000,-0.0092000000,-0.0196000000,-0.0002000000,-0.0053000000,-0.0034000000,0.0026000000,0.0099000000,-0.0037000000,-0.0029000000,-0.0185000000,0.0061000000
2008-10-20,0.0336000000,0.0188000000,0.0434000000,0.1095000000,0.0509000000,0.0350000000,0.0612000000,0.0860000000,0.0256000000,0.0387000000,0.0288000000,0.0422000000
2008-10-21,-0.0187000000,-0.0441000000,-0.0317000000,-0.0429000000,-0.0348000000,-0.0497000000,-0.0352000000,-0.0366000000,-0.0202000000,-0.0130000000,-0.0197000000,-0.0208000000
2008-10-22,-0.0341000000,-0.0772000000,-0.0708000000,-0.1020000000,-0.0644000000,-0.0408000000,-0.0770000000,-0.0611000000,-0.0409000000,-0.0448000000,-0.0629000000,-0.0546000000
2008-10-23,-0.0045000000,-0.0222000000,-0.0026000000,0.0628000000,0.0102000000,-0.0083000000,0.0142000000,0.0388000000,-0.0071000000,0.0112000000,-0.0119000000,-0.0226000000
2008-10-24,-0.0384000000,-0.0316000000,-0.0400000000,-0.0340000000,-0.0361000000,-0.0279000000,-0.0410000000,-0.0304000000,-0.0342000000,-0.0260000000,-0.0296000000,-0.0355000000
2008-10-27,-0.0157000000,-0.0453000000,-0.0376000000,-0.0564000000,-0.0375000000,-0.0279000000,-0.0062000000,-0.0372000000,-0.0301000000,-0.0282000000,-0.0438000000,-0.0350000000
2008-10-28,0.0863000000,0.0968000000,0.1000000000,0.1202000000,0.0985000000,0.1020000000,0.1322000000,0.1017000000,0.1099000000,0.0653000000,0.1073000000,0.0697000000
2008-10-29,-0.0113000000,0.0160000000,0.0072000000,0.0227000000,-0.0005000000,-0.0101000000,-0.0260000000,-0.0157000000,0.0009000000,-0.0109000000,-0.0226000000,0.0205000000
2008-10-30,0.0249000000,0.0353000000,0.0380000000,0.0407000000,0.0360000000,0.0307000000,0.0288000000,0.0504000000,0.0228000000,0.0254000000,0.0165000000,0.0343000000
2008-10-31,0.0064000000,0.0284000000,0.0221000000,0.0082000000,0.0194000000,0.0054000000,0.0056000000,-0.0100000000,0.0275000000,0.0130000000,0.0492000000,0.0317000000
2008-11-03,0.0024000000,-0.0026000000,0.0011000000,-0.0198000000,-0.0045000000,-0.0027000000,0.0303000000,-0.0014000000,-0.0146000000,0.0077000000,0.0061000000,-0.0022000000
2008-11-04,0.0247000000,0.0443000000,0.0451000000,0.0624000000,0.0352000000,0.0331000000,0.0462000000,0.0230000000,0.0204000000,0.0150000000,0.0432000000,0.0409000000
2008-11-05,-0.0310000000,-0.0483000000,-0.0538000000,-0.0464000000,-0.0465000000,-0.0534000000,-0.0668000000,-0.0361000000,-0.0433000000,-0.0350000000,-0.0731000000,-0.0463000000
2008-11-06,-0.0368000000,-0.0751000000,-0.0656000000,-0.0627000000,-0.0301000000,-0.0504000000,-0.0490000000,-0.0426000000,-0.0305000000,-0.0287000000,-0.0589000000,-0.0594000000
2008-11-07,0.0229000000,0.0082000000,0.0233000000,0.0487000000,0.0270000000,0.0238000000,0.0299000000,0.0460000000,0.0172000000,0.0275000000,0.0192000000,0.0185000000
2008-11-10,-0.0065000000,-0.0460000000,-0.0122000000,0.0069000000,-0.0024000000,-0.0178000000,-0.0099000000,-0.0220000000,-0.0097000000,-0.0033000000,-0.0352000000,-0.0122000000
2008-11-11,-0.0189000000,-0.0331000000,-0.0340000000,-0.0306000000,-0.0288000000,-0.0210000000,-0.0313000000,-0.0033000000,-0.0192000000,-0.0138000000,-0.0215000000,-0.0261000000
2008-11-12,-0.0351000000,-0.0581000000,-0.0534000000,-0.0735000000,-0.0456000000,-0.0516000000,-0.0565000000,-0.0343000000,-0.0494000000,-0.0318000000,-0.0607000000,-0.0581000000
2008-11-13,0.0432000000,0.0843000000,0.0826000000,0.1092000000,0.0660000000,0.0611000000,0.0780000000,0.0783000000,0.0611000000,0.0594000000,0.0691000000,0.0510000000
2008-11-14,-0.0332000000,-0.0561000000,-0.0537000000,-0.0365000000,-0.0372000000,-0.0507000000,-0.0288000000,-0.0365000000,-0.0493000000,-0.0351000000,-0.0467000000,-0.0444000000
2008-11-17,-0.0113000000,-0.0232000000,-0.0276000000,-0.0154000000,-0.0132000000,-0.0263000000,-0.0310000000,-0.0010000000,-0.0217000000,-0.0185000000,-0.0489000000,-0.0228000000
2008-11-18,0.0054000000,-0.0173000000,0.0055000000,0.0305000000,0.0152000000,0.0159000000,-0.0069000000,0.0049000000,0.0052000000,0.0070000000,-0.0043000000,-0.0029000000
2008-11-19,-0.0432000000,-0.0958000000,-0.0692000000,-0.0538000000,-0.0487000000,-0.0586000000,-0.0641000000,-0.0376000000,-0.0497000000,-0.0457000000,-0.1002000000,-0.0867000000
2008-11-20,-0.0423000000,-0.0578000000,-0.0586000000,-0.1093000000,-0.0708000000,-0.0481000000,-0.0554000000,-0.0619000000,-0.0389000000,-0.0625000000,-0.0910000000,-0.0690000000
2008-11-21,0.0578000000,0.0559000000,0.0731000000,0.1190000000,0.0599000000,0.0568000000,0.0613000000,0.0892000000,0.0431000000,0.0364000000,0.0364000000,0.0750000000
2008-11-24,0.0355000000,0.0881000000,0.0573000000,0.0615000000,0.0358000000,0.0596000000,0.0708000000,0.0249000000,0.0493000000,0.0288000000,0.1471000000,0.0611000000
2008-11-25,-0.0049000000,0.0303000000,0.0079000000,0.0070000000,-0.0048000000,-0.0113000000,0.0183000000,0.0055000000,0.0218000000,0.0007000000,0.0255000000,0.0386000000
2008-11-26,0.0216000000,0.0906000000,0.0528000000,0.0561000000,0.0173000000,0.0429000000,0.0520000000,0.0162000000,0.0420000000,0.0123000000,0.0467000000,0.0438000000
2008-11-28,0.0161000000,0.0291000000,0.0188000000,-0.0173000000,0.0145000000,0.0007000000,0.0181000000,0.0158000000,-0.0018000000,0.0125000000,0.0275000000,0.0235000000
2008-12-01,-0.0606000000,-0.1063000000,-0.0984000000,-0.0961000000,-0.0766000000,-0.0781000000,-0.0796000000,-0.0733000000,-0.0728000000,-0.0635000000,-0.1490000000,-0.0882000000
2008-12-02,0.0152000000,0.0540000000,0.0356000000,0.0396000000,0.0279000000,0.0343000000,0.0497000000,0.0235000000,0.0242000000,0.0356000000,0.0656000000,0.0590000000
2008-12-03,0.0256000000,0.0387000000,0.0161000000,0.0061000000,0.0161000000,0.0265000000,0.0284000000,0.0221000000,0.0312000000,0.0295000000,0.0494000000,0.0174000000
2008-12-04,-0.0234000000,-0.0441000000,-0.0343000000,-0.0618000000,-0.0260000000,-0.0419000000,-0.0225000000,-0.0493000000,0.0105000000,-0.0236000000,-0.0196000000,-0.0235000000
2008-12-05,0.0325000000,0.0461000000,0.0291000000,0.0121000000,0.0288000000,0.0395000000,0.0235000000,0.0257000000,0.0472000000,0.0324000000,0.0759000000,0.0285000000
2008-12-08,0.0141000000,0.0919000000,0.0505000000,0.0581000000,0.0195000000,0.0493000000,0.0489000000,0.0109000000,0.0120000000,0.0137000000,0.0512000000,0.0501000000
2008-12-09,-0.0181000000,-0.0282000000,-0.0114000000,-0.0070000000,-0.0270000000,-0.0085000000,-0.0264000000,-0.0145000000,-0.0278000000,-0.0204000000,-0.0430000000,-0.0342000000
2008-12-10,0.0099000000,0.0109000000,0.0209000000,0.0494000000,0.0037000000,0.0085000000,-0.0069000000,0.0226000000,0.0176000000,0.0062000000,-0.0044000000,0.0116000000
2008-12-11,-0.0226000000,-0.0695000000,-0.0375000000,-0.0034000000,-0.0255000000,-0.0337000000,-0.0171000000,-0.0123000000,-0.0245000000,-0.0041000000,-0.0630000000,-0.0456000000
2008-12-12,0.0003000000,0.0097000000,0.0179000000,-0.0066000000,0.0137000000,0.0218000000,0.0015000000,0.0079000000,0.0068000000,0.0083000000,0.0182000000,0.0024000000
2008-12-15,-0.0038000000,-0.0159000000,-0.0124000000,-0.0062000000,-0.0041000000,-0.0192000000,-0.0200000000,-0.0178000000,-0.0123000000,-0.0086000000,-0.0313000000,-0.0172000000
2008-12-16,0.0290000000,0.0413000000,0.0543000000,0.0394000000,0.0473000000,0.0495000000,0.0495000000,0.0339000000,0.0386000000,0.0391000000,0.0937000000,0.0616000000
2008-12-17,0.0018000000,0.0149000000,0.0061000000,-0.0154000000,-0.0090000000,-0.0111000000,-0.0011000000,-0.0262000000,0.0045000000,-0.0048000000,-0.0117000000,-0.0008000000
2008-12-18,0.0002000000,-0.0406000000,-0.0239000000,-0.0547000000,-0.0158000000,-0.0220000000,-0.0193000000,-0.0003000000,-0.0050000000,0.0045000000,-0.0172000000,-0.0326000000
2008-12-19,-0.0070000000,0.0303000000,0.0052000000,-0.0071000000,-0.0036000000,0.0107000000,0.0070000000,0.0032000000,-0.0008000000,0.0070000000,0.0062000000,0.0038000000
2008-12-22,-0.0082000000,-0.0465000000,-0.0211000000,-0.0247000000,-0.0084000000,-0.0206000000,-0.0156000000,-0.0050000000,-0.0165000000,-0.0058000000,-0.0333000000,-0.0216000000
2008-12-23,-0.0072000000,-0.0282000000,-0.0154000000,-0.0021000000,-0.0110000000,-0.0086000000,-0.0092000000,-0.0145000000,-0.0119000000,-0.0036000000,-0.0157000000,-0.0003000000
2008-12-24,0.0091000000,0.0045000000,0.0097000000,0.0013000000,0.0067000000,0.0021000000,0.0037000000,0.0068000000,0.0062000000,0.0011000000,0.0137000000,-0.0018000000
2008-12-26,0.0073000000,0.0229000000,0.0126000000,0.0185000000,0.0077000000,0.0032000000,0.0113000000,0.0070000000,0.0002000000,0.0016000000,0.0038000000,0.0045000000
2008-12-29,-0.0030000000,-0.0241000000,-0.0088000000,0.0173000000,-0.0174000000,-0.0076000000,-0.0076000000,-0.0013000000,-0.0094000000,-0.0073000000,-0.0080000000,-0.0112000000
2008-12-30,0.0168000000,0.0397000000,0.0353000000,0.0176000000,0.0252000000,0.0244000000,0.0279000000,0.0181000000,0.0191000000,0.0219000000,0.0389000000,0.0193000000
2008-12-31,0.0051000000,0.0228000000,0.0187000000,0.0151000000,0.0130000000,0.0121000000,0.0172000000,0.0192000000,0.0179000000,0.0116000000,0.0239000000,0.0309000000
2009-01-02,0.0203000000,0.0579000000,0.0442000000,0.0421000000,0.0265000000,0.0399000000,0.0415000000,0.0239000000,0.0285000000,0.0181000000,0.0188000000,0.0385000000
2009-01-05,-0.0004000000,0.0172000000,0.0011000000,0.0142000000,-0.0024000000,0.0016000000,-0.0287000000,0.0080000000,0.0032000000,-0.0096000000,-0.0171000000,0.0022000000
2009-01-06,-0.0083000000,0.0360000000,0.0230000000,0.0031000000,0.0095000000,0.0256000000,0.0124000000,-0.0054000000,0.0026000000,-0.0128000000,0.0169000000,0.0125000000
2009-01-07,-0.0039000000,-0.0405000000,-0.0401000000,-0.0393000000,-0.0246000000,-0.0338000000,-0.0267000000,-0.0203000000,-0.0175000000,-0.0093000000,-0.0464000000,-0.0423000000
2009-01-08,-0.0045000000,0.0145000000,0.0107000000,0.0127000000,-0.0001000000,0.0077000000,0.0120000000,0.0046000000,-0.0145000000,0.0057000000,0.0030000000,0.0108000000
2009-01-09,-0.0132000000,-0.0375000000,-0.0259000000,-0.0287000000,-0.0146000000,-0.0234000000,-0.0244000000,-0.0128000000,-0.0246000000,-0.0068000000,-0.0335000000,-0.0230000000
2009-01-12,-0.0116000000,-0.0335000000,-0.0314000000,-0.0310000000,-0.0131000000,-0.0148000000,-0.0299000000,-0.0035000000,-0.0144000000,-0.0098000000,-0.0455000000,-0.0267000000
2009-01-13,0.0084000000,-0.0080000000,-0.0066000000,0.0208000000,-0.0047000000,-0.0009000000,-0.0049000000,-0.0134000000,0.0032000000,0.0101000000,0.0114000000,-0.0126000000
2009-01-14,-0.0262000000,-0.0519000000,-0.0384000000,-0.0426000000,-0.0306000000,-0.0336000000,-0.0308000000,-0.0169000000,-0.0247000000,-0.0145000000,-0.0530000000,-0.0435000000
2009-01-15,0.0091000000,0.0153000000,0.0107000000,0.0123000000,0.0086000000,0.0128000000,-0.0004000000,0.0066000000,0.0186000000,0.0062000000,-0.0330000000,0.0084000000
2009-01-16,0.0171000000,-0.0015000000,0.0131000000,0.0126000000,0.0068000000,0.0114000000,0.0060000000,0.0189000000,0.0129000000,0.0074000000,-0.0134000000,0.0047000000
2009-01-20,-0.0218000000,-0.0683000000,-0.0530000000,-0.0442000000,-0.0314000000,-0.0530000000,-0.0409000000,-0.0248000000,-0.0418000000,-0.0266000000,-0.1315000000,-0.0581000000
2009-01-21,0.0110000000,0.0354000000,0.0361000000,0.0592000000,0.0236000000,0.0496000000,0.0446000000,0.0199000000,0.0117000000,0.0233000000,0.1084000000,0.0289000000
2009-01-22,-0.0032000000,-0.0386000000,-0.0190000000,-0.0238000000,-0.0137000000,-0.0243000000,-0.0174000000,-0.0046000000,-0.0006000000,-0.0047000000,-0.0447000000,0.0015000000
2009-01-23,-0.0054000000,-0.0069000000,-0.0032000000,0.0175000000,-0.0047000000,0.0121000000,0.0089000000,0.0047000000,-0.0048000000,0.0024000000,0.0264000000,-0.0271000000
2009-01-26,0.0094000000,0.0030000000,0.0037000000,0.0155000000,-0.0031000000,0.0116000000,0.0180000000,0.0218000000,0.0098000000,-0.0055000000,-0.0150000000,0.0058000000
2009-01-27,0.0043000000,0.0145000000,0.0153000000,0.0008000000,0.0053000000,0.0111000000,-0.0138000000,0.0042000000,0.0027000000,0.0167000000,0.0330000000,0.0177000000
2009-01-28,0.0094000000,0.0450000000,0.0375000000,0.0206000000,0.0306000000,0.0319000000,0.0325000000,0.0108000000,0.0225000000,0.0089000000,0.0992000000,0.0336000000
2009-01-29,-0.0133000000,-0.0502000000,-0.0419000000,-0.0363000000,-0.0149000000,-0.0305000000,-0.0370000000,-0.0081000000,-0.0276000000,-0.0088000000,-0.0702000000,-0.0378000000
2009-01-30,-0.0280000000,-0.0250000000,-0.0271000000,-0.0129000000,-0.0416000000,-0.0258000000,-0.0231000000,-0.0201000000,-0.0206000000,-0.0114000000,-0.0217000000,-0.0222000000
2009-02-02,-0.0018000000,-0.0007000000,-0.0185000000,-0.0089000000,-0.0197000000,0.0118000000,0.0120000000,0.0038000000,-0.0021000000,0.0084000000,0.0083000000,-0.0093000000
2009-02-03,0.0227000000,0.0175000000,0.0204000000,0.0194000000,0.0188000000,0.0164000000,0.0179000000,0.0086000000,0.0248000000,0.0216000000,-0.0139000000,0.0163000000
2009-02-04,-0.0216000000,-0.0030000000,0.0015000000,0.0007000000,-0.0071000000,0.0051000000,-0.0266000000,0.0082000000,-0.0202000000,-0.0070000000,-0.0073000000,-0.0042000000
2009-02-05,0.0106000000,0.0212000000,0.0198000000,0.0248000000,0.0210000000,0.0207000000,0.0080000000,0.0078000000,0.0286000000,0.0069000000,0.0214000000,-0.0006000000
2009-02-06,0.0168000000,0.0464000000,0.0267000000,0.0175000000,0.0252000000,0.0315000000,0.0263000000,0.0118000000,0.0265000000,0.0104000000,0.0603000000,0.0329000000
2009-02-09,-0.0127000000,0.0020000000,0.0028000000,0.0018000000,-0.0101000000,0.0020000000,-0.0055000000,-0.0088000000,-0.0041000000,-0.0045000000,0.0070000000,0.0168000000
2009-02-10,-0.0331000000,-0.0493000000,-0.0531000000,-0.0469000000,-0.0326000000,-0.0416000000,-0.0470000000,-0.0291000000,-0.0378000000,-0.0285000000,-0.0873000000,-0.0482000000
2009-02-11,0.0099000000,0.0057000000,0.0037000000,-0.0133000000,-0.0034000000,0.0051000000,0.0006000000,-0.0051000000,0.0041000000,0.0116000000,0.0386000000,0.0097000000
2009-02-12,0.0177000000,-0.0056000000,-0.0070000000,0.0033000000,0.0058000000,0.0068000000,0.0054000000,-0.0073000000,0.0047000000,0.0094000000,-0.0044000000,-0.0060000000
2009-02-13,-0.0085000000,-0.0117000000,0.0000000000,-0.0003000000,-0.0073000000,0.0001000000,-0.0037000000,-0.0003000000,-0.0177000000,-0.0085000000,-0.0304000000,-0.0091000000
2009-02-17,-0.0277000000,-0.0518000000,-0.0533000000,-0.0617000000,-0.0367000000,-0.0434000000,-0.0489000000,-0.0498000000,-0.0162000000,-0.0177000000,-0.0761000000,-0.0447000000
2009-02-18,-0.0016000000,-0.0138000000,-0.0070000000,-0.0050000000,0.0065000000,0.0012000000,-0.0165000000,-0.0151000000,0.0075000000,0.0002000000,-0.0023000000,-0.0134000000
2009-02-19,0.0090000000,-0.0265000000,-0.0135000000,0.0033000000,-0.0015000000,-0.0273000000,0.0026000000,0.0010000000,0.0067000000,-0.0037000000,-0.0387000000,-0.0264000000
2009-02-20,-0.0126000000,-0.0169000000,-0.0167000000,-0.0238000000,-0.0155000000,-0.0020000000,0.0081000000,-0.0269000000,-0.0075000000,-0.0098000000,-0.0152000000,-0.0147000000
2009-02-23,-0.0258000000,-0.0372000000,-0.0499000000,-0.0409000000,-0.0449000000,-0.0425000000,-0.0273000000,-0.0266000000,-0.0294000000,-0.0193000000,-0.0380000000,-0.0363000000
2009-02-24,0.0219000000,0.0582000000,0.0394000000,0.0453000000,0.0297000000,0.0343000000,0.0454000000,0.0319000000,0.0307000000,0.0187000000,0.0909000000,0.0417000000
2009-02-25,-0.0114000000,-0.0242000000,-0.0283000000,-0.0063000000,-0.0094000000,-0.0069000000,0.0007000000,-0.0073000000,-0.0124000000,-0.0161000000,-0.0126000000,-0.0162000000
2009-02-26,-0.0218000000,-0.0176000000,-0.0125000000,-0.0039000000,-0.0116000000,-0.0144000000,-0.0128000000,-0.0166000000,-0.0229000000,-0.0403000000,0.0033000000,-0.0111000000
2009-02-27,-0.0068000000,-0.0144000000,-0.0201000000,-0.0323000000,-0.0057000000,-0.0042000000,-0.0058000000,-0.0121000000,0.0094000000,-0.0430000000,-0.0532000000,-0.0147000000
2009-03-02,-0.0309000000,-0.0722000000,-0.0686000000,-0.0659000000,-0.0440000000,-0.0351000000,-0.0388000000,-0.0417000000,-0.0342000000,-0.0401000000,-0.0625000000,-0.0626000000
2009-03-03,-0.0062000000,-0.0059000000,-0.0040000000,0.0034000000,-0.0003000000,0.0009000000,-0.0108000000,-0.0328000000,-0.0122000000,-0.0009000000,-0.0178000000,-0.0149000000
2009-03-04,0.0167000000,0.0233000000,0.0429000000,0.0390000000,0.0249000000,0.0269000000,0.0313000000,0.0216000000,0.0242000000,0.0241000000,0.0032000000,0.0191000000
2009-03-05,-0.0323000000,-0.0688000000,-0.0559000000,-0.0470000000,-0.0451000000,-0.0358000000,-0.0339000000,-0.0372000000,-0.0211000000,-0.0280000000,-0.0877000000,-0.0395000000
2009-03-06,0.0138000000,-0.0374000000,-0.0059000000,0.0144000000,0.0114000000,-0.0071000000,-0.0044000000,0.0042000000,-0.0095000000,0.0181000000,-0.0067000000,0.0028000000
2009-03-09,-0.0082000000,-0.0102000000,-0.0069000000,0.0045000000,-0.0158000000,-0.0240000000,-0.0366000000,-0.0223000000,-0.0146000000,-0.0073000000,0.0063000000,-0.0076000000
2009-03-10,0.0265000000,0.0790000000,0.0748000000,0.0512000000,0.0451000000,0.0702000000,0.0711000000,0.0259000000,0.0532000000,0.0305000000,0.1247000000,0.1011000000
2009-03-11,0.0041000000,0.0266000000,0.0103000000,-0.0108000000,0.0072000000,0.0198000000,0.0084000000,-0.0062000000,-0.0071000000,-0.0144000000,0.0146000000,-0.0009000000
2009-03-12,0.0306000000,0.0627000000,0.0312000000,0.0299000000,0.0195000000,0.0285000000,0.0425000000,0.0163000000,0.0358000000,0.0502000000,0.0882000000,0.0499000000
2009-03-13,0.0120000000,0.0178000000,-0.0001000000,-0.0064000000,0.0182000000,-0.0012000000,0.0028000000,0.0132000000,0.0128000000,0.0283000000,0.0079000000,-0.0008000000
2009-03-16,0.0108000000,-0.0072000000,0.0064000000,0.0042000000,0.0095000000,-0.0159000000,-0.0065000000,0.0230000000,-0.0131000000,-0.0113000000,-0.0153000000,-0.0075000000
2009-03-17,0.0174000000,0.0318000000,0.0195000000,0.0373000000,0.0152000000,0.0366000000,0.0425000000,0.0217000000,0.0358000000,0.0164000000,0.0575000000,0.0284000000
2009-03-18,-0.0040000000,0.0614000000,0.0235000000,0.0083000000,0.0084000000,0.0158000000,0.0230000000,0.0270000000,0.0200000000,0.0004000000,0.0791000000,0.0197000000
2009-03-19,-0.0088000000,0.0032000000,0.0052000000,0.0139000000,-0.0148000000,0.0045000000,-0.0169000000,0.0150000000,-0.0066000000,-0.0206000000,-0.0637000000,0.0015000000
2009-03-20,0.0039000000,-0.0179000000,-0.0299000000,-0.0358000000,-0.0192000000,-0.0187000000,-0.0168000000,-0.0090000000,-0.0163000000,0.0015000000,-0.0369000000,-0.0275000000
2009-03-23,0.0396000000,0.0954000000,0.0799000000,0.0756000000,0.0540000000,0.0635000000,0.0717000000,0.0436000000,0.0530000000,0.0353000000,0.1401000000,0.0728000000
2009-03-24,-0.0013000000,-0.0252000000,-0.0129000000,-0.0195000000,-0.0074000000,-0.0176000000,-0.0169000000,-0.0243000000,-0.0120000000,-0.0130000000,-0.0521000000,-0.0129000000
2009-03-25,0.0065000000,0.0050000000,0.0082000000,0.0043000000,0.0158000000,0.0036000000,-0.0006000000,0.0023000000,0.0128000000,0.0061000000,0.0331000000,0.0036000000
2009-03-26,0.0151000000,0.0604000000,0.0458000000,0.0113000000,0.0246000000,0.0409000000,0.0205000000,0.0162000000,0.0312000000,0.0145000000,0.0167000000,0.0500000000
2009-03-27,-0.0125000000,-0.0228000000,-0.0243000000,-0.0260000000,-0.0152000000,-0.0265000000,0.0008000000,-0.0172000000,-0.0152000000,-0.0093000000,-0.0336000000,-0.0245000000
2009-03-30,-0.0242000000,-0.0632000000,-0.0491000000,-0.0319000000,-0.0302000000,-0.0280000000,-0.0540000000,-0.0202000000,-0.0217000000,-0.0070000000,-0.0703000000,-0.0435000000
2009-03-31,-0.0026000000,0.0021000000,0.0082000000,-0.0038000000,0.0031000000,0.0179000000,0.0090000000,0.0145000000,0.0069000000,0.0031000000,0.0532000000,0.0102000000
2009-04-01,0.0155000000,0.0267000000,0.0211000000,0.0207000000,0.0237000000,0.0215000000,0.0355000000,0.0026000000,0.0133000000,-0.0022000000,0.0216000000,0.0122000000
2009-04-02,0.0152000000,0.0838000000,0.0577000000,0.0342000000,0.0330000000,0.0310000000,0.0420000000,0.0156000000,0.0346000000,0.0000000000,0.0289000000,0.0509000000
2009-04-03,0.0025000000,0.0422000000,0.0128000000,0.0141000000,0.0141000000,0.0105000000,0.0103000000,0.0070000000,0.0044000000,-0.0133000000,0.0266000000,0.0171000000
2009-04-06,-0.0037000000,0.0058000000,-0.0043000000,-0.0158000000,-0.0067000000,-0.0073000000,-0.0077000000,-0.0116000000,-0.0101000000,0.0010000000,-0.0230000000,-0.0069000000
2009-04-07,-0.0134000000,-0.0493000000,-0.0330000000,-0.0281000000,-0.0275000000,-0.0264000000,-0.0260000000,-0.0087000000,-0.0234000000,-0.0126000000,-0.0229000000,-0.0362000000
2009-04-08,0.0130000000,0.0322000000,0.0096000000,0.0110000000,0.0117000000,0.0177000000,0.0046000000,0.0149000000,0.0234000000,0.0108000000,0.0072000000,0.0087000000
2009-04-09,0.0114000000,0.0946000000,0.0613000000,0.0251000000,0.0237000000,0.0336000000,0.0280000000,0.0030000000,0.0194000000,0.0066000000,0.1167000000,0.0472000000
2009-04-13,-0.0035000000,-0.0128000000,-0.0089000000,-0.0131000000,-0.0116000000,-0.0058000000,-0.0071000000,-0.0130000000,0.0023000000,-0.0012000000,0.0424000000,0.0132000000
2009-04-14,-0.0155000000,-0.0104000000,-0.0154000000,-0.0069000000,-0.0160000000,-0.0100000000,-0.0242000000,-0.0134000000,-0.0166000000,-0.0039000000,-0.0631000000,-0.0200000000
2009-04-15,0.0187000000,-0.0004000000,0.0148000000,0.0006000000,0.0212000000,-0.0049000000,0.0153000000,0.0135000000,-0.0011000000,0.0046000000,0.0432000000,0.0147000000
2009-04-16,0.0078000000,0.0388000000,0.0303000000,0.0013000000,0.0269000000,0.0323000000,0.0267000000,0.0064000000,0.0215000000,0.0061000000,0.0032000000,0.0223000000
2009-04-17,0.0041000000,0.0199000000,0.0059000000,0.0053000000,0.0124000000,-0.0014000000,-0.0020000000,0.0047000000,0.0064000000,0.0110000000,0.0088000000,0.0056000000
2009-04-20,-0.0198000000,-0.0740000000,-0.0527000000,-0.0448000000,-0.0347000000,-0.0324000000,-0.0384000000,-0.0189000000,-0.0290000000,-0.0210000000,-0.0930000000,-0.0500000000
2009-04-21,0.0006000000,0.0345000000,0.0310000000,0.0209000000,0.0185000000,0.0191000000,0.0123000000,0.0067000000,0.0200000000,-0.0038000000,0.0673000000,0.0199000000
2009-04-22,-0.0049000000,0.0407000000,0.0200000000,-0.0155000000,-0.0080000000,0.0027000000,0.0009000000,-0.0113000000,0.0017000000,-0.0138000000,-0.0302000000,-0.0029000000
2009-04-23,0.0001000000,-0.0003000000,0.0035000000,0.0210000000,-0.0020000000,0.0020000000,-0.0062000000,0.0027000000,-0.0024000000,0.0027000000,0.0271000000,0.0047000000
2009-04-24,0.0080000000,0.0592000000,0.0319000000,0.0235000000,0.0228000000,0.0252000000,0.0083000000,-0.0007000000,0.0088000000,0.0049000000,0.0187000000,0.0233000000
2009-04-27,-0.0053000000,-0.0106000000,-0.0154000000,-0.0162000000,-0.0087000000,-0.0076000000,-0.0097000000,0.0066000000,-0.0048000000,0.0091000000,-0.0248000000,-0.0150000000
2009-04-28,0.0074000000,-0.0059000000,-0.0106000000,0.0059000000,-0.0035000000,-0.0042000000,0.0066000000,0.0049000000,0.0031000000,-0.0008000000,-0.0082000000,-0.0092000000
2009-04-29,0.0114000000,0.0502000000,0.0333000000,0.0270000000,0.0191000000,0.0214000000,0.0232000000,0.0122000000,0.0152000000,0.0113000000,0.0419000000,0.0337000000
2009-04-30,0.0002000000,0.0209000000,0.0055000000,-0.0212000000,0.0020000000,0.0035000000,0.0043000000,-0.0017000000,0.0072000000,-0.0042000000,-0.0096000000,0.0106000000
2009-05-01,0.0034000000,-0.0103000000,0.0184000000,0.0307000000,0.0056000000,0.0067000000,0.0176000000,0.0235000000,-0.0087000000,-0.0030000000,-0.0132000000,-0.0042000000
2009-05-04,0.0177000000,0.0413000000,0.0355000000,0.0299000000,0.0381000000,0.0186000000,0.0286000000,0.0179000000,0.0229000000,0.0186000000,0.0790000000,0.0416000000
2009-05-05,0.0029000000,-0.0103000000,-0.0033000000,-0.0147000000,-0.0170000000,-0.0024000000,-0.0015000000,-0.0050000000,-0.0003000000,0.0057000000,-0.0074000000,0.0063000000
2009-05-06,0.0065000000,0.0189000000,0.0158000000,0.0367000000,0.0036000000,0.0003000000,0.0193000000,0.0017000000,-0.0089000000,-0.0065000000,0.0580000000,0.0117000000
2009-05-07,-0.0006000000,-0.0341000000,-0.0284000000,-0.0105000000,-0.0058000000,-0.0295000000,-0.0249000000,0.0036000000,-0.0091000000,0.0190000000,-0.0226000000,-0.0171000000
2009-05-08,0.0108000000,0.0344000000,0.0388000000,0.0433000000,0.0136000000,0.0028000000,0.0084000000,0.0179000000,0.0055000000,0.0090000000,0.0700000000,0.0292000000
2009-05-11,-0.0093000000,-0.0341000000,-0.0289000000,-0.0304000000,-0.0176000000,-0.0011000000,-0.0097000000,-0.0069000000,-0.0066000000,-0.0060000000,-0.0577000000,-0.0273000000
2009-05-12,0.0145000000,-0.0537000000,-0.0067000000,0.0101000000,0.0094000000,-0.0060000000,-0.0068000000,0.0035000000,-0.0043000000,0.0119000000,-0.0156000000,-0.0170000000
2009-05-13,-0.0139000000,-0.0546000000,-0.0449000000,-0.0312000000,-0.0191000000,-0.0252000000,-0.0233000000,-0.0264000000,-0.0270000000,-0.0043000000,-0.0435000000,-0.0447000000
2009-05-14,0.0120000000,0.0185000000,0.0138000000,0.0032000000,0.0115000000,0.0137000000,0.0031000000,-0.0021000000,0.0004000000,0.0018000000,0.0309000000,0.0132000000
2009-05-15,-0.0002000000,0.0051000000,-0.0079000000,-0.0211000000,-0.0016000000,-0.0005000000,-0.0127000000,-0.0218000000,-0.0108000000,-0.0110000000,-0.0198000000,-0.0067000000
2009-05-18,0.0131000000,0.0411000000,0.0404000000,0.0319000000,0.0382000000,0.0255000000,0.0259000000,0.0061000000,0.0353000000,0.0124000000,0.0582000000,0.0362000000
2009-05-19,0.0025000000,0.0075000000,0.0046000000,0.0050000000,0.0078000000,0.0077000000,-0.0048000000,0.0148000000,-0.0014000000,-0.0042000000,-0.0239000000,0.0051000000
2009-05-20,0.0046000000,-0.0122000000,-0.0036000000,-0.0014000000,0.0076000000,-0.0058000000,-0.0093000000,-0.0111000000,-0.0059000000,0.0029000000,-0.0196000000,0.0007000000
2009-05-21,-0.0117000000,-0.0214000000,-0.0292000000,-0.0260000000,-0.0235000000,-0.0171000000,-0.0241000000,-0.0136000000,-0.0146000000,-0.0106000000,-0.0015000000,-0.0278000000
2009-05-22,0.0035000000,-0.0129000000,-0.0001000000,0.0020000000,0.0067000000,-0.0033000000,0.0003000000,0.0055000000,0.0016000000,0.0006000000,-0.0098000000,-0.0051000000
2009-05-26,0.0078000000,0.0458000000,0.0343000000,0.0203000000,0.0180000000,0.0318000000,0.0334000000,0.0291000000,0.0314000000,0.0151000000,0.0394000000,0.0319000000
2009-05-27,-0.0188000000,-0.0210000000,-0.0177000000,-0.0125000000,-0.0301000000,-0.0072000000,-0.0192000000,-0.0178000000,-0.0174000000,-0.0113000000,-0.0347000000,-0.0220000000
2009-05-28,0.0090000000,0.0076000000,0.0108000000,0.0283000000,0.0100000000,0.0116000000,0.0128000000,0.0206000000,-0.0002000000,0.0040000000,0.0279000000,0.0070000000
2009-05-29,0.0167000000,0.0206000000,0.0140000000,0.0117000000,0.0076000000,0.0115000000,0.0002000000,0.0083000000,0.0109000000,0.0173000000,0.0161000000,0.0257000000
2009-06-01,0.0171000000,0.0621000000,0.0534000000,0.0395000000,0.0326000000,0.0329000000,0.0146000000,0.0350000000,0.0396000000,0.0035000000,0.0094000000,0.0336000000
2009-06-02,0.0159000000,0.0151000000,0.0057000000,0.0008000000,0.0080000000,-0.0018000000,0.0103000000,-0.0100000000,0.0028000000,0.0133000000,-0.0055000000,0.0041000000
2009-06-03,-0.0099000000,-0.0239000000,-0.0217000000,-0.0338000000,-0.0142000000,-0.0054000000,-0.0165000000,-0.0198000000,-0.0039000000,-0.0004000000,-0.0142000000,-0.0241000000
2009-06-04,0.0063000000,0.0270000000,0.0229000000,0.0202000000,0.0034000000,0.0150000000,0.0025000000,0.0103000000,-0.0048000000,-0.0096000000,0.0291000000,0.0129000000
2009-06-05,-0.0044000000,0.0036000000,0.0087000000,-0.0050000000,-0.0084000000,0.0052000000,-0.0014000000,0.0016000000,-0.0008000000,-0.0030000000,-0.0116000000,-0.0021000000
2009-06-08,0.0007000000,-0.0050000000,-0.0063000000,-0.0008000000,-0.0073000000,-0.0030000000,0.0035000000,-0.0046000000,-0.0021000000,-0.0082000000,0.0050000000,-0.0026000000
2009-06-09,-0.0019000000,0.0063000000,0.0024000000,0.0076000000,0.0055000000,0.0098000000,0.0049000000,-0.0031000000,0.0040000000,-0.0008000000,0.0037000000,0.0106000000
2009-06-10,-0.0069000000,0.0001000000,-0.0024000000,0.0073000000,-0.0040000000,-0.0005000000,-0.0007000000,0.0142000000,-0.0095000000,-0.0054000000,-0.0117000000,-0.0081000000
2009-06-11,0.0049000000,-0.0039000000,0.0031000000,0.0145000000,0.0046000000,0.0053000000,0.0104000000,0.0231000000,-0.0120000000,0.0136000000,0.0038000000,0.0049000000
2009-06-12,0.0004000000,-0.0040000000,-0.0031000000,-0.0076000000,0.0011000000,-0.0011000000,0.0007000000,0.0097000000,0.0060000000,0.0044000000,0.0007000000,-0.0033000000
2009-06-15,-0.0185000000,-0.0356000000,-0.0323000000,-0.0233000000,-0.0270000000,-0.0175000000,-0.0216000000,-0.0212000000,-0.0205000000,-0.0280000000,-0.0247000000,-0.0296000000
2009-06-16,-0.0147000000,-0.0205000000,-0.0170000000,-0.0195000000,-0.0237000000,-0.0115000000,-0.0154000000,-0.0065000000,-0.0161000000,-0.0015000000,-0.0125000000,-0.0132000000
2009-06-17,0.0014000000,0.0000000000,-0.0058000000,-0.0144000000,-0.0058000000,0.0069000000,0.0044000000,-0.0015000000,0.0107000000,0.0199000000,-0.0164000000,-0.0099000000
2009-06-18,0.0200000000,-0.0038000000,0.0018000000,-0.0023000000,0.0131000000,-0.0029000000,0.0033000000,0.0198000000,0.0020000000,0.0184000000,0.0231000000,-0.0022000000
2009-06-19,-0.0057000000,0.0122000000,-0.0025000000,-0.0079000000,-0.0051000000,0.0116000000,-0.0032000000,-0.0122000000,0.0038000000,0.0053000000,0.0145000000,0.0049000000
2009-06-22,-0.0134000000,-0.0449000000,-0.0395000000,-0.0481000000,-0.0239000000,-0.0292000000,-0.0128000000,-0.0066000000,-0.0164000000,-0.0184000000,-0.0507000000,-0.0395000000
2009-06-23,-0.0032000000,-0.0005000000,-0.0041000000,0.0067000000,0.0040000000,-0.0023000000,0.0127000000,-0.0095000000,-0.0101000000,-0.0012000000,0.0108000000,0.0023000000
2009-06-24,-0.0003000000,0.0184000000,0.0023000000,0.0011000000,0.0051000000,0.0146000000,0.0060000000,0.0063000000,0.0050000000,0.0062000000,0.0084000000,0.0151000000
2009-06-25,0.0154000000,0.0290000000,0.0271000000,0.0218000000,0.0207000000,0.0193000000,0.0179000000,0.0185000000,0.0239000000,0.0281000000,0.0195000000,0.0265000000
2009-06-26,0.0020000000,-0.0017000000,0.0010000000,-0.0090000000,0.0029000000,0.0001000000,-0.0015000000,-0.0031000000,-0.0021000000,0.0027000000,0.0059000000,-0.0010000000
2009-06-29,0.0060000000,0.0236000000,0.0109000000,0.0139000000,0.0108000000,0.0065000000,0.0128000000,0.0124000000,0.0052000000,0.0043000000,0.0092000000,0.0041000000
2009-06-30,-0.0035000000,-0.0050000000,-0.0124000000,-0.0068000000,-0.0172000000,-0.0063000000,-0.0132000000,-0.0051000000,-0.0059000000,-0.0060000000,-0.0106000000,-0.0019000000
2009-07-01,0.0208000000,0.0097000000,0.0096000000,0.0026000000,0.0113000000,0.0069000000,0.0033000000,0.0125000000,0.0038000000,-0.0008000000,-0.0019000000,0.0068000000
2009-07-02,-0.0190000000,-0.0347000000,-0.0327000000,-0.0359000000,-0.0205000000,-0.0256000000,-0.0305000000,-0.0334000000,-0.0281000000,-0.0228000000,-0.0370000000,-0.0297000000
2009-07-06,0.0128000000,-0.0180000000,-0.0075000000,-0.0141000000,0.0117000000,-0.0054000000,0.0019000000,0.0067000000,0.0036000000,0.0054000000,0.0055000000,-0.0084000000
2009-07-07,-0.0123000000,-0.0274000000,-0.0280000000,-0.0225000000,-0.0204000000,-0.0245000000,-0.0257000000,-0.0228000000,-0.0139000000,-0.0078000000,-0.0138000000,-0.0248000000
2009-07-08,-0.0057000000,-0.0145000000,-0.0007000000,-0.0038000000,0.0065000000,-0.0002000000,-0.0084000000,-0.0026000000,0.0136000000,0.0075000000,-0.0144000000,-0.0083000000
2009-07-09,-0.0043000000,0.0198000000,0.0038000000,0.0115000000,0.0026000000,0.0043000000,0.0043000000,0.0055000000,-0.0016000000,-0.0104000000,0.0128000000,0.0062000000
2009-07-10,-0.0030000000,0.0115000000,0.0032000000,-0.0120000000,-0.0064000000,0.0039000000,-0.0027000000,-0.0041000000,-0.0055000000,-0.0037000000,-0.0112000000,-0.0010000000
2009-07-13,0.0162000000,0.0168000000,0.0252000000,0.0167000000,0.0225000000,0.0208000000,0.0141000000,0.0163000000,0.0175000000,0.0159000000,0.0549000000,0.0272000000
2009-07-14,0.0058000000,0.0212000000,0.0097000000,0.0128000000,0.0090000000,0.0030000000,0.0032000000,0.0087000000,0.0091000000,0.0045000000,-0.0040000000,0.0143000000
2009-07-15,0.0241000000,0.0385000000,0.0375000000,0.0350000000,0.0258000000,0.0402000000,0.0297000000,0.0201000000,0.0184000000,0.0108000000,0.0362000000,0.0331000000
2009-07-16,0.0021000000,0.0217000000,0.0177000000,0.0107000000,0.0173000000,0.0155000000,0.0072000000,0.0039000000,0.0054000000,0.0081000000,0.0001000000,0.0142000000
2009-07-17,-0.0018000000,0.0030000000,-0.0045000000,0.0036000000,0.0058000000,0.0074000000,0.0004000000,-0.0053000000,0.0028000000,-0.0050000000,-0.0068000000,-0.0076000000
2009-07-20,0.0050000000,0.0257000000,0.0250000000,0.0168000000,0.0059000000,0.0101000000,0.0212000000,0.0085000000,0.0128000000,0.0073000000,0.0066000000,0.0166000000
2009-07-21,0.0013000000,0.0051000000,0.0007000000,0.0110000000,0.0032000000,0.0053000000,0.0023000000,0.0102000000,-0.0012000000,0.0142000000,-0.0071000000,-0.0032000000
2009-07-22,-0.0019000000,0.0080000000,-0.0010000000,-0.0078000000,0.0025000000,0.0046000000,0.0022000000,-0.0047000000,0.0085000000,-0.0061000000,0.0004000000,0.0066000000
2009-07-23,0.0226000000,0.0503000000,0.0278000000,0.0299000000,0.0254000000,0.0189000000,0.0298000000,0.0260000000,0.0085000000,0.0224000000,0.0287000000,0.0267000000
2009-07-24,0.0038000000,-0.0044000000,0.0023000000,0.0112000000,0.0102000000,-0.0050000000,-0.0012000000,0.0137000000,0.0027000000,0.0163000000,-0.0013000000,0.0066000000
2009-07-27,0.0010000000,0.0227000000,0.0030000000,0.0040000000,0.0006000000,-0.0030000000,0.0065000000,-0.0006000000,-0.0038000000,0.0013000000,0.0133000000,0.0076000000
2009-07-28,-0.0013000000,-0.0177000000,-0.0014000000,-0.0138000000,-0.0048000000,0.0033000000,-0.0015000000,-0.0140000000,0.0024000000,-0.0014000000,0.0011000000,-0.0036000000
2009-07-29,0.0010000000,-0.0098000000,-0.0105000000,-0.0195000000,-0.0038000000,-0.0024000000,-0.0056000000,-0.0049000000,0.0027000000,0.0034000000,-0.0032000000,-0.0121000000
2009-07-30,0.0049000000,0.0281000000,0.0183000000,0.0110000000,0.0156000000,0.0058000000,0.0145000000,0.0140000000,0.0098000000,0.0021000000,0.0221000000,0.0248000000
2009-07-31,-0.0004000000,0.0304000000,0.0071000000,0.0079000000,-0.0006000000,-0.0036000000,-0.0082000000,-0.0085000000,-0.0006000000,-0.0064000000,0.0058000000,0.0054000000
2009-08-03,0.0027000000,0.0300000000,0.0250000000,0.0220000000,0.0153000000,0.0140000000,0.0137000000,0.0113000000,0.0116000000,0.0072000000,0.0242000000,0.0250000000
2009-08-04,0.0043000000,0.0077000000,0.0085000000,-0.0010000000,-0.0003000000,-0.0005000000,0.0036000000,-0.0095000000,-0.0034000000,0.0019000000,0.0145000000,0.0071000000
2009-08-05,-0.0069000000,-0.0079000000,-0.0093000000,-0.0082000000,-0.0104000000,-0.0086000000,-0.0154000000,-0.0105000000,-0.0048000000,-0.0108000000,0.0219000000,0.0061000000
2009-08-06,-0.0011000000,-0.0163000000,-0.0008000000,-0.0084000000,-0.0191000000,-0.0071000000,-0.0105000000,-0.0015000000,0.0003000000,-0.0122000000,-0.0074000000,-0.0006000000
2009-08-07,0.0065000000,0.0233000000,0.0187000000,0.0005000000,0.0073000000,0.0097000000,0.0168000000,0.0097000000,0.0221000000,0.0082000000,0.0241000000,0.0270000000
2009-08-10,-0.0010000000,-0.0150000000,-0.0102000000,0.0025000000,-0.0052000000,-0.0037000000,-0.0020000000,0.0032000000,-0.0039000000,0.0058000000,-0.0028000000,-0.0157000000
2009-08-11,-0.0053000000,-0.0126000000,-0.0108000000,-0.0153000000,-0.0022000000,-0.0103000000,-0.0152000000,-0.0040000000,-0.0044000000,-0.0038000000,-0.0288000000,-0.0184000000
2009-08-12,-0.0044000000,0.0129000000,0.0211000000,0.0124000000,0.0080000000,0.0168000000,0.0121000000,0.0070000000,0.0096000000,0.0050000000,0.0177000000,0.0136000000
2009-08-13,-0.0007000000,0.0112000000,0.0090000000,0.0075000000,0.0093000000,0.0083000000,-0.0010000000,-0.0006000000,0.0079000000,-0.0020000000,0.0169000000,0.0104000000
2009-08-14,-0.0036000000,-0.0202000000,-0.0208000000,-0.0123000000,-0.0106000000,-0.0099000000,-0.0079000000,-0.0028000000,-0.0118000000,-0.0028000000,-0.0071000000,-0.0156000000
2009-08-17,-0.0113000000,-0.0433000000,-0.0313000000,-0.0310000000,-0.0194000000,-0.0261000000,-0.0247000000,-0.0137000000,-0.0215000000,-0.0048000000,-0.0343000000,-0.0337000000
2009-08-18,0.0072000000,0.0327000000,0.0181000000,0.0093000000,0.0093000000,0.0147000000,0.0037000000,0.0022000000,0.0098000000,0.0006000000,0.0152000000,0.0166000000
2009-08-19,0.0068000000,0.0054000000,0.0028000000,0.0192000000,0.0094000000,0.0047000000,0.0115000000,0.0086000000,0.0070000000,0.0146000000,0.0010000000,0.0023000000
2009-08-20,0.0075000000,0.0128000000,0.0112000000,0.0079000000,0.0051000000,0.0092000000,0.0094000000,0.0068000000,0.0051000000,0.0049000000,0.0200000000,0.0124000000
2009-08-21,0.0136000000,0.0212000000,0.0240000000,0.0249000000,0.0169000000,0.0155000000,0.0222000000,0.0192000000,0.0136000000,0.0125000000,0.0202000000,0.0231000000
2009-08-24,-0.0008000000,-0.0181000000,0.0018000000,0.0130000000,-0.0069000000,-0.0002000000,0.0021000000,0.0019000000,-0.0064000000,0.0027000000,-0.0082000000,-0.0033000000
2009-08-25,-0.0021000000,0.0165000000,0.0051000000,-0.0132000000,-0.0024000000,0.0011000000,0.0019000000,-0.0049000000,0.0125000000,0.0036000000,0.0107000000,0.0044000000
2009-08-26,0.0035000000,-0.0081000000,-0.0052000000,0.0046000000,-0.0017000000,0.0001000000,0.0045000000,-0.0014000000,0.0047000000,0.0004000000,-0.0017000000,-0.0066000000
2009-08-27,0.0012000000,0.0095000000,0.0097000000,-0.0040000000,-0.0022000000,0.0033000000,-0.0010000000,-0.0031000000,0.0001000000,0.0017000000,0.0063000000,0.0009000000
2009-08-28,-0.0073000000,-0.0004000000,-0.0036000000,-0.0028000000,0.0010000000,0.0022000000,-0.0023000000,-0.0014000000,-0.0019000000,-0.0082000000,-0.0015000000,0.0008000000
2009-08-31,-0.0010000000,-0.0130000000,-0.0144000000,-0.0176000000,-0.0017000000,-0.0092000000,-0.0129000000,-0.0132000000,-0.0088000000,-0.0021000000,-0.0026000000,-0.0144000000
2009-09-01,-0.0118000000,-0.0328000000,-0.0204000000,-0.0163000000,-0.0195000000,-0.0187000000,-0.0214000000,-0.0084000000,-0.0119000000,-0.0132000000,-0.0437000000,-0.0253000000
2009-09-02,0.0056000000,-0.0117000000,-0.0054000000,-0.0039000000,-0.0025000000,-0.0004000000,-0.0001000000,-0.0078000000,-0.0033000000,-0.0027000000,-0.0064000000,-0.0024000000
2009-09-03,0.0024000000,0.0262000000,0.0127000000,0.0045000000,0.0047000000,0.0062000000,0.0036000000,0.0025000000,0.0161000000,-0.0007000000,0.0199000000,0.0162000000
2009-09-04,0.0093000000,0.0146000000,0.0160000000,0.0157000000,0.0077000000,0.0172000000,0.0233000000,0.0057000000,0.0070000000,0.0141000000,0.0073000000,0.0168000000
2009-09-08,0.0095000000,0.0065000000,0.0139000000,0.0261000000,0.0170000000,0.0084000000,0.0091000000,0.0061000000,0.0052000000,-0.0002000000,0.0036000000,0.0109000000
2009-09-09,0.0032000000,0.0215000000,0.0141000000,0.0041000000,0.0021000000,0.0094000000,0.0107000000,-0.0003000000,0.0049000000,0.0100000000,0.0139000000,0.0137000000
2009-09-10,-0.0025000000,0.0110000000,0.0133000000,0.0169000000,0.0219000000,0.0136000000,0.0274000000,0.0027000000,0.0034000000,0.0051000000,0.0097000000,0.0118000000
2009-09-11,0.0072000000,-0.0055000000,0.0027000000,-0.0021000000,0.0003000000,-0.0011000000,0.0026000000,-0.0004000000,-0.0058000000,-0.0017000000,-0.0056000000,0.0038000000
2009-09-14,0.0037000000,0.0087000000,0.0079000000,0.0063000000,0.0060000000,0.0017000000,0.0014000000,0.0133000000,0.0033000000,0.0081000000,0.0113000000,0.0120000000
2009-09-15,-0.0007000000,0.0008000000,0.0122000000,0.0087000000,0.0086000000,0.0052000000,0.0062000000,0.0098000000,-0.0012000000,-0.0047000000,0.0004000000,0.0152000000
2009-09-16,0.0072000000,0.0064000000,0.0151000000,0.0220000000,0.0119000000,0.0100000000,0.0040000000,0.0156000000,0.0153000000,0.0039000000,0.0320000000,0.0209000000
2009-09-17,0.0017000000,-0.0114000000,0.0009000000,-0.0077000000,0.0017000000,-0.0012000000,-0.0119000000,-0.0043000000,-0.0028000000,0.0006000000,-0.0048000000,-0.0060000000
2009-09-18,0.0084000000,0.0004000000,0.0027000000,-0.0026000000,0.0160000000,0.0017000000,0.0136000000,0.0012000000,0.0061000000,0.0000000000,-0.0006000000,-0.0029000000
2009-09-21,-0.0044000000,-0.0163000000,-0.0107000000,-0.0086000000,-0.0080000000,0.0016000000,-0.0032000000,-0.0048000000,0.0027000000,0.0066000000,-0.0076000000,-0.0012000000
2009-09-22,-0.0017000000,0.0162000000,0.0118000000,0.0147000000,0.0064000000,0.0032000000,0.0016000000,0.0007000000,0.0004000000,-0.0021000000,0.0163000000,0.0107000000
2009-09-23,-0.0019000000,-0.0008000000,-0.0123000000,-0.0193000000,-0.0077000000,-0.0035000000,-0.0031000000,-0.0064000000,-0.0108000000,-0.0097000000,-0.0173000000,-0.0122000000
2009-09-24,-0.0074000000,-0.0170000000,-0.0183000000,-0.0137000000,-0.0034000000,-0.0075000000,-0.0079000000,-0.0039000000,-0.0072000000,-0.0032000000,-0.0166000000,-0.0185000000
2009-09-25,-0.0013000000,-0.0095000000,-0.0071000000,-0.0022000000,-0.0057000000,-0.0061000000,-0.0044000000,-0.0039000000,-0.0092000000,0.0001000000,-0.0117000000,-0.0124000000
2009-09-28,0.0093000000,0.0215000000,0.0170000000,0.0178000000,0.0138000000,0.0169000000,0.0205000000,0.0104000000,0.0117000000,0.0157000000,0.0298000000,0.0177000000
2009-09-29,0.0047000000,0.0076000000,0.0019000000,-0.0047000000,-0.0026000000,-0.0053000000,-0.0007000000,0.0028000000,0.0033000000,-0.0004000000,-0.0052000000,0.0017000000
2009-09-30,0.0013000000,-0.0129000000,-0.0039000000,-0.0042000000,-0.0033000000,0.0003000000,-0.0067000000,-0.0079000000,-0.0029000000,-0.0034000000,-0.0081000000,-0.0089000000
2009-10-01,-0.0129000000,-0.0400000000,-0.0308000000,-0.0279000000,-0.0300000000,-0.0287000000,-0.0198000000,-0.0198000000,-0.0147000000,-0.0189000000,-0.0341000000,-0.0295000000
2009-10-02,0.0045000000,-0.0156000000,-0.0122000000,-0.0067000000,-0.0015000000,-0.0039000000,-0.0080000000,-0.0084000000,-0.0064000000,-0.0018000000,-0.0040000000,-0.0105000000
2009-10-05,0.0074000000,0.0269000000,0.0213000000,0.0237000000,0.0090000000,0.0098000000,0.0125000000,0.0144000000,0.0105000000,0.0058000000,0.0252000000,0.0187000000
2009-10-06,0.0103000000,0.0175000000,0.0159000000,0.0218000000,0.0129000000,0.0185000000,0.0128000000,0.0087000000,0.0143000000,0.0082000000,0.0114000000,0.0133000000
2009-10-07,0.0008000000,0.0046000000,-0.0012000000,0.0038000000,0.0002000000,0.0036000000,-0.0064000000,-0.0012000000,0.0030000000,0.0005000000,0.0106000000,0.0019000000
2009-10-08,0.0049000000,0.0201000000,0.0164000000,0.0226000000,0.0173000000,0.0048000000,0.0020000000,0.0064000000,0.0103000000,0.0026000000,0.0006000000,0.0144000000
2009-10-09,0.0030000000,0.0040000000,0.0070000000,0.0009000000,0.0017000000,0.0114000000,-0.0036000000,0.0059000000,0.0048000000,0.0087000000,0.0097000000,0.0006000000
2009-10-12,0.0036000000,0.0190000000,-0.0004000000,0.0120000000,0.0030000000,0.0018000000,-0.0048000000,0.0057000000,-0.0009000000,0.0026000000,0.0075000000,0.0020000000
2009-10-13,-0.0034000000,-0.0044000000,-0.0028000000,0.0008000000,-0.0023000000,0.0003000000,0.0028000000,-0.0052000000,0.0041000000,-0.0083000000,-0.0103000000,0.0018000000
2009-10-14,0.0088000000,0.0207000000,0.0226000000,0.0168000000,0.0127000000,0.0149000000,0.0061000000,0.0050000000,0.0123000000,0.0135000000,0.0298000000,0.0245000000
2009-10-15,0.0059000000,0.0082000000,0.0044000000,0.0170000000,0.0007000000,-0.0010000000,0.0049000000,0.0119000000,0.0075000000,0.0079000000,-0.0051000000,0.0016000000
2009-10-16,0.0004000000,-0.0142000000,-0.0073000000,-0.0006000000,-0.0022000000,-0.0099000000,-0.0057000000,0.0004000000,-0.0004000000,-0.0043000000,-0.0217000000,-0.0141000000
2009-10-19,0.0056000000,0.0218000000,0.0154000000,0.0115000000,0.0107000000,0.0105000000,0.0144000000,0.0138000000,0.0094000000,0.0089000000,0.0049000000,0.0052000000
2009-10-20,-0.0050000000,-0.0008000000,-0.0097000000,-0.0065000000,-0.0041000000,-0.0024000000,-0.0039000000,-0.0109000000,-0.0099000000,-0.0141000000,-0.0068000000,-0.0073000000
2009-10-21,-0.0061000000,0.0049000000,-0.0074000000,-0.0012000000,-0.0094000000,-0.0034000000,-0.0072000000,-0.0015000000,-0.0171000000,-0.0127000000,-0.0177000000,-0.0102000000
2009-10-22,-0.0002000000,0.0086000000,0.0157000000,0.0067000000,0.0146000000,0.0060000000,0.0097000000,0.0025000000,0.0127000000,0.0074000000,0.0266000000,0.0055000000
2009-10-23,-0.0115000000,-0.0088000000,-0.0156000000,-0.0189000000,-0.0179000000,-0.0044000000,-0.0196000000,-0.0161000000,-0.0012000000,-0.0125000000,-0.0152000000,-0.0190000000
2009-10-26,-0.0093000000,-0.0127000000,-0.0158000000,-0.0152000000,-0.0132000000,-0.0038000000,-0.0120000000,-0.0133000000,-0.0042000000,-0.0099000000,-0.0228000000,-0.0121000000
2009-10-27,0.0007000000,-0.0250000000,-0.0132000000,0.0105000000,0.0002000000,-0.0103000000,-0.0027000000,-0.0018000000,-0.0124000000,0.0021000000,-0.0040000000,-0.0136000000
2009-10-28,-0.0087000000,-0.0434000000,-0.0320000000,-0.0301000000,-0.0154000000,-0.0204000000,-0.0065000000,-0.0131000000,-0.0174000000,-0.0159000000,-0.0260000000,-0.0294000000
2009-10-29,0.0142000000,0.0382000000,0.0279000000,0.0235000000,0.0306000000,0.0172000000,0.0195000000,0.0124000000,0.0198000000,0.0081000000,0.0365000000,0.0219000000
2009-10-30,-0.0185000000,-0.0308000000,-0.0327000000,-0.0365000000,-0.0285000000,-0.0242000000,-0.0238000000,-0.0219000000,-0.0224000000,-0.0153000000,-0.0414000000,-0.0267000000
2009-11-02,0.0068000000,0.0193000000,0.0077000000,0.0044000000,0.0123000000,0.0028000000,0.0001000000,-0.0021000000,0.0103000000,0.0057000000,0.0067000000,0.0040000000
2009-11-03,-0.0034000000,0.0120000000,0.0125000000,0.0110000000,0.0006000000,-0.0010000000,0.0005000000,0.0011000000,0.0016000000,0.0000000000,0.0045000000,0.0219000000
2009-11-04,-0.0027000000,-0.0091000000,-0.0015000000,-0.0006000000,0.0014000000,0.0056000000,0.0024000000,0.0055000000,0.0028000000,0.0091000000,-0.0093000000,-0.0015000000
2009-11-05,0.0170000000,0.0332000000,0.0329000000,0.0169000000,0.0255000000,0.0223000000,0.0241000000,0.0169000000,0.0063000000,0.0188000000,0.0222000000,0.0213000000
2009-11-06,0.0008000000,0.0067000000,-0.0021000000,-0.0029000000,0.0060000000,0.0015000000,0.0035000000,-0.0037000000,0.0092000000,0.0026000000,-0.0005000000,0.0144000000
2009-11-09,0.0155000000,0.0339000000,0.0282000000,0.0183000000,0.0215000000,0.0206000000,0.0216000000,0.0190000000,0.0175000000,0.0157000000,0.0318000000,0.0216000000
2009-11-10,0.0047000000,0.0046000000,-0.0039000000,0.0005000000,-0.0006000000,-0.0006000000,0.0013000000,0.0038000000,-0.0004000000,0.0047000000,-0.0044000000,-0.0052000000
2009-11-11,0.0032000000,0.0052000000,0.0052000000,-0.0006000000,0.0072000000,0.0058000000,0.0043000000,-0.0026000000,0.0025000000,0.0033000000,0.0130000000,0.0093000000
2009-11-12,-0.0059000000,-0.0180000000,-0.0156000000,-0.0205000000,-0.0087000000,-0.0054000000,-0.0086000000,-0.0145000000,-0.0074000000,-0.0056000000,-0.0170000000,-0.0125000000
2009-11-13,0.0069000000,0.0134000000,0.0101000000,0.0064000000,0.0060000000,0.0098000000,0.0101000000,0.0076000000,0.0087000000,0.0015000000,-0.0010000000,0.0058000000
2009-11-16,0.0101000000,0.0226000000,0.0249000000,0.0254000000,0.0161000000,0.0121000000,0.0138000000,0.0146000000,0.0099000000,0.0154000000,0.0123000000,0.0199000000
2009-11-17,0.0004000000,0.0062000000,-0.0002000000,0.0010000000,0.0041000000,0.0044000000,0.0035000000,-0.0020000000,-0.0050000000,0.0012000000,0.0019000000,0.0013000000
2009-11-18,-0.0019000000,-0.0029000000,-0.0057000000,-0.0029000000,0.0018000000,-0.0051000000,-0.0029000000,-0.0048000000,0.0016000000,0.0016000000,0.0047000000,-0.0029000000
2009-11-19,-0.0065000000,-0.0216000000,-0.0183000000,-0.0204000000,-0.0130000000,-0.0169000000,-0.0076000000,-0.0140000000,-0.0071000000,-0.0067000000,-0.0172000000,-0.0148000000
2009-11-20,0.0019000000,-0.0071000000,-0.0047000000,-0.0083000000,-0.0016000000,-0.0059000000,-0.0063000000,0.0017000000,-0.0006000000,0.0049000000,-0.0051000000,-0.0048000000
2009-11-23,0.0090000000,0.0127000000,0.0139000000,0.0152000000,0.0108000000,0.0156000000,0.0179000000,0.0136000000,0.0083000000,0.0085000000,0.0150000000,0.0121000000
2009-11-24,-0.0004000000,-0.0026000000,-0.0030000000,0.0034000000,-0.0017000000,-0.0044000000,0.0035000000,0.0050000000,-0.0005000000,0.0079000000,-0.0029000000,-0.0040000000
2009-11-25,0.0017000000,0.0065000000,0.0094000000,0.0118000000,0.0066000000,0.0020000000,0.0037000000,0.0104000000,0.0067000000,0.0056000000,-0.0013000000,0.0061000000
2009-11-27,-0.0123000000,-0.0184000000,-0.0205000000,-0.0241000000,-0.0153000000,-0.0166000000,-0.0121000000,-0.0167000000,-0.0119000000,-0.0111000000,-0.0253000000,-0.0173000000
2009-11-30,-0.0064000000,0.0043000000,0.0023000000,-0.0008000000,0.0022000000,0.0020000000,-0.0054000000,0.0070000000,-0.0031000000,-0.0021000000,0.0194000000,0.0019000000
2009-12-01,0.0167000000,0.0175000000,0.0186000000,0.0155000000,0.0143000000,0.0142000000,0.0157000000,0.0165000000,0.0123000000,0.0124000000,0.0037000000,0.0116000000
2009-12-02,0.0031000000,0.0022000000,0.0028000000,-0.0073000000,0.0113000000,0.0004000000,0.0040000000,0.0109000000,0.0019000000,0.0051000000,-0.0009000000,0.0045000000
2009-12-03,-0.0072000000,-0.0119000000,-0.0104000000,-0.0135000000,-0.0117000000,-0.0021000000,0.0031000000,0.0003000000,-0.0106000000,-0.0037000000,-0.0216000000,-0.0102000000
2009-12-04,0.0113000000,0.0135000000,0.0118000000,-0.0071000000,-0.0054000000,0.0101000000,0.0097000000,-0.0027000000,0.0031000000,0.0017000000,0.0169000000,0.0105000000
2009-12-07,0.0025000000,-0.0050000000,0.0016000000,-0.0022000000,-0.0005000000,-0.0034000000,0.0174000000,0.0078000000,0.0034000000,-0.0033000000,-0.0100000000,-0.0051000000
2009-12-08,-0.0083000000,-0.0087000000,-0.0121000000,-0.0169000000,-0.0129000000,-0.0082000000,-0.0066000000,-0.0047000000,-0.0110000000,-0.0089000000,-0.0068000000,-0.0111000000
2009-12-09,-0.0015000000,0.0036000000,0.0031000000,0.0016000000,0.0057000000,0.0072000000,0.0020000000,0.0021000000,-0.0018000000,0.0055000000,0.0048000000,0.0007000000
2009-12-10,0.0043000000,0.0022000000,0.0040000000,0.0077000000,-0.0001000000,0.0034000000,0.0112000000,0.0121000000,0.0110000000,0.0069000000,0.0017000000,0.0008000000
2009-12-11,0.0031000000,0.0046000000,0.0113000000,0.0010000000,0.0027000000,-0.0018000000,0.0064000000,0.0147000000,0.0090000000,0.0013000000,0.0055000000,0.0079000000
2009-12-14,0.0066000000,0.0081000000,0.0130000000,0.0032000000,0.0110000000,0.0100000000,0.0003000000,0.0081000000,0.0041000000,0.0091000000,0.0079000000,0.0132000000
2009-12-15,-0.0025000000,0.0041000000,-0.0015000000,0.0010000000,-0.0098000000,-0.0048000000,-0.0049000000,-0.0028000000,-0.0058000000,-0.0024000000,-0.0107000000,-0.0034000000
2009-12-16,-0.0014000000,0.0032000000,0.0005000000,0.0043000000,0.0052000000,0.0038000000,0.0012000000,-0.0012000000,-0.0041000000,-0.0028000000,0.0065000000,0.0037000000
2009-12-17,-0.0128000000,-0.0064000000,-0.0123000000,-0.0064000000,-0.0181000000,-0.0117000000,-0.0114000000,-0.0056000000,-0.0086000000,-0.0107000000,-0.0136000000,-0.0141000000
2009-12-18,-0.0025000000,0.0138000000,0.0016000000,0.0038000000,-0.0036000000,0.0151000000,0.0038000000,0.0055000000,0.0027000000,0.0046000000,0.0120000000,0.0031000000
2009-12-21,0.0081000000,0.0064000000,0.0131000000,0.0101000000,0.0059000000,0.0109000000,0.0119000000,0.0060000000,0.0139000000,0.0099000000,0.0128000000,0.0042000000
2009-12-22,0.0064000000,0.0096000000,0.0056000000,0.0047000000,0.0034000000,0.0063000000,0.0015000000,-0.0041000000,0.0043000000,0.0051000000,0.0040000000,0.0031000000
2009-12-23,0.0043000000,0.0079000000,0.0057000000,0.0047000000,0.0074000000,0.0069000000,-0.0003000000,0.0027000000,0.0045000000,0.0017000000,-0.0027000000,0.0068000000
2009-12-24,0.0044000000,0.0059000000,0.0058000000,0.0053000000,0.0027000000,0.0092000000,0.0034000000,0.0067000000,0.0018000000,0.0010000000,0.0058000000,0.0025000000
2009-12-28,0.0020000000,-0.0016000000,-0.0012000000,0.0026000000,0.0022000000,0.0019000000,0.0011000000,0.0004000000,0.0036000000,0.0044000000,-0.0030000000,-0.0037000000
2009-12-29,0.0003000000,-0.0029000000,-0.0018000000,-0.0066000000,0.0022000000,-0.0010000000,0.0040000000,-0.0002000000,0.0010000000,-0.0013000000,-0.0020000000,0.0012000000
2009-12-30,0.0004000000,-0.0023000000,-0.0003000000,-0.0007000000,-0.0024000000,0.0036000000,-0.0027000000,0.0001000000,-0.0026000000,0.0003000000,0.0005000000,-0.0023000000
2009-12-31,-0.0107000000,-0.0082000000,-0.0126000000,-0.0095000000,-0.0119000000,-0.0113000000,-0.0081000000,-0.0148000000,-0.0121000000,-0.0109000000,-0.0046000000,-0.0094000000
2010-01-04,0.0098000000,0.0235000000,0.0242000000,0.0300000000,0.0191000000,0.0159000000,0.0147000000,0.0066000000,0.0080000000,0.0131000000,0.0214000000,0.0170000000
2010-01-05,0.0031000000,0.0257000000,0.0042000000,0.0078000000,0.0037000000,0.0000000000,0.0011000000,-0.0084000000,-0.0013000000,-0.0060000000,0.0104000000,0.0069000000
2010-01-06,0.0022000000,0.0123000000,0.0069000000,0.0094000000,0.0029000000,-0.0069000000,-0.0103000000,0.0054000000,-0.0003000000,0.0053000000,0.0023000000,0.0021000000
2010-01-07,0.0004000000,0.0144000000,0.0055000000,-0.0033000000,-0.0013000000,-0.0036000000,-0.0017000000,-0.0045000000,0.0063000000,0.0013000000,0.0209000000,0.0103000000
2010-01-08,-0.0048000000,0.0055000000,0.0111000000,0.0045000000,0.0002000000,0.0076000000,-0.0015000000,-0.0005000000,-0.0001000000,0.0025000000,-0.0021000000,0.0109000000
2010-01-11,0.0029000000,0.0142000000,0.0053000000,0.0008000000,-0.0010000000,-0.0037000000,-0.0012000000,0.0082000000,0.0018000000,0.0049000000,-0.0014000000,0.0043000000
2010-01-12,0.0004000000,-0.0176000000,-0.0144000000,-0.0142000000,-0.0035000000,-0.0116000000,-0.0143000000,-0.0058000000,-0.0045000000,-0.0050000000,-0.0136000000,-0.0101000000
2010-01-13,0.0073000000,0.0044000000,0.0069000000,0.0030000000,0.0082000000,0.0098000000,0.0053000000,0.0095000000,0.0074000000,0.0134000000,0.0113000000,0.0064000000
2010-01-14,0.0008000000,0.0039000000,0.0002000000,0.0021000000,-0.0039000000,0.0064000000,-0.0085000000,-0.0026000000,-0.0035000000,0.0066000000,0.0082000000,-0.0015000000
2010-01-15,-0.0066000000,-0.0165000000,-0.0134000000,-0.0087000000,-0.0062000000,-0.0129000000,-0.0136000000,-0.0071000000,-0.0070000000,-0.0061000000,-0.0161000000,-0.0141000000
2010-01-19,0.0050000000,0.0118000000,0.0135000000,0.0075000000,0.0150000000,0.0149000000,0.0150000000,0.0150000000,0.0096000000,0.0191000000,0.0122000000,0.0104000000
2010-01-20,-0.0112000000,-0.0158000000,-0.0149000000,-0.0164000000,-0.0124000000,-0.0143000000,-0.0107000000,-0.0095000000,-0.0077000000,-0.0055000000,-0.0014000000,-0.0066000000
2010-01-21,-0.0173000000,-0.0229000000,-0.0276000000,-0.0209000000,-0.0170000000,-0.0104000000,-0.0150000000,-0.0137000000,-0.0115000000,-0.0204000000,-0.0232000000,-0.0131000000
2010-01-22,-0.0094000000,-0.0305000000,-0.0242000000,-0.0196000000,-0.0066000000,-0.0356000000,-0.0178000000,-0.0201000000,-0.0114000000,-0.0120000000,-0.0283000000,-0.0159000000
2010-01-25,0.0013000000,0.0115000000,0.0040000000,0.0064000000,0.0072000000,0.0062000000,0.0079000000,0.0066000000,0.0010000000,-0.0013000000,0.0035000000,0.0007000000
2010-01-26,0.0000000000,-0.0021000000,-0.0039000000,-0.0062000000,-0.0023000000,-0.0007000000,-0.0099000000,0.0011000000,0.0025000000,-0.0025000000,-0.0155000000,-0.0057000000
2010-01-27,0.0046000000,0.0071000000,0.0005000000,-0.0059000000,-0.0008000000,0.0052000000,-0.0005000000,-0.0061000000,0.0007000000,0.0059000000,0.0217000000,0.0094000000
2010-01-28,-0.0050000000,-0.0092000000,-0.0150000000,-0.0094000000,-0.0050000000,-0.0267000000,-0.0078000000,-0.0092000000,-0.0077000000,-0.0087000000,-0.0063000000,-0.0083000000
2010-01-29,-0.0073000000,-0.0210000000,-0.0127000000,-0.0153000000,-0.0074000000,-0.0200000000,-0.0005000000,-0.0093000000,-0.0006000000,-0.0039000000,-0.0085000000,-0.0050000000
2010-02-01,0.0096000000,0.0264000000,0.0188000000,0.0304000000,0.0180000000,0.0146000000,0.0094000000,0.0091000000,0.0086000000,0.0041000000,0.0132000000,0.0148000000
2010-02-02,0.0135000000,0.0208000000,0.0168000000,0.0147000000,0.0090000000,0.0087000000,0.0126000000,0.0087000000,0.0102000000,0.0181000000,0.0087000000,0.0132000000
2010-02-03,-0.0052000000,0.0038000000,-0.0035000000,-0.0092000000,-0.0023000000,0.0043000000,-0.0004000000,-0.0079000000,-0.0041000000,-0.0082000000,-0.0127000000,-0.0089000000
2010-02-04,-0.0252000000,-0.0420000000,-0.0354000000,-0.0395000000,-0.0278000000,-0.0287000000,-0.0281000000,-0.0272000000,-0.0252000000,-0.0266000000,-0.0363000000,-0.0341000000
2010-02-05,0.0000000000,-0.0114000000,-0.0012000000,-0.0005000000,-0.0032000000,0.0095000000,-0.0019000000,-0.0025000000,0.0026000000,-0.0017000000,0.0087000000,0.0035000000
2010-02-08,-0.0066000000,-0.0022000000,-0.0105000000,-0.0076000000,-0.0069000000,-0.0056000000,-0.0083000000,-0.0097000000,-0.0025000000,-0.0043000000,-0.0172000000,-0.0063000000
2010-02-09,0.0175000000,0.0238000000,0.0225000000,0.0187000000,0.0189000000,0.0110000000,0.0160000000,0.0101000000,0.0111000000,0.0068000000,0.0106000000,0.0131000000
2010-02-10,-0.0019000000,-0.0076000000,-0.0044000000,-0.0051000000,-0.0016000000,-0.0031000000,-0.0057000000,-0.0035000000,-0.0020000000,-0.0038000000,0.0073000000,-0.0017000000
2010-02-11,0.0122000000,0.0189000000,0.0198000000,0.0163000000,0.0076000000,0.0127000000,0.0073000000,0.0091000000,0.0093000000,0.0069000000,0.0037000000,0.0194000000
2010-02-12,0.0004000000,0.0025000000,-0.0020000000,-0.0028000000,-0.0004000000,0.0019000000,-0.0005000000,-0.0042000000,-0.0005000000,0.0014000000,-0.0027000000,-0.0029000000
2010-02-16,0.0100000000,0.0181000000,0.0211000000,0.0270000000,0.0194000000,0.0160000000,0.0150000000,0.0200000000,0.0141000000,0.0098000000,0.0210000000,0.0187000000
2010-02-17,0.0083000000,0.0098000000,0.0061000000,-0.0027000000,0.0052000000,0.0048000000,0.0080000000,-0.0009000000,0.0089000000,0.0070000000,0.0037000000,0.0033000000
2010-02-18,0.0084000000,0.0014000000,0.0118000000,0.0058000000,0.0083000000,0.0097000000,0.0046000000,0.0050000000,0.0022000000,0.0040000000,0.0045000000,0.0041000000
2010-02-19,0.0011000000,-0.0024000000,0.0046000000,0.0032000000,0.0023000000,-0.0011000000,0.0041000000,0.0124000000,0.0033000000,0.0002000000,0.0033000000,0.0082000000
2010-02-22,-0.0036000000,-0.0037000000,-0.0018000000,-0.0124000000,0.0016000000,-0.0019000000,-0.0020000000,-0.0068000000,-0.0002000000,-0.0031000000,0.0111000000,0.0034000000
2010-02-23,-0.0083000000,0.0002000000,-0.0162000000,-0.0168000000,-0.0088000000,-0.0131000000,-0.0103000000,-0.0094000000,-0.0064000000,-0.0109000000,-0.0158000000,-0.0127000000
2010-02-24,0.0045000000,0.0129000000,0.0090000000,0.0077000000,0.0075000000,0.0106000000,0.0078000000,0.0032000000,0.0115000000,0.0067000000,0.0158000000,0.0063000000
2010-02-25,-0.0034000000,0.0035000000,-0.0003000000,-0.0007000000,-0.0038000000,-0.0021000000,-0.0025000000,-0.0020000000,0.0038000000,-0.0034000000,-0.0020000000,0.0011000000
2010-02-26,-0.0042000000,0.0009000000,0.0037000000,0.0016000000,-0.0022000000,0.0002000000,0.0030000000,-0.0069000000,-0.0019000000,0.0015000000,0.0055000000,0.0049000000
2010-03-01,0.0094000000,0.0310000000,0.0170000000,0.0113000000,0.0110000000,0.0158000000,0.0113000000,0.0141000000,0.0119000000,0.0124000000,0.0042000000,0.0128000000
2010-03-02,0.0076000000,0.0008000000,0.0052000000,0.0072000000,0.0072000000,-0.0001000000,0.0022000000,0.0051000000,-0.0019000000,0.0055000000,0.0055000000,-0.0011000000
2010-03-03,0.0047000000,0.0193000000,0.0035000000,0.0009000000,0.0014000000,0.0003000000,-0.0006000000,-0.0003000000,-0.0015000000,-0.0045000000,-0.0011000000,0.0085000000
2010-03-04,0.0065000000,0.0021000000,0.0029000000,-0.0036000000,0.0016000000,0.0047000000,0.0088000000,-0.0005000000,0.0073000000,0.0001000000,0.0075000000,0.0013000000
2010-03-05,0.0083000000,0.0180000000,0.0174000000,0.0181000000,0.0076000000,0.0137000000,0.0118000000,0.0125000000,0.0101000000,0.0120000000,0.0200000000,0.0156000000
2010-03-08,-0.0022000000,-0.0013000000,-0.0033000000,-0.0020000000,-0.0031000000,0.0024000000,0.0054000000,0.0003000000,0.0023000000,-0.0024000000,0.0019000000,-0.0018000000
2010-03-09,-0.0007000000,0.0015000000,0.0045000000,0.0012000000,-0.0010000000,0.0038000000,0.0063000000,-0.0013000000,-0.0022000000,-0.0002000000,0.0004000000,0.0050000000
2010-03-10,0.0007000000,0.0028000000,0.0042000000,0.0070000000,-0.0022000000,0.0074000000,0.0016000000,0.0032000000,0.0028000000,0.0037000000,0.0110000000,0.0035000000
2010-03-11,0.0023000000,0.0009000000,0.0013000000,0.0006000000,0.0030000000,0.0039000000,0.0039000000,0.0022000000,0.0055000000,0.0038000000,0.0083000000,0.0030000000
2010-03-12,-0.0014000000,0.0160000000,0.0015000000,-0.0008000000,0.0074000000,0.0000000000,-0.0028000000,-0.0049000000,0.0039000000,-0.0030000000,-0.0037000000,0.0066000000
2010-03-15,0.0058000000,-0.0031000000,-0.0035000000,-0.0104000000,0.0007000000,-0.0024000000,0.0003000000,0.0019000000,0.0071000000,0.0062000000,-0.0009000000,0.0005000000
2010-03-16,0.0042000000,0.0117000000,0.0076000000,0.0076000000,0.0045000000,0.0073000000,0.0038000000,0.0093000000,0.0061000000,0.0020000000,0.0097000000,0.0172000000
2010-03-17,0.0052000000,0.0158000000,0.0078000000,0.0105000000,0.0059000000,0.0048000000,0.0037000000,0.0037000000,0.0041000000,0.0011000000,0.0101000000,0.0013000000
2010-03-18,0.0009000000,-0.0092000000,0.0000000000,-0.0121000000,-0.0050000000,0.0017000000,0.0027000000,-0.0053000000,0.0000000000,0.0036000000,-0.0016000000,0.0009000000
2010-03-19,0.0016000000,-0.0177000000,-0.0074000000,-0.0095000000,-0.0065000000,-0.0085000000,-0.0033000000,-0.0031000000,-0.0065000000,-0.0024000000,-0.0038000000,-0.0082000000
2010-03-22,0.0044000000,0.0326000000,0.0074000000,-0.0011000000,0.0079000000,0.0075000000,0.0085000000,-0.0046000000,0.0111000000,0.0086000000,0.0035000000,0.0091000000
2010-03-23,0.0085000000,0.0054000000,0.0154000000,0.0061000000,0.0081000000,0.0091000000,0.0077000000,0.0044000000,0.0054000000,0.0058000000,0.0069000000,0.0079000000
2010-03-24,-0.0074000000,-0.0077000000,-0.0089000000,-0.0056000000,-0.0059000000,-0.0068000000,-0.0028000000,-0.0095000000,-0.0097000000,-0.0083000000,-0.0008000000,-0.0063000000
2010-03-25,-0.0036000000,-0.0045000000,-0.0053000000,-0.0160000000,-0.0090000000,0.0020000000,-0.0016000000,-0.0079000000,0.0046000000,-0.0062000000,0.0029000000,-0.0057000000
2010-03-26,0.0008000000,0.0029000000,0.0032000000,0.0006000000,0.0055000000,-0.0013000000,0.0022000000,0.0018000000,0.0033000000,-0.0061000000,-0.0002000000,0.0030000000
2010-03-29,0.0050000000,0.0001000000,0.0107000000,0.0178000000,0.0039000000,0.0009000000,0.0059000000,0.0139000000,0.0025000000,0.0082000000,0.0036000000,0.0085000000
2010-03-30,0.0011000000,-0.0063000000,0.0021000000,0.0001000000,0.0023000000,0.0050000000,-0.0005000000,-0.0005000000,0.0027000000,-0.0009000000,-0.0045000000,-0.0006000000
2010-03-31,-0.0043000000,-0.0193000000,-0.0070000000,0.0042000000,-0.0048000000,-0.0062000000,-0.0006000000,-0.0032000000,-0.0079000000,-0.0029000000,0.0015000000,-0.0055000000
2010-04-01,0.0065000000,0.0110000000,0.0106000000,0.0174000000,0.0062000000,0.0006000000,0.0092000000,0.0127000000,0.0049000000,0.0064000000,0.0083000000,0.0083000000
2010-04-05,0.0006000000,0.0210000000,0.0121000000,0.0172000000,0.0079000000,0.0121000000,0.0080000000,0.0081000000,0.0098000000,-0.0006000000,0.0099000000,0.0107000000
2010-04-06,-0.0017000000,-0.0008000000,0.0007000000,-0.0010000000,-0.0021000000,0.0006000000,-0.0016000000,0.0076000000,0.0021000000,-0.0021000000,0.0094000000,0.0016000000
2010-04-07,-0.0055000000,-0.0066000000,-0.0066000000,-0.0094000000,-0.0055000000,-0.0016000000,-0.0098000000,-0.0095000000,-0.0012000000,-0.0029000000,-0.0045000000,-0.0083000000
2010-04-08,-0.0002000000,0.0062000000,0.0009000000,0.0058000000,0.0009000000,-0.0002000000,0.0080000000,-0.0051000000,0.0068000000,-0.0024000000,0.0073000000,0.0058000000
2010-04-09,0.0081000000,0.0137000000,0.0065000000,0.0124000000,0.0035000000,0.0084000000,0.0129000000,0.0065000000,0.0037000000,0.0047000000,0.0020000000,0.0047000000
2010-04-12,0.0026000000,0.0053000000,0.0023000000,0.0028000000,0.0013000000,0.0033000000,-0.0020000000,0.0043000000,-0.0007000000,-0.0006000000,0.0048000000,0.0017000000
2010-04-13,0.0004000000,0.0008000000,-0.0013000000,-0.0033000000,-0.0027000000,0.0031000000,0.0007000000,-0.0040000000,0.0032000000,0.0023000000,-0.0024000000,0.0061000000
2010-04-14,-0.0001000000,0.0215000000,0.0135000000,0.0091000000,0.0066000000,0.0169000000,0.0078000000,0.0012000000,0.0098000000,0.0012000000,0.0234000000,0.0128000000
2010-04-15,-0.0010000000,0.0121000000,0.0042000000,0.0005000000,0.0022000000,0.0049000000,-0.0007000000,-0.0010000000,0.0000000000,-0.0013000000,-0.0011000000,0.0024000000
2010-04-16,-0.0056000000,-0.0160000000,-0.0144000000,-0.0151000000,-0.0079000000,-0.0134000000,-0.0120000000,-0.0113000000,-0.0083000000,-0.0074000000,-0.0312000000,-0.0175000000
2010-04-19,0.0038000000,0.0029000000,-0.0026000000,0.0012000000,0.0018000000,0.0009000000,0.0066000000,0.0008000000,0.0009000000,0.0048000000,0.0082000000,-0.0015000000
2010-04-20,0.0019000000,0.0128000000,0.0134000000,0.0172000000,0.0048000000,0.0064000000,0.0088000000,0.0113000000,0.0062000000,0.0032000000,0.0110000000,0.0098000000
2010-04-21,0.0011000000,0.0085000000,0.0113000000,-0.0023000000,0.0005000000,0.0036000000,-0.0028000000,0.0005000000,0.0044000000,-0.0162000000,-0.0049000000,-0.0008000000
2010-04-22,-0.0028000000,0.0125000000,0.0124000000,-0.0009000000,0.0033000000,0.0032000000,0.0035000000,0.0043000000,0.0137000000,-0.0129000000,0.0064000000,0.0074000000
2010-04-23,0.0000000000,0.0122000000,0.0079000000,0.0188000000,0.0085000000,0.0037000000,0.0017000000,0.0115000000,0.0050000000,0.0099000000,0.0054000000,0.0080000000
2010-04-26,-0.0041000000,0.0068000000,0.0018000000,-0.0026000000,0.0031000000,-0.0011000000,0.0027000000,-0.0041000000,-0.0017000000,-0.0090000000,-0.0184000000,0.0028000000
2010-04-27,-0.0204000000,-0.0415000000,-0.0293000000,-0.0262000000,-0.0205000000,-0.0196000000,-0.0207000000,-0.0181000000,-0.0218000000,-0.0123000000,-0.0284000000,-0.0286000000
2010-04-28,0.0052000000,-0.0027000000,0.0053000000,0.0109000000,0.0102000000,0.0023000000,0.0035000000,0.0093000000,-0.0043000000,0.0058000000,0.0115000000,0.0070000000
2010-04-29,0.0109000000,0.0229000000,0.0172000000,-0.0006000000,0.0018000000,0.0115000000,0.0204000000,0.0023000000,0.0119000000,0.0161000000,0.0215000000,0.0174000000
2010-04-30,-0.0094000000,-0.0298000000,-0.0235000000,-0.0104000000,-0.0104000000,-0.0221000000,-0.0099000000,0.0015000000,-0.0185000000,-0.0079000000,-0.0249000000,-0.0201000000
2010-05-03,0.0090000000,0.0230000000,0.0182000000,0.0109000000,0.0079000000,0.0148000000,0.0179000000,0.0135000000,0.0137000000,0.0082000000,0.0138000000,0.0171000000
2010-05-04,-0.0150000000,-0.0356000000,-0.0340000000,-0.0254000000,-0.0270000000,-0.0302000000,-0.0245000000,-0.0190000000,-0.0176000000,-0.0115000000,-0.0259000000,-0.0322000000
2010-05-05,-0.0018000000,-0.0261000000,-0.0133000000,-0.0147000000,-0.0074000000,-0.0058000000,-0.0150000000,-0.0088000000,-0.0001000000,-0.0020000000,-0.0042000000,-0.0113000000
2010-05-06,-0.0257000000,-0.0314000000,-0.0327000000,-0.0358000000,-0.0272000000,-0.0330000000,-0.0335000000,-0.0294000000,-0.0318000000,-0.0282000000,-0.0388000000,-0.0309000000
2010-05-07,-0.0061000000,-0.0303000000,-0.0228000000,-0.0136000000,-0.0153000000,-0.0235000000,-0.0127000000,-0.0101000000,-0.0181000000,-0.0150000000,-0.0150000000,-0.0220000000
2010-05-10,0.0323000000,0.0671000000,0.0587000000,0.0381000000,0.0419000000,0.0487000000,0.0324000000,0.0353000000,0.0402000000,0.0274000000,0.0512000000,0.0572000000
2010-05-11,0.0007000000,0.0045000000,-0.0040000000,-0.0065000000,-0.0040000000,-0.0027000000,0.0019000000,0.0026000000,0.0017000000,0.0009000000,-0.0030000000,-0.0009000000
2010-05-12,0.0079000000,0.0306000000,0.0231000000,0.0154000000,0.0171000000,0.0231000000,0.0100000000,0.0119000000,0.0142000000,0.0079000000,0.0138000000,0.0217000000
2010-05-13,-0.0088000000,-0.0146000000,-0.0109000000,-0.0081000000,-0.0082000000,-0.0124000000,-0.0058000000,-0.0042000000,-0.0153000000,-0.0094000000,-0.0142000000,-0.0137000000
2010-05-14,-0.0117000000,-0.0253000000,-0.0244000000,-0.0193000000,-0.0168000000,-0.0186000000,-0.0148000000,-0.0097000000,-0.0145000000,-0.0164000000,-0.0268000000,-0.0209000000
2010-05-17,0.0065000000,-0.0058000000,-0.0031000000,-0.0091000000,0.0068000000,0.0025000000,0.0114000000,-0.0003000000,0.0061000000,0.0011000000,0.0013000000,0.0002000000
2010-05-18,-0.0090000000,-0.0239000000,-0.0148000000,-0.0074000000,-0.0067000000,-0.0148000000,-0.0101000000,-0.0101000000,-0.0105000000,-0.0092000000,-0.0253000000,-0.0144000000
2010-05-19,0.0001000000,-0.0192000000,-0.0149000000,-0.0101000000,-0.0072000000,-0.0084000000,-0.0059000000,-0.0102000000,-0.0068000000,-0.0033000000,0.0001000000,-0.0061000000
2010-05-20,-0.0343000000,-0.0563000000,-0.0462000000,-0.0425000000,-0.0331000000,-0.0366000000,-0.0373000000,-0.0360000000,-0.0342000000,-0.0343000000,-0.0445000000,-0.0488000000
2010-05-21,0.0051000000,0.0293000000,0.0196000000,0.0172000000,0.0114000000,0.0091000000,0.0124000000,0.0051000000,0.0124000000,0.0013000000,0.0305000000,0.0158000000
2010-05-24,-0.0057000000,-0.0140000000,-0.0150000000,-0.0194000000,-0.0125000000,-0.0059000000,-0.0101000000,-0.0095000000,-0.0067000000,-0.0013000000,-0.0249000000,-0.0166000000
2010-05-25,-0.0100000000,-0.0038000000,0.0020000000,-0.0018000000,0.0013000000,-0.0015000000,0.0058000000,-0.0068000000,0.0019000000,-0.0054000000,0.0050000000,0.0015000000
2010-05-26,-0.0076000000,0.0110000000,0.0031000000,-0.0019000000,-0.0050000000,-0.0081000000,-0.0003000000,0.0009000000,-0.0092000000,-0.0067000000,-0.0044000000,0.0026000000
2010-05-27,0.0240000000,0.0513000000,0.0400000000,0.0453000000,0.0274000000,0.0366000000,0.0333000000,0.0231000000,0.0294000000,0.0204000000,0.0399000000,0.0386000000
2010-05-28,-0.0067000000,-0.0161000000,-0.0193000000,-0.0144000000,-0.0103000000,-0.0095000000,-0.0119000000,-0.0006000000,-0.0071000000,-0.0066000000,-0.0178000000,-0.0161000000
2010-06-01,-0.0081000000,-0.0278000000,-0.0296000000,-0.0387000000,-0.0170000000,-0.0118000000,-0.0123000000,-0.0236000000,-0.0115000000,-0.0118000000,-0.0217000000,-0.0236000000
2010-06-02,0.0219000000,0.0335000000,0.0298000000,0.0399000000,0.0206000000,0.0230000000,0.0263000000,0.0247000000,0.0184000000,0.0248000000,0.0295000000,0.0282000000
2010-06-03,0.0036000000,0.0130000000,0.0051000000,0.0118000000,-0.0025000000,0.0118000000,0.0046000000,0.0130000000,0.0034000000,0.0039000000,-0.0021000000,0.0039000000
2010-06-04,-0.0295000000,-0.0530000000,-0.0457000000,-0.0375000000,-0.0289000000,-0.0346000000,-0.0305000000,-0.0312000000,-0.0358000000,-0.0318000000,-0.0374000000,-0.0430000000
2010-06-07,-0.0072000000,-0.0317000000,-0.0270000000,-0.0071000000,-0.0082000000,-0.0202000000,-0.0108000000,0.0024000000,-0.0147000000,-0.0056000000,-0.0172000000,-0.0218000000
2010-06-08,0.0130000000,0.0069000000,0.0093000000,0.0181000000,0.0201000000,-0.0001000000,0.0078000000,0.0137000000,0.0055000000,-0.0002000000,0.0139000000,0.0173000000
2010-06-09,0.0009000000,-0.0035000000,0.0016000000,-0.0129000000,-0.0022000000,-0.0075000000,0.0006000000,-0.0059000000,0.0013000000,-0.0051000000,-0.0112000000,-0.0025000000
2010-06-10,0.0229000000,0.0450000000,0.0386000000,0.0465000000,0.0230000000,0.0257000000,0.0300000000,0.0284000000,0.0232000000,0.0211000000,0.0311000000,0.0331000000
2010-06-11,-0.0019000000,0.0050000000,0.0113000000,0.0053000000,-0.0009000000,0.0123000000,0.0041000000,0.0006000000,0.0012000000,0.0110000000,0.0036000000,0.0058000000
2010-06-14,0.0043000000,0.0064000000,0.0020000000,-0.0030000000,-0.0039000000,-0.0011000000,-0.0016000000,0.0041000000,0.0042000000,0.0020000000,-0.0078000000,-0.0002000000
2010-06-15,0.0125000000,0.0297000000,0.0323000000,0.0254000000,0.0205000000,0.0284000000,0.0262000000,0.0222000000,0.0139000000,0.0180000000,0.0238000000,0.0270000000
2010-06-16,-0.0018000000,-0.0077000000,-0.0035000000,-0.0013000000,-0.0063000000,0.0018000000,-0.0028000000,0.0048000000,-0.0086000000,0.0020000000,-0.0001000000,-0.0009000000
2010-06-17,0.0042000000,-0.0027000000,-0.0026000000,-0.0017000000,0.0032000000,0.0042000000,0.0001000000,0.0071000000,-0.0025000000,0.0002000000,-0.0018000000,0.0042000000
2010-06-18,-0.0014000000,0.0025000000,0.0028000000,0.0071000000,-0.0011000000,0.0012000000,-0.0035000000,0.0020000000,-0.0019000000,-0.0016000000,0.0036000000,0.0024000000
2010-06-21,-0.0031000000,0.0026000000,0.0010000000,-0.0020000000,-0.0016000000,-0.0092000000,-0.0037000000,-0.0074000000,-0.0122000000,-0.0042000000,-0.0021000000,-0.0015000000
2010-06-22,-0.0118000000,-0.0313000000,-0.0252000000,-0.0269000000,-0.0121000000,-0.0103000000,-0.0127000000,-0.0249000000,-0.0174000000,-0.0079000000,-0.0143000000,-0.0222000000
2010-06-23,0.0022000000,-0.0062000000,0.0014000000,-0.0107000000,0.0009000000,-0.0043000000,0.0032000000,-0.0096000000,0.0014000000,-0.0024000000,-0.0042000000,-0.0039000000
2010-06-24,-0.0080000000,-0.0243000000,-0.0208000000,-0.0210000000,-0.0161000000,-0.0178000000,-0.0200000000,-0.0053000000,-0.0210000000,-0.0065000000,-0.0190000000,-0.0154000000
2010-06-25,-0.0121000000,0.0097000000,0.0121000000,-0.0006000000,-0.0057000000,-0.0014000000,-0.0050000000,0.0047000000,-0.0012000000,0.0048000000,0.0214000000,0.0121000000
2010-06-28,0.0096000000,-0.0145000000,-0.0084000000,-0.0128000000,0.0032000000,0.0015000000,0.0058000000,0.0058000000,-0.0007000000,0.0006000000,-0.0090000000,-0.0067000000
2010-06-29,-0.0193000000,-0.0501000000,-0.0408000000,-0.0311000000,-0.0208000000,-0.0379000000,-0.0273000000,-0.0228000000,-0.0291000000,-0.0192000000,-0.0385000000,-0.0348000000
2010-06-30,-0.0085000000,-0.0075000000,-0.0059000000,-0.0071000000,-0.0079000000,-0.0142000000,-0.0152000000,-0.0071000000,-0.0087000000,-0.0072000000,-0.0116000000,-0.0080000000
2010-07-01,0.0033000000,0.0050000000,-0.0046000000,-0.0051000000,-0.0026000000,-0.0044000000,0.0024000000,-0.0046000000,0.0056000000,-0.0095000000,-0.0083000000,-0.0084000000
2010-07-02,-0.0020000000,-0.0168000000,-0.0051000000,-0.0026000000,-0.0042000000,-0.0029000000,-0.0035000000,-0.0009000000,-0.0087000000,0.0022000000,-0.0067000000,-0.0155000000
2010-07-06,0.0037000000,-0.0163000000,-0.0005000000,0.0088000000,-0.0003000000,0.0067000000,0.0063000000,0.0113000000,-0.0043000000,0.0010000000,0.0055000000,0.0001000000
2010-07-07,0.0217000000,0.0453000000,0.0353000000,0.0328000000,0.0347000000,0.0355000000,0.0243000000,0.0305000000,0.0206000000,0.0215000000,0.0400000000,0.0371000000
2010-07-08,0.0157000000,0.0115000000,0.0144000000,0.0123000000,0.0214000000,0.0064000000,0.0104000000,0.0096000000,0.0065000000,0.0100000000,0.0086000000,0.0080000000
2010-07-09,0.0030000000,0.0196000000,0.0103000000,0.0051000000,0.0066000000,0.0054000000,0.0069000000,0.0052000000,0.0079000000,0.0022000000,0.0166000000,0.0120000000
2010-07-12,-0.0007000000,-0.0006000000,-0.0102000000,-0.0030000000,-0.0041000000,0.0050000000,0.0018000000,0.0024000000,0.0011000000,-0.0040000000,-0.0011000000,-0.0062000000
2010-07-13,0.0093000000,0.0449000000,0.0245000000,0.0143000000,0.0153000000,0.0167000000,0.0167000000,0.0055000000,0.0190000000,0.0096000000,0.0261000000,0.0197000000
2010-07-14,0.0015000000,0.0070000000,-0.0003000000,-0.0028000000,0.0002000000,0.0080000000,-0.0036000000,-0.0002000000,-0.0021000000,-0.0006000000,-0.0087000000,-0.0006000000
2010-07-15,0.0016000000,-0.0030000000,-0.0022000000,0.0002000000,0.0001000000,0.0006000000,-0.0001000000,0.0050000000,0.0040000000,0.0020000000,-0.0022000000,-0.0025000000
2010-07-16,-0.0173000000,-0.0414000000,-0.0327000000,-0.0273000000,-0.0191000000,-0.0288000000,-0.0246000000,-0.0197000000,-0.0271000000,-0.0234000000,-0.0425000000,-0.0351000000
2010-07-19,0.0013000000,0.0095000000,0.0085000000,0.0057000000,0.0010000000,0.0104000000,0.0123000000,0.0125000000,0.0001000000,0.0043000000,-0.0002000000,0.0048000000
2010-07-20,0.0182000000,0.0230000000,0.0200000000,0.0195000000,0.0133000000,0.0078000000,0.0044000000,0.0104000000,0.0184000000,-0.0017000000,0.0104000000,0.0201000000
2010-07-21,-0.0072000000,-0.0107000000,-0.0039000000,-0.0125000000,-0.0074000000,-0.0140000000,-0.0122000000,-0.0136000000,-0.0153000000,-0.0155000000,-0.0182000000,-0.0127000000
2010-07-22,0.0141000000,0.0418000000,0.0318000000,0.0230000000,0.0154000000,0.0276000000,0.0249000000,0.0181000000,0.0173000000,0.0116000000,0.0294000000,0.0291000000
2010-07-23,0.0081000000,0.0270000000,0.0195000000,0.0068000000,0.0137000000,0.0082000000,0.0170000000,0.0026000000,0.0118000000,0.0040000000,0.0080000000,0.0186000000
2010-07-26,0.0082000000,0.0212000000,0.0113000000,0.0134000000,0.0094000000,0.0085000000,0.0133000000,0.0087000000,0.0099000000,0.0168000000,0.0170000000,0.0146000000
2010-07-27,0.0016000000,-0.0114000000,-0.0089000000,-0.0055000000,0.0042000000,-0.0022000000,-0.0033000000,0.0124000000,-0.0104000000,0.0033000000,0.0012000000,-0.0083000000
2010-07-28,-0.0084000000,-0.0120000000,-0.0069000000,-0.0038000000,-0.0039000000,-0.0097000000,0.0004000000,-0.0077000000,-0.0074000000,-0.0139000000,-0.0118000000,-0.0063000000
2010-07-29,-0.0072000000,0.0053000000,-0.0020000000,-0.0009000000,-0.0087000000,-0.0082000000,-0.0055000000,-0.0145000000,-0.0050000000,-0.0018000000,0.0037000000,-0.0004000000
2010-07-30,0.0034000000,-0.0003000000,0.0031000000,-0.0025000000,0.0003000000,-0.0041000000,0.0048000000,-0.0057000000,0.0046000000,0.0041000000,-0.0001000000,0.0028000000
2010-08-02,0.0139000000,0.0286000000,0.0224000000,0.0345000000,0.0191000000,0.0201000000,0.0214000000,0.0197000000,0.0139000000,0.0186000000,0.0218000000,0.0214000000
2010-08-03,-0.0046000000,-0.0195000000,-0.0099000000,0.0051000000,-0.0227000000,-0.0043000000,-0.0062000000,-0.0028000000,-0.0112000000,0.0080000000,-0.0097000000,-0.0077000000
2010-08-04,0.0093000000,0.0098000000,0.0072000000,0.0074000000,0.0041000000,0.0084000000,0.0059000000,0.0040000000,0.0090000000,0.0115000000,0.0032000000,0.0091000000
2010-08-05,-0.0050000000,0.0004000000,-0.0001000000,-0.0003000000,0.0020000000,-0.0044000000,0.0035000000,0.0016000000,-0.0019000000,-0.0033000000,-0.0034000000,-0.0035000000
2010-08-06,0.0035000000,-0.0044000000,-0.0042000000,-0.0104000000,-0.0020000000,-0.0029000000,-0.0084000000,0.0004000000,-0.0015000000,0.0021000000,-0.0063000000,-0.0057000000
2010-08-09,0.0045000000,0.0089000000,0.0061000000,0.0057000000,0.0073000000,0.0048000000,0.0073000000,0.0038000000,0.0088000000,0.0047000000,0.0071000000,0.0082000000
2010-08-10,-0.0007000000,-0.0197000000,-0.0108000000,-0.0085000000,-0.0006000000,-0.0132000000,-0.0012000000,0.0013000000,-0.0082000000,0.0005000000,-0.0105000000,-0.0120000000
2010-08-11,-0.0205000000,-0.0421000000,-0.0382000000,-0.0282000000,-0.0211000000,-0.0275000000,-0.0248000000,-0.0218000000,-0.0237000000,-0.0256000000,-0.0370000000,-0.0348000000
2010-08-12,-0.0009000000,-0.0084000000,-0.0061000000,-0.0046000000,0.0002000000,-0.0168000000,0.0028000000,-0.0034000000,-0.0010000000,0.0039000000,-0.0046000000,-0.0038000000
2010-08-13,-0.0001000000,-0.0071000000,-0.0028000000,-0.0035000000,-0.0038000000,-0.0060000000,-0.0054000000,0.0033000000,-0.0091000000,-0.0058000000,-0.0040000000,-0.0061000000
2010-08-16,0.0020000000,0.0009000000,0.0012000000,0.0003000000,0.0009000000,0.0044000000,-0.0006000000,-0.0004000000,0.0004000000,-0.0018000000,-0.0011000000,0.0027000000
2010-08-17,0.0103000000,0.0216000000,0.0208000000,0.0159000000,0.0175000000,0.0131000000,0.0101000000,0.0111000000,0.0143000000,0.0126000000,0.0070000000,0.0151000000
2010-08-18,0.0019000000,0.0038000000,0.0013000000,-0.0091000000,0.0046000000,0.0042000000,0.0060000000,-0.0056000000,0.0074000000,-0.0015000000,0.0023000000,0.0075000000
2010-08-19,-0.0137000000,-0.0297000000,-0.0209000000,-0.0146000000,-0.0157000000,-0.0136000000,-0.0180000000,-0.0149000000,-0.0147000000,-0.0164000000,-0.0236000000,-0.0216000000
2010-08-20,0.0010000000,-0.0061000000,-0.0062000000,-0.0115000000,-0.0045000000,0.0015000000,-0.0079000000,0.0005000000,0.0007000000,-0.0034000000,-0.0029000000,-0.0033000000
2010-08-23,-0.0012000000,-0.0118000000,-0.0130000000,0.0020000000,-0.0013000000,-0.0093000000,-0.0062000000,0.0041000000,-0.0027000000,0.0018000000,-0.0066000000,-0.0100000000
2010-08-24,-0.0051000000,-0.0267000000,-0.0197000000,-0.0147000000,-0.0128000000,-0.0165000000,-0.0088000000,-0.0005000000,-0.0110000000,-0.0206000000,-0.0164000000,-0.0181000000
2010-08-25,0.0013000000,0.0098000000,0.0005000000,-0.0026000000,0.0002000000,0.0059000000,0.0067000000,0.0008000000,0.0109000000,0.0086000000,0.0037000000,0.0061000000
2010-08-26,-0.0079000000,-0.0108000000,-0.0061000000,-0.0082000000,-0.0021000000,-0.0100000000,-0.0047000000,-0.0048000000,-0.0089000000,-0.0083000000,-0.0097000000,-0.0034000000
2010-08-27,0.0112000000,0.0318000000,0.0256000000,0.0265000000,0.0187000000,0.0149000000,0.0139000000,0.0195000000,0.0087000000,0.0131000000,0.0222000000,0.0249000000
2010-08-30,-0.0112000000,-0.0221000000,-0.0185000000,-0.0135000000,-0.0129000000,-0.0130000000,-0.0128000000,-0.0145000000,-0.0163000000,-0.0111000000,-0.0241000000,-0.0150000000
2010-08-31,0.0012000000,-0.0039000000,-0.0023000000,-0.0006000000,0.0063000000,-0.0059000000,0.0086000000,0.0031000000,-0.0035000000,-0.0032000000,0.0062000000,0.0031000000
2010-09-01,0.0217000000,0.0442000000,0.0399000000,0.0369000000,0.0168000000,0.0290000000,0.0251000000,0.0240000000,0.0306000000,0.0231000000,0.0377000000,0.0334000000
2010-09-02,0.0064000000,0.0171000000,0.0155000000,0.0078000000,0.0058000000,0.0095000000,0.0081000000,-0.0006000000,0.0184000000,0.0073000000,0.0088000000,0.0116000000
2010-09-03,0.0086000000,0.0232000000,0.0150000000,0.0096000000,0.0085000000,0.0169000000,0.0098000000,0.0063000000,0.0105000000,0.0083000000,0.0219000000,0.0135000000
2010-09-07,-0.0058000000,-0.0244000000,-0.0139000000,-0.0164000000,-0.0101000000,-0.0087000000,-0.0122000000,-0.0075000000,-0.0101000000,-0.0076000000,-0.0237000000,-0.0095000000
2010-09-08,0.0052000000,0.0009000000,0.0081000000,0.0079000000,0.0066000000,0.0059000000,0.0063000000,-0.0025000000,0.0044000000,0.0061000000,0.0091000000,0.0099000000
2010-09-09,0.0047000000,-0.0035000000,-0.0007000000,0.0020000000,-0.0020000000,0.0020000000,0.0083000000,0.0067000000,0.0001000000,0.0098000000,0.0117000000,0.0029000000
2010-09-10,0.0068000000,0.0015000000,0.0074000000,0.0091000000,0.0032000000,0.0004000000,0.0073000000,-0.0022000000,0.0069000000,0.0090000000,0.0017000000,0.0048000000
2010-09-13,0.0034000000,0.0175000000,0.0161000000,0.0060000000,0.0094000000,0.0222000000,0.0072000000,0.0056000000,0.0100000000,0.0025000000,0.0216000000,0.0132000000
2010-09-14,-0.0017000000,-0.0021000000,-0.0043000000,-0.0011000000,0.0011000000,0.0040000000,-0.0036000000,-0.0023000000,0.0072000000,0.0034000000,-0.0083000000,-0.0022000000
2010-09-15,0.0066000000,0.0018000000,-0.0007000000,-0.0007000000,0.0043000000,0.0044000000,0.0042000000,-0.0049000000,0.0054000000,0.0090000000,0.0034000000,0.0040000000
2010-09-16,-0.0012000000,0.0119000000,-0.0009000000,-0.0029000000,0.0069000000,0.0051000000,-0.0042000000,-0.0065000000,0.0003000000,-0.0026000000,-0.0042000000,-0.0036000000
2010-09-17,-0.0021000000,0.0051000000,0.0087000000,-0.0042000000,0.0017000000,0.0057000000,0.0060000000,-0.0014000000,0.0000000000,0.0011000000,-0.0036000000,0.0022000000
2010-09-20,0.0106000000,0.0203000000,0.0156000000,0.0176000000,0.0130000000,0.0154000000,0.0173000000,0.0134000000,0.0157000000,0.0134000000,0.0216000000,0.0149000000
2010-09-21,-0.0032000000,-0.0034000000,-0.0012000000,-0.0022000000,-0.0025000000,-0.0024000000,-0.0010000000,-0.0056000000,-0.0027000000,-0.0011000000,-0.0085000000,-0.0010000000
2010-09-22,-0.0021000000,-0.0101000000,-0.0073000000,-0.0052000000,0.0018000000,-0.0063000000,-0.0076000000,0.0051000000,0.0004000000,-0.0006000000,-0.0148000000,-0.0035000000
2010-09-23,-0.0076000000,-0.0104000000,-0.0112000000,-0.0072000000,-0.0068000000,-0.0014000000,-0.0054000000,-0.0093000000,-0.0028000000,-0.0050000000,-0.0157000000,-0.0151000000
2010-09-24,0.0161000000,0.0312000000,0.0307000000,0.0200000000,0.0162000000,0.0219000000,0.0173000000,0.0171000000,0.0228000000,0.0151000000,0.0260000000,0.0267000000
2010-09-27,-0.0036000000,-0.0031000000,-0.0069000000,-0.0022000000,-0.0022000000,-0.0021000000,0.0000000000,0.0010000000,-0.0065000000,-0.0065000000,-0.0106000000,-0.0037000000
2010-09-28,0.0049000000,0.0111000000,0.0088000000,0.0072000000,0.0008000000,0.0030000000,0.0031000000,0.0030000000,0.0116000000,0.0088000000,0.0039000000,0.0062000000
2010-09-29,-0.0030000000,-0.0009000000,0.0028000000,0.0064000000,-0.0077000000,0.0004000000,-0.0062000000,-0.0009000000,-0.0043000000,-0.0029000000,-0.0049000000,-0.0022000000
2010-09-30,-0.0044000000,-0.0020000000,-0.0031000000,0.0012000000,-0.0053000000,-0.0054000000,-0.0030000000,-0.0020000000,-0.0019000000,-0.0034000000,-0.0006000000,-0.0003000000
2010-10-01,0.0037000000,0.0020000000,0.0045000000,0.0134000000,0.0040000000,-0.0006000000,0.0064000000,0.0074000000,0.0004000000,0.0006000000,0.0088000000,0.0040000000
2010-10-04,-0.0043000000,0.0061000000,-0.0133000000,-0.0102000000,-0.0074000000,-0.0112000000,-0.0034000000,-0.0055000000,-0.0050000000,-0.0082000000,-0.0104000000,-0.0110000000
2010-10-05,0.0136000000,0.0302000000,0.0289000000,0.0231000000,0.0195000000,0.0224000000,0.0183000000,0.0121000000,0.0166000000,0.0187000000,0.0236000000,0.0233000000
2010-10-06,0.0025000000,-0.0002000000,0.0023000000,0.0082000000,0.0002000000,-0.0076000000,-0.0074000000,-0.0025000000,-0.0014000000,-0.0009000000,-0.0024000000,0.0050000000
2010-10-07,-0.0048000000,0.0006000000,-0.0042000000,-0.0033000000,-0.0004000000,0.0022000000,-0.0029000000,0.0006000000,0.0012000000,-0.0007000000,-0.0040000000,-0.0037000000
2010-10-08,0.0030000000,0.0245000000,0.0125000000,0.0125000000,0.0196000000,0.0076000000,0.0042000000,0.0046000000,0.0036000000,0.0046000000,0.0024000000,0.0107000000
2010-10-11,0.0004000000,0.0026000000,-0.0001000000,0.0024000000,0.0012000000,0.0002000000,0.0025000000,0.0000000000,0.0014000000,-0.0006000000,-0.0006000000,-0.0003000000
2010-10-12,0.0061000000,0.0027000000,0.0002000000,0.0001000000,0.0037000000,0.0074000000,0.0003000000,-0.0036000000,0.0001000000,0.0020000000,0.0110000000,0.0018000000
2010-10-13,0.0095000000,0.0069000000,0.0133000000,0.0079000000,0.0097000000,0.0099000000,0.0056000000,0.0070000000,0.0019000000,0.0060000000,0.0030000000,0.0133000000
2010-10-14,0.0025000000,0.0029000000,-0.0044000000,0.0001000000,-0.0047000000,0.0003000000,-0.0001000000,-0.0018000000,-0.0035000000,-0.0015000000,-0.0161000000,-0.0069000000
2010-10-15,0.0034000000,-0.0005000000,0.0004000000,0.0017000000,0.0022000000,0.0166000000,0.0019000000,0.0030000000,0.0078000000,0.0030000000,-0.0147000000,-0.0103000000
2010-10-18,0.0010000000,0.0038000000,0.0030000000,0.0087000000,0.0045000000,0.0047000000,0.0021000000,0.0082000000,0.0002000000,0.0092000000,0.0226000000,0.0020000000
2010-10-19,-0.0104000000,-0.0285000000,-0.0183000000,-0.0256000000,-0.0133000000,-0.0187000000,-0.0116000000,-0.0078000000,-0.0165000000,-0.0168000000,-0.0143000000,-0.0183000000
2010-10-20,0.0074000000,0.0185000000,0.0162000000,0.0138000000,0.0167000000,0.0077000000,0.0151000000,0.0082000000,0.0073000000,0.0049000000,0.0110000000,0.0146000000
2010-10-21,0.0015000000,0.0072000000,0.0042000000,-0.0024000000,0.0034000000,0.0018000000,-0.0025000000,-0.0054000000,0.0067000000,0.0036000000,-0.0031000000,0.0011000000
2010-10-22,0.0028000000,0.0017000000,0.0023000000,0.0034000000,-0.0032000000,0.0076000000,-0.0015000000,-0.0049000000,0.0065000000,-0.0002000000,0.0023000000,0.0030000000
2010-10-25,0.0045000000,0.0074000000,0.0057000000,0.0012000000,0.0105000000,0.0041000000,0.0072000000,-0.0026000000,0.0028000000,0.0037000000,-0.0028000000,0.0047000000
2010-10-26,0.0016000000,0.0033000000,-0.0060000000,0.0002000000,-0.0048000000,0.0017000000,0.0015000000,-0.0021000000,0.0024000000,-0.0031000000,0.0023000000,0.0015000000
2010-10-27,-0.0063000000,-0.0073000000,-0.0015000000,-0.0070000000,-0.0049000000,0.0051000000,0.0006000000,-0.0021000000,-0.0085000000,-0.0044000000,0.0016000000,-0.0107000000
2010-10-28,0.0036000000,-0.0024000000,-0.0041000000,-0.0020000000,-0.0029000000,0.0012000000,0.0088000000,0.0035000000,0.0006000000,0.0046000000,-0.0015000000,0.0017000000
2010-10-29,0.0018000000,0.0018000000,0.0040000000,-0.0003000000,0.0098000000,0.0011000000,0.0002000000,0.0024000000,-0.0003000000,-0.0047000000,-0.0008000000,0.0008000000
2010-11-01,-0.0008000000,0.0025000000,0.0000000000,0.0035000000,-0.0026000000,0.0017000000,0.0014000000,-0.0061000000,-0.0009000000,-0.0003000000,-0.0027000000,0.0015000000
2010-11-02,0.0031000000,0.0202000000,0.0095000000,0.0108000000,0.0076000000,0.0096000000,0.0080000000,0.0124000000,0.0143000000,0.0046000000,0.0067000000,0.0112000000
2010-11-03,0.0011000000,0.0183000000,0.0009000000,0.0018000000,-0.0002000000,0.0050000000,0.0029000000,-0.0024000000,0.0037000000,0.0011000000,0.0098000000,0.0036000000
2010-11-04,0.0132000000,0.0377000000,0.0276000000,0.0282000000,0.0142000000,0.0154000000,0.0102000000,0.0131000000,0.0173000000,0.0050000000,0.0323000000,0.0215000000
2010-11-05,-0.0012000000,0.0092000000,0.0055000000,0.0055000000,0.0002000000,0.0009000000,-0.0046000000,0.0004000000,0.0027000000,-0.0057000000,0.0192000000,0.0074000000
2010-11-08,-0.0010000000,0.0008000000,-0.0034000000,0.0068000000,-0.0004000000,0.0015000000,-0.0028000000,-0.0037000000,-0.0011000000,-0.0038000000,-0.0064000000,-0.0009000000
2010-11-09,-0.0057000000,-0.0168000000,-0.0098000000,-0.0012000000,-0.0071000000,-0.0038000000,-0.0047000000,0.0001000000,-0.0076000000,-0.0048000000,-0.0172000000,-0.0142000000
2010-11-10,-0.0024000000,0.0190000000,0.0023000000,0.0149000000,0.0002000000,0.0030000000,0.0022000000,-0.0037000000,0.0055000000,0.0007000000,0.0131000000,0.0064000000
2010-11-11,0.0008000000,-0.0014000000,-0.0036000000,0.0105000000,0.0021000000,-0.0153000000,-0.0061000000,0.0015000000,0.0005000000,0.0011000000,-0.0075000000,-0.0006000000
2010-11-12,-0.0068000000,-0.0201000000,-0.0158000000,-0.0141000000,-0.0121000000,-0.0132000000,-0.0042000000,-0.0089000000,-0.0119000000,-0.0119000000,-0.0162000000,-0.0150000000
2010-11-15,-0.0009000000,0.0151000000,0.0029000000,-0.0055000000,-0.0025000000,-0.0038000000,-0.0013000000,0.0041000000,-0.0037000000,0.0015000000,0.0032000000,-0.0021000000
2010-11-16,-0.0125000000,-0.0239000000,-0.0156000000,-0.0211000000,-0.0142000000,-0.0175000000,-0.0141000000,-0.0135000000,-0.0085000000,-0.0127000000,-0.0178000000,-0.0171000000
2010-11-17,0.0023000000,0.0095000000,0.0030000000,0.0022000000,0.0016000000,0.0001000000,0.0021000000,0.0009000000,0.0060000000,0.0005000000,-0.0048000000,-0.0015000000
2010-11-18,0.0162000000,0.0031000000,0.0210000000,0.0214000000,0.0176000000,0.0180000000,0.0136000000,0.0072000000,0.0092000000,0.0131000000,0.0140000000,0.0185000000
2010-11-19,0.0029000000,0.0072000000,0.0042000000,0.0075000000,0.0042000000,0.0028000000,-0.0010000000,-0.0019000000,0.0076000000,-0.0004000000,-0.0005000000,0.0062000000
2010-11-22,0.0016000000,0.0008000000,0.0019000000,-0.0028000000,-0.0028000000,0.0070000000,-0.0030000000,0.0021000000,0.0059000000,-0.0010000000,-0.0121000000,-0.0015000000
2010-11-23,-0.0100000000,-0.0197000000,-0.0117000000,-0.0197000000,-0.0131000000,-0.0141000000,-0.0147000000,-0.0109000000,-0.0075000000,-0.0121000000,-0.0160000000,-0.0166000000
2010-11-24,0.0123000000,0.0235000000,0.0220000000,0.0165000000,0.0125000000,0.0186000000,0.0108000000,0.0070000000,0.0173000000,0.0103000000,0.0151000000,0.0196000000
2010-11-26,-0.0041000000,-0.0001000000,-0.0076000000,-0.0098000000,-0.0075000000,-0.0044000000,-0.0031000000,-0.0059000000,-0.0051000000,-0.0057000000,-0.0114000000,-0.0085000000
2010-11-29,-0.0052000000,-0.0061000000,-0.0035000000,0.0045000000,-0.0012000000,-0.0056000000,-0.0076000000,-0.0030000000,-0.0013000000,-0.0046000000,0.0059000000,0.0036000000
2010-11-30,-0.0031000000,-0.0054000000,-0.0006000000,-0.0045000000,-0.0079000000,-0.0121000000,-0.0027000000,-0.0021000000,-0.0007000000,-0.0083000000,-0.0080000000,-0.0039000000
2010-12-01,0.0174000000,0.0327000000,0.0266000000,0.0276000000,0.0197000000,0.0224000000,0.0183000000,0.0127000000,0.0159000000,0.0167000000,0.0234000000,0.0210000000
2010-12-02,0.0031000000,0.0192000000,0.0136000000,0.0152000000,0.0056000000,0.0126000000,0.0081000000,0.0049000000,0.0094000000,0.0053000000,0.0251000000,0.0128000000
2010-12-03,0.0013000000,0.0125000000,0.0046000000,0.0037000000,0.0042000000,0.0045000000,0.0029000000,0.0024000000,0.0008000000,0.0022000000,0.0037000000,0.0049000000
2010-12-06,-0.0019000000,0.0021000000,0.0014000000,0.0042000000,-0.0022000000,0.0008000000,0.0004000000,-0.0036000000,-0.0014000000,-0.0048000000,-0.0014000000,0.0007000000
2010-12-07,0.0036000000,-0.0011000000,0.0002000000,0.0008000000,0.0020000000,0.0010000000,0.0013000000,-0.0048000000,0.0040000000,0.0007000000,-0.0006000000,0.0013000000
2010-12-08,0.0026000000,0.0062000000,-0.0034000000,-0.0045000000,0.0004000000,0.0073000000,-0.0002000000,-0.0037000000,-0.0022000000,0.0018000000,0.0188000000,-0.0020000000
2010-12-09,0.0051000000,0.0042000000,0.0021000000,0.0027000000,0.0020000000,0.0002000000,0.0065000000,0.0031000000,-0.0010000000,0.0028000000,0.0134000000,0.0053000000
2010-12-10,0.0014000000,0.0031000000,0.0071000000,0.0045000000,0.0044000000,0.0067000000,0.0072000000,0.0039000000,0.0031000000,0.0106000000,0.0094000000,0.0097000000
2010-12-13,-0.0007000000,-0.0093000000,0.0032000000,0.0058000000,-0.0016000000,-0.0035000000,-0.0015000000,0.0047000000,-0.0061000000,0.0006000000,-0.0008000000,-0.0014000000
2010-12-14,0.0019000000,0.0030000000,0.0036000000,-0.0024000000,0.0038000000,-0.0007000000,0.0104000000,0.0017000000,0.0005000000,0.0123000000,-0.0073000000,-0.0017000000
2010-12-15,0.0007000000,0.0000000000,-0.0055000000,-0.0061000000,0.0005000000,-0.0044000000,-0.0078000000,-0.0087000000,-0.0018000000,0.0009000000,-0.0095000000,-0.0089000000
2010-12-16,0.0087000000,0.0133000000,0.0098000000,0.0067000000,0.0084000000,0.0076000000,0.0017000000,0.0083000000,0.0104000000,0.0087000000,-0.0009000000,0.0109000000
2010-12-17,0.0049000000,0.0002000000,0.0019000000,-0.0018000000,0.0031000000,0.0028000000,-0.0016000000,0.0025000000,-0.0007000000,0.0020000000,0.0016000000,-0.0001000000
2010-12-20,-0.0005000000,0.0048000000,0.0018000000,0.0078000000,0.0024000000,-0.0008000000,0.0051000000,0.0035000000,0.0009000000,0.0009000000,0.0032000000,0.0042000000
2010-12-21,-0.0013000000,0.0098000000,0.0102000000,0.0102000000,0.0044000000,0.0066000000,0.0048000000,0.0005000000,0.0017000000,-0.0002000000,0.0147000000,0.0094000000
2010-12-22,0.0008000000,-0.0014000000,-0.0005000000,0.0038000000,0.0018000000,-0.0003000000,0.0066000000,0.0047000000,0.0005000000,0.0004000000,0.0120000000,0.0014000000
2010-12-23,-0.0011000000,-0.0073000000,-0.0025000000,0.0034000000,0.0028000000,-0.0017000000,-0.0001000000,0.0008000000,0.0005000000,0.0000000000,-0.0072000000,-0.0026000000
2010-12-27,-0.0033000000,-0.0010000000,-0.0009000000,-0.0039000000,-0.0034000000,0.0015000000,-0.0008000000,-0.0004000000,-0.0017000000,-0.0021000000,0.0087000000,0.0022000000
2010-12-28,-0.0008000000,-0.0058000000,-0.0010000000,0.0046000000,0.0009000000,-0.0011000000,-0.0005000000,0.0026000000,-0.0011000000,-0.0001000000,0.0001000000,0.0003000000
2010-12-29,0.0018000000,0.0039000000,0.0010000000,0.0075000000,0.0023000000,0.0012000000,0.0017000000,-0.0003000000,0.0048000000,0.0001000000,-0.0024000000,0.0022000000
2010-12-30,-0.0004000000,-0.0024000000,-0.0005000000,0.0018000000,-0.0005000000,-0.0016000000,0.0001000000,-0.0020000000,0.0005000000,-0.0027000000,-0.0032000000,-0.0021000000
2010-12-31,-0.0005000000,-0.0002000000,-0.0015000000,-0.0010000000,0.0005000000,-0.0029000000,0.0016000000,-0.0009000000,-0.0048000000,-0.0026000000,0.0011000000,0.0028000000
2011-01-03,0.0006000000,0.0196000000,0.0112000000,0.0118000000,0.0060000000,0.0131000000,0.0135000000,0.0060000000,0.0095000000,0.0088000000,0.0227000000,0.0080000000
2011-01-04,-0.0095000000,-0.0038000000,-0.0060000000,-0.0050000000,-0.0043000000,0.0001000000,0.0092000000,0.0028000000,-0.0100000000,0.0016000000,-0.0018000000,-0.0043000000
2011-01-05,0.0034000000,0.0188000000,0.0061000000,0.0026000000,0.0016000000,0.0075000000,0.0078000000,-0.0043000000,0.0009000000,0.0033000000,0.0122000000,0.0059000000
2011-01-06,-0.0023000000,0.0043000000,-0.0039000000,-0.0051000000,-0.0005000000,0.0079000000,-0.0101000000,-0.0006000000,-0.0084000000,0.0004000000,-0.0030000000,-0.0047000000
2011-01-07,-0.0071000000,-0.0039000000,0.0013000000,0.0049000000,-0.0046000000,-0.0025000000,-0.0054000000,0.0049000000,-0.0010000000,-0.0011000000,-0.0090000000,0.0007000000
2011-01-10,0.0017000000,0.0085000000,0.0016000000,-0.0021000000,-0.0008000000,0.0028000000,-0.0046000000,-0.0042000000,0.0016000000,-0.0032000000,-0.0018000000,0.0001000000
2011-01-11,-0.0009000000,0.0007000000,0.0073000000,0.0155000000,-0.0004000000,0.0017000000,-0.0074000000,0.0030000000,0.0015000000,0.0043000000,0.0065000000,0.0037000000
2011-01-12,0.0080000000,0.0132000000,0.0093000000,0.0098000000,0.0140000000,0.0092000000,0.0017000000,0.0061000000,0.0040000000,0.0060000000,0.0142000000,0.0076000000
2011-01-13,0.0016000000,-0.0062000000,-0.0012000000,-0.0024000000,0.0024000000,-0.0006000000,0.0008000000,0.0006000000,0.0003000000,-0.0065000000,-0.0040000000,-0.0025000000
2011-01-14,-0.0004000000,0.0027000000,0.0060000000,0.0084000000,0.0047000000,0.0081000000,0.0017000000,0.0046000000,0.0054000000,-0.0007000000,0.0176000000,0.0074000000
2011-01-18,-0.0011000000,0.0020000000,0.0083000000,0.0078000000,0.0040000000,0.0036000000,-0.0031000000,0.0025000000,0.0038000000,0.0030000000,-0.0064000000,0.0007000000
2011-01-19,-0.0065000000,-0.0282000000,-0.0125000000,-0.0117000000,-0.0148000000,-0.0093000000,-0.0049000000,-0.0029000000,-0.0090000000,-0.0080000000,-0.0233000000,-0.0161000000
2011-01-20,-0.0010000000,-0.0131000000,-0.0083000000,-0.0078000000,-0.0084000000,-0.0088000000,0.0022000000,0.0031000000,0.0063000000,0.0019000000,0.0033000000,-0.0055000000
2011-01-21,-0.0006000000,0.0039000000,-0.0007000000,0.0070000000,0.0018000000,-0.0060000000,0.0078000000,0.0005000000,-0.0032000000,-0.0015000000,0.0066000000,0.0066000000
2011-01-24,0.0046000000,0.0069000000,0.0119000000,0.0014000000,0.0111000000,0.0134000000,0.0086000000,0.0065000000,0.0033000000,0.0017000000,-0.0021000000,0.0124000000
2011-01-25,-0.0008000000,0.0055000000,0.0014000000,-0.0034000000,0.0018000000,0.0023000000,0.0025000000,-0.0023000000,0.0045000000,-0.0010000000,-0.0013000000,-0.0034000000
2011-01-26,0.0012000000,0.0172000000,0.0149000000,0.0193000000,0.0046000000,0.0060000000,0.0034000000,0.0004000000,0.0010000000,-0.0002000000,-0.0003000000,0.0108000000
2011-01-27,-0.0047000000,0.0163000000,0.0033000000,-0.0042000000,-0.0122000000,0.0055000000,-0.0031000000,0.0045000000,0.0067000000,0.0003000000,0.0086000000,0.0025000000
2011-01-28,-0.0142000000,-0.0641000000,-0.0182000000,-0.0051000000,-0.0063000000,-0.0222000000,-0.0209000000,-0.0132000000,-0.0241000000,-0.0179000000,-0.0200000000,-0.0197000000
2011-01-31,0.0044000000,0.0009000000,0.0122000000,0.0264000000,0.0015000000,0.0074000000,0.0012000000,0.0037000000,-0.0011000000,0.0018000000,0.0075000000,0.0050000000
2011-02-01,0.0094000000,-0.0038000000,0.0148000000,0.0211000000,0.0128000000,0.0184000000,0.0186000000,0.0117000000,0.0123000000,0.0160000000,0.0227000000,0.0252000000
2011-02-02,-0.0018000000,-0.0234000000,0.0011000000,0.0003000000,-0.0033000000,0.0023000000,0.0049000000,-0.0047000000,-0.0090000000,-0.0009000000,-0.0074000000,-0.0081000000
2011-02-03,0.0053000000,0.0099000000,0.0012000000,-0.0011000000,0.0026000000,0.0001000000,0.0102000000,0.0039000000,0.0097000000,0.0004000000,0.0006000000,0.0041000000
2011-02-04,0.0063000000,0.0033000000,0.0051000000,-0.0043000000,0.0072000000,0.0075000000,0.0017000000,-0.0042000000,0.0065000000,0.0034000000,0.0012000000,-0.0026000000
2011-02-07,0.0019000000,0.0151000000,0.0095000000,0.0067000000,0.0099000000,0.0072000000,0.0018000000,0.0059000000,0.0015000000,0.0003000000,0.0138000000,0.0080000000
2011-02-08,0.0054000000,0.0088000000,0.0034000000,-0.0024000000,0.0052000000,0.0043000000,0.0046000000,-0.0002000000,0.0115000000,0.0029000000,0.0068000000,0.0079000000
2011-02-09,0.0031000000,-0.0075000000,-0.0019000000,-0.0120000000,-0.0026000000,-0.0021000000,0.0089000000,-0.0030000000,0.0023000000,-0.0035000000,-0.0072000000,-0.0040000000
2011-02-10,-0.0040000000,0.0047000000,0.0043000000,0.0079000000,0.0040000000,-0.0029000000,0.0036000000,0.0011000000,-0.0009000000,0.0010000000,0.0001000000,0.0045000000
2011-02-11,0.0051000000,0.0222000000,0.0075000000,0.0006000000,0.0101000000,0.0047000000,0.0087000000,-0.0001000000,0.0072000000,0.0012000000,0.0139000000,0.0072000000
2011-02-14,-0.0009000000,-0.0037000000,0.0033000000,0.0232000000,-0.0001000000,0.0023000000,-0.0054000000,-0.0040000000,-0.0037000000,0.0042000000,0.0010000000,0.0053000000
2011-02-15,-0.0022000000,-0.0068000000,-0.0060000000,-0.0118000000,-0.0115000000,-0.0052000000,0.0012000000,0.0020000000,0.0002000000,0.0009000000,-0.0021000000,-0.0034000000
2011-02-16,0.0060000000,0.0034000000,0.0091000000,0.0117000000,0.0073000000,0.0073000000,0.0074000000,-0.0003000000,0.0055000000,0.0046000000,0.0066000000,0.0046000000
2011-02-17,0.0098000000,-0.0040000000,0.0044000000,0.0084000000,0.0054000000,0.0023000000,0.0029000000,0.0061000000,0.0039000000,0.0034000000,-0.0003000000,0.0037000000
2011-02-18,-0.0004000000,-0.0038000000,0.0027000000,0.0050000000,0.0002000000,-0.0003000000,0.0035000000,0.0006000000,0.0039000000,0.0015000000,0.0017000000,-0.0028000000
2011-02-22,-0.0057000000,-0.0332000000,-0.0294000000,-0.0059000000,-0.0195000000,-0.0263000000,-0.0215000000,-0.0044000000,-0.0225000000,-0.0149000000,-0.0301000000,-0.0306000000
2011-02-23,-0.0026000000,-0.0221000000,-0.0146000000,0.0214000000,-0.0061000000,-0.0151000000,-0.0092000000,-0.0028000000,-0.0160000000,-0.0088000000,-0.0057000000,-0.0142000000
2011-02-24,0.0004000000,-0.0004000000,0.0022000000,-0.0113000000,-0.0086000000,0.0058000000,0.0045000000,-0.0032000000,0.0001000000,0.0019000000,-0.0010000000,0.0047000000
2011-02-25,0.0097000000,0.0214000000,0.0152000000,0.0114000000,0.0112000000,0.0140000000,0.0145000000,0.0097000000,0.0066000000,0.0100000000,0.0131000000,0.0147000000
2011-02-28,0.0017000000,-0.0001000000,0.0038000000,0.0059000000,0.0081000000,0.0005000000,0.0112000000,0.0100000000,0.0040000000,0.0095000000,0.0003000000,0.0092000000
2011-03-01,-0.0077000000,-0.0219000000,-0.0211000000,-0.0146000000,-0.0142000000,-0.0180000000,-0.0178000000,-0.0106000000,-0.0112000000,-0.0074000000,-0.0179000000,-0.0225000000
2011-03-02,0.0013000000,0.0056000000,0.0061000000,0.0055000000,-0.0001000000,0.0059000000,0.0032000000,0.0035000000,0.0011000000,0.0025000000,-0.0031000000,0.0039000000
2011-03-03,0.0152000000,0.0175000000,0.0264000000,0.0148000000,0.0154000000,0.0182000000,0.0139000000,0.0099000000,0.0130000000,0.0180000000,0.0217000000,0.0183000000
2011-03-04,-0.0042000000,-0.0114000000,-0.0082000000,-0.0044000000,-0.0081000000,-0.0053000000,-0.0073000000,-0.0053000000,-0.0037000000,-0.0007000000,-0.0123000000,-0.0103000000
2011-03-07,-0.0037000000,-0.0167000000,-0.0125000000,-0.0071000000,-0.0105000000,-0.0148000000,-0.0070000000,0.0011000000,-0.0092000000,-0.0073000000,-0.0083000000,-0.0107000000
2011-03-08,0.0092000000,0.0191000000,0.0123000000,-0.0077000000,0.0095000000,0.0079000000,0.0096000000,0.0088000000,0.0074000000,0.0089000000,0.0208000000,0.0143000000
2011-03-09,0.0037000000,-0.0044000000,-0.0051000000,-0.0061000000,-0.0047000000,-0.0064000000,0.0016000000,0.0076000000,0.0077000000,0.0007000000,-0.0005000000,-0.0034000000
2011-03-10,-0.0076000000,-0.0201000000,-0.0252000000,-0.0363000000,-0.0159000000,-0.0205000000,-0.0133000000,-0.0166000000,-0.0055000000,-0.0158000000,-0.0216000000,-0.0196000000
2011-03-11,0.0024000000,0.0113000000,0.0107000000,0.0156000000,0.0037000000,0.0061000000,0.0017000000,0.0046000000,0.0030000000,0.0046000000,0.0060000000,0.0099000000
2011-03-14,-0.0090000000,-0.0083000000,-0.0037000000,0.0073000000,-0.0019000000,-0.0044000000,-0.0117000000,-0.0092000000,-0.0095000000,-0.0041000000,-0.0095000000,-0.0117000000
2011-03-15,-0.0107000000,0.0012000000,-0.0089000000,-0.0085000000,-0.0098000000,-0.0139000000,-0.0118000000,-0.0162000000,-0.0066000000,-0.0118000000,-0.0107000000,-0.0088000000
2011-03-16,-0.0138000000,-0.0193000000,-0.0167000000,-0.0167000000,-0.0145000000,-0.0243000000,-0.0165000000,-0.0127000000,-0.0131000000,-0.0159000000,-0.0174000000,-0.0196000000
2011-03-17,0.0041000000,0.0045000000,0.0158000000,0.0286000000,0.0121000000,0.0073000000,0.0143000000,0.0050000000,0.0007000000,0.0113000000,0.0113000000,0.0135000000
2011-03-18,0.0074000000,0.0118000000,0.0038000000,-0.0026000000,0.0047000000,0.0025000000,0.0049000000,0.0045000000,0.0030000000,0.0080000000,0.0108000000,0.0054000000
2011-03-21,0.0144000000,0.0208000000,0.0224000000,0.0272000000,0.0172000000,0.0199000000,0.0083000000,0.0157000000,0.0110000000,0.0059000000,0.0070000000,0.0210000000
2011-03-22,0.0014000000,-0.0177000000,-0.0059000000,-0.0011000000,-0.0054000000,-0.0031000000,0.0004000000,0.0004000000,-0.0051000000,-0.0004000000,-0.0047000000,-0.0068000000
2011-03-23,0.0062000000,0.0010000000,0.0063000000,0.0022000000,0.0032000000,0.0059000000,0.0052000000,-0.0008000000,0.0039000000,-0.0006000000,-0.0017000000,0.0055000000
2011-03-24,0.0060000000,0.0228000000,0.0082000000,0.0029000000,0.0076000000,0.0157000000,0.0113000000,0.0043000000,0.0137000000,0.0101000000,0.0060000000,0.0098000000
2011-03-25,0.0042000000,0.0065000000,0.0048000000,0.0123000000,0.0052000000,0.0031000000,0.0059000000,0.0027000000,0.0006000000,0.0025000000,0.0020000000,0.0036000000
2011-03-28,0.0004000000,-0.0090000000,-0.0018000000,-0.0056000000,-0.0035000000,-0.0053000000,0.0012000000,-0.0058000000,-0.0054000000,-0.0013000000,-0.0020000000,-0.0048000000
2011-03-29,0.0057000000,0.0098000000,0.0102000000,0.0084000000,0.0095000000,0.0080000000,0.0108000000,0.0082000000,0.0088000000,0.0076000000,0.0029000000,0.0056000000
2011-03-30,0.0067000000,0.0125000000,0.0038000000,0.0113000000,0.0109000000,0.0032000000,0.0125000000,0.0126000000,0.0092000000,0.0082000000,0.0090000000,0.0089000000
2011-03-31,-0.0012000000,0.0052000000,0.0038000000,-0.0021000000,-0.0021000000,-0.0007000000,-0.0015000000,-0.0015000000,-0.0021000000,0.0002000000,-0.0024000000,-0.0030000000
2011-04-01,0.0063000000,0.0095000000,0.0066000000,0.0040000000,0.0069000000,-0.0003000000,0.0032000000,0.0074000000,0.0066000000,0.0048000000,0.0096000000,0.0062000000
2011-04-04,0.0021000000,0.0076000000,0.0003000000,0.0006000000,0.0064000000,-0.0044000000,0.0029000000,-0.0005000000,0.0013000000,0.0062000000,0.0013000000,0.0029000000
2011-04-05,0.0031000000,0.0036000000,0.0006000000,0.0040000000,0.0007000000,-0.0001000000,-0.0032000000,-0.0029000000,0.0077000000,-0.0017000000,-0.0008000000,-0.0021000000
2011-04-06,-0.0006000000,-0.0064000000,-0.0033000000,-0.0094000000,-0.0004000000,0.0049000000,-0.0006000000,0.0040000000,0.0029000000,0.0032000000,0.0117000000,0.0027000000
2011-04-07,-0.0023000000,-0.0092000000,-0.0047000000,0.0021000000,-0.0009000000,-0.0005000000,-0.0039000000,-0.0043000000,0.0014000000,-0.0006000000,-0.0048000000,-0.0042000000
2011-04-08,-0.0043000000,-0.0129000000,-0.0080000000,0.0044000000,-0.0033000000,-0.0061000000,-0.0007000000,-0.0029000000,-0.0065000000,0.0002000000,-0.0084000000,-0.0071000000
2011-04-11,0.0064000000,-0.0157000000,-0.0065000000,-0.0191000000,-0.0044000000,-0.0026000000,0.0001000000,-0.0125000000,0.0005000000,0.0033000000,-0.0009000000,-0.0052000000
2011-04-12,0.0004000000,-0.0088000000,-0.0150000000,-0.0303000000,-0.0050000000,-0.0096000000,-0.0054000000,-0.0078000000,-0.0004000000,-0.0018000000,-0.0037000000,-0.0073000000
2011-04-13,0.0025000000,0.0058000000,0.0009000000,0.0042000000,-0.0005000000,0.0071000000,0.0004000000,0.0034000000,0.0013000000,0.0010000000,-0.0069000000,-0.0033000000
2011-04-14,0.0059000000,-0.0049000000,0.0011000000,0.0052000000,0.0025000000,-0.0026000000,-0.0020000000,0.0064000000,0.0011000000,0.0057000000,-0.0084000000,-0.0004000000
2011-04-15,0.0047000000,0.0051000000,0.0043000000,0.0097000000,0.0098000000,-0.0014000000,0.0087000000,0.0111000000,0.0046000000,0.0099000000,0.0006000000,0.0041000000
2011-04-18,-0.0093000000,-0.0122000000,-0.0157000000,-0.0161000000,-0.0084000000,-0.0094000000,-0.0140000000,-0.0104000000,-0.0075000000,-0.0110000000,-0.0147000000,-0.0085000000
2011-04-19,0.0034000000,0.0094000000,0.0109000000,0.0102000000,0.0085000000,0.0038000000,0.0023000000,0.0010000000,0.0030000000,0.0067000000,0.0025000000,0.0055000000
2011-04-20,0.0089000000,0.0293000000,0.0214000000,0.0217000000,0.0069000000,0.0238000000,0.0120000000,0.0152000000,0.0148000000,0.0090000000,0.0036000000,0.0102000000
2011-04-21,0.0022000000,0.0168000000,0.0076000000,0.0065000000,0.0056000000,0.0091000000,0.0072000000,0.0021000000,0.0005000000,-0.0015000000,0.0083000000,0.0037000000
2011-04-25,-0.0033000000,-0.0045000000,-0.0059000000,-0.0041000000,-0.0023000000,0.0021000000,-0.0012000000,0.0004000000,-0.0021000000,0.0008000000,-0.0022000000,-0.0013000000
2011-04-26,0.0045000000,0.0130000000,0.0179000000,0.0100000000,0.0085000000,0.0081000000,0.0102000000,0.0095000000,0.0043000000,0.0125000000,0.0059000000,0.0082000000
2011-04-27,0.0058000000,0.0042000000,0.0008000000,-0.0012000000,0.0045000000,0.0061000000,0.0098000000,0.0086000000,0.0127000000,0.0129000000,0.0068000000,0.0089000000
2011-04-28,0.0081000000,-0.0047000000,0.0020000000,-0.0017000000,0.0065000000,0.0007000000,0.0073000000,0.0074000000,0.0000000000,0.0034000000,0.0083000000,0.0026000000
2011-04-29,0.0008000000,0.0036000000,0.0054000000,0.0165000000,0.0068000000,0.0023000000,-0.0002000000,0.0046000000,-0.0017000000,-0.0013000000,-0.0007000000,0.0019000000
2011-05-02,0.0000000000,-0.0050000000,-0.0052000000,-0.0122000000,-0.0019000000,-0.0047000000,0.0017000000,-0.0012000000,0.0009000000,0.0078000000,-0.0023000000,-0.0060000000
2011-05-03,-0.0021000000,-0.0105000000,-0.0090000000,-0.0250000000,-0.0074000000,-0.0050000000,0.0039000000,0.0008000000,-0.0011000000,-0.0042000000,0.0033000000,-0.0043000000
2011-05-04,-0.0018000000,-0.0095000000,-0.0120000000,-0.0177000000,-0.0049000000,-0.0046000000,-0.0056000000,-0.0046000000,-0.0016000000,-0.0026000000,-0.0081000000,-0.0145000000
2011-05-05,-0.0086000000,-0.0012000000,-0.0067000000,-0.0227000000,-0.0073000000,-0.0041000000,-0.0090000000,-0.0082000000,-0.0011000000,-0.0078000000,-0.0100000000,-0.0075000000
2011-05-06,0.0051000000,0.0078000000,0.0061000000,0.0050000000,0.0041000000,0.0039000000,0.0049000000,0.0061000000,0.0007000000,0.0068000000,0.0042000000,0.0046000000
2011-05-09,0.0024000000,0.0036000000,0.0092000000,0.0170000000,0.0073000000,0.0040000000,0.0017000000,0.0057000000,0.0068000000,0.0058000000,-0.0005000000,0.0059000000
2011-05-10,0.0055000000,0.0127000000,0.0083000000,0.0038000000,0.0092000000,0.0091000000,0.0149000000,0.0128000000,0.0110000000,0.0061000000,0.0087000000,0.0089000000
2011-05-11,-0.0039000000,-0.0089000000,-0.0148000000,-0.0284000000,-0.0130000000,-0.0088000000,-0.0139000000,-0.0079000000,-0.0019000000,-0.0024000000,-0.0123000000,-0.0125000000
2011-05-12,0.0112000000,0.0041000000,0.0032000000,-0.0027000000,0.0054000000,0.0067000000,0.0032000000,0.0076000000,0.0116000000,0.0106000000,0.0008000000,0.0029000000
2011-05-13,-0.0014000000,-0.0156000000,-0.0114000000,-0.0046000000,-0.0069000000,-0.0115000000,-0.0081000000,-0.0050000000,-0.0048000000,-0.0046000000,-0.0133000000,-0.0122000000
2011-05-16,-0.0034000000,-0.0084000000,-0.0067000000,-0.0082000000,-0.0033000000,-0.0160000000,-0.0116000000,-0.0023000000,-0.0088000000,-0.0020000000,-0.0023000000,-0.0077000000
2011-05-17,0.0024000000,-0.0123000000,-0.0136000000,0.0000000000,-0.0031000000,-0.0025000000,0.0030000000,0.0054000000,-0.0022000000,0.0009000000,0.0064000000,-0.0055000000
2011-05-18,0.0071000000,0.0121000000,0.0138000000,0.0212000000,0.0101000000,0.0105000000,0.0113000000,0.0014000000,0.0057000000,0.0070000000,0.0054000000,0.0146000000
2011-05-19,0.0075000000,0.0032000000,0.0042000000,0.0017000000,0.0010000000,0.0023000000,0.0044000000,0.0024000000,0.0016000000,-0.0034000000,0.0010000000,0.0040000000
2011-05-20,-0.0061000000,-0.0125000000,-0.0101000000,-0.0024000000,-0.0070000000,-0.0063000000,-0.0026000000,0.0007000000,-0.0098000000,-0.0066000000,-0.0145000000,-0.0071000000
2011-05-23,-0.0072000000,-0.0189000000,-0.0173000000,-0.0152000000,-0.0085000000,-0.0164000000,-0.0104000000,-0.0122000000,-0.0055000000,-0.0096000000,-0.0137000000,-0.0144000000
2011-05-24,0.0011000000,-0.0079000000,-0.0019000000,0.0122000000,-0.0016000000,-0.0051000000,-0.0002000000,0.0005000000,-0.0049000000,-0.0018000000,-0.0038000000,-0.0030000000
2011-05-25,-0.0052000000,0.0106000000,0.0122000000,0.0140000000,0.0046000000,0.0057000000,-0.0018000000,0.0020000000,0.0005000000,0.0029000000,0.0009000000,0.0081000000
2011-05-26,0.0056000000,0.0026000000,0.0051000000,0.0056000000,0.0007000000,0.0064000000,0.0093000000,-0.0006000000,0.0055000000,0.0020000000,0.0048000000,0.0077000000
2011-05-27,0.0038000000,0.0050000000,0.0059000000,0.0042000000,0.0068000000,0.0050000000,0.0062000000,0.0018000000,0.0000000000,0.0031000000,0.0092000000,0.0037000000
2011-05-31,0.0084000000,0.0136000000,0.0113000000,0.0102000000,0.0119000000,0.0147000000,0.0070000000,0.0083000000,0.0066000000,0.0122000000,0.0096000000,0.0085000000
2011-06-01,-0.0112000000,-0.0361000000,-0.0337000000,-0.0228000000,-0.0193000000,-0.0226000000,-0.0195000000,-0.0133000000,-0.0201000000,-0.0154000000,-0.0328000000,-0.0260000000
2011-06-02,-0.0116000000,-0.0022000000,0.0039000000,-0.0041000000,-0.0029000000,0.0011000000,-0.0005000000,-0.0024000000,-0.0081000000,-0.0028000000,0.0033000000,0.0055000000
2011-06-03,-0.0097000000,-0.0136000000,-0.0122000000,-0.0017000000,-0.0140000000,-0.0144000000,-0.0162000000,-0.0063000000,-0.0113000000,-0.0096000000,-0.0096000000,-0.0133000000
2011-06-06,-0.0077000000,-0.0092000000,-0.0075000000,-0.0208000000,-0.0060000000,-0.0080000000,-0.0110000000,-0.0073000000,-0.0081000000,-0.0079000000,-0.0183000000,-0.0183000000
2011-06-07,-0.0019000000,-0.0018000000,0.0014000000,-0.0013000000,-0.0005000000,-0.0024000000,-0.0010000000,0.0020000000,0.0029000000,0.0028000000,-0.0020000000,-0.0019000000
2011-06-08,-0.0014000000,-0.0170000000,-0.0093000000,0.0038000000,-0.0070000000,-0.0092000000,-0.0021000000,0.0030000000,-0.0048000000,-0.0009000000,-0.0098000000,-0.0069000000
2011-06-09,0.0082000000,0.0108000000,0.0101000000,0.0113000000,0.0117000000,0.0027000000,0.0039000000,0.0005000000,0.0059000000,0.0052000000,0.0141000000,0.0074000000
2011-06-10,-0.0123000000,-0.0243000000,-0.0174000000,-0.0172000000,-0.0089000000,-0.0144000000,-0.0143000000,-0.0066000000,-0.0155000000,-0.0170000000,-0.0076000000,-0.0146000000
2011-06-13,0.0075000000,-0.0076000000,-0.0034000000,-0.0143000000,-0.0008000000,-0.0016000000,-0.0002000000,0.0001000000,0.0012000000,0.0050000000,0.0085000000,0.0006000000
2011-06-14,0.0146000000,0.0278000000,0.0222000000,0.0194000000,0.0120000000,0.0140000000,0.0093000000,0.0066000000,0.0168000000,0.0078000000,0.0074000000,0.0160000000
2011-06-15,-0.0158000000,-0.0201000000,-0.0181000000,-0.0215000000,-0.0188000000,-0.0190000000,-0.0128000000,-0.0132000000,-0.0135000000,-0.0123000000,-0.0203000000,-0.0162000000
2011-06-16,0.0049000000,-0.0065000000,0.0005000000,0.0027000000,-0.0027000000,-0.0033000000,-0.0030000000,0.0072000000,0.0050000000,0.0018000000,0.0045000000,0.0023000000
2011-06-17,0.0050000000,0.0092000000,0.0017000000,-0.0025000000,0.0013000000,-0.0020000000,0.0068000000,0.0065000000,0.0051000000,0.0007000000,0.0072000000,0.0030000000
2011-06-20,0.0078000000,0.0107000000,0.0099000000,0.0035000000,0.0112000000,0.0045000000,0.0049000000,0.0053000000,0.0094000000,0.0086000000,0.0006000000,0.0055000000
2011-06-21,0.0049000000,0.0284000000,0.0184000000,0.0198000000,0.0132000000,0.0214000000,0.0154000000,0.0043000000,0.0135000000,0.0065000000,0.0143000000,0.0181000000
2011-06-22,-0.0067000000,-0.0043000000,-0.0057000000,-0.0045000000,-0.0050000000,-0.0072000000,-0.0052000000,-0.0062000000,-0.0085000000,-0.0050000000,-0.0075000000,-0.0059000000
2011-06-23,-0.0092000000,0.0094000000,0.0000000000,-0.0115000000,-0.0050000000,0.0076000000,-0.0043000000,-0.0077000000,0.0057000000,0.0008000000,-0.0075000000,-0.0001000000
2011-06-24,-0.0035000000,-0.0067000000,-0.0107000000,-0.0180000000,-0.0064000000,-0.0167000000,-0.0063000000,0.0012000000,-0.0128000000,-0.0110000000,-0.0082000000,-0.0116000000
2011-06-27,0.0062000000,0.0095000000,0.0076000000,0.0069000000,0.0032000000,0.0136000000,0.0141000000,0.0068000000,0.0070000000,0.0047000000,0.0113000000,0.0080000000
2011-06-28,0.0072000000,0.0105000000,0.0205000000,0.0250000000,0.0095000000,0.0146000000,0.0117000000,0.0077000000,0.0141000000,0.0138000000,0.0060000000,0.0154000000
2011-06-29,0.0072000000,0.0073000000,0.0067000000,0.0122000000,0.0075000000,0.0035000000,0.0067000000,0.0053000000,0.0016000000,0.0017000000,0.0228000000,0.0046000000
2011-06-30,0.0075000000,0.0179000000,0.0172000000,0.0146000000,0.0098000000,0.0147000000,0.0108000000,0.0040000000,0.0068000000,0.0044000000,0.0022000000,0.0117000000
2011-07-01,0.0087000000,0.0160000000,0.0166000000,0.0099000000,0.0105000000,0.0155000000,0.0150000000,0.0134000000,0.0155000000,0.0115000000,0.0190000000,0.0166000000
2011-07-05,0.0023000000,0.0025000000,-0.0027000000,0.0052000000,0.0003000000,0.0024000000,0.0019000000,-0.0037000000,0.0005000000,-0.0014000000,-0.0086000000,-0.0032000000
2011-07-06,0.0060000000,-0.0013000000,0.0036000000,-0.0030000000,0.0063000000,0.0049000000,-0.0037000000,0.0014000000,0.0035000000,0.0039000000,-0.0035000000,0.0020000000
2011-07-07,0.0052000000,0.0156000000,0.0114000000,0.0141000000,0.0097000000,0.0128000000,0.0042000000,0.0040000000,0.0154000000,0.0019000000,0.0137000000,0.0156000000
2011-07-08,-0.0033000000,-0.0157000000,-0.0090000000,-0.0065000000,-0.0037000000,-0.0050000000,-0.0057000000,-0.0047000000,-0.0063000000,-0.0024000000,-0.0125000000,-0.0075000000
2011-07-11,-0.0099000000,-0.0301000000,-0.0205000000,-0.0217000000,-0.0133000000,-0.0190000000,-0.0184000000,-0.0131000000,-0.0139000000,-0.0133000000,-0.0276000000,-0.0226000000
2011-07-12,-0.0042000000,-0.0060000000,-0.0095000000,-0.0015000000,-0.0064000000,-0.0107000000,-0.0046000000,0.0031000000,-0.0021000000,0.0003000000,-0.0025000000,-0.0032000000
2011-07-13,0.0007000000,0.0064000000,0.0058000000,0.0082000000,0.0038000000,0.0031000000,0.0044000000,-0.0006000000,0.0041000000,0.0047000000,0.0039000000,0.0088000000
2011-07-14,-0.0050000000,-0.0165000000,-0.0127000000,-0.0058000000,-0.0067000000,-0.0111000000,-0.0089000000,-0.0044000000,-0.0075000000,-0.0021000000,-0.0082000000,-0.0097000000
2011-07-15,0.0017000000,-0.0015000000,0.0069000000,0.0277000000,0.0092000000,0.0128000000,-0.0021000000,0.0086000000,0.0010000000,-0.0036000000,-0.0033000000,0.0011000000
2011-07-18,-0.0072000000,-0.0168000000,-0.0138000000,-0.0043000000,-0.0096000000,-0.0064000000,-0.0145000000,-0.0095000000,-0.0079000000,-0.0093000000,-0.0139000000,-0.0092000000
2011-07-19,0.0200000000,0.0188000000,0.0160000000,0.0175000000,0.0110000000,0.0269000000,0.0159000000,0.0096000000,0.0169000000,0.0115000000,0.0117000000,0.0161000000
2011-07-20,-0.0038000000,-0.0004000000,-0.0013000000,-0.0019000000,0.0027000000,-0.0056000000,-0.0022000000,0.0039000000,-0.0041000000,-0.0056000000,0.0102000000,-0.0002000000
2011-07-21,0.0115000000,0.0116000000,0.0148000000,0.0177000000,0.0106000000,0.0044000000,0.0139000000,0.0151000000,0.0065000000,0.0134000000,0.0232000000,0.0145000000
2011-07-22,-0.0016000000,0.0023000000,-0.0057000000,0.0026000000,-0.0056000000,0.0112000000,-0.0003000000,-0.0041000000,0.0033000000,-0.0031000000,-0.0022000000,-0.0016000000
2011-07-25,-0.0080000000,-0.0097000000,-0.0044000000,-0.0056000000,-0.0082000000,-0.0035000000,-0.0095000000,-0.0011000000,-0.0085000000,-0.0140000000,-0.0076000000,-0.0061000000
2011-07-26,-0.0040000000,-0.0233000000,-0.0159000000,-0.0057000000,-0.0056000000,0.0014000000,0.0005000000,-0.0041000000,-0.0026000000,-0.0080000000,-0.0020000000,-0.0099000000
2011-07-27,-0.0117000000,-0.0318000000,-0.0306000000,-0.0202000000,-0.0186000000,-0.0309000000,-0.0123000000,-0.0029000000,-0.0163000000,-0.0170000000,-0.0251000000,-0.0199000000
2011-07-28,0.0048000000,-0.0059000000,-0.0065000000,-0.0098000000,-0.0027000000,0.0003000000,-0.0151000000,-0.0043000000,-0.0016000000,-0.0011000000,0.0005000000,-0.0062000000
2011-07-29,-0.0059000000,-0.0071000000,-0.0027000000,-0.0103000000,-0.0063000000,-0.0071000000,-0.0085000000,-0.0095000000,-0.0015000000,-0.0030000000,-0.0035000000,-0.0070000000
2011-08-01,-0.0037000000,-0.0004000000,-0.0035000000,-0.0005000000,-0.0004000000,-0.0040000000,0.0020000000,0.0026000000,-0.0060000000,-0.0163000000,-0.0042000000,-0.0030000000
2011-08-02,-0.0156000000,-0.0441000000,-0.0350000000,-0.0266000000,-0.0242000000,-0.0243000000,-0.0306000000,-0.0185000000,-0.0293000000,-0.0244000000,-0.0267000000,-0.0323000000
2011-08-03,0.0119000000,0.0033000000,0.0037000000,-0.0060000000,-0.0005000000,0.0104000000,0.0092000000,-0.0009000000,0.0052000000,0.0020000000,0.0101000000,0.0090000000
2011-08-04,-0.0404000000,-0.0614000000,-0.0628000000,-0.0683000000,-0.0516000000,-0.0475000000,-0.0459000000,-0.0389000000,-0.0405000000,-0.0455000000,-0.0500000000,-0.0536000000
2011-08-05,0.0144000000,-0.0074000000,-0.0052000000,-0.0041000000,0.0056000000,-0.0079000000,-0.0026000000,0.0010000000,0.0014000000,0.0056000000,-0.0167000000,-0.0049000000
2011-08-08,-0.0479000000,-0.0893000000,-0.0791000000,-0.0832000000,-0.0566000000,-0.0611000000,-0.0660000000,-0.0605000000,-0.0599000000,-0.0542000000,-0.0982000000,-0.0706000000
2011-08-09,0.0274000000,0.0636000000,0.0563000000,0.0444000000,0.0425000000,0.0469000000,0.0465000000,0.0453000000,0.0484000000,0.0378000000,0.0737000000,0.0547000000
2011-08-10,-0.0342000000,-0.0482000000,-0.0481000000,-0.0318000000,-0.0325000000,-0.0405000000,-0.0394000000,-0.0202000000,-0.0405000000,-0.0404000000,-0.0697000000,-0.0434000000
2011-08-11,0.0330000000,0.0593000000,0.0504000000,0.0528000000,0.0486000000,0.0453000000,0.0414000000,0.0454000000,0.0400000000,0.0444000000,0.0602000000,0.0467000000
2011-08-12,0.0122000000,0.0092000000,0.0195000000,0.0063000000,0.0120000000,0.0066000000,0.0033000000,-0.0065000000,0.0080000000,0.0094000000,-0.0111000000,0.0072000000
2011-08-15,0.0163000000,0.0252000000,0.0193000000,0.0346000000,0.0131000000,0.0185000000,0.0220000000,0.0340000000,0.0116000000,0.0206000000,0.0320000000,0.0225000000
2011-08-16,-0.0060000000,-0.0187000000,-0.0178000000,-0.0184000000,-0.0121000000,-0.0123000000,-0.0036000000,-0.0052000000,0.0036000000,-0.0024000000,-0.0180000000,-0.0131000000
2011-08-17,0.0081000000,-0.0171000000,-0.0053000000,0.0052000000,-0.0005000000,-0.0082000000,0.0089000000,0.0067000000,-0.0041000000,-0.0001000000,0.0041000000,0.0018000000
2011-08-18,-0.0276000000,-0.0662000000,-0.0585000000,-0.0567000000,-0.0393000000,-0.0553000000,-0.0396000000,-0.0231000000,-0.0349000000,-0.0352000000,-0.0504000000,-0.0536000000
2011-08-19,-0.0099000000,-0.0390000000,-0.0182000000,-0.0164000000,-0.0112000000,-0.0256000000,-0.0163000000,-0.0104000000,-0.0050000000,-0.0012000000,-0.0179000000,-0.0165000000
2011-08-22,0.0025000000,-0.0049000000,0.0025000000,-0.0069000000,0.0026000000,0.0056000000,0.0011000000,-0.0034000000,0.0041000000,0.0002000000,-0.0097000000,0.0003000000
2011-08-23,0.0314000000,0.0389000000,0.0424000000,0.0446000000,0.0315000000,0.0413000000,0.0279000000,0.0239000000,0.0343000000,0.0327000000,0.0359000000,0.0318000000
2011-08-24,0.0057000000,0.0214000000,0.0210000000,0.0037000000,0.0102000000,0.0083000000,0.0150000000,0.0191000000,0.0104000000,0.0101000000,0.0275000000,0.0170000000
2011-08-25,-0.0195000000,-0.0192000000,-0.0220000000,-0.0206000000,-0.0103000000,-0.0172000000,-0.0177000000,-0.0153000000,-0.0182000000,-0.0180000000,-0.0073000000,-0.0188000000
2011-08-26,0.0125000000,0.0228000000,0.0258000000,0.0179000000,0.0150000000,0.0255000000,0.0109000000,0.0037000000,0.0190000000,0.0131000000,0.0117000000,0.0189000000
2011-08-29,0.0225000000,0.0514000000,0.0380000000,0.0298000000,0.0265000000,0.0316000000,0.0247000000,0.0219000000,0.0250000000,0.0274000000,0.0407000000,0.0355000000
2011-08-30,0.0030000000,-0.0014000000,0.0069000000,0.0041000000,0.0074000000,0.0034000000,0.0077000000,0.0009000000,0.0025000000,0.0041000000,-0.0051000000,0.0082000000
2011-08-31,0.0026000000,0.0105000000,0.0056000000,0.0058000000,0.0001000000,0.0010000000,-0.0018000000,0.0071000000,0.0039000000,0.0062000000,0.0094000000,0.0028000000
2011-09-01,-0.0051000000,-0.0244000000,-0.0204000000,-0.0085000000,-0.0107000000,-0.0134000000,-0.0108000000,-0.0053000000,-0.0102000000,-0.0097000000,-0.0230000000,-0.0153000000
2011-09-02,-0.0174000000,-0.0391000000,-0.0321000000,-0.0257000000,-0.0191000000,-0.0261000000,-0.0217000000,-0.0148000000,-0.0208000000,-0.0219000000,-0.0399000000,-0.0298000000
2011-09-06,-0.0062000000,-0.0184000000,-0.0068000000,-0.0124000000,-0.0053000000,-0.0053000000,-0.0119000000,-0.0067000000,0.0008000000,0.0043000000,-0.0153000000,-0.0114000000
2011-09-07,0.0191000000,0.0448000000,0.0348000000,0.0392000000,0.0204000000,0.0293000000,0.0204000000,0.0147000000,0.0257000000,0.0255000000,0.0482000000,0.0310000000
2011-09-08,-0.0031000000,-0.0201000000,-0.0175000000,-0.0132000000,-0.0085000000,-0.0069000000,-0.0114000000,-0.0015000000,-0.0104000000,-0.0104000000,-0.0230000000,-0.0146000000
2011-09-09,-0.0258000000,-0.0336000000,-0.0283000000,-0.0311000000,-0.0237000000,-0.0237000000,-0.0205000000,-0.0223000000,-0.0228000000,-0.0283000000,-0.0316000000,-0.0271000000
2011-09-12,0.0033000000,0.0025000000,0.0017000000,0.0036000000,-0.0059000000,0.0132000000,0.0049000000,0.0073000000,0.0113000000,0.0022000000,0.0127000000,0.0026000000
2011-09-13,0.0077000000,0.0162000000,0.0173000000,0.0034000000,0.0121000000,0.0141000000,0.0141000000,0.0072000000,0.0083000000,0.0083000000,0.0115000000,0.0164000000
2011-09-14,0.0147000000,0.0203000000,0.0164000000,0.0125000000,0.0136000000,0.0179000000,0.0125000000,0.0099000000,0.0151000000,0.0102000000,0.0138000000,0.0154000000
2011-09-15,0.0149000000,0.0246000000,0.0185000000,0.0208000000,0.0121000000,0.0162000000,0.0144000000,0.0125000000,0.0132000000,0.0111000000,0.0235000000,0.0136000000
2011-09-16,0.0019000000,-0.0019000000,0.0013000000,0.0009000000,0.0143000000,0.0076000000,0.0097000000,0.0071000000,0.0086000000,0.0037000000,0.0002000000,0.0036000000
2011-09-19,-0.0089000000,-0.0049000000,-0.0095000000,-0.0146000000,-0.0108000000,-0.0031000000,-0.0079000000,-0.0022000000,0.0005000000,-0.0089000000,-0.0250000000,-0.0149000000
2011-09-20,-0.0027000000,-0.0179000000,-0.0136000000,-0.0064000000,-0.0033000000,-0.0072000000,-0.0002000000,0.0086000000,-0.0074000000,0.0081000000,-0.0038000000,-0.0084000000
2011-09-21,-0.0194000000,-0.0500000000,-0.0384000000,-0.0393000000,-0.0340000000,-0.0151000000,-0.0270000000,-0.0185000000,-0.0228000000,-0.0225000000,-0.0461000000,-0.0402000000
2011-09-22,-0.0176000000,-0.0456000000,-0.0458000000,-0.0541000000,-0.0423000000,-0.0329000000,-0.0302000000,-0.0235000000,-0.0252000000,-0.0229000000,-0.0295000000,-0.0359000000
2011-09-23,0.0013000000,0.0220000000,0.0101000000,-0.0088000000,0.0005000000,0.0117000000,0.0122000000,0.0071000000,0.0096000000,0.0033000000,0.0126000000,0.0093000000
2011-09-26,0.0175000000,0.0189000000,0.0254000000,0.0361000000,0.0254000000,0.0142000000,0.0165000000,0.0126000000,0.0233000000,0.0132000000,0.0361000000,0.0301000000
2011-09-27,0.0106000000,0.0196000000,0.0217000000,0.0174000000,0.0179000000,0.0132000000,0.0156000000,0.0060000000,0.0019000000,0.0152000000,0.0067000000,0.0125000000
2011-09-28,-0.0206000000,-0.0341000000,-0.0323000000,-0.0306000000,-0.0276000000,-0.0185000000,-0.0152000000,-0.0144000000,-0.0140000000,-0.0164000000,-0.0319000000,-0.0273000000
2011-09-29,0.0066000000,0.0145000000,0.0072000000,0.0148000000,0.0071000000,-0.0026000000,0.0003000000,0.0141000000,-0.0036000000,0.0090000000,0.0249000000,0.0120000000
2011-09-30,-0.0189000000,-0.0341000000,-0.0317000000,-0.0290000000,-0.0237000000,-0.0281000000,-0.0203000000,-0.0125000000,-0.0185000000,-0.0114000000,-0.0330000000,-0.0316000000
2011-10-03,-0.0229000000,-0.0401000000,-0.0350000000,-0.0383000000,-0.0214000000,-0.0273000000,-0.0281000000,-0.0250000000,-0.0240000000,-0.0325000000,-0.0481000000,-0.0322000000
2011-10-04,0.0135000000,0.0673000000,0.0353000000,0.0332000000,0.0244000000,0.0264000000,0.0194000000,0.0026000000,0.0237000000,0.0150000000,0.0393000000,0.0356000000
2011-10-05,0.0067000000,0.0368000000,0.0234000000,0.0336000000,0.0203000000,0.0240000000,0.0187000000,0.0059000000,0.0084000000,0.0161000000,0.0159000000,0.0240000000
2011-10-06,0.0186000000,0.0308000000,0.0268000000,0.0130000000,0.0153000000,0.0191000000,0.0133000000,0.0164000000,0.0147000000,0.0111000000,0.0316000000,0.0219000000
2011-10-07,0.0042000000,-0.0188000000,-0.0095000000,-0.0125000000,-0.0050000000,-0.0084000000,-0.0040000000,-0.0003000000,0.0022000000,-0.0017000000,-0.0336000000,-0.0151000000
2011-10-10,0.0192000000,0.0425000000,0.0380000000,0.0464000000,0.0272000000,0.0341000000,0.0329000000,0.0233000000,0.0278000000,0.0229000000,0.0492000000,0.0389000000
2011-10-11,-0.0014000000,0.0078000000,0.0064000000,-0.0003000000,0.0002000000,0.0064000000,-0.0045000000,-0.0080000000,0.0025000000,-0.0040000000,0.0034000000,-0.0004000000
2011-10-12,0.0087000000,0.0192000000,0.0150000000,0.0089000000,0.0110000000,0.0064000000,0.0153000000,-0.0001000000,0.0054000000,0.0024000000,0.0244000000,0.0150000000
2011-10-13,-0.0006000000,-0.0051000000,-0.0045000000,-0.0023000000,-0.0044000000,0.0087000000,0.0024000000,0.0027000000,-0.0019000000,0.0033000000,-0.0204000000,-0.0076000000
2011-10-14,0.0100000000,0.0285000000,0.0187000000,0.0359000000,0.0156000000,0.0204000000,0.0121000000,0.0108000000,0.0137000000,0.0089000000,0.0123000000,0.0192000000
2011-10-17,-0.0146000000,-0.0278000000,-0.0326000000,-0.0172000000,-0.0208000000,-0.0199000000,-0.0158000000,0.0050000000,-0.0140000000,-0.0189000000,-0.0330000000,-0.0256000000
2011-10-18,0.0057000000,0.0229000000,0.0293000000,0.0300000000,0.0193000000,0.0123000000,0.0135000000,0.0104000000,0.0185000000,0.0121000000,0.0446000000,0.0255000000
2011-10-19,-0.0102000000,-0.0187000000,-0.0157000000,-0.0080000000,-0.0137000000,-0.0217000000,-0.0096000000,-0.0010000000,-0.0101000000,-0.0059000000,-0.0180000000,-0.0166000000
2011-10-20,0.0067000000,0.0019000000,0.0039000000,0.0058000000,0.0056000000,-0.0041000000,0.0011000000,0.0061000000,0.0044000000,0.0011000000,0.0151000000,0.0074000000
2011-10-21,0.0154000000,0.0461000000,0.0260000000,0.0207000000,0.0245000000,0.0142000000,0.0193000000,0.0166000000,0.0205000000,0.0177000000,0.0226000000,0.0154000000
2011-10-24,0.0029000000,0.0308000000,0.0250000000,0.0106000000,0.0036000000,0.0230000000,0.0047000000,0.0014000000,0.0104000000,0.0132000000,0.0249000000,0.0210000000
2011-10-25,-0.0164000000,-0.0190000000,-0.0237000000,-0.0218000000,-0.0198000000,-0.0178000000,-0.0207000000,-0.0132000000,-0.0157000000,-0.0215000000,-0.0321000000,-0.0238000000
2011-10-26,0.0097000000,-0.0022000000,0.0124000000,0.0237000000,0.0147000000,0.0036000000,0.0124000000,0.0068000000,-0.0008000000,0.0123000000,0.0203000000,0.0155000000
2011-10-27,0.0211000000,0.0427000000,0.0463000000,0.0375000000,0.0263000000,0.0334000000,0.0192000000,0.0219000000,0.0281000000,0.0203000000,0.0589000000,0.0462000000
2011-10-28,0.0025000000,-0.0035000000,0.0009000000,0.0051000000,-0.0007000000,0.0026000000,-0.0085000000,-0.0052000000,-0.0054000000,0.0037000000,-0.0034000000,-0.0010000000
2011-10-31,-0.0160000000,-0.0249000000,-0.0280000000,-0.0466000000,-0.0250000000,-0.0203000000,-0.0167000000,-0.0107000000,-0.0128000000,-0.0193000000,-0.0373000000,-0.0286000000
2011-11-01,-0.0189000000,-0.0530000000,-0.0315000000,-0.0319000000,-0.0261000000,-0.0290000000,-0.0228000000,-0.0218000000,-0.0159000000,-0.0189000000,-0.0460000000,-0.0300000000
2011-11-02,0.0106000000,0.0116000000,0.0225000000,0.0305000000,0.0153000000,0.0120000000,0.0099000000,0.0172000000,0.0136000000,0.0065000000,0.0292000000,0.0190000000
2011-11-03,0.0124000000,0.0265000000,0.0280000000,0.0236000000,0.0187000000,0.0264000000,0.0162000000,0.0144000000,0.0108000000,0.0133000000,0.0192000000,0.0205000000
2011-11-04,-0.0079000000,-0.0070000000,-0.0023000000,0.0014000000,-0.0041000000,-0.0040000000,-0.0084000000,-0.0043000000,0.0014000000,-0.0090000000,-0.0115000000,-0.0091000000
2011-11-07,0.0045000000,-0.0007000000,-0.0008000000,0.0076000000,0.0048000000,0.0049000000,0.0067000000,0.0036000000,0.0056000000,0.0090000000,0.0060000000,0.0013000000
2011-11-08,0.0094000000,0.0184000000,0.0125000000,0.0150000000,0.0095000000,0.0129000000,0.0068000000,0.0064000000,0.0105000000,0.0090000000,0.0190000000,0.0106000000
2011-11-09,-0.0279000000,-0.0598000000,-0.0417000000,-0.0433000000,-0.0341000000,-0.0392000000,-0.0334000000,-0.0240000000,-0.0285000000,-0.0278000000,-0.0508000000,-0.0407000000
2011-11-10,0.0066000000,0.0069000000,0.0100000000,0.0180000000,0.0099000000,0.0016000000,0.0160000000,0.0084000000,0.0053000000,0.0120000000,0.0080000000,0.0073000000
2011-11-11,0.0131000000,0.0178000000,0.0264000000,0.0170000000,0.0164000000,0.0210000000,0.0201000000,0.0138000000,0.0221000000,0.0167000000,0.0223000000,0.0218000000
2011-11-14,-0.0061000000,-0.0059000000,-0.0065000000,-0.0112000000,-0.0094000000,-0.0058000000,-0.0113000000,-0.0113000000,-0.0055000000,-0.0071000000,-0.0181000000,-0.0102000000
2011-11-15,0.0083000000,0.0018000000,0.0069000000,-0.0017000000,0.0019000000,0.0134000000,0.0070000000,0.0036000000,-0.0004000000,0.0025000000,0.0046000000,0.0067000000
2011-11-16,-0.0095000000,-0.0245000000,-0.0148000000,-0.0119000000,-0.0126000000,-0.0146000000,-0.0195000000,-0.0125000000,-0.0170000000,-0.0157000000,-0.0263000000,-0.0170000000
2011-11-17,-0.0076000000,-0.0311000000,-0.0217000000,-0.0214000000,-0.0192000000,-0.0226000000,-0.0071000000,-0.0055000000,-0.0115000000,-0.0105000000,-0.0186000000,-0.0166000000
2011-11-18,0.0033000000,-0.0073000000,0.0019000000,-0.0056000000,0.0036000000,-0.0075000000,0.0005000000,0.0052000000,-0.0010000000,-0.0022000000,0.0039000000,0.0036000000
2011-11-21,-0.0137000000,-0.0226000000,-0.0237000000,-0.0178000000,-0.0195000000,-0.0207000000,-0.0126000000,-0.0124000000,-0.0147000000,-0.0145000000,-0.0236000000,-0.0203000000
2011-11-22,-0.0011000000,-0.0062000000,-0.0078000000,-0.0094000000,-0.0015000000,-0.0030000000,-0.0043000000,-0.0098000000,-0.0004000000,0.0030000000,-0.0082000000,-0.0050000000
2011-11-23,-0.0151000000,-0.0241000000,-0.0269000000,-0.0306000000,-0.0191000000,-0.0252000000,-0.0233000000,-0.0165000000,-0.0144000000,-0.0159000000,-0.0283000000,-0.0240000000
2011-11-25,0.0000000000,-0.0064000000,-0.0019000000,-0.0106000000,-0.0027000000,-0.0066000000,-0.0007000000,0.0047000000,-0.0044000000,-0.0042000000,0.0017000000,-0.0035000000
2011-11-28,0.0198000000,0.0357000000,0.0411000000,0.0383000000,0.0302000000,0.0358000000,0.0233000000,0.0141000000,0.0257000000,0.0297000000,0.0321000000,0.0330000000
2011-11-29,0.0097000000,-0.0097000000,-0.0011000000,0.0148000000,0.0027000000,-0.0068000000,0.0039000000,0.0120000000,0.0066000000,0.0031000000,-0.0043000000,0.0009000000
2011-11-30,0.0262000000,0.0566000000,0.0556000000,0.0567000000,0.0434000000,0.0415000000,0.0391000000,0.0270000000,0.0251000000,0.0365000000,0.0653000000,0.0528000000
2011-12-01,-0.0024000000,-0.0029000000,-0.0034000000,-0.0074000000,-0.0086000000,0.0039000000,-0.0031000000,-0.0012000000,0.0007000000,0.0001000000,-0.0077000000,-0.0045000000
2011-12-02,-0.0025000000,0.0145000000,0.0002000000,-0.0001000000,0.0004000000,-0.0015000000,0.0065000000,-0.0070000000,0.0008000000,-0.0126000000,0.0130000000,0.0014000000
2011-12-05,0.0056000000,0.0172000000,0.0106000000,0.0106000000,0.0069000000,0.0142000000,0.0036000000,0.0072000000,0.0093000000,0.0044000000,0.0187000000,0.0128000000
2011-12-06,0.0026000000,-0.0041000000,-0.0008000000,0.0020000000,0.0016000000,-0.0010000000,0.0031000000,0.0003000000,-0.0017000000,0.0041000000,-0.0012000000,0.0014000000
2011-12-07,-0.0007000000,0.0026000000,-0.0029000000,-0.0062000000,0.0037000000,-0.0005000000,0.0025000000,-0.0033000000,0.0039000000,0.0045000000,0.0107000000,0.0014000000
2011-12-08,-0.0114000000,-0.0339000000,-0.0259000000,-0.0267000000,-0.0198000000,-0.0174000000,-0.0253000000,-0.0161000000,-0.0145000000,-0.0174000000,-0.0364000000,-0.0274000000
2011-12-09,0.0151000000,0.0229000000,0.0250000000,0.0230000000,0.0052000000,0.0174000000,0.0148000000,0.0137000000,0.0126000000,0.0154000000,0.0245000000,0.0207000000
2011-12-12,-0.0105000000,-0.0178000000,-0.0201000000,-0.0242000000,-0.0149000000,-0.0152000000,-0.0010000000,-0.0099000000,-0.0056000000,-0.0109000000,-0.0232000000,-0.0145000000
2011-12-13,-0.0081000000,-0.0337000000,-0.0170000000,-0.0053000000,-0.0051000000,-0.0112000000,-0.0043000000,0.0030000000,-0.0170000000,-0.0015000000,-0.0145000000,-0.0168000000
2011-12-14,-0.0068000000,-0.0255000000,-0.0195000000,-0.0273000000,-0.0089000000,-0.0176000000,-0.0086000000,-0.0095000000,-0.0087000000,-0.0007000000,-0.0054000000,-0.0096000000
2011-12-15,0.0097000000,0.0127000000,0.0036000000,-0.0007000000,0.0094000000,-0.0023000000,0.0006000000,0.0110000000,0.0057000000,0.0117000000,0.0019000000,0.0063000000
2011-12-16,0.0002000000,0.0015000000,0.0051000000,0.0103000000,0.0067000000,0.0034000000,0.0021000000,0.0016000000,0.0039000000,0.0009000000,0.0056000000,0.0092000000
2011-12-19,-0.0033000000,-0.0264000000,-0.0140000000,-0.0179000000,-0.0099000000,-0.0124000000,-0.0127000000,-0.0083000000,-0.0113000000,-0.0033000000,-0.0221000000,-0.0168000000
2011-12-20,0.0181000000,0.0378000000,0.0381000000,0.0416000000,0.0275000000,0.0318000000,0.0268000000,0.0215000000,0.0287000000,0.0212000000,0.0382000000,0.0332000000
2011-12-21,0.0129000000,0.0165000000,0.0003000000,0.0138000000,0.0041000000,-0.0197000000,0.0048000000,0.0137000000,0.0012000000,0.0085000000,0.0063000000,0.0073000000
2011-12-22,-0.0037000000,0.0190000000,0.0060000000,0.0134000000,0.0069000000,0.0112000000,0.0076000000,0.0016000000,0.0007000000,0.0040000000,0.0176000000,0.0114000000
2011-12-23,0.0085000000,0.0065000000,0.0083000000,0.0072000000,0.0108000000,0.0095000000,0.0112000000,0.0076000000,0.0087000000,0.0065000000,0.0072000000,0.0085000000
2011-12-27,0.0018000000,-0.0108000000,0.0001000000,0.0027000000,0.0025000000,0.0020000000,0.0014000000,0.0077000000,0.0002000000,0.0023000000,-0.0059000000,-0.0021000000
2011-12-28,-0.0083000000,-0.0197000000,-0.0184000000,-0.0193000000,-0.0122000000,-0.0124000000,-0.0094000000,-0.0072000000,-0.0086000000,-0.0109000000,-0.0169000000,-0.0172000000
2011-12-29,0.0085000000,0.0168000000,0.0137000000,0.0127000000,0.0101000000,0.0092000000,0.0115000000,0.0081000000,0.0073000000,0.0100000000,0.0167000000,0.0110000000
2011-12-30,-0.0057000000,0.0006000000,-0.0045000000,-0.0027000000,-0.0027000000,-0.0041000000,-0.0001000000,-0.0048000000,-0.0064000000,-0.0016000000,-0.0066000000,-0.0034000000
2012-01-03,-0.0006000000,0.0275000000,0.0216000000,0.0295000000,0.0111000000,0.0172000000,0.0102000000,-0.0127000000,0.0045000000,0.0092000000,0.0271000000,0.0203000000
2012-01-04,0.0015000000,0.0055000000,0.0035000000,0.0028000000,0.0026000000,0.0011000000,0.0003000000,-0.0037000000,0.0013000000,-0.0074000000,-0.0020000000,0.0000000000
2012-01-05,0.0019000000,0.0227000000,0.0014000000,-0.0041000000,-0.0023000000,0.0066000000,0.0041000000,0.0015000000,0.0025000000,0.0035000000,0.0131000000,0.0005000000
2012-01-06,-0.0059000000,0.0064000000,-0.0014000000,-0.0061000000,-0.0020000000,0.0015000000,-0.0041000000,-0.0054000000,0.0006000000,-0.0003000000,-0.0042000000,-0.0008000000
2012-01-09,0.0031000000,0.0047000000,0.0072000000,0.0042000000,0.0025000000,-0.0006000000,0.0013000000,0.0010000000,-0.0009000000,0.0028000000,0.0068000000,0.0046000000
2012-01-10,0.0079000000,0.0207000000,0.0174000000,0.0064000000,0.0083000000,0.0062000000,0.0058000000,0.0019000000,0.0036000000,0.0101000000,0.0179000000,0.0140000000
2012-01-11,-0.0065000000,0.0129000000,0.0021000000,-0.0138000000,-0.0005000000,0.0038000000,0.0035000000,-0.0055000000,0.0020000000,0.0025000000,0.0070000000,0.0078000000
2012-01-12,0.0001000000,0.0081000000,0.0100000000,-0.0097000000,0.0100000000,0.0045000000,0.0040000000,-0.0019000000,0.0009000000,0.0033000000,0.0048000000,0.0069000000
2012-01-13,-0.0024000000,-0.0096000000,-0.0083000000,-0.0040000000,-0.0015000000,-0.0071000000,-0.0043000000,-0.0015000000,-0.0003000000,-0.0034000000,-0.0086000000,-0.0075000000
2012-01-17,0.0012000000,0.0012000000,0.0069000000,0.0089000000,0.0075000000,0.0057000000,0.0052000000,0.0011000000,0.0074000000,0.0046000000,-0.0061000000,0.0012000000
2012-01-18,0.0011000000,0.0195000000,0.0137000000,0.0136000000,0.0091000000,0.0174000000,0.0053000000,0.0011000000,0.0144000000,0.0058000000,0.0168000000,0.0127000000
2012-01-19,0.0015000000,0.0111000000,0.0069000000,0.0014000000,0.0010000000,0.0085000000,0.0076000000,-0.0079000000,0.0067000000,0.0010000000,0.0057000000,0.0095000000
2012-01-20,0.0023000000,-0.0001000000,-0.0066000000,-0.0006000000,0.0012000000,0.0035000000,-0.0032000000,0.0018000000,-0.0035000000,-0.0002000000,0.0052000000,-0.0024000000
2012-01-23,0.0004000000,0.0029000000,-0.0005000000,0.0065000000,-0.0081000000,0.0023000000,-0.0026000000,0.0056000000,-0.0015000000,-0.0054000000,0.0017000000,-0.0035000000
2012-01-24,-0.0022000000,0.0099000000,0.0041000000,-0.0034000000,-0.0021000000,0.0029000000,-0.0060000000,-0.0066000000,0.0032000000,0.0035000000,-0.0024000000,-0.0027000000
2012-01-25,0.0134000000,0.0120000000,0.0112000000,0.0115000000,0.0092000000,0.0096000000,0.0059000000,0.0146000000,0.0046000000,0.0091000000,-0.0003000000,0.0188000000
2012-01-26,-0.0048000000,-0.0079000000,-0.0038000000,-0.0151000000,-0.0012000000,-0.0061000000,-0.0062000000,0.0001000000,-0.0030000000,-0.0030000000,-0.0114000000,-0.0015000000
2012-01-27,-0.0068000000,-0.0090000000,0.0012000000,-0.0045000000,0.0022000000,0.0022000000,-0.0043000000,-0.0104000000,0.0006000000,0.0010000000,0.0053000000,0.0020000000
2012-01-30,-0.0019000000,-0.0010000000,-0.0048000000,-0.0046000000,-0.0080000000,0.0016000000,0.0019000000,-0.0042000000,-0.0017000000,-0.0017000000,-0.0081000000,-0.0073000000
2012-01-31,0.0010000000,-0.0077000000,-0.0027000000,-0.0077000000,0.0011000000,0.0010000000,-0.0004000000,0.0040000000,-0.0012000000,-0.0011000000,0.0037000000,-0.0039000000
2012-02-01,0.0077000000,0.0146000000,0.0165000000,0.0024000000,0.0120000000,0.0116000000,0.0104000000,0.0036000000,0.0043000000,0.0103000000,0.0209000000,0.0106000000
2012-02-02,0.0036000000,0.0030000000,0.0024000000,0.0038000000,-0.0034000000,0.0015000000,-0.0033000000,-0.0025000000,0.0019000000,-0.0009000000,0.0052000000,-0.0006000000
2012-02-03,0.0082000000,0.0426000000,0.0224000000,0.0176000000,0.0066000000,0.0157000000,0.0153000000,0.0037000000,0.0127000000,0.0082000000,0.0246000000,0.0164000000
2012-02-06,-0.0017000000,0.0058000000,-0.0007000000,0.0118000000,0.0024000000,-0.0007000000,0.0030000000,-0.0018000000,-0.0044000000,0.0013000000,-0.0059000000,-0.0035000000
2012-02-07,0.0024000000,-0.0058000000,-0.0013000000,0.0069000000,0.0011000000,0.0027000000,0.0013000000,0.0056000000,0.0034000000,-0.0006000000,0.0001000000,-0.0013000000
2012-02-08,0.0009000000,-0.0039000000,0.0033000000,-0.0032000000,0.0001000000,0.0072000000,0.0034000000,0.0005000000,0.0003000000,-0.0033000000,0.0070000000,0.0012000000
2012-02-09,0.0034000000,-0.0016000000,0.0028000000,-0.0012000000,0.0035000000,0.0078000000,0.0006000000,-0.0007000000,0.0028000000,-0.0055000000,-0.0008000000,0.0000000000
2012-02-10,-0.0045000000,-0.0129000000,-0.0100000000,-0.0089000000,-0.0105000000,-0.0089000000,-0.0056000000,-0.0033000000,-0.0032000000,-0.0033000000,-0.0088000000,-0.0107000000
2012-02-13,0.0061000000,0.0090000000,0.0112000000,0.0090000000,0.0047000000,0.0072000000,0.0083000000,0.0001000000,0.0054000000,0.0095000000,0.0087000000,0.0076000000
2012-02-14,0.0027000000,-0.0029000000,-0.0023000000,0.0033000000,-0.0038000000,0.0025000000,-0.0029000000,-0.0002000000,0.0032000000,-0.0014000000,-0.0064000000,-0.0066000000
2012-02-15,-0.0026000000,-0.0071000000,-0.0119000000,0.0002000000,0.0004000000,-0.0062000000,0.0009000000,-0.0035000000,-0.0080000000,-0.0022000000,-0.0044000000,-0.0103000000
2012-02-16,0.0060000000,0.0391000000,0.0123000000,0.0155000000,0.0137000000,0.0166000000,0.0052000000,0.0110000000,0.0074000000,0.0081000000,0.0162000000,0.0117000000
2012-02-17,0.0003000000,0.0033000000,0.0013000000,0.0038000000,0.0024000000,-0.0016000000,0.0066000000,-0.0005000000,0.0066000000,-0.0055000000,0.0055000000,0.0020000000
2012-02-21,-0.0002000000,-0.0089000000,0.0020000000,0.0082000000,-0.0025000000,0.0024000000,-0.0003000000,-0.0019000000,-0.0078000000,-0.0093000000,0.0004000000,-0.0005000000
2012-02-22,0.0006000000,-0.0112000000,-0.0013000000,-0.0005000000,-0.0028000000,-0.0052000000,-0.0052000000,0.0010000000,-0.0058000000,0.0006000000,-0.0108000000,-0.0029000000
2012-02-23,0.0007000000,0.0074000000,0.0007000000,0.0064000000,0.0128000000,0.0055000000,0.0083000000,0.0009000000,0.0046000000,0.0038000000,0.0089000000,0.0080000000
2012-02-24,0.0034000000,-0.0070000000,-0.0003000000,0.0051000000,-0.0006000000,0.0044000000,-0.0018000000,0.0051000000,0.0003000000,0.0047000000,-0.0032000000,-0.0001000000
2012-02-27,0.0003000000,0.0055000000,-0.0007000000,-0.0029000000,0.0027000000,0.0009000000,0.0020000000,0.0003000000,0.0027000000,0.0006000000,0.0080000000,-0.0020000000
2012-02-28,0.0003000000,-0.0022000000,-0.0004000000,-0.0016000000,0.0049000000,0.0075000000,0.0041000000,-0.0049000000,0.0083000000,0.0040000000,0.0035000000,-0.0025000000
2012-02-29,0.0012000000,-0.0067000000,-0.0064000000,-0.0119000000,-0.0070000000,-0.0060000000,-0.0004000000,0.0007000000,-0.0036000000,-0.0064000000,-0.0049000000,-0.0083000000
2012-03-01,0.0046000000,0.0134000000,0.0039000000,0.0096000000,0.0004000000,0.0071000000,0.0044000000,0.0037000000,0.0039000000,0.0045000000,0.0112000000,0.0059000000
2012-03-02,-0.0003000000,-0.0061000000,-0.0077000000,-0.0125000000,-0.0018000000,-0.0027000000,0.0006000000,-0.0003000000,-0.0020000000,-0.0027000000,-0.0067000000,-0.0084000000
2012-03-05,0.0023000000,-0.0122000000,-0.0084000000,-0.0024000000,-0.0065000000,-0.0100000000,-0.0010000000,0.0017000000,0.0040000000,-0.0009000000,-0.0043000000,-0.0042000000
2012-03-06,-0.0140000000,-0.0322000000,-0.0247000000,-0.0163000000,-0.0138000000,-0.0121000000,-0.0124000000,-0.0072000000,-0.0093000000,-0.0154000000,-0.0249000000,-0.0191000000
2012-03-07,0.0023000000,0.0108000000,0.0099000000,0.0067000000,0.0046000000,0.0079000000,0.0064000000,0.0031000000,0.0110000000,0.0039000000,0.0136000000,0.0083000000
2012-03-08,0.0086000000,0.0173000000,0.0157000000,0.0041000000,0.0131000000,0.0113000000,0.0097000000,0.0062000000,0.0081000000,0.0122000000,0.0119000000,0.0128000000
2012-03-09,0.0018000000,0.0140000000,0.0058000000,-0.0011000000,0.0027000000,0.0048000000,0.0054000000,0.0055000000,0.0067000000,0.0036000000,0.0087000000,0.0045000000
2012-03-12,0.0034000000,-0.0035000000,-0.0033000000,-0.0016000000,0.0022000000,0.0004000000,-0.0012000000,0.0058000000,0.0001000000,0.0007000000,-0.0049000000,-0.0016000000
2012-03-13,0.0101000000,0.0255000000,0.0228000000,0.0132000000,0.0135000000,0.0208000000,0.0150000000,0.0035000000,0.0094000000,0.0146000000,0.0363000000,0.0188000000
2012-03-14,-0.0056000000,0.0045000000,-0.0032000000,-0.0103000000,-0.0023000000,0.0038000000,-0.0059000000,-0.0134000000,0.0009000000,-0.0020000000,-0.0002000000,-0.0065000000
2012-03-15,0.0030000000,0.0023000000,0.0077000000,0.0007000000,0.0043000000,0.0041000000,0.0020000000,0.0006000000,0.0040000000,0.0036000000,0.0175000000,0.0157000000
2012-03-16,-0.0007000000,-0.0131000000,-0.0002000000,0.0115000000,-0.0003000000,-0.0003000000,-0.0015000000,0.0001000000,-0.0038000000,-0.0001000000,0.0019000000,-0.0002000000
2012-03-19,0.0035000000,0.0023000000,0.0013000000,0.0064000000,0.0011000000,0.0069000000,0.0050000000,-0.0023000000,0.0001000000,0.0017000000,0.0059000000,0.0053000000
2012-03-20,0.0005000000,-0.0114000000,-0.0124000000,-0.0159000000,-0.0034000000,-0.0020000000,-0.0024000000,-0.0003000000,0.0034000000,-0.0046000000,0.0007000000,-0.0080000000
2012-03-21,0.0022000000,0.0045000000,-0.0036000000,-0.0087000000,0.0006000000,-0.0004000000,0.0026000000,-0.0014000000,0.0012000000,0.0000000000,-0.0038000000,0.0021000000
2012-03-22,0.0011000000,-0.0137000000,-0.0126000000,-0.0214000000,-0.0055000000,-0.0038000000,-0.0031000000,-0.0022000000,-0.0011000000,-0.0025000000,-0.0122000000,-0.0113000000
2012-03-23,0.0008000000,0.0034000000,0.0050000000,0.0100000000,0.0063000000,0.0004000000,0.0017000000,0.0033000000,0.0018000000,0.0034000000,0.0088000000,0.0019000000
2012-03-26,0.0103000000,0.0185000000,0.0147000000,0.0105000000,0.0095000000,0.0171000000,0.0091000000,0.0065000000,0.0153000000,0.0166000000,0.0181000000,0.0148000000
2012-03-27,-0.0006000000,-0.0076000000,-0.0049000000,-0.0083000000,-0.0016000000,0.0004000000,-0.0059000000,0.0033000000,-0.0012000000,0.0017000000,-0.0087000000,-0.0040000000
2012-03-28,-0.0030000000,-0.0087000000,-0.0111000000,-0.0142000000,-0.0062000000,-0.0037000000,-0.0096000000,-0.0069000000,-0.0056000000,-0.0037000000,0.0042000000,-0.0072000000
2012-03-29,0.0020000000,0.0032000000,0.0032000000,0.0009000000,-0.0009000000,-0.0015000000,-0.0014000000,0.0020000000,-0.0024000000,-0.0015000000,-0.0077000000,-0.0032000000
2012-03-30,0.0064000000,0.0045000000,0.0032000000,0.0071000000,0.0038000000,-0.0023000000,0.0065000000,0.0035000000,0.0007000000,0.0061000000,0.0043000000,0.0005000000
2012-04-02,0.0080000000,0.0165000000,0.0075000000,0.0103000000,0.0116000000,0.0097000000,0.0062000000,0.0059000000,0.0048000000,0.0044000000,0.0084000000,0.0068000000
2012-04-03,-0.0032000000,-0.0103000000,-0.0055000000,-0.0104000000,-0.0067000000,-0.0016000000,-0.0052000000,0.0015000000,-0.0016000000,0.0009000000,-0.0033000000,-0.0039000000
2012-04-04,-0.0037000000,-0.0175000000,-0.0111000000,-0.0137000000,-0.0062000000,-0.0145000000,-0.0076000000,-0.0035000000,-0.0094000000,-0.0087000000,-0.0147000000,-0.0103000000
2012-04-05,-0.0020000000,-0.0032000000,-0.0033000000,-0.0062000000,0.0004000000,0.0029000000,0.0014000000,-0.0051000000,0.0044000000,0.0005000000,-0.0005000000,-0.0019000000
2012-04-09,-0.0100000000,-0.0231000000,-0.0153000000,-0.0130000000,-0.0127000000,-0.0080000000,-0.0129000000,-0.0070000000,-0.0089000000,-0.0139000000,-0.0169000000,-0.0128000000
2012-04-10,-0.0147000000,-0.0277000000,-0.0235000000,-0.0212000000,-0.0168000000,-0.0156000000,-0.0205000000,-0.0149000000,-0.0188000000,-0.0140000000,-0.0213000000,-0.0198000000
2012-04-11,0.0066000000,0.0099000000,0.0128000000,-0.0011000000,0.0087000000,0.0056000000,0.0118000000,0.0016000000,0.0126000000,0.0044000000,0.0157000000,0.0117000000
2012-04-12,0.0042000000,0.0174000000,0.0235000000,0.0216000000,0.0138000000,0.0140000000,0.0133000000,0.0057000000,0.0095000000,0.0047000000,0.0192000000,0.0196000000
2012-04-13,-0.0004000000,-0.0138000000,-0.0125000000,-0.0161000000,-0.0047000000,-0.0163000000,-0.0074000000,-0.0039000000,-0.0037000000,-0.0104000000,-0.0229000000,-0.0139000000
2012-04-16,-0.0008000000,-0.0024000000,0.0013000000,-0.0017000000,0.0077000000,-0.0103000000,-0.0003000000,0.0047000000,0.0020000000,0.0009000000,0.0049000000,0.0010000000
2012-04-17,0.0116000000,0.0131000000,0.0158000000,0.0173000000,0.0100000000,0.0222000000,0.0124000000,0.0068000000,0.0127000000,0.0141000000,0.0148000000,0.0152000000
2012-04-18,-0.0012000000,-0.0045000000,-0.0034000000,-0.0040000000,-0.0039000000,-0.0071000000,-0.0047000000,-0.0020000000,0.0015000000,-0.0021000000,-0.0078000000,-0.0045000000
2012-04-19,-0.0033000000,-0.0133000000,-0.0102000000,-0.0019000000,-0.0013000000,-0.0118000000,-0.0036000000,-0.0028000000,-0.0080000000,0.0021000000,-0.0027000000,-0.0060000000
2012-04-20,0.0075000000,-0.0113000000,0.0059000000,-0.0033000000,0.0090000000,-0.0048000000,0.0054000000,0.0079000000,0.0050000000,0.0058000000,-0.0042000000,0.0032000000
2012-04-23,-0.0116000000,-0.0143000000,-0.0115000000,-0.0002000000,-0.0127000000,-0.0086000000,-0.0101000000,-0.0076000000,-0.0160000000,-0.0074000000,-0.0086000000,-0.0114000000
2012-04-24,-0.0007000000,-0.0006000000,0.0090000000,0.0064000000,0.0013000000,-0.0060000000,0.0147000000,0.0074000000,-0.0078000000,0.0059000000,0.0087000000,0.0089000000
2012-04-25,0.0086000000,0.0250000000,0.0068000000,0.0102000000,0.0184000000,0.0294000000,0.0072000000,0.0080000000,0.0121000000,0.0132000000,0.0104000000,0.0089000000
2012-04-26,0.0102000000,0.0071000000,0.0069000000,0.0083000000,0.0007000000,0.0078000000,0.0139000000,0.0071000000,0.0112000000,0.0024000000,0.0077000000,0.0043000000
2012-04-27,0.0057000000,-0.0021000000,0.0060000000,-0.0003000000,-0.0094000000,0.0016000000,0.0032000000,0.0041000000,0.0151000000,0.0049000000,-0.0004000000,0.0057000000
2012-04-30,-0.0023000000,-0.0186000000,-0.0080000000,0.0043000000,-0.0082000000,-0.0082000000,0.0001000000,0.0034000000,-0.0051000000,-0.0010000000,-0.0086000000,-0.0054000000
2012-05-01,0.0046000000,0.0054000000,0.0001000000,0.0131000000,0.0002000000,0.0031000000,0.0066000000,0.0066000000,0.0010000000,0.0003000000,0.0094000000,0.0071000000
2012-05-02,0.0038000000,-0.0012000000,0.0016000000,-0.0179000000,0.0020000000,0.0018000000,0.0002000000,-0.0070000000,0.0059000000,0.0002000000,-0.0078000000,0.0002000000
2012-05-03,-0.0068000000,-0.0200000000,-0.0096000000,-0.0157000000,-0.0013000000,-0.0104000000,0.0002000000,-0.0068000000,-0.0078000000,-0.0044000000,-0.0124000000,-0.0106000000
2012-05-04,-0.0102000000,-0.0189000000,-0.0197000000,-0.0208000000,-0.0133000000,-0.0224000000,-0.0165000000,-0.0019000000,-0.0144000000,-0.0124000000,-0.0165000000,-0.0113000000
2012-05-07,-0.0004000000,-0.0024000000,-0.0026000000,-0.0028000000,0.0022000000,-0.0029000000,0.0042000000,-0.0009000000,-0.0005000000,0.0051000000,0.0041000000,0.0026000000
2012-05-08,-0.0025000000,-0.0081000000,-0.0057000000,-0.0033000000,-0.0039000000,-0.0049000000,-0.0026000000,0.0024000000,-0.0077000000,0.0012000000,-0.0049000000,-0.0065000000
2012-05-09,-0.0097000000,-0.0018000000,-0.0095000000,-0.0076000000,-0.0069000000,-0.0010000000,-0.0025000000,-0.0023000000,-0.0034000000,-0.0072000000,-0.0124000000,-0.0091000000
2012-05-10,0.0071000000,0.0006000000,0.0012000000,0.0063000000,0.0016000000,-0.0080000000,0.0100000000,0.0096000000,0.0058000000,0.0086000000,0.0062000000,0.0023000000
2012-05-11,-0.0002000000,-0.0075000000,-0.0007000000,-0.0078000000,-0.0045000000,-0.0007000000,0.0041000000,-0.0009000000,-0.0018000000,-0.0007000000,-0.0117000000,-0.0014000000
2012-05-14,-0.0055000000,-0.0184000000,-0.0129000000,-0.0143000000,-0.0089000000,-0.0098000000,-0.0092000000,-0.0053000000,-0.0126000000,-0.0041000000,-0.0189000000,-0.0150000000
2012-05-15,-0.0018000000,-0.0105000000,-0.0088000000,-0.0153000000,-0.0059000000,-0.0030000000,-0.0040000000,-0.0072000000,0.0009000000,-0.0046000000,-0.0052000000,-0.0055000000
2012-05-16,0.0022000000,-0.0010000000,-0.0103000000,-0.0032000000,-0.0028000000,-0.0087000000,-0.0030000000,-0.0005000000,-0.0015000000,0.0028000000,-0.0132000000,0.0024000000
2012-05-17,-0.0138000000,-0.0232000000,-0.0249000000,-0.0070000000,-0.0211000000,-0.0170000000,-0.0106000000,-0.0079000000,-0.0184000000,-0.0123000000,-0.0199000000,-0.0188000000
2012-05-18,-0.0060000000,-0.0107000000,-0.0045000000,-0.0073000000,-0.0079000000,-0.0129000000,-0.0016000000,-0.0018000000,-0.0033000000,-0.0083000000,-0.0108000000,-0.0084000000
2012-05-21,0.0074000000,0.0259000000,0.0249000000,0.0212000000,0.0158000000,0.0273000000,0.0097000000,0.0063000000,0.0125000000,0.0109000000,0.0119000000,0.0195000000
2012-05-22,0.0010000000,0.0029000000,0.0009000000,-0.0052000000,-0.0039000000,-0.0031000000,0.0001000000,0.0058000000,0.0035000000,-0.0021000000,0.0069000000,-0.0011000000
2012-05-23,-0.0010000000,0.0125000000,0.0076000000,0.0040000000,0.0003000000,0.0023000000,-0.0036000000,-0.0059000000,0.0090000000,-0.0054000000,0.0033000000,0.0067000000
2012-05-24,0.0113000000,0.0015000000,-0.0029000000,0.0004000000,0.0084000000,-0.0085000000,0.0064000000,0.0020000000,0.0050000000,0.0089000000,0.0030000000,0.0026000000
2012-05-25,-0.0010000000,0.0030000000,-0.0050000000,-0.0027000000,-0.0039000000,-0.0016000000,0.0012000000,0.0028000000,0.0007000000,-0.0012000000,-0.0032000000,-0.0023000000
2012-05-29,0.0063000000,0.0232000000,0.0178000000,0.0136000000,0.0135000000,0.0141000000,0.0115000000,0.0069000000,0.0106000000,0.0029000000,0.0130000000,0.0109000000
2012-05-30,-0.0081000000,-0.0233000000,-0.0193000000,-0.0299000000,-0.0166000000,-0.0086000000,-0.0101000000,-0.0094000000,-0.0123000000,-0.0076000000,-0.0202000000,-0.0180000000
2012-05-31,-0.0035000000,-0.0067000000,-0.0077000000,-0.0079000000,-0.0031000000,-0.0053000000,0.0022000000,0.0069000000,-0.0016000000,-0.0033000000,0.0040000000,-0.0004000000
2012-06-01,-0.0212000000,-0.0363000000,-0.0293000000,-0.0235000000,-0.0249000000,-0.0282000000,-0.0194000000,-0.0096000000,-0.0243000000,-0.0189000000,-0.0381000000,-0.0238000000
2012-06-04,0.0015000000,-0.0174000000,-0.0077000000,0.0002000000,-0.0007000000,0.0029000000,0.0057000000,0.0025000000,0.0065000000,0.0039000000,-0.0071000000,-0.0081000000
2012-06-05,0.0002000000,0.0126000000,0.0066000000,0.0068000000,0.0043000000,0.0083000000,0.0024000000,0.0053000000,-0.0006000000,0.0053000000,0.0159000000,0.0077000000
2012-06-06,0.0158000000,0.0220000000,0.0273000000,0.0330000000,0.0189000000,0.0257000000,0.0174000000,0.0122000000,0.0185000000,0.0137000000,0.0293000000,0.0268000000
2012-06-07,-0.0006000000,-0.0030000000,0.0043000000,0.0016000000,0.0080000000,-0.0045000000,-0.0026000000,0.0040000000,-0.0034000000,-0.0005000000,-0.0019000000,-0.0005000000
2012-06-08,0.0071000000,0.0163000000,0.0056000000,0.0002000000,0.0056000000,0.0095000000,0.0115000000,0.0025000000,0.0126000000,0.0077000000,0.0115000000,0.0096000000
2012-06-11,-0.0067000000,-0.0231000000,-0.0177000000,-0.0141000000,-0.0115000000,-0.0183000000,-0.0058000000,-0.0036000000,-0.0151000000,-0.0088000000,-0.0182000000,-0.0150000000
2012-06-12,0.0073000000,0.0124000000,0.0153000000,0.0131000000,0.0110000000,0.0119000000,0.0131000000,0.0027000000,0.0092000000,0.0090000000,0.0158000000,0.0127000000
2012-06-13,-0.0021000000,-0.0190000000,-0.0160000000,-0.0115000000,-0.0109000000,-0.0073000000,-0.0068000000,-0.0020000000,-0.0134000000,-0.0015000000,-0.0049000000,-0.0068000000
2012-06-14,0.0113000000,0.0053000000,0.0056000000,0.0162000000,0.0061000000,0.0024000000,0.0176000000,0.0080000000,0.0137000000,0.0133000000,0.0128000000,0.0135000000
2012-06-15,0.0057000000,0.0067000000,0.0088000000,0.0179000000,0.0068000000,0.0146000000,0.0058000000,0.0057000000,0.0081000000,0.0077000000,0.0132000000,0.0085000000
2012-06-18,0.0037000000,-0.0010000000,0.0003000000,-0.0096000000,0.0003000000,0.0062000000,0.0034000000,0.0027000000,0.0071000000,0.0053000000,-0.0047000000,0.0040000000
2012-06-19,0.0024000000,0.0223000000,0.0155000000,0.0161000000,0.0116000000,0.0107000000,0.0040000000,0.0015000000,0.0062000000,0.0097000000,0.0175000000,0.0132000000
2012-06-20,-0.0022000000,-0.0035000000,-0.0052000000,-0.0039000000,-0.0118000000,0.0012000000,0.0004000000,-0.0091000000,-0.0010000000,-0.0001000000,0.0026000000,-0.0018000000
2012-06-21,-0.0142000000,-0.0361000000,-0.0255000000,-0.0417000000,-0.0226000000,-0.0268000000,-0.0097000000,-0.0124000000,-0.0218000000,-0.0121000000,-0.0234000000,-0.0223000000
2012-06-22,0.0039000000,0.0016000000,0.0028000000,0.0070000000,0.0056000000,0.0112000000,0.0067000000,0.0032000000,0.0045000000,0.0116000000,0.0124000000,0.0050000000
2012-06-25,-0.0076000000,-0.0252000000,-0.0210000000,-0.0176000000,-0.0108000000,-0.0219000000,-0.0126000000,-0.0054000000,-0.0086000000,-0.0111000000,-0.0220000000,-0.0176000000
2012-06-26,0.0005000000,-0.0035000000,0.0014000000,0.0129000000,0.0035000000,0.0024000000,0.0102000000,0.0029000000,0.0089000000,0.0033000000,0.0058000000,0.0078000000
2012-06-27,0.0079000000,0.0023000000,0.0105000000,0.0192000000,0.0074000000,0.0078000000,0.0107000000,0.0126000000,-0.0051000000,0.0116000000,0.0130000000,0.0113000000
2012-06-28,0.0006000000,0.0034000000,-0.0021000000,0.0049000000,0.0035000000,-0.0106000000,0.0010000000,0.0031000000,-0.0024000000,-0.0044000000,-0.0039000000,0.0027000000
2012-06-29,0.0213000000,0.0105000000,0.0311000000,0.0324000000,0.0216000000,0.0343000000,0.0158000000,0.0074000000,0.0234000000,0.0228000000,0.0229000000,0.0267000000
2012-07-02,0.0085000000,-0.0065000000,-0.0047000000,0.0000000000,-0.0029000000,0.0016000000,0.0138000000,0.0081000000,0.0020000000,0.0093000000,0.0044000000,0.0003000000
2012-07-03,0.0039000000,0.0275000000,0.0175000000,0.0220000000,0.0078000000,0.0101000000,-0.0004000000,-0.0001000000,0.0026000000,0.0013000000,0.0047000000,0.0064000000
2012-07-05,-0.0035000000,0.0013000000,-0.0003000000,-0.0140000000,0.0011000000,0.0010000000,-0.0092000000,-0.0048000000,0.0064000000,-0.0055000000,-0.0115000000,-0.0016000000
2012-07-06,-0.0036000000,-0.0167000000,-0.0147000000,-0.0118000000,-0.0065000000,-0.0195000000,-0.0015000000,-0.0031000000,-0.0024000000,-0.0065000000,-0.0086000000,-0.0102000000
2012-07-09,-0.0024000000,-0.0069000000,-0.0032000000,-0.0075000000,-0.0052000000,-0.0033000000,-0.0010000000,-0.0019000000,-0.0013000000,0.0058000000,-0.0033000000,-0.0015000000
2012-07-10,0.0000000000,-0.0150000000,-0.0149000000,-0.0154000000,-0.0058000000,-0.0119000000,-0.0054000000,0.0003000000,-0.0023000000,-0.0083000000,-0.0061000000,-0.0126000000
2012-07-11,-0.0023000000,-0.0044000000,-0.0076000000,0.0140000000,-0.0066000000,-0.0062000000,-0.0005000000,0.0053000000,-0.0054000000,-0.0030000000,0.0058000000,0.0008000000
2012-07-12,-0.0063000000,-0.0134000000,-0.0033000000,-0.0052000000,0.0065000000,-0.0106000000,-0.0075000000,0.0009000000,0.0012000000,0.0053000000,-0.0104000000,-0.0074000000
2012-07-13,0.0101000000,0.0186000000,0.0195000000,0.0167000000,0.0184000000,0.0145000000,0.0159000000,0.0135000000,0.0131000000,0.0101000000,0.0274000000,0.0153000000
2012-07-16,-0.0052000000,-0.0079000000,-0.0070000000,0.0030000000,-0.0047000000,-0.0051000000,-0.0004000000,-0.0010000000,-0.0056000000,0.0025000000,-0.0023000000,-0.0055000000
2012-07-17,0.0039000000,0.0059000000,0.0057000000,0.0127000000,0.0124000000,0.0017000000,0.0152000000,0.0035000000,0.0040000000,0.0124000000,0.0066000000,0.0059000000
2012-07-18,0.0024000000,0.0163000000,0.0164000000,0.0077000000,0.0043000000,0.0207000000,0.0033000000,0.0048000000,0.0047000000,0.0015000000,-0.0036000000,0.0017000000
2012-07-19,0.0033000000,0.0066000000,0.0062000000,0.0033000000,0.0087000000,0.0135000000,-0.0078000000,0.0007000000,0.0007000000,-0.0013000000,-0.0087000000,0.0034000000
2012-07-20,-0.0075000000,-0.0193000000,-0.0136000000,-0.0005000000,-0.0086000000,-0.0134000000,-0.0069000000,0.0023000000,-0.0098000000,-0.0137000000,-0.0156000000,-0.0123000000
2012-07-23,-0.0097000000,-0.0088000000,-0.0086000000,-0.0127000000,-0.0104000000,-0.0113000000,-0.0098000000,-0.0060000000,-0.0105000000,-0.0110000000,-0.0095000000,-0.0085000000
2012-07-24,-0.0054000000,-0.0240000000,-0.0138000000,-0.0152000000,-0.0101000000,-0.0108000000,-0.0087000000,-0.0088000000,-0.0063000000,-0.0123000000,-0.0048000000,-0.0123000000
2012-07-25,0.0000000000,-0.0018000000,0.0021000000,0.0002000000,0.0011000000,-0.0043000000,0.0062000000,-0.0018000000,-0.0019000000,0.0082000000,-0.0002000000,-0.0029000000
2012-07-26,0.0157000000,0.0151000000,0.0193000000,0.0218000000,0.0103000000,0.0117000000,0.0231000000,0.0158000000,0.0174000000,0.0114000000,0.0141000000,0.0148000000
2012-07-27,0.0144000000,0.0308000000,0.0244000000,0.0172000000,0.0138000000,0.0225000000,0.0187000000,0.0120000000,0.0158000000,0.0236000000,0.0219000000,0.0176000000
2012-07-30,0.0049000000,-0.0041000000,-0.0062000000,0.0027000000,-0.0017000000,-0.0023000000,0.0018000000,0.0048000000,0.0000000000,-0.0075000000,-0.0031000000,0.0005000000
2012-07-31,-0.0069000000,0.0053000000,-0.0056000000,-0.0099000000,-0.0068000000,0.0017000000,0.0029000000,-0.0089000000,-0.0097000000,-0.0054000000,-0.0071000000,-0.0053000000
2012-08-01,-0.0049000000,-0.0160000000,-0.0071000000,0.0043000000,-0.0051000000,-0.0057000000,0.0011000000,-0.0061000000,-0.0100000000,-0.0025000000,-0.0072000000,-0.0076000000
2012-08-02,-0.0071000000,-0.0190000000,-0.0070000000,-0.0177000000,-0.0080000000,-0.0048000000,0.0000000000,-0.0088000000,-0.0002000000,-0.0088000000,-0.0085000000,-0.0055000000
2012-08-03,0.0185000000,0.0319000000,0.0247000000,0.0244000000,0.0224000000,0.0226000000,0.0106000000,0.0115000000,0.0135000000,0.0129000000,0.0254000000,0.0213000000
2012-08-06,0.0008000000,0.0068000000,0.0035000000,0.0025000000,0.0047000000,0.0084000000,0.0045000000,-0.0005000000,0.0005000000,0.0013000000,0.0021000000,0.0024000000
2012-08-07,-0.0018000000,0.0220000000,0.0158000000,0.0143000000,0.0059000000,0.0092000000,-0.0001000000,-0.0057000000,0.0055000000,-0.0028000000,0.0101000000,0.0055000000
2012-08-08,0.0031000000,-0.0002000000,-0.0005000000,0.0026000000,0.0048000000,-0.0019000000,0.0031000000,-0.0011000000,0.0023000000,-0.0010000000,0.0041000000,-0.0018000000
2012-08-09,-0.0044000000,0.0044000000,0.0025000000,0.0060000000,0.0028000000,0.0046000000,-0.0006000000,0.0008000000,-0.0022000000,-0.0005000000,-0.0002000000,0.0006000000
2012-08-10,-0.0013000000,0.0045000000,0.0043000000,0.0024000000,0.0016000000,0.0020000000,0.0054000000,0.0019000000,-0.0014000000,0.0041000000,-0.0002000000,0.0018000000
2012-08-13,0.0008000000,0.0020000000,-0.0022000000,-0.0063000000,-0.0051000000,0.0017000000,-0.0017000000,-0.0036000000,-0.0008000000,-0.0026000000,-0.0005000000,-0.0031000000
2012-08-14,0.0024000000,-0.0054000000,-0.0025000000,0.0015000000,0.0020000000,-0.0045000000,-0.0021000000,0.0011000000,0.0038000000,0.0045000000,0.0000000000,-0.0025000000
2012-08-15,0.0018000000,0.0041000000,0.0009000000,-0.0006000000,0.0037000000,0.0030000000,0.0010000000,-0.0024000000,0.0054000000,0.0031000000,0.0048000000,0.0043000000
2012-08-16,0.0066000000,0.0238000000,0.0138000000,0.0092000000,0.0088000000,0.0142000000,0.0003000000,-0.0016000000,0.0015000000,-0.0019000000,0.0066000000,0.0101000000
2012-08-17,0.0023000000,0.0118000000,0.0082000000,-0.0024000000,0.0012000000,0.0064000000,0.0002000000,-0.0016000000,0.0044000000,-0.0033000000,0.0024000000,0.0037000000
2012-08-20,-0.0030000000,-0.0080000000,-0.0024000000,-0.0027000000,-0.0027000000,0.0018000000,-0.0047000000,0.0011000000,-0.0030000000,0.0020000000,0.0029000000,-0.0020000000
2012-08-21,-0.0052000000,-0.0043000000,-0.0013000000,-0.0046000000,-0.0032000000,-0.0054000000,-0.0058000000,-0.0054000000,-0.0023000000,-0.0040000000,0.0024000000,-0.0018000000
2012-08-22,-0.0042000000,-0.0025000000,-0.0034000000,0.0023000000,0.0045000000,0.0017000000,-0.0021000000,-0.0020000000,0.0029000000,0.0003000000,-0.0028000000,0.0011000000
2012-08-23,-0.0095000000,-0.0093000000,-0.0103000000,-0.0109000000,-0.0090000000,-0.0082000000,-0.0048000000,-0.0112000000,-0.0063000000,-0.0017000000,-0.0088000000,-0.0070000000
2012-08-24,0.0092000000,-0.0009000000,0.0038000000,0.0070000000,0.0033000000,0.0040000000,0.0103000000,0.0053000000,0.0078000000,0.0101000000,0.0061000000,0.0026000000
2012-08-27,0.0004000000,-0.0024000000,-0.0027000000,-0.0024000000,-0.0038000000,0.0017000000,-0.0024000000,0.0022000000,-0.0001000000,-0.0002000000,-0.0003000000,-0.0029000000
2012-08-28,0.0040000000,-0.0030000000,-0.0013000000,0.0037000000,-0.0023000000,-0.0003000000,-0.0028000000,-0.0019000000,0.0019000000,0.0000000000,-0.0005000000,-0.0012000000
2012-08-29,-0.0018000000,0.0050000000,0.0010000000,-0.0055000000,0.0018000000,0.0023000000,0.0051000000,-0.0016000000,0.0045000000,0.0018000000,0.0045000000,-0.0005000000
2012-08-30,-0.0059000000,-0.0090000000,-0.0109000000,-0.0108000000,-0.0056000000,-0.0128000000,-0.0064000000,-0.0046000000,-0.0040000000,-0.0038000000,-0.0064000000,-0.0086000000
2012-08-31,0.0007000000,0.0071000000,0.0081000000,0.0079000000,0.0064000000,0.0077000000,0.0019000000,-0.0004000000,0.0037000000,0.0030000000,0.0057000000,0.0061000000
2012-09-04,0.0033000000,-0.0016000000,-0.0065000000,-0.0064000000,-0.0044000000,0.0006000000,0.0040000000,0.0046000000,0.0035000000,0.0062000000,0.0027000000,-0.0019000000
2012-09-05,-0.0022000000,0.0069000000,-0.0014000000,-0.0024000000,0.0011000000,-0.0007000000,0.0067000000,-0.0038000000,-0.0022000000,0.0005000000,-0.0013000000,0.0004000000
2012-09-06,0.0140000000,0.0347000000,0.0233000000,0.0214000000,0.0196000000,0.0240000000,0.0169000000,0.0136000000,0.0179000000,0.0175000000,0.0236000000,0.0219000000
2012-09-07,-0.0054000000,0.0218000000,0.0113000000,0.0181000000,0.0052000000,0.0000000000,-0.0013000000,-0.0015000000,0.0001000000,-0.0004000000,0.0102000000,0.0109000000
2012-09-10,-0.0015000000,-0.0073000000,-0.0088000000,-0.0047000000,-0.0025000000,-0.0121000000,-0.0009000000,-0.0016000000,-0.0010000000,-0.0025000000,-0.0094000000,-0.0015000000
2012-09-11,-0.0022000000,0.0051000000,0.0053000000,0.0084000000,-0.0019000000,0.0014000000,0.0030000000,-0.0009000000,-0.0011000000,0.0009000000,0.0076000000,0.0052000000
2012-09-12,-0.0092000000,0.0044000000,0.0038000000,0.0030000000,-0.0029000000,0.0048000000,0.0047000000,-0.0032000000,0.0035000000,0.0012000000,0.0051000000,0.0067000000
2012-09-13,0.0180000000,0.0118000000,0.0126000000,0.0202000000,0.0164000000,0.0136000000,0.0151000000,0.0137000000,0.0122000000,0.0105000000,0.0230000000,0.0150000000
2012-09-14,-0.0053000000,0.0230000000,0.0117000000,0.0152000000,0.0067000000,0.0100000000,-0.0075000000,-0.0051000000,0.0002000000,-0.0037000000,0.0093000000,0.0080000000
2012-09-17,0.0025000000,-0.0133000000,-0.0108000000,-0.0085000000,-0.0047000000,-0.0007000000,-0.0004000000,-0.0065000000,-0.0054000000,0.0059000000,-0.0109000000,-0.0068000000
2012-09-18,0.0028000000,-0.0015000000,-0.0019000000,-0.0085000000,-0.0020000000,-0.0002000000,-0.0014000000,-0.0034000000,-0.0024000000,0.0037000000,-0.0027000000,-0.0020000000
2012-09-19,0.0033000000,0.0102000000,0.0031000000,-0.0089000000,0.0035000000,0.0006000000,0.0103000000,0.0012000000,0.0065000000,0.0013000000,-0.0003000000,0.0045000000
2012-09-20,0.0042000000,-0.0136000000,-0.0060000000,0.0052000000,0.0022000000,-0.0045000000,0.0037000000,0.0030000000,0.0004000000,0.0046000000,-0.0053000000,-0.0075000000
2012-09-21,-0.0039000000,-0.0009000000,0.0008000000,0.0024000000,-0.0035000000,0.0006000000,0.0047000000,0.0017000000,-0.0020000000,0.0040000000,-0.0005000000,-0.0009000000
2012-09-24,-0.0008000000,-0.0087000000,-0.0033000000,-0.0061000000,-0.0023000000,-0.0080000000,0.0021000000,0.0089000000,-0.0023000000,0.0001000000,0.0006000000,-0.0031000000
2012-09-25,-0.0094000000,-0.0264000000,-0.0173000000,-0.0097000000,-0.0095000000,-0.0162000000,-0.0084000000,-0.0031000000,-0.0084000000,-0.0016000000,-0.0136000000,-0.0103000000
2012-09-26,0.0002000000,-0.0089000000,-0.0046000000,-0.0089000000,-0.0046000000,-0.0076000000,-0.0073000000,0.0009000000,-0.0029000000,-0.0061000000,-0.0081000000,-0.0043000000
2012-09-27,0.0060000000,0.0065000000,0.0084000000,0.0130000000,0.0058000000,0.0150000000,0.0080000000,-0.0006000000,0.0067000000,0.0071000000,0.0117000000,0.0113000000
2012-09-28,-0.0046000000,-0.0070000000,-0.0034000000,-0.0044000000,-0.0021000000,-0.0078000000,-0.0042000000,0.0033000000,-0.0038000000,-0.0029000000,-0.0051000000,-0.0044000000
2012-10-01,0.0056000000,0.0111000000,0.0027000000,0.0054000000,0.0038000000,-0.0020000000,-0.0017000000,-0.0025000000,0.0026000000,0.0052000000,0.0066000000,0.0021000000
2012-10-02,0.0050000000,0.0035000000,-0.0013000000,0.0006000000,-0.0072000000,0.0014000000,0.0021000000,0.0034000000,-0.0042000000,0.0040000000,0.0022000000,0.0011000000
2012-10-03,0.0009000000,0.0072000000,-0.0013000000,-0.0126000000,0.0016000000,0.0030000000,0.0093000000,0.0054000000,0.0059000000,0.0068000000,0.0092000000,0.0072000000
2012-10-04,0.0051000000,0.0150000000,0.0088000000,0.0112000000,0.0067000000,0.0021000000,0.0087000000,0.0064000000,0.0078000000,0.0046000000,0.0162000000,0.0064000000
2012-10-05,0.0021000000,0.0033000000,0.0015000000,-0.0018000000,0.0052000000,-0.0064000000,0.0031000000,-0.0019000000,0.0025000000,0.0024000000,-0.0005000000,0.0026000000
2012-10-08,-0.0022000000,-0.0042000000,-0.0030000000,0.0013000000,-0.0065000000,-0.0094000000,-0.0060000000,0.0001000000,-0.0008000000,-0.0025000000,-0.0015000000,-0.0029000000
2012-10-09,-0.0093000000,-0.0122000000,-0.0102000000,0.0015000000,-0.0098000000,-0.0144000000,-0.0158000000,-0.0011000000,-0.0131000000,-0.0138000000,-0.0085000000,-0.0119000000
2012-10-10,-0.0082000000,-0.0124000000,-0.0110000000,-0.0187000000,-0.0070000000,-0.0051000000,-0.0043000000,-0.0032000000,-0.0004000000,-0.0070000000,0.0005000000,-0.0039000000
2012-10-11,-0.0015000000,0.0094000000,0.0039000000,0.0067000000,0.0008000000,-0.0021000000,-0.0067000000,0.0018000000,-0.0034000000,0.0004000000,0.0072000000,0.0026000000
2012-10-12,0.0025000000,-0.0052000000,-0.0021000000,-0.0054000000,-0.0027000000,0.0007000000,-0.0036000000,-0.0069000000,-0.0013000000,-0.0017000000,-0.0142000000,-0.0018000000
2012-10-15,0.0048000000,0.0061000000,0.0078000000,0.0041000000,0.0094000000,0.0066000000,0.0022000000,0.0060000000,0.0096000000,0.0140000000,0.0101000000,0.0089000000
2012-10-16,0.0053000000,0.0111000000,0.0155000000,0.0157000000,0.0134000000,0.0147000000,0.0046000000,0.0053000000,0.0059000000,0.0105000000,0.0054000000,0.0089000000
2012-10-17,0.0021000000,0.0108000000,0.0087000000,0.0124000000,0.0110000000,-0.0075000000,0.0110000000,0.0112000000,0.0017000000,0.0024000000,0.0126000000,0.0080000000
2012-10-18,-0.0049000000,0.0059000000,0.0063000000,0.0000000000,0.0002000000,-0.0155000000,0.0084000000,0.0018000000,-0.0026000000,-0.0021000000,-0.0021000000,-0.0002000000
2012-10-19,-0.0125000000,-0.0220000000,-0.0172000000,-0.0161000000,-0.0185000000,-0.0222000000,-0.0141000000,-0.0086000000,-0.0164000000,-0.0184000000,-0.0131000000,-0.0180000000
2012-10-22,-0.0022000000,0.0010000000,-0.0003000000,-0.0048000000,0.0010000000,0.0075000000,-0.0020000000,-0.0042000000,-0.0029000000,-0.0020000000,0.0020000000,-0.0045000000
2012-10-23,-0.0130000000,-0.0121000000,-0.0133000000,-0.0241000000,-0.0209000000,-0.0096000000,-0.0141000000,-0.0097000000,-0.0056000000,-0.0139000000,-0.0151000000,-0.0102000000
2012-10-24,-0.0013000000,-0.0054000000,-0.0054000000,-0.0056000000,0.0053000000,-0.0042000000,-0.0010000000,-0.0045000000,-0.0048000000,0.0007000000,0.0000000000,-0.0066000000
2012-10-25,0.0018000000,0.0131000000,0.0004000000,0.0099000000,0.0056000000,-0.0015000000,-0.0045000000,0.0052000000,0.0012000000,0.0066000000,0.0039000000,0.0037000000
2012-10-26,-0.0015000000,-0.0058000000,0.0004000000,0.0022000000,-0.0011000000,0.0018000000,0.0037000000,-0.0001000000,0.0024000000,-0.0053000000,-0.0058000000,-0.0012000000
2012-10-31,0.0046000000,0.0451000000,0.0058000000,0.0000000000,0.0002000000,-0.0032000000,-0.0034000000,0.0071000000,0.0057000000,-0.0096000000,0.0047000000,0.0036000000
2012-11-01,0.0071000000,0.0200000000,0.0218000000,0.0081000000,0.0126000000,0.0176000000,0.0104000000,-0.0082000000,0.0057000000,0.0079000000,0.0152000000,0.0145000000
2012-11-02,-0.0084000000,-0.0081000000,-0.0119000000,-0.0173000000,-0.0084000000,-0.0131000000,-0.0071000000,-0.0090000000,-0.0049000000,-0.0075000000,-0.0098000000,-0.0127000000
2012-11-05,0.0004000000,0.0045000000,0.0074000000,0.0072000000,0.0022000000,0.0068000000,-0.0045000000,-0.0115000000,0.0046000000,0.0037000000,-0.0004000000,0.0017000000
2012-11-06,0.0089000000,0.0127000000,0.0125000000,0.0164000000,0.0063000000,0.0062000000,0.0011000000,0.0028000000,0.0081000000,0.0041000000,0.0101000000,0.0080000000
2012-11-07,-0.0142000000,-0.0297000000,-0.0247000000,-0.0308000000,-0.0131000000,-0.0269000000,-0.0165000000,-0.0224000000,-0.0136000000,-0.0166000000,-0.0365000000,-0.0169000000
2012-11-08,-0.0102000000,-0.0175000000,-0.0145000000,-0.0157000000,-0.0156000000,-0.0141000000,-0.0085000000,-0.0042000000,-0.0167000000,-0.0119000000,-0.0085000000,-0.0118000000
2012-11-09,0.0005000000,0.0037000000,0.0049000000,0.0001000000,-0.0004000000,0.0043000000,-0.0028000000,-0.0056000000,-0.0009000000,0.0052000000,0.0018000000,0.0004000000
2012-11-12,-0.0020000000,0.0031000000,0.0057000000,0.0003000000,0.0005000000,-0.0035000000,0.0012000000,-0.0084000000,-0.0001000000,0.0070000000,-0.0001000000,-0.0012000000
2012-11-13,0.0000000000,-0.0060000000,-0.0041000000,-0.0072000000,-0.0008000000,-0.0064000000,-0.0003000000,0.0043000000,0.0013000000,-0.0040000000,-0.0087000000,-0.0041000000
2012-11-14,-0.0132000000,-0.0214000000,-0.0196000000,-0.0109000000,-0.0109000000,-0.0101000000,-0.0139000000,-0.0082000000,-0.0124000000,-0.0129000000,-0.0183000000,-0.0219000000
2012-11-15,0.0037000000,-0.0055000000,-0.0012000000,-0.0010000000,-0.0043000000,-0.0039000000,-0.0042000000,-0.0069000000,-0.0078000000,-0.0044000000,0.0031000000,-0.0012000000
2012-11-16,0.0092000000,0.0013000000,0.0055000000,0.0042000000,0.0056000000,0.0034000000,0.0010000000,0.0125000000,0.0032000000,0.0088000000,0.0077000000,0.0066000000
2012-11-19,0.0203000000,0.0285000000,0.0225000000,0.0226000000,0.0223000000,0.0259000000,0.0190000000,0.0037000000,0.0190000000,0.0113000000,0.0197000000,0.0175000000
2012-11-20,0.0037000000,0.0031000000,0.0000000000,-0.0037000000,0.0037000000,-0.0046000000,0.0029000000,-0.0011000000,0.0025000000,0.0076000000,0.0045000000,0.0003000000
2012-11-21,0.0030000000,0.0046000000,0.0026000000,0.0057000000,0.0008000000,0.0050000000,0.0011000000,-0.0019000000,0.0039000000,0.0014000000,0.0010000000,0.0054000000
2012-11-23,0.0136000000,0.0166000000,0.0135000000,0.0130000000,0.0144000000,0.0155000000,0.0141000000,-0.0005000000,0.0128000000,0.0111000000,0.0125000000,0.0122000000
2012-11-26,-0.0055000000,-0.0013000000,0.0000000000,-0.0085000000,-0.0005000000,0.0063000000,-0.0063000000,0.0085000000,-0.0049000000,-0.0038000000,-0.0047000000,0.0003000000
2012-11-27,0.0007000000,-0.0036000000,-0.0025000000,-0.0097000000,-0.0029000000,-0.0034000000,-0.0066000000,0.0017000000,-0.0030000000,-0.0056000000,-0.0086000000,-0.0018000000
2012-11-28,0.0107000000,0.0105000000,0.0107000000,0.0110000000,0.0035000000,0.0075000000,0.0078000000,0.0052000000,0.0135000000,0.0077000000,0.0054000000,0.0072000000
2012-11-29,0.0045000000,0.0149000000,0.0056000000,0.0031000000,0.0041000000,0.0055000000,0.0086000000,0.0043000000,0.0014000000,0.0066000000,0.0074000000,0.0051000000
2012-11-30,-0.0003000000,-0.0034000000,-0.0029000000,-0.0003000000,0.0037000000,-0.0020000000,0.0048000000,0.0069000000,0.0038000000,0.0000000000,-0.0008000000,-0.0008000000
2012-12-03,-0.0045000000,-0.0085000000,-0.0079000000,-0.0056000000,-0.0097000000,-0.0029000000,-0.0021000000,-0.0054000000,-0.0050000000,-0.0018000000,-0.0040000000,-0.0066000000
2012-12-04,-0.0037000000,0.0001000000,0.0030000000,-0.0043000000,-0.0006000000,-0.0013000000,-0.0030000000,-0.0057000000,-0.0027000000,0.0016000000,-0.0032000000,0.0009000000
2012-12-05,-0.0007000000,-0.0060000000,0.0039000000,0.0119000000,0.0014000000,-0.0102000000,-0.0004000000,0.0135000000,-0.0007000000,0.0030000000,0.0123000000,0.0004000000
2012-12-06,0.0015000000,-0.0059000000,0.0015000000,0.0039000000,0.0058000000,0.0072000000,0.0043000000,-0.0016000000,0.0043000000,-0.0001000000,0.0014000000,0.0029000000
2012-12-07,0.0057000000,0.0113000000,0.0046000000,0.0074000000,0.0074000000,-0.0046000000,0.0027000000,-0.0008000000,0.0026000000,0.0018000000,0.0072000000,0.0034000000
2012-12-10,-0.0018000000,0.0056000000,0.0057000000,-0.0010000000,0.0015000000,0.0037000000,-0.0014000000,0.0009000000,-0.0037000000,0.0048000000,-0.0012000000,0.0023000000
2012-12-11,0.0027000000,0.0062000000,0.0055000000,0.0056000000,0.0065000000,0.0138000000,0.0071000000,0.0021000000,-0.0009000000,0.0108000000,0.0067000000,0.0040000000
2012-12-12,-0.0023000000,0.0049000000,-0.0011000000,0.0044000000,-0.0021000000,-0.0034000000,0.0047000000,-0.0018000000,-0.0058000000,-0.0030000000,0.0023000000,0.0076000000
2012-12-13,-0.0028000000,-0.0145000000,-0.0062000000,-0.0095000000,-0.0061000000,-0.0072000000,-0.0072000000,-0.0047000000,-0.0005000000,-0.0089000000,-0.0053000000,-0.0022000000
2012-12-14,-0.0014000000,-0.0078000000,-0.0013000000,-0.0002000000,0.0022000000,-0.0090000000,-0.0046000000,-0.0029000000,-0.0027000000,-0.0041000000,-0.0036000000,0.0009000000
2012-12-17,0.0032000000,0.0153000000,0.0079000000,0.0077000000,0.0056000000,0.0125000000,0.0125000000,0.0155000000,0.0131000000,0.0071000000,0.0214000000,0.0108000000
2012-12-18,-0.0003000000,0.0197000000,0.0183000000,0.0161000000,0.0091000000,0.0176000000,0.0085000000,0.0082000000,0.0085000000,0.0086000000,0.0147000000,0.0083000000
2012-12-19,-0.0081000000,0.0117000000,-0.0009000000,-0.0082000000,-0.0073000000,-0.0028000000,-0.0077000000,-0.0069000000,-0.0084000000,-0.0092000000,-0.0067000000,-0.0067000000
2012-12-20,0.0052000000,0.0054000000,0.0053000000,0.0066000000,0.0071000000,0.0017000000,0.0086000000,0.0051000000,0.0023000000,-0.0011000000,0.0137000000,0.0054000000
2012-12-21,-0.0074000000,-0.0019000000,-0.0055000000,-0.0112000000,-0.0109000000,-0.0083000000,-0.0136000000,-0.0043000000,-0.0091000000,-0.0073000000,-0.0110000000,-0.0078000000
2012-12-24,-0.0027000000,0.0109000000,-0.0021000000,-0.0077000000,0.0011000000,-0.0034000000,0.0011000000,-0.0042000000,-0.0004000000,-0.0032000000,-0.0020000000,-0.0024000000
2012-12-26,-0.0100000000,0.0039000000,-0.0035000000,-0.0027000000,-0.0024000000,-0.0065000000,-0.0028000000,-0.0095000000,-0.0119000000,-0.0045000000,-0.0022000000,-0.0054000000
2012-12-27,0.0021000000,0.0042000000,-0.0001000000,-0.0018000000,-0.0009000000,-0.0011000000,-0.0020000000,-0.0020000000,0.0010000000,-0.0013000000,-0.0034000000,-0.0017000000
2012-12-28,-0.0094000000,-0.0034000000,-0.0106000000,-0.0182000000,-0.0113000000,-0.0107000000,-0.0094000000,-0.0086000000,-0.0078000000,-0.0102000000,-0.0074000000,-0.0094000000
2012-12-31,0.0122000000,0.0231000000,0.0206000000,0.0210000000,0.0142000000,0.0197000000,0.0165000000,0.0149000000,0.0170000000,0.0121000000,0.0146000000,0.0195000000
2013-01-02,0.0277000000,0.0237000000,0.0266000000,0.0226000000,0.0242000000,0.0311000000,0.0321000000,0.0197000000,0.0170000000,0.0219000000,0.0297000000,0.0280000000
2013-01-03,-0.0020000000,0.0072000000,0.0013000000,-0.0002000000,-0.0029000000,-0.0070000000,-0.0026000000,0.0006000000,0.0022000000,0.0065000000,-0.0037000000,0.0002000000
2013-01-04,0.0041000000,0.0030000000,0.0064000000,0.0098000000,0.0099000000,-0.0030000000,0.0050000000,0.0060000000,0.0034000000,0.0047000000,0.0133000000,0.0087000000
2013-01-07,-0.0062000000,-0.0075000000,-0.0037000000,-0.0088000000,-0.0047000000,-0.0024000000,-0.0034000000,-0.0102000000,-0.0018000000,0.0047000000,-0.0027000000,-0.0035000000
2013-01-08,-0.0006000000,-0.0081000000,-0.0086000000,0.0002000000,-0.0002000000,-0.0034000000,-0.0061000000,-0.0035000000,-0.0036000000,0.0024000000,-0.0031000000,-0.0010000000
2013-01-09,0.0024000000,0.0111000000,0.0085000000,-0.0020000000,0.0071000000,0.0036000000,0.0033000000,-0.0023000000,0.0005000000,0.0105000000,0.0010000000,0.0029000000
2013-01-10,0.0064000000,0.0105000000,0.0033000000,0.0100000000,0.0049000000,0.0053000000,0.0069000000,0.0039000000,0.0024000000,0.0058000000,0.0123000000,0.0068000000
2013-01-11,0.0042000000,0.0018000000,-0.0024000000,0.0021000000,-0.0009000000,0.0028000000,-0.0023000000,0.0008000000,0.0023000000,-0.0022000000,-0.0036000000,-0.0011000000
2013-01-14,0.0042000000,0.0008000000,0.0015000000,0.0006000000,0.0031000000,-0.0054000000,-0.0033000000,-0.0005000000,0.0006000000,0.0024000000,-0.0029000000,0.0026000000
2013-01-15,0.0028000000,0.0106000000,0.0040000000,0.0048000000,0.0008000000,-0.0039000000,-0.0020000000,0.0024000000,0.0084000000,-0.0012000000,0.0034000000,0.0039000000
2013-01-16,-0.0015000000,-0.0127000000,-0.0048000000,0.0022000000,-0.0033000000,0.0054000000,-0.0049000000,-0.0049000000,-0.0008000000,-0.0035000000,0.0013000000,-0.0032000000
2013-01-17,0.0079000000,0.0094000000,0.0118000000,0.0068000000,0.0079000000,0.0045000000,0.0112000000,0.0049000000,0.0058000000,0.0061000000,0.0010000000,0.0067000000
2013-01-18,0.0039000000,-0.0060000000,0.0050000000,0.0059000000,0.0039000000,-0.0023000000,0.0046000000,0.0083000000,0.0044000000,0.0024000000,0.0008000000,0.0074000000
2013-01-22,-0.0030000000,-0.0010000000,0.0053000000,0.0080000000,0.0046000000,0.0016000000,0.0042000000,0.0099000000,0.0037000000,0.0042000000,0.0098000000,0.0076000000
2013-01-23,-0.0047000000,-0.0055000000,0.0001000000,-0.0044000000,0.0008000000,0.0106000000,0.0051000000,-0.0036000000,0.0006000000,-0.0040000000,-0.0017000000,0.0007000000
2013-01-24,0.0053000000,0.0132000000,0.0038000000,0.0057000000,0.0026000000,-0.0148000000,-0.0028000000,0.0031000000,0.0081000000,0.0064000000,0.0036000000,0.0058000000
2013-01-25,0.0018000000,0.0073000000,0.0057000000,0.0079000000,0.0164000000,0.0042000000,0.0047000000,0.0048000000,0.0060000000,0.0081000000,0.0042000000,0.0066000000
2013-01-28,-0.0017000000,-0.0015000000,-0.0037000000,-0.0035000000,-0.0021000000,0.0031000000,0.0015000000,-0.0011000000,-0.0030000000,-0.0030000000,-0.0041000000,-0.0008000000
2013-01-29,0.0029000000,-0.0086000000,0.0034000000,0.0169000000,0.0078000000,-0.0028000000,0.0036000000,0.0084000000,-0.0025000000,0.0102000000,0.0050000000,0.0012000000
2013-01-30,-0.0028000000,-0.0142000000,-0.0070000000,-0.0067000000,-0.0048000000,-0.0034000000,-0.0024000000,0.0007000000,0.0007000000,-0.0028000000,-0.0031000000,-0.0088000000
2013-01-31,-0.0006000000,0.0006000000,-0.0009000000,-0.0050000000,-0.0086000000,0.0002000000,-0.0044000000,0.0022000000,-0.0003000000,-0.0012000000,0.0007000000,0.0037000000
2013-02-01,0.0056000000,0.0088000000,0.0101000000,0.0092000000,0.0134000000,0.0112000000,0.0151000000,0.0035000000,0.0062000000,0.0074000000,0.0148000000,0.0087000000
2013-02-04,-0.0099000000,-0.0130000000,-0.0101000000,-0.0096000000,-0.0109000000,-0.0160000000,-0.0090000000,-0.0076000000,-0.0131000000,-0.0125000000,-0.0111000000,-0.0120000000
2013-02-05,0.0087000000,0.0156000000,0.0074000000,0.0079000000,0.0071000000,0.0136000000,0.0084000000,0.0047000000,0.0121000000,0.0100000000,0.0149000000,0.0095000000
2013-02-06,0.0031000000,0.0012000000,0.0026000000,0.0025000000,0.0022000000,-0.0003000000,0.0012000000,0.0038000000,0.0008000000,0.0006000000,0.0021000000,0.0022000000
2013-02-07,0.0069000000,-0.0049000000,-0.0023000000,-0.0038000000,-0.0018000000,0.0005000000,-0.0027000000,0.0025000000,-0.0016000000,-0.0048000000,-0.0035000000,-0.0012000000
2013-02-08,0.0008000000,0.0069000000,0.0054000000,0.0089000000,0.0018000000,0.0103000000,0.0049000000,0.0004000000,0.0065000000,0.0061000000,0.0044000000,0.0033000000
2013-02-11,-0.0011000000,0.0001000000,-0.0017000000,-0.0044000000,-0.0002000000,0.0010000000,-0.0010000000,0.0009000000,-0.0025000000,-0.0009000000,0.0016000000,-0.0019000000
2013-02-12,-0.0041000000,0.0042000000,0.0047000000,0.0020000000,0.0020000000,-0.0030000000,0.0048000000,0.0040000000,0.0022000000,-0.0013000000,0.0065000000,0.0046000000
2013-02-13,0.0005000000,0.0025000000,0.0006000000,0.0037000000,0.0064000000,-0.0002000000,0.0014000000,0.0004000000,0.0016000000,0.0011000000,-0.0017000000,0.0075000000
2013-02-14,0.0008000000,-0.0045000000,0.0028000000,0.0038000000,-0.0010000000,0.0021000000,-0.0076000000,-0.0064000000,-0.0017000000,0.0017000000,0.0030000000,0.0026000000
2013-02-15,0.0084000000,-0.0014000000,0.0021000000,-0.0106000000,-0.0012000000,-0.0018000000,0.0057000000,0.0011000000,-0.0060000000,0.0016000000,-0.0030000000,-0.0006000000
2013-02-19,0.0111000000,0.0044000000,0.0044000000,0.0126000000,0.0059000000,0.0071000000,0.0056000000,0.0091000000,0.0057000000,0.0069000000,0.0066000000,0.0074000000
2013-02-20,-0.0040000000,-0.0230000000,-0.0188000000,-0.0195000000,-0.0144000000,-0.0155000000,-0.0103000000,-0.0045000000,-0.0092000000,-0.0076000000,-0.0160000000,-0.0189000000
2013-02-21,-0.0006000000,-0.0195000000,-0.0085000000,-0.0051000000,-0.0066000000,-0.0105000000,-0.0078000000,-0.0053000000,-0.0024000000,-0.0044000000,-0.0079000000,-0.0052000000
2013-02-22,0.0071000000,0.0101000000,0.0112000000,0.0106000000,0.0079000000,0.0119000000,0.0086000000,0.0105000000,0.0048000000,0.0077000000,0.0106000000,0.0095000000
2013-02-25,-0.0151000000,-0.0229000000,-0.0229000000,-0.0255000000,-0.0179000000,-0.0160000000,-0.0117000000,-0.0128000000,-0.0144000000,-0.0115000000,-0.0255000000,-0.0195000000
2013-02-26,0.0044000000,0.0121000000,0.0087000000,0.0086000000,0.0064000000,0.0057000000,0.0071000000,0.0045000000,0.0078000000,0.0026000000,0.0044000000,0.0053000000
2013-02-27,0.0070000000,0.0209000000,0.0178000000,0.0152000000,0.0154000000,0.0100000000,0.0113000000,0.0098000000,0.0130000000,0.0122000000,0.0147000000,0.0170000000
2013-02-28,0.0023000000,-0.0035000000,0.0002000000,0.0012000000,-0.0012000000,-0.0025000000,-0.0008000000,0.0036000000,-0.0007000000,-0.0012000000,-0.0021000000,-0.0002000000
2013-03-01,0.0017000000,-0.0007000000,-0.0035000000,-0.0022000000,0.0018000000,0.0019000000,0.0076000000,0.0018000000,0.0056000000,0.0063000000,0.0025000000,-0.0005000000
2013-03-04,0.0066000000,0.0022000000,-0.0035000000,-0.0014000000,0.0033000000,0.0022000000,0.0072000000,0.0079000000,0.0106000000,0.0077000000,0.0081000000,0.0033000000
2013-03-05,0.0052000000,0.0147000000,0.0140000000,0.0074000000,0.0066000000,0.0146000000,0.0124000000,0.0057000000,0.0072000000,0.0106000000,0.0089000000,0.0111000000
2013-03-06,-0.0010000000,0.0052000000,0.0027000000,0.0022000000,0.0029000000,0.0005000000,-0.0031000000,-0.0007000000,-0.0020000000,0.0013000000,0.0079000000,0.0033000000
2013-03-07,0.0016000000,0.0051000000,0.0034000000,0.0030000000,-0.0002000000,0.0037000000,0.0034000000,-0.0013000000,0.0006000000,-0.0006000000,0.0077000000,0.0002000000
2013-03-08,0.0015000000,0.0131000000,0.0093000000,0.0051000000,0.0066000000,0.0022000000,0.0109000000,0.0037000000,0.0083000000,0.0038000000,0.0043000000,0.0071000000
2013-03-11,0.0002000000,0.0116000000,0.0033000000,0.0001000000,0.0039000000,0.0032000000,0.0008000000,0.0032000000,0.0006000000,0.0042000000,0.0068000000,0.0009000000
2013-03-12,-0.0030000000,-0.0009000000,-0.0044000000,0.0022000000,0.0006000000,-0.0045000000,-0.0010000000,-0.0038000000,0.0007000000,0.0036000000,-0.0051000000,-0.0053000000
2013-03-13,0.0030000000,0.0007000000,0.0038000000,-0.0023000000,-0.0017000000,0.0005000000,-0.0012000000,0.0027000000,0.0062000000,-0.0002000000,0.0039000000,0.0062000000
2013-03-14,0.0054000000,0.0033000000,0.0064000000,0.0132000000,0.0055000000,0.0072000000,0.0086000000,0.0041000000,-0.0019000000,0.0028000000,0.0058000000,0.0068000000
2013-03-15,-0.0015000000,-0.0004000000,0.0021000000,-0.0024000000,-0.0074000000,-0.0020000000,-0.0062000000,0.0054000000,-0.0060000000,-0.0063000000,0.0034000000,-0.0042000000
2013-03-18,-0.0050000000,-0.0080000000,-0.0061000000,-0.0060000000,-0.0046000000,-0.0020000000,-0.0026000000,-0.0053000000,-0.0039000000,-0.0064000000,-0.0086000000,-0.0045000000
2013-03-19,0.0040000000,-0.0045000000,-0.0033000000,-0.0092000000,0.0023000000,-0.0025000000,-0.0037000000,0.0021000000,-0.0024000000,0.0007000000,-0.0048000000,-0.0022000000
2013-03-20,0.0089000000,0.0159000000,0.0056000000,0.0062000000,0.0076000000,0.0064000000,0.0089000000,0.0081000000,0.0105000000,0.0098000000,0.0060000000,0.0070000000
2013-03-21,-0.0037000000,-0.0137000000,-0.0110000000,-0.0065000000,-0.0123000000,-0.0126000000,-0.0055000000,-0.0036000000,-0.0053000000,-0.0057000000,-0.0113000000,-0.0080000000
2013-03-22,0.0088000000,-0.0022000000,0.0078000000,0.0072000000,0.0012000000,0.0052000000,0.0102000000,0.0029000000,0.0099000000,0.0083000000,0.0041000000,0.0051000000
2013-03-25,-0.0003000000,-0.0019000000,-0.0058000000,-0.0038000000,-0.0057000000,-0.0047000000,-0.0014000000,-0.0014000000,-0.0003000000,-0.0034000000,-0.0018000000,-0.0031000000
2013-03-26,0.0110000000,0.0054000000,0.0069000000,0.0111000000,0.0063000000,0.0059000000,0.0061000000,0.0098000000,0.0046000000,0.0113000000,0.0075000000,0.0067000000
2013-03-27,-0.0005000000,0.0009000000,-0.0017000000,0.0014000000,-0.0053000000,-0.0017000000,-0.0016000000,0.0031000000,0.0010000000,0.0056000000,-0.0027000000,0.0010000000
2013-03-28,0.0066000000,-0.0018000000,0.0053000000,-0.0044000000,0.0051000000,0.0031000000,0.0056000000,0.0113000000,0.0026000000,0.0103000000,0.0015000000,0.0055000000
2013-04-01,-0.0022000000,-0.0109000000,-0.0132000000,-0.0001000000,-0.0033000000,-0.0102000000,0.0004000000,-0.0014000000,-0.0058000000,-0.0010000000,-0.0051000000,-0.0104000000
2013-04-02,0.0074000000,0.0005000000,-0.0041000000,-0.0076000000,0.0039000000,0.0029000000,0.0079000000,0.0024000000,0.0069000000,0.0122000000,0.0055000000,-0.0009000000
2013-04-03,-0.0095000000,-0.0199000000,-0.0095000000,-0.0163000000,-0.0093000000,-0.0090000000,-0.0072000000,-0.0071000000,-0.0103000000,-0.0078000000,-0.0180000000,-0.0151000000
2013-04-04,0.0059000000,-0.0011000000,0.0039000000,-0.0010000000,0.0058000000,-0.0007000000,0.0070000000,0.0084000000,0.0093000000,0.0038000000,0.0070000000,0.0036000000
2013-04-05,-0.0094000000,-0.0070000000,-0.0008000000,-0.0002000000,-0.0055000000,-0.0091000000,0.0017000000,0.0045000000,-0.0021000000,-0.0059000000,-0.0037000000,-0.0035000000
2013-04-08,0.0111000000,0.0093000000,0.0079000000,0.0055000000,0.0053000000,0.0036000000,0.0081000000,0.0088000000,0.0095000000,0.0013000000,0.0090000000,0.0102000000
2013-04-09,-0.0011000000,0.0009000000,0.0045000000,0.0077000000,0.0012000000,0.0076000000,-0.0009000000,-0.0016000000,0.0000000000,0.0024000000,0.0033000000,0.0011000000
2013-04-10,0.0101000000,0.0244000000,0.0125000000,0.0033000000,0.0113000000,0.0194000000,0.0110000000,0.0083000000,0.0064000000,0.0167000000,0.0131000000,0.0140000000
2013-04-11,0.0040000000,0.0207000000,0.0047000000,0.0035000000,0.0069000000,-0.0048000000,0.0070000000,0.0025000000,0.0084000000,0.0112000000,0.0022000000,0.0017000000
2013-04-12,0.0015000000,-0.0039000000,-0.0076000000,-0.0128000000,-0.0025000000,-0.0045000000,0.0030000000,0.0010000000,0.0052000000,0.0022000000,-0.0065000000,-0.0027000000
2013-04-15,-0.0210000000,-0.0371000000,-0.0339000000,-0.0398000000,-0.0209000000,-0.0203000000,-0.0174000000,-0.0184000000,-0.0196000000,-0.0193000000,-0.0243000000,-0.0343000000
2013-04-16,0.0218000000,0.0174000000,0.0140000000,0.0105000000,0.0148000000,0.0151000000,0.0115000000,0.0129000000,0.0103000000,0.0141000000,0.0149000000,0.0190000000
2013-04-17,-0.0090000000,-0.0164000000,-0.0176000000,-0.0191000000,-0.0110000000,-0.0220000000,-0.0107000000,-0.0070000000,-0.0083000000,-0.0021000000,-0.0190000000,-0.0179000000
2013-04-18,-0.0035000000,-0.0089000000,-0.0069000000,0.0076000000,0.0039000000,-0.0140000000,-0.0030000000,0.0043000000,-0.0095000000,-0.0115000000,-0.0108000000,-0.0070000000
2013-04-19,0.0142000000,0.0137000000,0.0105000000,0.0005000000,0.0169000000,-0.0006000000,0.0172000000,0.0130000000,0.0102000000,0.0214000000,0.0120000000,0.0056000000
2013-04-22,0.0038000000,0.0087000000,0.0047000000,0.0100000000,0.0056000000,0.0082000000,0.0068000000,-0.0004000000,0.0012000000,0.0046000000,0.0005000000,-0.0001000000
2013-04-23,0.0076000000,0.0173000000,0.0121000000,0.0113000000,0.0133000000,0.0127000000,0.0054000000,0.0033000000,0.0085000000,0.0059000000,0.0183000000,0.0123000000
2013-04-24,-0.0058000000,0.0085000000,0.0108000000,0.0126000000,-0.0171000000,0.0053000000,-0.0168000000,0.0035000000,0.0015000000,-0.0204000000,0.0076000000,0.0067000000
2013-04-25,0.0064000000,0.0142000000,0.0039000000,-0.0021000000,0.0060000000,0.0023000000,0.0065000000,0.0015000000,0.0082000000,0.0046000000,0.0064000000,0.0090000000
2013-04-26,-0.0020000000,0.0008000000,-0.0071000000,-0.0005000000,-0.0053000000,-0.0003000000,0.0009000000,-0.0012000000,-0.0060000000,-0.0004000000,-0.0040000000,-0.0005000000
2013-04-29,0.0058000000,0.0071000000,0.0063000000,0.0104000000,0.0088000000,0.0136000000,0.0041000000,0.0095000000,0.0006000000,0.0052000000,0.0048000000,0.0030000000
2013-04-30,0.0017000000,0.0026000000,0.0030000000,0.0041000000,-0.0011000000,0.0099000000,0.0006000000,0.0037000000,0.0030000000,-0.0104000000,0.0041000000,0.0032000000
2013-05-01,-0.0063000000,-0.0182000000,-0.0138000000,-0.0184000000,-0.0113000000,-0.0089000000,0.0006000000,-0.0117000000,-0.0071000000,-0.0128000000,-0.0135000000,-0.0107000000
2013-05-02,0.0015000000,0.0160000000,0.0114000000,0.0144000000,0.0113000000,0.0134000000,0.0077000000,-0.0001000000,0.0090000000,0.0129000000,0.0110000000,0.0110000000
2013-05-03,0.0053000000,0.0234000000,0.0185000000,0.0193000000,0.0111000000,0.0110000000,0.0043000000,0.0009000000,0.0114000000,0.0059000000,0.0117000000,0.0153000000
2013-05-06,-0.0072000000,0.0065000000,0.0047000000,0.0060000000,-0.0022000000,0.0063000000,-0.0012000000,-0.0109000000,0.0003000000,-0.0073000000,0.0095000000,0.0060000000
2013-05-07,0.0098000000,0.0066000000,0.0082000000,0.0071000000,0.0075000000,-0.0012000000,0.0129000000,0.0081000000,0.0059000000,0.0013000000,0.0074000000,0.0053000000
2013-05-08,0.0000000000,0.0067000000,0.0048000000,0.0023000000,0.0045000000,0.0074000000,0.0031000000,-0.0075000000,0.0037000000,0.0026000000,0.0079000000,0.0086000000
2013-05-09,-0.0047000000,0.0022000000,0.0016000000,-0.0020000000,-0.0018000000,-0.0030000000,-0.0021000000,-0.0117000000,-0.0027000000,0.0006000000,-0.0070000000,-0.0053000000
2013-05-10,0.0043000000,0.0048000000,0.0039000000,-0.0048000000,0.0033000000,0.0062000000,0.0045000000,0.0021000000,0.0089000000,0.0121000000,0.0045000000,0.0074000000
2013-05-13,0.0015000000,-0.0012000000,-0.0022000000,-0.0009000000,-0.0051000000,-0.0026000000,-0.0031000000,-0.0041000000,-0.0016000000,0.0101000000,0.0030000000,-0.0035000000
2013-05-14,0.0098000000,0.0133000000,0.0118000000,0.0145000000,0.0149000000,0.0047000000,0.0066000000,0.0080000000,0.0110000000,0.0126000000,0.0167000000,0.0114000000
2013-05-15,0.0094000000,0.0142000000,0.0023000000,-0.0021000000,0.0098000000,0.0026000000,0.0057000000,0.0090000000,0.0071000000,0.0031000000,0.0089000000,0.0040000000
2013-05-16,-0.0047000000,-0.0028000000,-0.0068000000,-0.0052000000,-0.0055000000,0.0057000000,-0.0106000000,-0.0070000000,-0.0103000000,-0.0123000000,-0.0060000000,-0.0071000000
2013-05-17,0.0034000000,0.0251000000,0.0143000000,0.0168000000,0.0067000000,0.0111000000,0.0045000000,0.0111000000,0.0067000000,0.0034000000,0.0145000000,0.0119000000
2013-05-20,-0.0094000000,0.0006000000,0.0034000000,0.0123000000,-0.0059000000,0.0016000000,-0.0088000000,-0.0011000000,-0.0027000000,-0.0054000000,0.0009000000,0.0010000000
2013-05-21,-0.0001000000,-0.0028000000,0.0007000000,-0.0005000000,0.0001000000,-0.0017000000,0.0014000000,0.0008000000,0.0067000000,0.0098000000,0.0018000000,-0.0001000000
2013-05-22,-0.0032000000,-0.0122000000,-0.0118000000,-0.0112000000,-0.0064000000,-0.0127000000,-0.0084000000,-0.0160000000,-0.0087000000,-0.0015000000,-0.0092000000,-0.0088000000
2013-05-23,-0.0046000000,-0.0039000000,-0.0016000000,-0.0015000000,-0.0015000000,-0.0002000000,0.0010000000,-0.0069000000,-0.0024000000,0.0009000000,-0.0034000000,-0.0040000000
2013-05-24,0.0009000000,-0.0015000000,-0.0028000000,-0.0033000000,0.0128000000,-0.0012000000,-0.0012000000,-0.0090000000,0.0006000000,-0.0007000000,0.0019000000,-0.0026000000
2013-05-28,0.0037000000,0.0262000000,0.0112000000,0.0112000000,0.0015000000,0.0079000000,0.0003000000,-0.0079000000,0.0068000000,0.0099000000,0.0129000000,0.0069000000
2013-05-29,-0.0143000000,-0.0009000000,-0.0073000000,-0.0010000000,-0.0131000000,-0.0021000000,-0.0129000000,-0.0153000000,-0.0104000000,-0.0153000000,0.0003000000,-0.0059000000
2013-05-30,-0.0037000000,0.0114000000,0.0063000000,-0.0021000000,0.0019000000,0.0089000000,-0.0051000000,0.0042000000,-0.0019000000,0.0067000000,0.0133000000,0.0066000000
2013-05-31,-0.0140000000,-0.0161000000,-0.0104000000,-0.0196000000,-0.0180000000,-0.0080000000,-0.0166000000,-0.0082000000,-0.0075000000,-0.0195000000,-0.0164000000,-0.0098000000
2013-06-03,0.0099000000,0.0023000000,0.0045000000,0.0105000000,0.0052000000,0.0047000000,0.0037000000,0.0028000000,0.0065000000,0.0060000000,0.0020000000,0.0026000000
2013-06-04,0.0025000000,-0.0011000000,-0.0073000000,-0.0071000000,-0.0020000000,-0.0068000000,0.0054000000,-0.0062000000,-0.0058000000,-0.0090000000,-0.0081000000,-0.0057000000
2013-06-05,-0.0131000000,-0.0201000000,-0.0159000000,-0.0117000000,-0.0158000000,-0.0105000000,-0.0164000000,-0.0084000000,-0.0118000000,-0.0143000000,-0.0167000000,-0.0160000000
2013-06-06,0.0046000000,0.0115000000,0.0083000000,0.0062000000,0.0041000000,0.0027000000,0.0129000000,0.0123000000,0.0096000000,0.0154000000,0.0133000000,0.0091000000
2013-06-07,0.0135000000,0.0178000000,0.0143000000,0.0118000000,0.0121000000,0.0108000000,0.0091000000,0.0085000000,0.0153000000,0.0117000000,0.0162000000,0.0149000000
2013-06-10,0.0009000000,-0.0008000000,-0.0008000000,-0.0019000000,0.0013000000,0.0009000000,-0.0028000000,-0.0018000000,0.0003000000,0.0007000000,0.0048000000,-0.0012000000
2013-06-11,-0.0063000000,-0.0170000000,-0.0098000000,-0.0134000000,-0.0070000000,-0.0111000000,-0.0071000000,-0.0085000000,-0.0074000000,-0.0050000000,-0.0156000000,-0.0131000000
2013-06-12,-0.0034000000,-0.0069000000,-0.0082000000,-0.0087000000,-0.0070000000,-0.0085000000,-0.0116000000,-0.0065000000,-0.0075000000,-0.0103000000,-0.0086000000,-0.0063000000
2013-06-13,0.0112000000,0.0217000000,0.0173000000,0.0177000000,0.0129000000,0.0113000000,0.0196000000,0.0152000000,0.0116000000,0.0157000000,0.0159000000,0.0166000000
2013-06-14,-0.0028000000,-0.0074000000,-0.0050000000,-0.0102000000,-0.0052000000,-0.0069000000,0.0002000000,0.0008000000,-0.0035000000,-0.0023000000,-0.0134000000,-0.0057000000
2013-06-17,0.0065000000,0.0040000000,0.0070000000,0.0119000000,0.0103000000,0.0111000000,0.0002000000,0.0047000000,0.0045000000,0.0005000000,0.0101000000,0.0070000000
2013-06-18,0.0052000000,0.0094000000,0.0086000000,0.0052000000,0.0043000000,0.0075000000,0.0121000000,0.0072000000,0.0100000000,0.0079000000,0.0083000000,0.0094000000
2013-06-19,-0.0165000000,-0.0124000000,-0.0132000000,-0.0095000000,-0.0149000000,-0.0103000000,-0.0153000000,-0.0208000000,-0.0132000000,-0.0173000000,-0.0099000000,-0.0137000000
2013-06-20,-0.0294000000,-0.0337000000,-0.0248000000,-0.0283000000,-0.0284000000,-0.0222000000,-0.0261000000,-0.0297000000,-0.0234000000,-0.0255000000,-0.0182000000,-0.0263000000
2013-06-21,0.0088000000,-0.0050000000,-0.0018000000,0.0019000000,0.0080000000,-0.0069000000,0.0088000000,0.0112000000,0.0017000000,0.0071000000,0.0000000000,-0.0012000000
2013-06-24,-0.0061000000,-0.0186000000,-0.0152000000,-0.0160000000,-0.0110000000,-0.0132000000,-0.0067000000,-0.0007000000,-0.0058000000,-0.0085000000,-0.0166000000,-0.0179000000
2013-06-25,0.0044000000,0.0163000000,0.0097000000,0.0119000000,0.0045000000,0.0071000000,0.0123000000,0.0118000000,0.0055000000,0.0044000000,0.0163000000,0.0130000000
2013-06-26,0.0097000000,0.0163000000,0.0098000000,0.0066000000,0.0097000000,0.0066000000,0.0101000000,0.0122000000,0.0107000000,0.0147000000,0.0084000000,0.0059000000
2013-06-27,0.0051000000,0.0223000000,0.0119000000,0.0018000000,0.0025000000,0.0069000000,0.0103000000,0.0027000000,0.0060000000,0.0025000000,0.0137000000,0.0092000000
2013-06-28,-0.0031000000,-0.0010000000,-0.0044000000,-0.0014000000,-0.0096000000,-0.0020000000,0.0022000000,0.0028000000,-0.0027000000,-0.0072000000,-0.0054000000,-0.0035000000
2013-07-01,0.0074000000,0.0197000000,0.0097000000,0.0052000000,0.0119000000,0.0075000000,0.0003000000,-0.0089000000,0.0080000000,0.0087000000,0.0079000000,0.0092000000
2013-07-02,-0.0019000000,0.0039000000,-0.0046000000,0.0025000000,-0.0016000000,-0.0014000000,0.0018000000,0.0004000000,0.0032000000,-0.0006000000,-0.0005000000,-0.0085000000
2013-07-03,-0.0032000000,0.0009000000,0.0019000000,0.0004000000,0.0011000000,0.0055000000,0.0082000000,-0.0006000000,0.0014000000,-0.0027000000,-0.0008000000,-0.0006000000
2013-07-05,0.0039000000,0.0183000000,0.0146000000,0.0114000000,0.0055000000,0.0089000000,0.0083000000,-0.0021000000,0.0086000000,0.0142000000,0.0193000000,0.0116000000
2013-07-08,0.0079000000,0.0019000000,0.0034000000,0.0058000000,0.0064000000,-0.0004000000,0.0065000000,0.0140000000,0.0110000000,0.0049000000,0.0070000000,0.0028000000
2013-07-09,0.0083000000,0.0058000000,0.0124000000,0.0101000000,0.0128000000,0.0055000000,0.0013000000,0.0084000000,0.0062000000,0.0024000000,0.0075000000,0.0132000000
2013-07-10,0.0011000000,0.0019000000,0.0010000000,-0.0057000000,0.0000000000,0.0049000000,-0.0006000000,0.0030000000,0.0012000000,0.0081000000,-0.0057000000,-0.0019000000
2013-07-11,0.0150000000,0.0189000000,0.0146000000,0.0107000000,0.0109000000,0.0167000000,0.0162000000,0.0145000000,0.0116000000,0.0136000000,0.0056000000,0.0185000000
2013-07-12,-0.0010000000,0.0057000000,-0.0023000000,0.0035000000,0.0027000000,0.0025000000,0.0024000000,0.0027000000,0.0033000000,0.0096000000,0.0090000000,-0.0033000000
2013-07-15,0.0018000000,0.0009000000,0.0032000000,-0.0009000000,-0.0002000000,0.0041000000,-0.0042000000,0.0131000000,-0.0010000000,0.0007000000,0.0039000000,0.0011000000
2013-07-16,-0.0061000000,-0.0212000000,-0.0061000000,-0.0048000000,-0.0079000000,-0.0010000000,-0.0009000000,-0.0055000000,-0.0018000000,-0.0050000000,-0.0052000000,-0.0032000000
2013-07-17,0.0040000000,0.0123000000,0.0023000000,0.0042000000,0.0063000000,0.0024000000,0.0025000000,-0.0003000000,-0.0003000000,0.0023000000,0.0044000000,0.0040000000
2013-07-18,0.0034000000,0.0085000000,0.0103000000,0.0102000000,0.0012000000,-0.0023000000,0.0040000000,0.0098000000,0.0021000000,-0.0010000000,0.0156000000,0.0093000000
2013-07-19,0.0019000000,-0.0006000000,0.0045000000,0.0112000000,0.0066000000,-0.0161000000,-0.0016000000,0.0002000000,0.0024000000,0.0134000000,0.0005000000,0.0078000000
2013-07-22,-0.0008000000,0.0084000000,0.0014000000,-0.0031000000,-0.0009000000,0.0033000000,-0.0002000000,-0.0003000000,-0.0006000000,0.0042000000,0.0082000000,0.0016000000
2013-07-23,-0.0023000000,-0.0028000000,0.0020000000,0.0033000000,-0.0011000000,-0.0036000000,0.0022000000,0.0017000000,-0.0021000000,-0.0043000000,-0.0011000000,-0.0037000000
2013-07-24,-0.0063000000,0.0031000000,-0.0066000000,-0.0107000000,-0.0054000000,0.0078000000,-0.0054000000,-0.0151000000,-0.0049000000,-0.0026000000,-0.0052000000,-0.0106000000
2013-07-25,0.0056000000,-0.0026000000,0.0009000000,0.0066000000,0.0075000000,0.0056000000,0.0006000000,0.0105000000,0.0038000000,0.0067000000,0.0022000000,0.0010000000
2013-07-26,-0.0015000000,-0.0025000000,-0.0039000000,-0.0020000000,-0.0030000000,-0.0001000000,0.0013000000,0.0024000000,0.0063000000,0.0056000000,-0.0023000000,-0.0007000000
2013-07-29,-0.0036000000,0.0013000000,-0.0025000000,-0.0077000000,0.0031000000,-0.0011000000,-0.0033000000,0.0001000000,-0.0029000000,-0.0037000000,-0.0068000000,-0.0076000000
2013-07-30,-0.0023000000,0.0064000000,0.0044000000,-0.0025000000,0.0023000000,0.0073000000,-0.0119000000,0.0014000000,0.0002000000,0.0026000000,-0.0005000000,-0.0007000000
2013-07-31,-0.0027000000,-0.0008000000,0.0027000000,0.0034000000,-0.0020000000,-0.0002000000,0.0065000000,-0.0042000000,0.0020000000,0.0011000000,0.0008000000,0.0023000000
2013-08-01,0.0117000000,0.0173000000,0.0183000000,0.0119000000,0.0125000000,0.0127000000,0.0140000000,0.0123000000,0.0122000000,0.0075000000,0.0197000000,0.0163000000
2013-08-02,0.0012000000,0.0081000000,0.0032000000,-0.0056000000,0.0017000000,0.0045000000,0.0091000000,-0.0022000000,0.0027000000,0.0013000000,0.0001000000,0.0023000000
2013-08-05,0.0010000000,-0.0034000000,-0.0031000000,-0.0019000000,0.0005000000,0.0035000000,-0.0024000000,-0.0058000000,-0.0006000000,-0.0029000000,-0.0013000000,-0.0010000000
2013-08-06,-0.0012000000,-0.0141000000,-0.0078000000,-0.0051000000,-0.0020000000,-0.0064000000,-0.0038000000,-0.0054000000,-0.0095000000,-0.0072000000,-0.0085000000,-0.0090000000
2013-08-07,-0.0079000000,-0.0134000000,-0.0038000000,-0.0039000000,0.0002000000,-0.0028000000,0.0009000000,0.0020000000,-0.0087000000,-0.0004000000,-0.0069000000,-0.0058000000
2013-08-08,0.0081000000,0.0210000000,0.0060000000,0.0061000000,0.0050000000,0.0053000000,-0.0005000000,0.0023000000,0.0050000000,-0.0004000000,0.0029000000,0.0090000000
2013-08-09,-0.0034000000,0.0003000000,-0.0005000000,-0.0022000000,-0.0008000000,-0.0023000000,-0.0068000000,-0.0055000000,-0.0037000000,-0.0027000000,-0.0039000000,-0.0028000000
2013-08-12,-0.0038000000,0.0028000000,0.0029000000,-0.0061000000,-0.0009000000,0.0067000000,-0.0004000000,-0.0043000000,0.0011000000,-0.0038000000,-0.0042000000,0.0024000000
2013-08-13,0.0007000000,0.0016000000,0.0035000000,-0.0004000000,0.0026000000,0.0064000000,-0.0030000000,-0.0053000000,0.0004000000,0.0020000000,0.0058000000,-0.0037000000
2013-08-14,-0.0067000000,-0.0097000000,-0.0069000000,-0.0038000000,-0.0061000000,-0.0020000000,-0.0072000000,-0.0059000000,-0.0090000000,-0.0065000000,-0.0032000000,-0.0042000000
2013-08-15,-0.0167000000,-0.0209000000,-0.0147000000,-0.0061000000,-0.0110000000,-0.0176000000,-0.0157000000,-0.0120000000,-0.0182000000,-0.0173000000,-0.0147000000,-0.0089000000
2013-08-16,-0.0081000000,-0.0016000000,-0.0002000000,-0.0034000000,-0.0058000000,0.0008000000,-0.0060000000,-0.0101000000,-0.0042000000,-0.0066000000,0.0008000000,0.0003000000
2013-08-19,-0.0035000000,-0.0055000000,-0.0048000000,-0.0162000000,-0.0061000000,-0.0033000000,-0.0091000000,-0.0091000000,-0.0026000000,0.0015000000,-0.0112000000,-0.0076000000
2013-08-20,0.0011000000,0.0122000000,0.0041000000,0.0057000000,0.0035000000,0.0020000000,0.0073000000,0.0082000000,0.0079000000,0.0032000000,0.0081000000,0.0072000000
2013-08-21,-0.0079000000,-0.0079000000,-0.0069000000,-0.0060000000,-0.0030000000,-0.0026000000,-0.0119000000,-0.0094000000,-0.0071000000,-0.0029000000,-0.0059000000,-0.0080000000
2013-08-22,0.0055000000,0.0189000000,0.0142000000,0.0126000000,0.0065000000,0.0066000000,0.0095000000,0.0079000000,0.0063000000,0.0064000000,0.0116000000,0.0134000000
2013-08-23,0.0074000000,0.0035000000,0.0008000000,0.0087000000,0.0070000000,0.0071000000,0.0057000000,0.0071000000,-0.0002000000,0.0020000000,0.0003000000,0.0004000000
2013-08-26,-0.0089000000,-0.0020000000,-0.0011000000,-0.0025000000,-0.0083000000,-0.0015000000,-0.0078000000,-0.0067000000,-0.0016000000,0.0045000000,-0.0060000000,-0.0015000000
2013-08-27,-0.0072000000,-0.0251000000,-0.0200000000,-0.0068000000,-0.0148000000,-0.0216000000,-0.0076000000,-0.0014000000,-0.0149000000,-0.0190000000,-0.0259000000,-0.0224000000
2013-08-28,-0.0038000000,0.0065000000,0.0022000000,0.0183000000,-0.0060000000,0.0027000000,-0.0002000000,0.0037000000,0.0015000000,0.0051000000,0.0019000000,0.0022000000
2013-08-29,0.0042000000,0.0131000000,0.0056000000,-0.0110000000,0.0047000000,0.0062000000,0.0069000000,-0.0036000000,0.0043000000,0.0039000000,0.0046000000,0.0028000000
2013-08-30,-0.0010000000,-0.0103000000,-0.0077000000,-0.0008000000,0.0012000000,-0.0058000000,-0.0036000000,-0.0016000000,-0.0040000000,-0.0044000000,-0.0066000000,-0.0073000000
2013-09-03,0.0009000000,0.0046000000,0.0081000000,0.0060000000,0.0008000000,0.0034000000,0.0011000000,-0.0103000000,0.0042000000,0.0060000000,0.0101000000,0.0046000000
2013-09-04,0.0086000000,0.0244000000,0.0117000000,0.0070000000,0.0052000000,0.0090000000,0.0093000000,-0.0042000000,0.0069000000,0.0119000000,0.0080000000,0.0063000000
2013-09-05,-0.0011000000,0.0102000000,0.0027000000,0.0018000000,0.0001000000,0.0028000000,-0.0036000000,-0.0039000000,0.0026000000,0.0018000000,0.0045000000,0.0018000000
2013-09-06,0.0010000000,-0.0059000000,0.0002000000,0.0005000000,-0.0003000000,0.0015000000,-0.0004000000,0.0039000000,-0.0017000000,0.0003000000,-0.0018000000,0.0003000000
2013-09-09,0.0076000000,0.0109000000,0.0150000000,0.0098000000,0.0133000000,0.0133000000,0.0036000000,0.0069000000,0.0124000000,0.0096000000,0.0089000000,0.0146000000
2013-09-10,-0.0011000000,0.0143000000,0.0127000000,-0.0006000000,0.0065000000,0.0059000000,0.0112000000,0.0077000000,0.0088000000,0.0052000000,0.0140000000,0.0131000000
2013-09-11,0.0065000000,-0.0043000000,0.0051000000,0.0090000000,0.0050000000,-0.0022000000,0.0083000000,-0.0083000000,0.0041000000,0.0041000000,0.0012000000,0.0047000000
2013-09-12,-0.0033000000,-0.0056000000,-0.0037000000,-0.0054000000,-0.0051000000,-0.0015000000,0.0047000000,-0.0034000000,-0.0013000000,-0.0018000000,-0.0058000000,-0.0076000000
2013-09-13,0.0094000000,0.0014000000,0.0034000000,0.0005000000,0.0080000000,0.0001000000,0.0052000000,0.0062000000,0.0034000000,0.0029000000,0.0031000000,0.0009000000
2013-09-16,0.0066000000,0.0057000000,0.0112000000,-0.0007000000,0.0107000000,-0.0032000000,0.0054000000,0.0003000000,0.0044000000,0.0073000000,0.0090000000,0.0104000000
2013-09-17,0.0039000000,0.0079000000,0.0038000000,0.0051000000,-0.0019000000,0.0073000000,0.0049000000,0.0055000000,0.0081000000,0.0030000000,0.0056000000,0.0069000000
2013-09-18,0.0149000000,0.0126000000,0.0104000000,0.0109000000,0.0140000000,0.0123000000,0.0045000000,0.0286000000,0.0116000000,0.0105000000,0.0027000000,0.0154000000
2013-09-19,-0.0044000000,0.0036000000,0.0016000000,-0.0030000000,-0.0012000000,0.0024000000,-0.0014000000,-0.0018000000,-0.0006000000,-0.0009000000,-0.0078000000,0.0009000000
2013-09-20,-0.0038000000,-0.0071000000,-0.0126000000,-0.0070000000,-0.0095000000,-0.0058000000,-0.0069000000,-0.0126000000,-0.0077000000,-0.0031000000,-0.0019000000,-0.0080000000
2013-09-23,-0.0089000000,-0.0056000000,-0.0036000000,-0.0043000000,-0.0042000000,0.0003000000,-0.0047000000,0.0101000000,-0.0031000000,-0.0075000000,-0.0115000000,-0.0042000000
2013-09-24,-0.0041000000,0.0053000000,0.0065000000,0.0006000000,-0.0033000000,-0.0012000000,-0.0058000000,-0.0007000000,-0.0001000000,-0.0044000000,-0.0039000000,0.0012000000
2013-09-25,-0.0057000000,-0.0007000000,-0.0028000000,0.0000000000,-0.0030000000,-0.0012000000,-0.0016000000,-0.0063000000,-0.0062000000,-0.0083000000,0.0037000000,-0.0014000000
2013-09-26,0.0057000000,0.0028000000,0.0046000000,0.0009000000,0.0073000000,0.0045000000,0.0114000000,0.0012000000,0.0061000000,0.0055000000,0.0004000000,0.0032000000
2013-09-27,-0.0052000000,-0.0070000000,-0.0043000000,-0.0029000000,-0.0099000000,-0.0046000000,-0.0002000000,-0.0070000000,-0.0028000000,0.0003000000,-0.0030000000,-0.0069000000
2013-09-30,-0.0074000000,-0.0038000000,-0.0057000000,-0.0085000000,-0.0071000000,-0.0054000000,-0.0028000000,-0.0006000000,-0.0046000000,-0.0014000000,-0.0052000000,-0.0046000000
2013-10-01,0.0047000000,0.0094000000,0.0070000000,0.0065000000,0.0067000000,0.0110000000,0.0088000000,0.0052000000,0.0097000000,0.0137000000,0.0081000000,0.0091000000
2013-10-02,-0.0035000000,-0.0061000000,-0.0045000000,0.0021000000,0.0004000000,0.0008000000,-0.0031000000,-0.0010000000,-0.0008000000,-0.0014000000,-0.0025000000,0.0007000000
2013-10-03,-0.0033000000,-0.0141000000,-0.0102000000,-0.0076000000,-0.0066000000,-0.0111000000,-0.0098000000,-0.0117000000,-0.0083000000,-0.0097000000,-0.0066000000,-0.0102000000
2013-10-04,0.0034000000,0.0119000000,0.0067000000,0.0098000000,0.0102000000,0.0071000000,0.0101000000,0.0017000000,0.0047000000,0.0098000000,0.0104000000,0.0039000000
2013-10-07,-0.0053000000,-0.0134000000,-0.0072000000,-0.0079000000,-0.0103000000,-0.0079000000,-0.0055000000,-0.0061000000,-0.0127000000,-0.0117000000,-0.0143000000,-0.0079000000
2013-10-08,-0.0060000000,-0.0228000000,-0.0122000000,-0.0110000000,-0.0084000000,-0.0191000000,-0.0143000000,0.0028000000,-0.0087000000,-0.0193000000,-0.0134000000,-0.0141000000
2013-10-09,-0.0031000000,0.0010000000,-0.0009000000,-0.0040000000,0.0052000000,0.0010000000,0.0003000000,0.0037000000,-0.0025000000,-0.0046000000,0.0028000000,-0.0012000000
2013-10-10,0.0201000000,0.0214000000,0.0263000000,0.0185000000,0.0186000000,0.0202000000,0.0239000000,0.0157000000,0.0188000000,0.0231000000,0.0286000000,0.0231000000
2013-10-11,0.0010000000,0.0131000000,0.0075000000,0.0120000000,0.0070000000,0.0081000000,0.0073000000,0.0056000000,0.0063000000,0.0041000000,0.0067000000,0.0089000000
2013-10-14,0.0045000000,0.0011000000,0.0059000000,0.0062000000,0.0028000000,0.0053000000,0.0025000000,-0.0053000000,0.0024000000,0.0072000000,0.0054000000,0.0030000000
2013-10-15,-0.0084000000,-0.0084000000,-0.0111000000,-0.0037000000,-0.0084000000,-0.0067000000,-0.0052000000,-0.0124000000,-0.0094000000,-0.0056000000,-0.0070000000,-0.0065000000
2013-10-16,0.0129000000,0.0122000000,0.0065000000,0.0143000000,0.0146000000,0.0091000000,0.0113000000,0.0109000000,0.0142000000,0.0211000000,0.0195000000,0.0118000000
2013-10-17,0.0075000000,0.0081000000,0.0091000000,0.0044000000,0.0137000000,0.0001000000,0.0113000000,0.0129000000,0.0073000000,0.0118000000,0.0065000000,0.0083000000
2013-10-18,0.0037000000,0.0058000000,0.0092000000,0.0091000000,0.0020000000,0.0157000000,0.0061000000,0.0039000000,0.0070000000,-0.0012000000,0.0025000000,0.0107000000
2013-10-21,0.0005000000,-0.0052000000,-0.0025000000,-0.0043000000,-0.0027000000,0.0046000000,0.0061000000,-0.0010000000,-0.0027000000,-0.0074000000,-0.0008000000,0.0056000000
2013-10-22,0.0098000000,0.0091000000,0.0070000000,0.0042000000,0.0125000000,-0.0015000000,0.0090000000,0.0127000000,0.0075000000,0.0101000000,0.0007000000,0.0051000000
2013-10-23,-0.0008000000,-0.0078000000,-0.0037000000,-0.0137000000,-0.0012000000,-0.0055000000,-0.0052000000,-0.0013000000,-0.0044000000,0.0004000000,-0.0082000000,-0.0051000000
2013-10-24,-0.0030000000,0.0121000000,0.0050000000,0.0106000000,0.0009000000,0.0041000000,0.0017000000,-0.0006000000,0.0074000000,0.0005000000,0.0023000000,0.0097000000
2013-10-25,0.0064000000,-0.0042000000,0.0059000000,0.0026000000,-0.0017000000,0.0027000000,0.0036000000,0.0105000000,0.0088000000,0.0012000000,0.0025000000,0.0001000000
2013-10-28,0.0106000000,-0.0037000000,-0.0029000000,0.0009000000,0.0024000000,0.0000000000,0.0002000000,-0.0026000000,0.0010000000,0.0026000000,0.0004000000,0.0007000000
2013-10-29,0.0076000000,-0.0015000000,0.0025000000,0.0080000000,0.0106000000,0.0051000000,0.0040000000,0.0022000000,0.0079000000,0.0063000000,0.0040000000,0.0040000000
2013-10-30,-0.0078000000,-0.0067000000,-0.0054000000,-0.0073000000,-0.0091000000,-0.0048000000,-0.0094000000,-0.0068000000,-0.0029000000,-0.0091000000,-0.0039000000,-0.0058000000
2013-10-31,-0.0040000000,-0.0027000000,0.0037000000,-0.0022000000,-0.0055000000,-0.0003000000,0.0040000000,-0.0055000000,0.0000000000,-0.0058000000,-0.0108000000,-0.0064000000
2013-11-01,0.0019000000,-0.0004000000,0.0032000000,-0.0034000000,-0.0001000000,-0.0002000000,0.0062000000,0.0054000000,0.0010000000,0.0055000000,0.0018000000,0.0050000000
2013-11-04,0.0015000000,0.0119000000,0.0082000000,0.0173000000,0.0013000000,0.0050000000,0.0010000000,0.0027000000,0.0053000000,0.0010000000,0.0013000000,0.0049000000
2013-11-05,0.0011000000,-0.0008000000,-0.0030000000,-0.0078000000,-0.0016000000,0.0000000000,-0.0094000000,-0.0074000000,0.0017000000,-0.0025000000,-0.0017000000,-0.0042000000
2013-11-06,0.0087000000,-0.0153000000,0.0019000000,0.0018000000,0.0108000000,0.0066000000,0.0011000000,0.0100000000,0.0002000000,-0.0081000000,0.0049000000,0.0017000000
2013-11-07,-0.0158000000,-0.0218000000,-0.0158000000,-0.0161000000,-0.0108000000,-0.0148000000,-0.0227000000,-0.0115000000,-0.0165000000,-0.0096000000,-0.0127000000,-0.0133000000
2013-11-08,0.0065000000,0.0136000000,0.0140000000,0.0151000000,0.0106000000,0.0129000000,0.0142000000,0.0007000000,0.0108000000,0.0188000000,0.0251000000,0.0138000000
2013-11-11,-0.0020000000,0.0040000000,0.0005000000,0.0022000000,-0.0011000000,0.0005000000,-0.0050000000,0.0000000000,0.0063000000,0.0027000000,0.0012000000,0.0015000000
2013-11-12,0.0007000000,-0.0054000000,-0.0019000000,-0.0091000000,0.0013000000,0.0031000000,-0.0026000000,-0.0083000000,0.0003000000,-0.0003000000,-0.0071000000,0.0001000000
2013-11-13,0.0112000000,0.0197000000,0.0076000000,0.0079000000,0.0069000000,0.0118000000,0.0072000000,0.0037000000,0.0116000000,0.0059000000,0.0092000000,0.0068000000
2013-11-14,0.0054000000,0.0023000000,0.0054000000,0.0070000000,0.0077000000,-0.0031000000,0.0045000000,0.0076000000,0.0056000000,0.0067000000,0.0076000000,0.0037000000
2013-11-15,0.0019000000,0.0042000000,0.0036000000,0.0076000000,0.0045000000,0.0035000000,0.0022000000,0.0055000000,0.0038000000,0.0056000000,0.0041000000,0.0052000000
2013-11-18,-0.0025000000,-0.0101000000,-0.0019000000,-0.0090000000,-0.0059000000,-0.0087000000,-0.0033000000,-0.0012000000,-0.0062000000,-0.0060000000,-0.0004000000,-0.0036000000
2013-11-19,-0.0047000000,-0.0075000000,-0.0056000000,0.0014000000,-0.0034000000,-0.0040000000,-0.0029000000,-0.0059000000,-0.0035000000,0.0012000000,0.0011000000,-0.0066000000
2013-11-20,-0.0076000000,-0.0046000000,-0.0055000000,-0.0029000000,-0.0028000000,-0.0025000000,-0.0074000000,-0.0094000000,-0.0051000000,0.0025000000,-0.0006000000,-0.0042000000
2013-11-21,0.0041000000,0.0154000000,0.0111000000,0.0110000000,0.0059000000,0.0114000000,0.0048000000,0.0041000000,0.0082000000,0.0059000000,0.0147000000,0.0089000000
2013-11-22,0.0056000000,-0.0013000000,0.0064000000,0.0047000000,0.0046000000,-0.0008000000,0.0111000000,0.0014000000,0.0034000000,0.0136000000,0.0065000000,0.0038000000
2013-11-25,-0.0039000000,-0.0006000000,-0.0019000000,-0.0076000000,-0.0029000000,-0.0024000000,-0.0028000000,-0.0023000000,0.0032000000,0.0035000000,0.0034000000,-0.0047000000
2013-11-26,0.0008000000,0.0026000000,0.0044000000,-0.0015000000,-0.0017000000,0.0051000000,0.0049000000,-0.0084000000,0.0028000000,-0.0026000000,0.0006000000,0.0038000000
2013-11-27,0.0029000000,0.0130000000,0.0037000000,-0.0074000000,0.0006000000,0.0091000000,0.0011000000,-0.0031000000,0.0029000000,0.0012000000,0.0028000000,0.0032000000
2013-11-29,-0.0028000000,0.0009000000,-0.0016000000,-0.0020000000,-0.0003000000,0.0035000000,-0.0006000000,-0.0013000000,0.0011000000,-0.0005000000,-0.0021000000,-0.0015000000
2013-12-02,-0.0040000000,-0.0049000000,-0.0081000000,0.0007000000,-0.0036000000,-0.0043000000,-0.0044000000,-0.0040000000,-0.0044000000,0.0018000000,-0.0019000000,-0.0039000000
2013-12-03,0.0038000000,-0.0076000000,-0.0056000000,0.0028000000,-0.0055000000,0.0012000000,-0.0044000000,0.0040000000,-0.0038000000,-0.0081000000,-0.0097000000,-0.0057000000
2013-12-04,0.0011000000,-0.0005000000,-0.0031000000,-0.0033000000,-0.0001000000,0.0028000000,-0.0025000000,-0.0008000000,-0.0060000000,-0.0037000000,0.0007000000,0.0008000000
2013-12-05,-0.0063000000,0.0052000000,0.0016000000,-0.0041000000,-0.0057000000,-0.0017000000,-0.0038000000,-0.0051000000,-0.0049000000,-0.0015000000,-0.0085000000,-0.0018000000
2013-12-06,0.0122000000,0.0105000000,0.0123000000,0.0020000000,0.0192000000,0.0081000000,0.0094000000,0.0114000000,0.0077000000,0.0120000000,0.0134000000,0.0113000000
2013-12-09,0.0008000000,0.0044000000,0.0017000000,0.0005000000,0.0033000000,0.0025000000,-0.0003000000,-0.0038000000,-0.0009000000,0.0004000000,0.0025000000,0.0054000000
2013-12-10,-0.0079000000,-0.0029000000,-0.0024000000,-0.0009000000,-0.0057000000,-0.0018000000,0.0001000000,-0.0102000000,-0.0039000000,-0.0054000000,-0.0034000000,-0.0040000000
2013-12-11,-0.0018000000,-0.0140000000,-0.0142000000,-0.0151000000,-0.0087000000,-0.0125000000,-0.0120000000,-0.0096000000,-0.0054000000,-0.0178000000,-0.0111000000,-0.0144000000
2013-12-12,-0.0116000000,0.0036000000,0.0009000000,0.0048000000,-0.0092000000,-0.0044000000,-0.0030000000,0.0047000000,-0.0051000000,-0.0050000000,-0.0004000000,-0.0002000000
2013-12-13,-0.0012000000,0.0040000000,0.0034000000,-0.0032000000,0.0016000000,-0.0008000000,0.0029000000,-0.0006000000,0.0003000000,0.0012000000,0.0014000000,0.0037000000
2013-12-16,0.0023000000,0.0168000000,0.0107000000,0.0100000000,-0.0005000000,0.0098000000,0.0054000000,0.0054000000,0.0041000000,0.0023000000,0.0077000000,0.0065000000
2013-12-17,-0.0005000000,0.0032000000,0.0011000000,-0.0062000000,-0.0011000000,0.0001000000,-0.0036000000,0.0010000000,-0.0050000000,-0.0059000000,-0.0050000000,-0.0025000000
2013-12-18,0.0153000000,-0.0096000000,0.0147000000,0.0174000000,0.0136000000,0.0093000000,0.0175000000,0.0121000000,0.0166000000,0.0226000000,0.0212000000,0.0153000000
2013-12-19,-0.0016000000,-0.0181000000,-0.0022000000,0.0035000000,-0.0016000000,0.0004000000,0.0061000000,-0.0039000000,-0.0045000000,-0.0034000000,-0.0012000000,-0.0003000000
2013-12-20,0.0048000000,0.0090000000,0.0091000000,0.0018000000,0.0042000000,0.0092000000,0.0013000000,0.0098000000,0.0063000000,0.0073000000,0.0071000000,0.0068000000
2013-12-23,0.0026000000,0.0036000000,0.0050000000,0.0007000000,0.0002000000,0.0128000000,0.0093000000,-0.0006000000,0.0042000000,0.0045000000,0.0073000000,0.0054000000
2013-12-24,0.0021000000,0.0051000000,0.0055000000,0.0058000000,0.0056000000,0.0027000000,0.0075000000,0.0034000000,0.0018000000,-0.0003000000,0.0018000000,0.0055000000
2013-12-26,0.0053000000,0.0069000000,0.0059000000,0.0077000000,0.0042000000,0.0026000000,0.0059000000,-0.0025000000,0.0049000000,0.0059000000,0.0022000000,0.0051000000
2013-12-27,0.0026000000,-0.0060000000,0.0000000000,0.0055000000,0.0019000000,-0.0022000000,0.0004000000,0.0031000000,-0.0036000000,-0.0019000000,-0.0005000000,-0.0005000000
2013-12-30,0.0042000000,0.0004000000,0.0001000000,-0.0094000000,0.0012000000,-0.0013000000,0.0056000000,0.0022000000,0.0020000000,0.0027000000,-0.0015000000,0.0016000000
2013-12-31,0.0023000000,0.0037000000,0.0036000000,0.0096000000,-0.0001000000,0.0069000000,0.0019000000,0.0021000000,0.0026000000,-0.0010000000,0.0049000000,0.0054000000
2014-01-02,-0.0103000000,-0.0066000000,-0.0099000000,-0.0146000000,-0.0113000000,-0.0107000000,-0.0051000000,-0.0144000000,-0.0054000000,-0.0039000000,-0.0063000000,-0.0103000000
2014-01-03,-0.0012000000,-0.0048000000,0.0031000000,-0.0027000000,-0.0004000000,-0.0027000000,-0.0049000000,-0.0024000000,-0.0001000000,0.0023000000,0.0056000000,0.0012000000
2014-01-06,-0.0051000000,0.0002000000,-0.0055000000,-0.0009000000,-0.0034000000,-0.0023000000,0.0016000000,0.0004000000,-0.0085000000,-0.0039000000,-0.0005000000,-0.0091000000
2014-01-07,0.0042000000,0.0039000000,0.0059000000,0.0098000000,0.0033000000,0.0106000000,0.0077000000,0.0092000000,0.0053000000,0.0108000000,0.0032000000,0.0040000000
2014-01-08,-0.0052000000,0.0049000000,-0.0009000000,-0.0066000000,-0.0029000000,0.0008000000,-0.0080000000,-0.0048000000,0.0011000000,0.0097000000,0.0041000000,0.0001000000
2014-01-09,-0.0006000000,0.0046000000,0.0014000000,-0.0039000000,0.0034000000,-0.0049000000,-0.0099000000,0.0030000000,0.0010000000,0.0087000000,0.0041000000,0.0016000000
2014-01-10,0.0050000000,0.0048000000,0.0033000000,0.0000000000,0.0026000000,0.0033000000,0.0043000000,0.0124000000,0.0008000000,0.0084000000,-0.0030000000,0.0023000000
2014-01-13,-0.0100000000,-0.0148000000,-0.0119000000,-0.0205000000,-0.0099000000,-0.0114000000,-0.0187000000,-0.0103000000,-0.0172000000,-0.0065000000,-0.0150000000,-0.0122000000
2014-01-14,0.0049000000,0.0226000000,0.0105000000,0.0120000000,0.0120000000,0.0190000000,0.0067000000,0.0025000000,0.0065000000,0.0145000000,0.0083000000,0.0110000000
2014-01-15,0.0022000000,0.0058000000,0.0060000000,-0.0028000000,0.0028000000,0.0113000000,0.0082000000,-0.0013000000,-0.0015000000,-0.0011000000,0.0112000000,0.0063000000
2014-01-16,0.0011000000,0.0032000000,0.0000000000,0.0014000000,-0.0012000000,0.0013000000,-0.0012000000,0.0066000000,-0.0059000000,0.0050000000,-0.0070000000,-0.0033000000
2014-01-17,-0.0086000000,-0.0072000000,-0.0049000000,-0.0021000000,-0.0049000000,-0.0069000000,-0.0055000000,-0.0005000000,-0.0043000000,-0.0006000000,-0.0007000000,-0.0041000000
2014-01-21,0.0054000000,-0.0007000000,0.0018000000,0.0056000000,0.0058000000,0.0051000000,-0.0032000000,0.0116000000,-0.0019000000,0.0059000000,0.0020000000,-0.0011000000
2014-01-22,0.0005000000,0.0054000000,0.0037000000,0.0044000000,-0.0045000000,0.0003000000,0.0048000000,0.0029000000,-0.0010000000,0.0002000000,0.0023000000,0.0012000000
2014-01-23,-0.0097000000,-0.0086000000,-0.0145000000,-0.0111000000,-0.0130000000,-0.0041000000,-0.0040000000,-0.0023000000,-0.0065000000,-0.0068000000,-0.0158000000,-0.0060000000
2014-01-24,-0.0139000000,-0.0364000000,-0.0292000000,-0.0217000000,-0.0164000000,-0.0206000000,-0.0163000000,-0.0112000000,-0.0148000000,-0.0255000000,-0.0247000000,-0.0281000000
2014-01-27,-0.0026000000,-0.0074000000,-0.0005000000,-0.0051000000,-0.0055000000,-0.0096000000,-0.0016000000,0.0005000000,-0.0037000000,-0.0121000000,-0.0089000000,-0.0058000000
2014-01-28,0.0056000000,0.0103000000,0.0078000000,0.0096000000,0.0057000000,-0.0023000000,0.0055000000,0.0056000000,0.0053000000,0.0142000000,0.0121000000,0.0122000000
2014-01-29,-0.0189000000,-0.0140000000,-0.0116000000,-0.0059000000,-0.0055000000,-0.0099000000,-0.0101000000,-0.0026000000,-0.0155000000,-0.0089000000,-0.0120000000,-0.0093000000
2014-01-30,0.0070000000,0.0111000000,0.0078000000,0.0000000000,0.0003000000,0.0177000000,0.0144000000,0.0146000000,0.0124000000,0.0171000000,0.0133000000,0.0121000000
2014-01-31,-0.0079000000,-0.0114000000,-0.0035000000,-0.0155000000,-0.0034000000,0.0024000000,-0.0029000000,0.0058000000,-0.0124000000,-0.0088000000,-0.0144000000,-0.0065000000
2014-02-03,-0.0252000000,-0.0316000000,-0.0287000000,-0.0193000000,-0.0203000000,-0.0241000000,-0.0305000000,-0.0115000000,-0.0262000000,-0.0233000000,-0.0259000000,-0.0281000000
2014-02-04,0.0067000000,0.0165000000,0.0075000000,0.0060000000,0.0076000000,0.0062000000,0.0134000000,0.0002000000,0.0054000000,0.0118000000,0.0086000000,0.0082000000
2014-02-05,-0.0003000000,-0.0049000000,-0.0042000000,-0.0077000000,0.0003000000,-0.0008000000,0.0014000000,-0.0064000000,0.0016000000,-0.0069000000,-0.0006000000,-0.0040000000
2014-02-06,0.0147000000,0.0172000000,0.0132000000,0.0145000000,0.0111000000,0.0125000000,0.0113000000,0.0085000000,0.0182000000,0.0040000000,0.0142000000,0.0158000000
2014-02-07,0.0123000000,0.0132000000,0.0161000000,0.0121000000,0.0082000000,0.0161000000,0.0067000000,0.0061000000,0.0105000000,0.0222000000,0.0091000000,0.0142000000
2014-02-10,0.0039000000,-0.0052000000,-0.0016000000,-0.0073000000,0.0056000000,0.0038000000,0.0025000000,0.0049000000,-0.0003000000,0.0129000000,-0.0005000000,-0.0044000000
2014-02-11,0.0062000000,0.0098000000,0.0119000000,0.0144000000,0.0109000000,0.0101000000,0.0095000000,0.0096000000,0.0121000000,0.0132000000,0.0100000000,0.0119000000
2014-02-12,-0.0045000000,0.0050000000,0.0066000000,-0.0004000000,-0.0054000000,0.0039000000,0.0046000000,-0.0008000000,-0.0030000000,0.0007000000,0.0004000000,0.0006000000
2014-02-13,0.0056000000,0.0079000000,0.0074000000,0.0062000000,0.0078000000,0.0104000000,0.0003000000,0.0104000000,0.0075000000,0.0081000000,0.0044000000,0.0065000000
2014-02-14,0.0016000000,0.0110000000,0.0063000000,0.0164000000,0.0111000000,0.0010000000,0.0032000000,0.0058000000,0.0019000000,0.0004000000,0.0036000000,0.0069000000
2014-02-18,-0.0043000000,0.0069000000,0.0024000000,0.0056000000,-0.0058000000,0.0040000000,0.0002000000,0.0037000000,-0.0001000000,0.0116000000,0.0026000000,-0.0026000000
2014-02-19,-0.0051000000,-0.0101000000,-0.0071000000,-0.0011000000,-0.0038000000,-0.0058000000,-0.0069000000,-0.0054000000,-0.0046000000,-0.0077000000,-0.0144000000,-0.0098000000
2014-02-20,0.0093000000,0.0164000000,0.0105000000,0.0077000000,0.0053000000,0.0063000000,0.0104000000,0.0090000000,0.0020000000,0.0098000000,0.0039000000,0.0072000000
2014-02-21,0.0001000000,0.0001000000,-0.0012000000,-0.0063000000,-0.0006000000,-0.0031000000,-0.0040000000,0.0012000000,-0.0004000000,0.0016000000,0.0004000000,0.0015000000
2014-02-24,0.0033000000,0.0075000000,0.0057000000,0.0169000000,-0.0005000000,0.0056000000,-0.0024000000,-0.0033000000,0.0041000000,0.0064000000,0.0115000000,0.0073000000
2014-02-25,0.0036000000,0.0074000000,-0.0047000000,0.0001000000,0.0053000000,-0.0024000000,-0.0061000000,-0.0008000000,0.0082000000,-0.0015000000,-0.0066000000,-0.0006000000
2014-02-26,-0.0015000000,0.0090000000,0.0046000000,-0.0067000000,0.0041000000,0.0024000000,-0.0040000000,-0.0041000000,0.0102000000,-0.0003000000,0.0006000000,0.0008000000
2014-02-27,0.0040000000,0.0065000000,0.0047000000,0.0000000000,0.0069000000,0.0072000000,0.0113000000,-0.0014000000,0.0022000000,0.0059000000,0.0061000000,0.0068000000
2014-02-28,0.0043000000,-0.0039000000,0.0039000000,0.0052000000,0.0067000000,-0.0026000000,0.0052000000,0.0051000000,0.0034000000,-0.0060000000,0.0053000000,0.0013000000
2014-03-03,-0.0012000000,-0.0052000000,-0.0078000000,-0.0048000000,-0.0073000000,-0.0077000000,-0.0087000000,-0.0091000000,-0.0059000000,-0.0064000000,-0.0105000000,-0.0051000000
2014-03-04,0.0157000000,0.0181000000,0.0134000000,0.0107000000,0.0145000000,0.0177000000,0.0150000000,0.0104000000,0.0124000000,0.0197000000,0.0210000000,0.0196000000
2014-03-05,-0.0006000000,0.0033000000,-0.0016000000,-0.0124000000,-0.0031000000,0.0016000000,0.0035000000,-0.0069000000,0.0005000000,-0.0027000000,0.0059000000,0.0033000000
2014-03-06,0.0020000000,0.0032000000,0.0046000000,0.0056000000,0.0040000000,-0.0004000000,0.0062000000,-0.0040000000,-0.0012000000,-0.0097000000,0.0060000000,0.0088000000
2014-03-07,0.0021000000,-0.0021000000,0.0017000000,0.0037000000,0.0015000000,-0.0036000000,-0.0055000000,0.0015000000,0.0033000000,-0.0022000000,0.0058000000,0.0000000000
2014-03-10,0.0012000000,-0.0089000000,-0.0067000000,0.0022000000,0.0025000000,-0.0027000000,-0.0025000000,-0.0013000000,-0.0007000000,0.0040000000,0.0003000000,-0.0029000000
2014-03-11,-0.0029000000,-0.0146000000,-0.0098000000,-0.0128000000,-0.0044000000,-0.0048000000,-0.0082000000,-0.0047000000,-0.0007000000,-0.0040000000,-0.0081000000,-0.0050000000
2014-03-12,0.0001000000,0.0028000000,-0.0013000000,0.0028000000,-0.0007000000,0.0036000000,-0.0018000000,0.0099000000,0.0018000000,0.0006000000,-0.0012000000,0.0009000000
2014-03-13,-0.0077000000,-0.0160000000,-0.0154000000,-0.0094000000,-0.0058000000,-0.0160000000,-0.0100000000,0.0070000000,-0.0098000000,-0.0151000000,-0.0120000000,-0.0146000000
2014-03-14,0.0029000000,-0.0026000000,-0.0009000000,0.0036000000,-0.0001000000,-0.0050000000,0.0023000000,0.0075000000,0.0008000000,-0.0039000000,-0.0053000000,-0.0018000000
2014-03-17,0.0059000000,0.0131000000,0.0113000000,0.0063000000,0.0092000000,0.0117000000,0.0061000000,0.0054000000,0.0064000000,0.0083000000,0.0111000000,0.0079000000
2014-03-18,0.0057000000,0.0133000000,0.0058000000,0.0089000000,0.0042000000,0.0138000000,0.0041000000,0.0006000000,0.0030000000,0.0144000000,0.0069000000,0.0058000000
2014-03-19,-0.0083000000,-0.0062000000,-0.0079000000,-0.0102000000,-0.0086000000,-0.0059000000,-0.0062000000,-0.0133000000,-0.0058000000,-0.0056000000,0.0018000000,-0.0077000000
2014-03-20,0.0058000000,0.0037000000,0.0027000000,0.0052000000,0.0014000000,0.0054000000,0.0105000000,-0.0004000000,0.0029000000,-0.0029000000,0.0158000000,0.0019000000
2014-03-21,0.0001000000,-0.0047000000,0.0008000000,0.0026000000,-0.0012000000,-0.0066000000,-0.0040000000,0.0058000000,-0.0011000000,-0.0172000000,-0.0030000000,0.0000000000
2014-03-24,-0.0054000000,-0.0107000000,-0.0063000000,-0.0028000000,0.0003000000,-0.0068000000,-0.0042000000,0.0014000000,-0.0078000000,-0.0168000000,-0.0022000000,-0.0071000000
2014-03-25,0.0039000000,-0.0028000000,0.0071000000,0.0076000000,0.0044000000,0.0056000000,-0.0014000000,0.0027000000,-0.0013000000,0.0084000000,-0.0028000000,0.0023000000
2014-03-26,0.0000000000,-0.0114000000,-0.0113000000,-0.0044000000,-0.0093000000,-0.0142000000,-0.0042000000,-0.0054000000,-0.0102000000,-0.0008000000,-0.0097000000,-0.0117000000
2014-03-27,0.0001000000,-0.0045000000,-0.0013000000,0.0087000000,-0.0028000000,-0.0053000000,-0.0022000000,0.0087000000,-0.0042000000,0.0003000000,-0.0082000000,0.0008000000
2014-03-28,0.0060000000,0.0126000000,0.0092000000,0.0137000000,0.0024000000,0.0046000000,0.0055000000,0.0017000000,0.0064000000,-0.0087000000,0.0030000000,0.0050000000
2014-03-31,0.0070000000,0.0090000000,0.0127000000,-0.0001000000,0.0118000000,0.0097000000,0.0077000000,0.0095000000,0.0058000000,0.0162000000,0.0113000000,0.0116000000
2014-04-01,0.0012000000,0.0197000000,0.0097000000,0.0053000000,0.0053000000,0.0156000000,0.0110000000,-0.0028000000,0.0078000000,0.0092000000,0.0053000000,0.0082000000
2014-04-02,0.0013000000,0.0124000000,0.0073000000,0.0045000000,0.0021000000,0.0000000000,0.0084000000,-0.0005000000,0.0055000000,0.0045000000,0.0013000000,0.0023000000
2014-04-03,-0.0014000000,-0.0046000000,-0.0024000000,0.0057000000,-0.0014000000,-0.0086000000,0.0015000000,0.0029000000,-0.0029000000,-0.0060000000,-0.0013000000,-0.0019000000
2014-04-04,-0.0075000000,-0.0210000000,-0.0127000000,-0.0056000000,-0.0095000000,-0.0231000000,-0.0128000000,0.0031000000,-0.0127000000,-0.0178000000,-0.0169000000,-0.0119000000
2014-04-07,-0.0007000000,-0.0218000000,-0.0173000000,-0.0157000000,-0.0070000000,-0.0096000000,-0.0155000000,-0.0055000000,-0.0149000000,-0.0101000000,-0.0171000000,-0.0135000000
2014-04-08,0.0031000000,0.0124000000,0.0035000000,0.0101000000,0.0065000000,0.0094000000,0.0067000000,0.0143000000,0.0088000000,-0.0075000000,0.0007000000,0.0029000000
2014-04-09,0.0058000000,0.0034000000,0.0139000000,0.0061000000,0.0086000000,0.0169000000,0.0086000000,-0.0011000000,0.0095000000,0.0227000000,0.0108000000,0.0115000000
2014-04-10,-0.0103000000,-0.0229000000,-0.0196000000,-0.0142000000,-0.0142000000,-0.0272000000,-0.0196000000,-0.0057000000,-0.0213000000,-0.0349000000,-0.0264000000,-0.0194000000
2014-04-11,-0.0074000000,-0.0127000000,-0.0114000000,-0.0018000000,-0.0091000000,-0.0125000000,-0.0103000000,-0.0018000000,-0.0104000000,-0.0124000000,-0.0136000000,-0.0099000000
2014-04-14,0.0061000000,0.0031000000,0.0072000000,0.0138000000,0.0052000000,0.0084000000,0.0059000000,0.0061000000,0.0080000000,0.0037000000,0.0082000000,0.0050000000
2014-04-15,0.0058000000,0.0075000000,0.0056000000,0.0124000000,0.0053000000,0.0050000000,-0.0013000000,0.0125000000,0.0005000000,0.0095000000,0.0079000000,0.0030000000
2014-04-16,0.0110000000,0.0184000000,0.0153000000,0.0137000000,0.0138000000,0.0107000000,0.0143000000,0.0084000000,0.0080000000,0.0081000000,0.0074000000,0.0156000000
2014-04-17,0.0002000000,0.0008000000,0.0071000000,0.0102000000,0.0031000000,-0.0008000000,0.0047000000,-0.0068000000,0.0005000000,0.0029000000,-0.0009000000,0.0074000000
2014-04-21,0.0013000000,0.0075000000,0.0016000000,0.0064000000,-0.0001000000,0.0047000000,0.0031000000,-0.0008000000,0.0029000000,0.0146000000,-0.0007000000,0.0016000000
2014-04-22,0.0003000000,0.0140000000,0.0029000000,-0.0028000000,0.0008000000,0.0052000000,0.0059000000,0.0012000000,0.0055000000,0.0131000000,0.0082000000,0.0090000000
2014-04-23,-0.0019000000,-0.0043000000,0.0017000000,0.0053000000,-0.0029000000,-0.0084000000,-0.0077000000,0.0009000000,-0.0034000000,-0.0069000000,0.0012000000,-0.0034000000
2014-04-24,-0.0005000000,0.0028000000,-0.0009000000,-0.0009000000,0.0006000000,0.0058000000,-0.0044000000,0.0044000000,0.0053000000,-0.0035000000,0.0000000000,0.0005000000
2014-04-25,0.0009000000,-0.0213000000,-0.0122000000,-0.0067000000,-0.0048000000,-0.0154000000,-0.0089000000,0.0061000000,-0.0121000000,-0.0073000000,-0.0137000000,-0.0099000000
2014-04-28,0.0077000000,-0.0014000000,-0.0051000000,0.0047000000,0.0049000000,0.0047000000,0.0027000000,0.0049000000,0.0031000000,0.0068000000,-0.0073000000,-0.0029000000
2014-04-29,-0.0035000000,0.0040000000,0.0043000000,0.0053000000,0.0029000000,0.0071000000,0.0040000000,-0.0016000000,0.0019000000,0.0085000000,0.0088000000,0.0082000000
2014-04-30,0.0036000000,0.0092000000,0.0075000000,0.0001000000,0.0047000000,0.0036000000,0.0086000000,0.0010000000,0.0016000000,0.0010000000,0.0029000000,0.0058000000
2014-05-01,-0.0021000000,-0.0010000000,-0.0017000000,-0.0048000000,-0.0056000000,0.0003000000,0.0069000000,0.0035000000,0.0009000000,0.0030000000,0.0000000000,0.0001000000
2014-05-02,0.0025000000,0.0030000000,0.0016000000,0.0042000000,0.0015000000,-0.0020000000,0.0020000000,-0.0153000000,0.0006000000,-0.0093000000,0.0015000000,0.0010000000
2014-05-05,0.0002000000,-0.0018000000,0.0022000000,0.0045000000,0.0011000000,0.0034000000,0.0073000000,0.0071000000,-0.0021000000,0.0057000000,-0.0038000000,-0.0050000000
2014-05-06,-0.0064000000,-0.0121000000,-0.0084000000,0.0010000000,-0.0055000000,-0.0130000000,-0.0071000000,-0.0051000000,-0.0142000000,-0.0109000000,-0.0139000000,-0.0107000000
2014-05-07,0.0122000000,-0.0025000000,0.0064000000,0.0079000000,0.0080000000,-0.0025000000,0.0046000000,0.0153000000,-0.0018000000,-0.0006000000,0.0124000000,0.0077000000
2014-05-08,0.0007000000,-0.0084000000,-0.0007000000,-0.0153000000,-0.0038000000,-0.0006000000,0.0087000000,-0.0104000000,0.0013000000,-0.0069000000,0.0020000000,-0.0056000000
2014-05-09,0.0046000000,-0.0010000000,0.0008000000,0.0007000000,0.0010000000,0.0029000000,0.0014000000,-0.0119000000,0.0089000000,0.0064000000,0.0003000000,0.0032000000
2014-05-12,0.0051000000,0.0192000000,0.0148000000,0.0069000000,0.0046000000,0.0178000000,0.0052000000,-0.0050000000,0.0124000000,0.0110000000,0.0143000000,0.0154000000
2014-05-13,0.0032000000,0.0001000000,-0.0016000000,0.0035000000,-0.0019000000,-0.0001000000,-0.0064000000,0.0014000000,-0.0020000000,0.0001000000,-0.0028000000,0.0018000000
2014-05-14,-0.0064000000,-0.0112000000,-0.0091000000,-0.0013000000,-0.0027000000,-0.0075000000,-0.0052000000,0.0059000000,-0.0094000000,0.0018000000,-0.0110000000,-0.0077000000
2014-05-15,-0.0086000000,-0.0108000000,-0.0108000000,-0.0124000000,-0.0122000000,-0.0071000000,0.0000000000,-0.0031000000,-0.0103000000,-0.0108000000,-0.0119000000,-0.0076000000
2014-05-16,0.0089000000,0.0042000000,0.0033000000,-0.0035000000,0.0034000000,0.0051000000,0.0062000000,0.0028000000,0.0092000000,0.0021000000,0.0004000000,0.0040000000
2014-05-19,-0.0020000000,0.0092000000,0.0055000000,0.0035000000,0.0022000000,0.0102000000,0.0036000000,-0.0116000000,0.0006000000,0.0068000000,0.0082000000,0.0043000000
2014-05-20,-0.0058000000,-0.0154000000,-0.0148000000,-0.0034000000,-0.0022000000,-0.0065000000,-0.0101000000,0.0007000000,-0.0113000000,-0.0073000000,-0.0077000000,-0.0095000000
2014-05-21,0.0084000000,0.0124000000,0.0084000000,0.0125000000,0.0051000000,0.0077000000,0.0089000000,0.0019000000,0.0062000000,0.0062000000,0.0102000000,0.0076000000
2014-05-22,-0.0011000000,0.0044000000,0.0028000000,-0.0025000000,0.0007000000,0.0033000000,0.0043000000,0.0072000000,0.0047000000,0.0070000000,0.0048000000,0.0042000000
2014-05-23,0.0022000000,0.0097000000,0.0087000000,-0.0019000000,0.0056000000,0.0100000000,0.0070000000,-0.0008000000,0.0044000000,0.0008000000,0.0037000000,0.0056000000
2014-05-27,0.0066000000,0.0093000000,0.0067000000,0.0021000000,-0.0004000000,0.0100000000,0.0004000000,0.0065000000,0.0038000000,0.0080000000,0.0100000000,0.0057000000
2014-05-28,-0.0013000000,0.0014000000,-0.0031000000,0.0025000000,0.0008000000,-0.0027000000,0.0015000000,0.0048000000,-0.0036000000,-0.0032000000,-0.0025000000,0.0015000000
2014-05-29,0.0091000000,0.0029000000,0.0040000000,0.0075000000,0.0088000000,0.0071000000,0.0020000000,0.0012000000,0.0063000000,0.0068000000,0.0023000000,0.0050000000
2014-05-30,0.0041000000,-0.0039000000,-0.0011000000,-0.0025000000,0.0030000000,-0.0015000000,-0.0005000000,0.0059000000,0.0059000000,0.0021000000,0.0005000000,-0.0007000000
2014-06-02,-0.0016000000,-0.0006000000,0.0048000000,-0.0033000000,0.0001000000,-0.0023000000,0.0039000000,0.0003000000,0.0003000000,0.0011000000,0.0035000000,0.0022000000
2014-06-03,-0.0023000000,0.0033000000,0.0000000000,0.0036000000,-0.0038000000,-0.0013000000,-0.0051000000,0.0020000000,-0.0004000000,0.0019000000,0.0014000000,-0.0051000000
2014-06-04,0.0022000000,0.0099000000,0.0012000000,-0.0013000000,0.0023000000,0.0023000000,0.0003000000,0.0013000000,0.0063000000,0.0038000000,0.0046000000,0.0014000000
2014-06-05,0.0024000000,0.0052000000,0.0125000000,0.0067000000,0.0042000000,0.0101000000,0.0051000000,0.0093000000,0.0081000000,0.0047000000,0.0085000000,0.0082000000
2014-06-06,0.0039000000,0.0141000000,0.0089000000,0.0083000000,0.0040000000,0.0053000000,0.0011000000,-0.0012000000,0.0051000000,-0.0010000000,0.0088000000,0.0068000000
2014-06-09,-0.0011000000,-0.0003000000,0.0050000000,0.0009000000,0.0008000000,0.0040000000,0.0035000000,-0.0055000000,-0.0003000000,-0.0014000000,0.0060000000,0.0013000000
2014-06-10,0.0012000000,-0.0024000000,-0.0028000000,-0.0011000000,0.0005000000,0.0005000000,-0.0031000000,-0.0038000000,-0.0029000000,0.0029000000,0.0002000000,-0.0002000000
2014-06-11,-0.0038000000,-0.0042000000,-0.0081000000,0.0061000000,-0.0041000000,-0.0008000000,-0.0033000000,-0.0107000000,-0.0033000000,-0.0025000000,-0.0069000000,-0.0052000000
2014-06-12,-0.0062000000,-0.0177000000,-0.0099000000,0.0041000000,-0.0087000000,-0.0091000000,-0.0072000000,0.0032000000,-0.0127000000,-0.0042000000,-0.0055000000,-0.0115000000
2014-06-13,0.0007000000,0.0040000000,0.0034000000,0.0100000000,0.0018000000,0.0061000000,0.0013000000,0.0061000000,0.0002000000,0.0003000000,0.0001000000,0.0026000000
2014-06-16,0.0049000000,0.0098000000,0.0012000000,0.0025000000,-0.0010000000,0.0018000000,0.0021000000,0.0145000000,0.0029000000,0.0013000000,-0.0047000000,-0.0029000000
2014-06-17,0.0032000000,0.0085000000,0.0044000000,-0.0016000000,-0.0001000000,0.0033000000,-0.0010000000,-0.0005000000,0.0033000000,-0.0009000000,0.0109000000,0.0034000000
2014-06-18,0.0110000000,0.0015000000,0.0046000000,0.0080000000,0.0076000000,0.0051000000,0.0070000000,0.0170000000,0.0095000000,0.0082000000,0.0051000000,0.0093000000
2014-06-19,0.0054000000,0.0004000000,0.0014000000,0.0070000000,0.0015000000,-0.0017000000,0.0021000000,0.0091000000,-0.0012000000,0.0031000000,-0.0025000000,0.0022000000
2014-06-20,-0.0003000000,0.0010000000,0.0045000000,0.0089000000,0.0010000000,-0.0026000000,-0.0067000000,-0.0038000000,-0.0020000000,0.0100000000,0.0038000000,0.0018000000
2014-06-23,-0.0051000000,0.0060000000,-0.0038000000,0.0037000000,-0.0038000000,0.0018000000,-0.0003000000,-0.0009000000,0.0011000000,-0.0044000000,0.0023000000,-0.0026000000
2014-06-24,-0.0046000000,-0.0051000000,-0.0109000000,-0.0226000000,-0.0075000000,-0.0061000000,-0.0029000000,-0.0003000000,-0.0041000000,-0.0009000000,-0.0088000000,-0.0053000000
2014-06-25,0.0021000000,0.0097000000,0.0037000000,0.0031000000,0.0045000000,0.0058000000,0.0095000000,0.0049000000,0.0033000000,0.0102000000,0.0033000000,0.0039000000
2014-06-26,-0.0028000000,-0.0019000000,-0.0009000000,-0.0010000000,-0.0048000000,-0.0012000000,0.0026000000,0.0019000000,-0.0019000000,0.0000000000,-0.0031000000,-0.0001000000
2014-06-27,0.0005000000,0.0027000000,0.0050000000,-0.0018000000,0.0017000000,0.0056000000,0.0051000000,0.0034000000,0.0023000000,-0.0009000000,0.0024000000,0.0030000000
2014-06-30,0.0025000000,0.0001000000,-0.0013000000,0.0007000000,0.0009000000,0.0018000000,0.0014000000,0.0071000000,-0.0009000000,-0.0028000000,0.0012000000,0.0008000000
2014-07-01,0.0027000000,0.0086000000,0.0059000000,0.0009000000,0.0049000000,0.0107000000,0.0060000000,-0.0069000000,0.0071000000,0.0147000000,0.0083000000,0.0092000000
2014-07-02,0.0026000000,-0.0040000000,-0.0028000000,-0.0017000000,-0.0007000000,-0.0016000000,0.0050000000,-0.0163000000,0.0003000000,0.0072000000,-0.0007000000,-0.0008000000
2014-07-03,0.0061000000,0.0088000000,0.0074000000,0.0057000000,0.0062000000,0.0054000000,0.0052000000,-0.0086000000,0.0076000000,0.0026000000,0.0089000000,0.0094000000
2014-07-07,-0.0016000000,-0.0093000000,-0.0077000000,-0.0084000000,-0.0040000000,-0.0042000000,-0.0047000000,0.0009000000,-0.0052000000,-0.0106000000,-0.0074000000,-0.0092000000
2014-07-08,-0.0039000000,-0.0067000000,-0.0074000000,-0.0014000000,-0.0013000000,-0.0134000000,-0.0095000000,0.0048000000,-0.0075000000,-0.0120000000,-0.0104000000,-0.0071000000
2014-07-09,0.0010000000,0.0073000000,0.0035000000,0.0069000000,0.0051000000,0.0040000000,0.0119000000,-0.0003000000,0.0073000000,0.0041000000,0.0029000000,0.0042000000
2014-07-10,-0.0022000000,-0.0073000000,-0.0078000000,-0.0099000000,-0.0048000000,-0.0033000000,-0.0008000000,0.0034000000,-0.0086000000,-0.0004000000,-0.0081000000,-0.0045000000
2014-07-11,0.0009000000,0.0054000000,0.0027000000,-0.0092000000,-0.0005000000,0.0038000000,0.0041000000,-0.0059000000,0.0026000000,0.0017000000,0.0015000000,0.0022000000
2014-07-14,0.0052000000,0.0042000000,0.0059000000,0.0087000000,0.0023000000,0.0072000000,0.0011000000,-0.0078000000,0.0019000000,0.0020000000,0.0072000000,0.0042000000
2014-07-15,-0.0132000000,-0.0073000000,-0.0023000000,-0.0065000000,-0.0009000000,-0.0037000000,-0.0030000000,0.0025000000,-0.0015000000,-0.0128000000,0.0063000000,-0.0015000000
2014-07-16,-0.0010000000,0.0024000000,0.0019000000,0.0163000000,0.0029000000,0.0073000000,0.0103000000,0.0049000000,-0.0027000000,-0.0019000000,-0.0027000000,0.0036000000
2014-07-17,-0.0065000000,-0.0098000000,-0.0132000000,-0.0166000000,-0.0053000000,-0.0137000000,-0.0058000000,-0.0112000000,-0.0094000000,-0.0151000000,-0.0123000000,-0.0139000000
2014-07-18,0.0104000000,0.0096000000,0.0102000000,0.0057000000,0.0059000000,0.0138000000,0.0068000000,0.0117000000,0.0113000000,0.0185000000,0.0108000000,0.0088000000
2014-07-21,-0.0047000000,-0.0015000000,-0.0010000000,0.0012000000,-0.0034000000,0.0002000000,-0.0060000000,-0.0019000000,-0.0057000000,-0.0035000000,-0.0030000000,-0.0036000000
2014-07-22,-0.0018000000,0.0051000000,0.0025000000,0.0080000000,0.0016000000,0.0090000000,0.0034000000,-0.0001000000,0.0050000000,0.0077000000,0.0041000000,0.0061000000
2014-07-23,-0.0032000000,-0.0014000000,-0.0047000000,0.0073000000,0.0023000000,0.0012000000,-0.0041000000,-0.0003000000,0.0018000000,0.0123000000,0.0018000000,0.0011000000
2014-07-24,0.0070000000,-0.0080000000,-0.0026000000,0.0004000000,-0.0006000000,0.0007000000,0.0009000000,0.0034000000,0.0039000000,-0.0036000000,0.0032000000,-0.0048000000
2014-07-25,-0.0049000000,-0.0069000000,-0.0043000000,-0.0084000000,-0.0037000000,-0.0023000000,-0.0024000000,-0.0087000000,-0.0124000000,-0.0024000000,-0.0069000000,-0.0040000000
2014-07-28,-0.0036000000,-0.0051000000,-0.0034000000,-0.0025000000,-0.0004000000,0.0010000000,0.0023000000,0.0106000000,-0.0028000000,-0.0003000000,-0.0009000000,-0.0034000000
2014-07-29,-0.0053000000,-0.0104000000,-0.0081000000,-0.0025000000,-0.0085000000,-0.0041000000,0.0071000000,-0.0080000000,-0.0009000000,0.0044000000,-0.0059000000,-0.0061000000
2014-07-30,-0.0105000000,-0.0005000000,-0.0026000000,-0.0042000000,-0.0064000000,0.0058000000,0.0003000000,-0.0142000000,0.0048000000,0.0064000000,0.0038000000,0.0033000000
2014-07-31,-0.0174000000,-0.0204000000,-0.0204000000,-0.0249000000,-0.0195000000,-0.0216000000,-0.0197000000,-0.0174000000,-0.0167000000,-0.0215000000,-0.0210000000,-0.0184000000
2014-08-01,0.0024000000,-0.0013000000,-0.0019000000,-0.0089000000,0.0099000000,-0.0048000000,-0.0041000000,0.0008000000,-0.0015000000,-0.0028000000,-0.0081000000,0.0001000000
2014-08-04,0.0067000000,0.0118000000,0.0068000000,0.0175000000,0.0044000000,0.0076000000,0.0071000000,-0.0019000000,0.0075000000,0.0060000000,0.0058000000,0.0079000000
2014-08-05,-0.0035000000,-0.0062000000,-0.0043000000,-0.0223000000,-0.0061000000,-0.0076000000,-0.0074000000,-0.0131000000,-0.0065000000,-0.0060000000,-0.0083000000,-0.0092000000
2014-08-06,0.0129000000,0.0050000000,-0.0028000000,0.0046000000,0.0111000000,-0.0020000000,-0.0192000000,-0.0093000000,0.0001000000,-0.0004000000,0.0045000000,-0.0008000000
2014-08-07,-0.0079000000,-0.0061000000,-0.0016000000,-0.0073000000,-0.0088000000,-0.0028000000,-0.0083000000,0.0059000000,-0.0039000000,-0.0094000000,-0.0083000000,-0.0024000000
2014-08-08,0.0097000000,0.0123000000,0.0134000000,0.0181000000,0.0112000000,0.0073000000,0.0100000000,0.0201000000,0.0143000000,0.0101000000,0.0097000000,0.0113000000
2014-08-11,0.0080000000,0.0085000000,0.0032000000,-0.0014000000,0.0025000000,0.0067000000,0.0035000000,0.0020000000,0.0036000000,0.0020000000,0.0010000000,0.0092000000
2014-08-12,-0.0037000000,-0.0022000000,-0.0039000000,-0.0076000000,0.0001000000,-0.0031000000,0.0000000000,-0.0016000000,-0.0024000000,-0.0018000000,0.0002000000,-0.0011000000
2014-08-13,0.0044000000,0.0078000000,0.0072000000,0.0037000000,0.0040000000,0.0118000000,0.0039000000,0.0043000000,0.0009000000,0.0130000000,0.0061000000,0.0055000000
2014-08-14,0.0046000000,0.0043000000,0.0042000000,-0.0061000000,0.0025000000,0.0013000000,0.0071000000,0.0092000000,0.0071000000,0.0106000000,0.0045000000,0.0080000000
2014-08-15,0.0048000000,-0.0032000000,-0.0002000000,0.0060000000,0.0003000000,0.0007000000,0.0014000000,0.0072000000,-0.0050000000,0.0009000000,-0.0045000000,-0.0021000000
2014-08-18,0.0064000000,0.0112000000,0.0137000000,0.0030000000,0.0099000000,0.0108000000,0.0027000000,-0.0010000000,0.0097000000,0.0084000000,0.0123000000,0.0133000000
2014-08-19,0.0025000000,0.0023000000,0.0041000000,0.0069000000,0.0023000000,0.0068000000,-0.0023000000,0.0110000000,0.0111000000,0.0053000000,0.0020000000,0.0017000000
2014-08-20,0.0008000000,0.0034000000,0.0049000000,0.0022000000,0.0013000000,0.0005000000,0.0018000000,0.0019000000,0.0041000000,-0.0015000000,0.0022000000,0.0043000000
2014-08-21,-0.0008000000,-0.0039000000,0.0017000000,0.0015000000,0.0029000000,0.0036000000,0.0010000000,0.0014000000,0.0019000000,-0.0011000000,0.0105000000,0.0012000000
2014-08-22,-0.0020000000,-0.0052000000,-0.0026000000,-0.0063000000,-0.0015000000,0.0011000000,-0.0022000000,-0.0028000000,0.0017000000,0.0026000000,-0.0016000000,-0.0025000000
2014-08-25,0.0075000000,0.0050000000,0.0046000000,0.0097000000,0.0039000000,0.0001000000,0.0030000000,0.0050000000,0.0039000000,0.0100000000,0.0083000000,0.0017000000
2014-08-26,-0.0003000000,-0.0004000000,0.0001000000,0.0049000000,-0.0005000000,0.0016000000,-0.0002000000,-0.0080000000,0.0027000000,0.0064000000,0.0045000000,-0.0009000000
2014-08-27,-0.0005000000,0.0032000000,0.0001000000,-0.0016000000,-0.0001000000,-0.0017000000,0.0044000000,0.0087000000,0.0011000000,-0.0007000000,-0.0018000000,0.0008000000
2014-08-28,0.0003000000,-0.0003000000,-0.0025000000,0.0007000000,0.0000000000,-0.0023000000,-0.0012000000,0.0048000000,-0.0014000000,-0.0028000000,-0.0047000000,-0.0029000000
2014-08-29,0.0019000000,0.0039000000,0.0017000000,0.0066000000,0.0011000000,0.0060000000,0.0029000000,0.0079000000,0.0002000000,0.0055000000,0.0043000000,0.0018000000
2014-09-02,0.0005000000,0.0097000000,0.0011000000,-0.0130000000,-0.0011000000,0.0036000000,0.0023000000,-0.0086000000,0.0010000000,-0.0006000000,0.0040000000,0.0020000000
2014-09-03,0.0006000000,-0.0045000000,-0.0001000000,0.0037000000,-0.0006000000,-0.0072000000,0.0019000000,0.0041000000,-0.0014000000,0.0020000000,-0.0019000000,-0.0028000000
2014-09-04,-0.0015000000,0.0018000000,-0.0010000000,-0.0133000000,0.0023000000,-0.0014000000,-0.0018000000,-0.0027000000,0.0064000000,-0.0079000000,-0.0001000000,0.0007000000
2014-09-05,0.0032000000,-0.0047000000,0.0029000000,0.0073000000,0.0032000000,0.0063000000,0.0067000000,0.0111000000,0.0063000000,0.0032000000,0.0009000000,0.0033000000
2014-09-08,-0.0034000000,-0.0075000000,-0.0004000000,-0.0157000000,-0.0058000000,0.0023000000,-0.0034000000,-0.0077000000,-0.0059000000,0.0025000000,0.0007000000,-0.0012000000
2014-09-09,-0.0036000000,-0.0097000000,-0.0048000000,-0.0059000000,-0.0083000000,-0.0076000000,-0.0077000000,-0.0104000000,-0.0098000000,-0.0053000000,-0.0086000000,-0.0069000000
2014-09-10,0.0036000000,0.0019000000,0.0002000000,-0.0026000000,0.0051000000,0.0088000000,0.0012000000,-0.0037000000,0.0016000000,0.0108000000,0.0064000000,0.0033000000
2014-09-11,0.0025000000,0.0034000000,0.0024000000,0.0013000000,-0.0019000000,0.0021000000,0.0052000000,0.0072000000,-0.0002000000,-0.0015000000,0.0025000000,0.0029000000
2014-09-12,-0.0066000000,-0.0083000000,-0.0066000000,-0.0142000000,-0.0035000000,-0.0053000000,-0.0044000000,-0.0185000000,-0.0018000000,-0.0075000000,0.0016000000,-0.0057000000
2014-09-15,0.0029000000,-0.0139000000,-0.0029000000,0.0070000000,0.0032000000,-0.0092000000,-0.0008000000,0.0024000000,-0.0040000000,-0.0051000000,-0.0014000000,-0.0023000000
2014-09-16,0.0069000000,0.0032000000,0.0034000000,0.0122000000,0.0059000000,0.0070000000,0.0039000000,0.0116000000,0.0081000000,0.0123000000,0.0033000000,0.0057000000
2014-09-17,-0.0023000000,0.0007000000,0.0011000000,-0.0029000000,0.0051000000,0.0020000000,0.0018000000,-0.0027000000,0.0004000000,0.0022000000,0.0041000000,0.0053000000
2014-09-18,0.0057000000,0.0048000000,0.0043000000,-0.0076000000,0.0042000000,0.0063000000,0.0035000000,-0.0070000000,0.0023000000,0.0077000000,0.0123000000,0.0063000000
2014-09-19,0.0002000000,-0.0050000000,-0.0040000000,0.0004000000,0.0007000000,-0.0038000000,0.0035000000,0.0050000000,0.0007000000,-0.0005000000,-0.0045000000,-0.0052000000
2014-09-22,-0.0030000000,-0.0159000000,-0.0125000000,-0.0154000000,-0.0016000000,-0.0099000000,-0.0121000000,-0.0086000000,-0.0121000000,-0.0050000000,-0.0077000000,-0.0144000000
2014-09-23,-0.0098000000,-0.0081000000,-0.0084000000,-0.0040000000,-0.0052000000,-0.0039000000,-0.0099000000,-0.0035000000,-0.0067000000,-0.0054000000,-0.0085000000,-0.0047000000
2014-09-24,0.0100000000,0.0073000000,0.0053000000,0.0017000000,0.0108000000,0.0073000000,0.0041000000,-0.0017000000,0.0138000000,0.0163000000,0.0079000000,0.0060000000
2014-09-25,-0.0128000000,-0.0151000000,-0.0146000000,-0.0164000000,-0.0136000000,-0.0218000000,-0.0131000000,-0.0077000000,-0.0139000000,-0.0152000000,-0.0177000000,-0.0157000000
2014-09-26,0.0049000000,0.0043000000,0.0125000000,0.0127000000,0.0066000000,0.0118000000,0.0072000000,0.0048000000,0.0057000000,0.0039000000,0.0086000000,0.0089000000
2014-09-29,0.0003000000,-0.0251000000,-0.0041000000,-0.0021000000,-0.0029000000,-0.0004000000,-0.0015000000,0.0043000000,-0.0008000000,-0.0011000000,-0.0044000000,-0.0045000000
2014-09-30,0.0012000000,-0.0168000000,-0.0072000000,-0.0135000000,-0.0113000000,-0.0007000000,-0.0012000000,-0.0013000000,-0.0027000000,-0.0074000000,-0.0028000000,-0.0007000000
2014-10-01,-0.0074000000,-0.0043000000,-0.0185000000,-0.0195000000,-0.0179000000,-0.0170000000,-0.0148000000,0.0014000000,-0.0102000000,-0.0103000000,-0.0130000000,-0.0187000000
2014-10-02,0.0020000000,0.0146000000,-0.0011000000,-0.0041000000,0.0005000000,0.0022000000,-0.0023000000,0.0010000000,0.0058000000,-0.0007000000,0.0025000000,0.0037000000
2014-10-03,0.0105000000,0.0086000000,0.0081000000,-0.0024000000,0.0061000000,0.0090000000,0.0135000000,0.0057000000,0.0128000000,0.0178000000,0.0147000000,0.0143000000
2014-10-06,0.0006000000,0.0001000000,-0.0017000000,0.0005000000,-0.0023000000,-0.0024000000,-0.0016000000,-0.0012000000,-0.0056000000,-0.0035000000,-0.0033000000,-0.0042000000
2014-10-07,-0.0068000000,-0.0267000000,-0.0210000000,-0.0162000000,-0.0116000000,-0.0174000000,-0.0089000000,-0.0042000000,-0.0124000000,-0.0164000000,-0.0186000000,-0.0195000000
2014-10-08,0.0139000000,0.0133000000,0.0169000000,0.0107000000,0.0101000000,0.0192000000,0.0131000000,0.0183000000,0.0166000000,0.0242000000,0.0180000000,0.0153000000
2014-10-09,-0.0143000000,-0.0274000000,-0.0249000000,-0.0375000000,-0.0183000000,-0.0180000000,-0.0237000000,-0.0231000000,-0.0158000000,-0.0210000000,-0.0233000000,-0.0224000000
2014-10-10,0.0000000000,-0.0198000000,-0.0149000000,-0.0135000000,-0.0048000000,-0.0286000000,-0.0104000000,0.0031000000,-0.0036000000,-0.0083000000,-0.0097000000,-0.0157000000
2014-10-13,-0.0115000000,-0.0206000000,-0.0166000000,-0.0315000000,-0.0224000000,-0.0133000000,-0.0167000000,-0.0077000000,-0.0178000000,-0.0210000000,-0.0086000000,-0.0149000000
2014-10-14,-0.0007000000,0.0155000000,0.0104000000,-0.0129000000,0.0032000000,0.0040000000,0.0025000000,0.0068000000,0.0067000000,-0.0066000000,0.0022000000,0.0126000000
2014-10-15,-0.0080000000,-0.0036000000,0.0006000000,0.0053000000,0.0030000000,-0.0037000000,-0.0051000000,-0.0047000000,-0.0102000000,-0.0031000000,-0.0185000000,0.0001000000
2014-10-16,-0.0041000000,0.0150000000,0.0114000000,0.0209000000,0.0010000000,-0.0028000000,-0.0023000000,0.0053000000,-0.0036000000,-0.0028000000,0.0039000000,0.0050000000
2014-10-17,0.0106000000,0.0085000000,0.0115000000,0.0050000000,0.0129000000,0.0118000000,0.0146000000,0.0059000000,0.0071000000,0.0134000000,0.0125000000,0.0161000000
2014-10-20,0.0142000000,0.0054000000,0.0052000000,0.0077000000,0.0128000000,0.0062000000,0.0117000000,0.0148000000,0.0149000000,0.0122000000,0.0062000000,0.0088000000
2014-10-21,0.0026000000,0.0209000000,0.0240000000,0.0298000000,0.0172000000,0.0213000000,0.0146000000,0.0085000000,0.0169000000,0.0240000000,0.0215000000,0.0223000000
2014-10-22,-0.0003000000,-0.0053000000,-0.0146000000,-0.0189000000,-0.0042000000,-0.0082000000,-0.0112000000,0.0007000000,-0.0061000000,-0.0039000000,-0.0106000000,-0.0114000000
2014-10-23,0.0009000000,0.0149000000,0.0214000000,0.0180000000,-0.0018000000,0.0170000000,0.0084000000,0.0056000000,0.0095000000,0.0191000000,0.0106000000,0.0133000000
2014-10-24,0.0063000000,-0.0081000000,0.0063000000,-0.0034000000,0.0114000000,0.0082000000,0.0074000000,0.0072000000,-0.0011000000,0.0146000000,0.0081000000,0.0070000000
2014-10-27,-0.0004000000,-0.0097000000,-0.0043000000,-0.0212000000,-0.0084000000,-0.0005000000,0.0031000000,-0.0021000000,0.0034000000,0.0013000000,0.0011000000,-0.0001000000
2014-10-28,0.0059000000,0.0354000000,0.0213000000,0.0239000000,0.0097000000,0.0156000000,0.0116000000,0.0096000000,0.0081000000,0.0094000000,0.0147000000,0.0118000000
2014-10-29,-0.0018000000,-0.0069000000,-0.0046000000,0.0020000000,-0.0079000000,-0.0031000000,-0.0012000000,-0.0037000000,-0.0024000000,-0.0008000000,0.0038000000,-0.0047000000
2014-10-30,0.0065000000,0.0036000000,0.0047000000,-0.0039000000,0.0077000000,0.0000000000,0.0027000000,0.0155000000,0.0077000000,0.0186000000,0.0107000000,0.0007000000
2014-10-31,0.0086000000,0.0137000000,0.0140000000,0.0221000000,0.0149000000,0.0183000000,0.0094000000,0.0033000000,0.0071000000,0.0036000000,0.0142000000,0.0103000000
2014-11-03,0.0024000000,-0.0019000000,-0.0010000000,-0.0174000000,-0.0016000000,0.0029000000,0.0035000000,0.0041000000,0.0004000000,-0.0011000000,0.0011000000,0.0009000000
2014-11-04,0.0011000000,-0.0077000000,-0.0036000000,-0.0213000000,-0.0030000000,-0.0012000000,-0.0180000000,-0.0086000000,0.0019000000,-0.0008000000,0.0002000000,-0.0008000000
2014-11-05,0.0074000000,0.0026000000,0.0052000000,0.0168000000,0.0108000000,-0.0008000000,0.0081000000,0.0210000000,0.0032000000,-0.0047000000,0.0089000000,0.0020000000
2014-11-06,0.0030000000,0.0192000000,0.0077000000,0.0123000000,0.0045000000,0.0019000000,-0.0019000000,-0.0111000000,0.0092000000,0.0068000000,0.0025000000,0.0107000000
2014-11-07,0.0005000000,-0.0010000000,0.0015000000,0.0143000000,0.0017000000,-0.0008000000,-0.0025000000,0.0102000000,0.0038000000,-0.0090000000,-0.0010000000,0.0034000000
2014-11-10,0.0033000000,-0.0038000000,0.0034000000,-0.0102000000,0.0031000000,0.0040000000,-0.0057000000,0.0013000000,0.0050000000,0.0108000000,0.0043000000,0.0071000000
2014-11-11,-0.0018000000,0.0076000000,-0.0016000000,0.0037000000,0.0022000000,0.0018000000,-0.0004000000,-0.0021000000,0.0010000000,0.0035000000,-0.0008000000,0.0014000000
2014-11-12,0.0026000000,0.0058000000,0.0031000000,-0.0084000000,0.0009000000,0.0025000000,0.0043000000,-0.0154000000,0.0056000000,-0.0005000000,-0.0003000000,0.0023000000
2014-11-13,0.0022000000,0.0030000000,-0.0031000000,-0.0132000000,-0.0034000000,0.0035000000,0.0089000000,-0.0104000000,0.0074000000,-0.0024000000,-0.0028000000,-0.0001000000
2014-11-14,-0.0048000000,0.0064000000,0.0004000000,0.0117000000,-0.0022000000,0.0064000000,0.0057000000,-0.0013000000,0.0019000000,-0.0109000000,-0.0033000000,0.0006000000
2014-11-17,0.0069000000,0.0064000000,-0.0009000000,-0.0081000000,-0.0005000000,-0.0038000000,-0.0012000000,0.0111000000,-0.0019000000,0.0039000000,-0.0002000000,-0.0024000000
2014-11-18,0.0043000000,0.0042000000,0.0082000000,0.0006000000,0.0080000000,0.0050000000,0.0001000000,0.0031000000,0.0023000000,0.0138000000,0.0024000000,0.0068000000
2014-11-19,0.0044000000,-0.0048000000,-0.0041000000,0.0058000000,0.0032000000,-0.0067000000,-0.0038000000,0.0015000000,0.0060000000,-0.0051000000,-0.0032000000,-0.0056000000
2014-11-20,-0.0032000000,0.0025000000,0.0040000000,0.0145000000,0.0012000000,0.0064000000,-0.0011000000,-0.0015000000,0.0054000000,-0.0017000000,0.0016000000,0.0023000000
2014-11-21,0.0049000000,-0.0003000000,0.0105000000,0.0132000000,0.0074000000,0.0031000000,0.0008000000,0.0031000000,0.0037000000,0.0044000000,0.0030000000,0.0056000000
2014-11-24,-0.0006000000,0.0092000000,0.0029000000,-0.0095000000,-0.0045000000,0.0075000000,0.0043000000,-0.0063000000,0.0081000000,0.0059000000,0.0072000000,0.0050000000
2014-11-25,0.0010000000,-0.0012000000,0.0014000000,-0.0161000000,-0.0006000000,0.0001000000,0.0102000000,-0.0006000000,-0.0034000000,-0.0002000000,-0.0009000000,0.0006000000
2014-11-26,0.0049000000,-0.0047000000,-0.0023000000,-0.0123000000,0.0014000000,0.0086000000,0.0062000000,0.0056000000,0.0013000000,0.0085000000,0.0011000000,0.0013000000
2014-11-28,0.0083000000,0.0023000000,-0.0100000000,-0.0730000000,-0.0035000000,0.0014000000,0.0072000000,-0.0004000000,0.0118000000,0.0041000000,-0.0016000000,-0.0042000000
2014-12-01,-0.0078000000,-0.0110000000,-0.0113000000,0.0082000000,-0.0073000000,-0.0130000000,-0.0078000000,-0.0036000000,-0.0125000000,-0.0041000000,-0.0088000000,-0.0147000000
2014-12-02,0.0037000000,0.0074000000,0.0058000000,0.0135000000,0.0086000000,0.0031000000,-0.0056000000,0.0071000000,0.0020000000,0.0129000000,0.0107000000,0.0081000000
2014-12-03,-0.0018000000,0.0132000000,0.0120000000,0.0124000000,0.0037000000,0.0055000000,-0.0023000000,-0.0002000000,0.0001000000,0.0010000000,0.0072000000,0.0068000000
2014-12-04,-0.0053000000,-0.0065000000,-0.0028000000,-0.0113000000,0.0030000000,0.0003000000,-0.0028000000,-0.0011000000,0.0009000000,-0.0011000000,-0.0001000000,-0.0029000000
2014-12-05,0.0026000000,0.0013000000,0.0015000000,-0.0138000000,0.0009000000,-0.0005000000,0.0001000000,-0.0074000000,0.0011000000,0.0090000000,0.0128000000,0.0034000000
2014-12-08,-0.0052000000,-0.0204000000,-0.0141000000,-0.0417000000,-0.0075000000,-0.0131000000,-0.0045000000,-0.0033000000,-0.0055000000,0.0052000000,0.0007000000,-0.0098000000
2014-12-09,-0.0043000000,0.0073000000,0.0056000000,0.0106000000,0.0006000000,0.0060000000,-0.0155000000,0.0076000000,0.0013000000,-0.0013000000,0.0002000000,-0.0036000000
2014-12-10,-0.0110000000,-0.0250000000,-0.0219000000,-0.0317000000,-0.0161000000,-0.0175000000,-0.0134000000,-0.0172000000,-0.0132000000,-0.0163000000,-0.0174000000,-0.0152000000
2014-12-11,0.0061000000,0.0039000000,0.0007000000,0.0001000000,0.0033000000,0.0046000000,0.0065000000,0.0087000000,0.0120000000,0.0029000000,0.0044000000,0.0059000000
2014-12-12,-0.0157000000,-0.0160000000,-0.0198000000,-0.0193000000,-0.0210000000,-0.0144000000,-0.0117000000,-0.0122000000,-0.0041000000,-0.0153000000,-0.0207000000,-0.0177000000
2014-12-15,-0.0087000000,-0.0121000000,-0.0041000000,-0.0087000000,-0.0048000000,-0.0063000000,-0.0050000000,-0.0104000000,-0.0019000000,-0.0118000000,-0.0079000000,-0.0038000000
2014-12-16,-0.0087000000,-0.0140000000,0.0019000000,0.0105000000,-0.0028000000,-0.0137000000,-0.0054000000,-0.0008000000,-0.0121000000,-0.0098000000,-0.0102000000,-0.0097000000
2014-12-17,0.0167000000,0.0255000000,0.0156000000,0.0467000000,0.0228000000,0.0199000000,0.0177000000,0.0237000000,0.0176000000,0.0214000000,0.0237000000,0.0163000000
2014-12-18,0.0210000000,0.0219000000,0.0212000000,0.0195000000,0.0180000000,0.0301000000,0.0187000000,0.0203000000,0.0159000000,0.0279000000,0.0249000000,0.0242000000
2014-12-19,-0.0026000000,0.0097000000,0.0036000000,0.0318000000,0.0068000000,0.0033000000,0.0065000000,0.0026000000,-0.0019000000,0.0048000000,0.0003000000,0.0042000000
2014-12-22,0.0086000000,0.0070000000,0.0067000000,-0.0113000000,0.0056000000,0.0104000000,0.0071000000,0.0009000000,0.0106000000,-0.0131000000,0.0042000000,0.0041000000
2014-12-23,0.0065000000,0.0072000000,0.0060000000,0.0160000000,0.0094000000,0.0020000000,0.0050000000,0.0037000000,0.0065000000,-0.0275000000,0.0072000000,0.0043000000
2014-12-24,-0.0015000000,-0.0008000000,0.0005000000,-0.0096000000,-0.0020000000,-0.0002000000,-0.0004000000,0.0136000000,-0.0024000000,0.0091000000,-0.0001000000,0.0015000000
2014-12-26,0.0023000000,0.0070000000,0.0032000000,-0.0023000000,0.0038000000,0.0046000000,0.0060000000,0.0106000000,0.0040000000,0.0100000000,-0.0001000000,0.0022000000
2014-12-29,-0.0010000000,0.0065000000,0.0016000000,0.0020000000,-0.0036000000,-0.0050000000,0.0015000000,0.0134000000,0.0048000000,0.0025000000,0.0033000000,0.0032000000
2014-12-30,-0.0055000000,-0.0016000000,-0.0049000000,-0.0053000000,-0.0035000000,-0.0071000000,-0.0044000000,-0.0199000000,-0.0022000000,-0.0053000000,-0.0010000000,-0.0020000000
2014-12-31,-0.0118000000,-0.0053000000,-0.0101000000,-0.0069000000,-0.0112000000,-0.0106000000,-0.0102000000,-0.0162000000,-0.0044000000,-0.0076000000,-0.0109000000,-0.0075000000
2015-01-02,-0.0042000000,-0.0051000000,-0.0015000000,0.0055000000,-0.0026000000,-0.0017000000,-0.0020000000,0.0061000000,-0.0054000000,0.0044000000,-0.0016000000,-0.0053000000
2015-01-05,-0.0097000000,-0.0274000000,-0.0237000000,-0.0437000000,-0.0162000000,-0.0172000000,-0.0164000000,-0.0179000000,-0.0122000000,-0.0043000000,-0.0243000000,-0.0207000000
2015-01-06,-0.0031000000,-0.0046000000,-0.0112000000,-0.0125000000,-0.0082000000,-0.0126000000,-0.0071000000,-0.0033000000,-0.0054000000,-0.0045000000,-0.0188000000,-0.0132000000
2015-01-07,0.0188000000,0.0180000000,0.0074000000,0.0025000000,0.0071000000,0.0083000000,0.0007000000,0.0090000000,0.0224000000,0.0236000000,0.0102000000,0.0099000000
2015-01-08,0.0154000000,0.0151000000,0.0210000000,0.0242000000,0.0189000000,0.0220000000,0.0163000000,0.0095000000,0.0148000000,0.0148000000,0.0180000000,0.0184000000
2015-01-09,-0.0061000000,-0.0134000000,-0.0094000000,-0.0042000000,-0.0092000000,-0.0034000000,-0.0040000000,-0.0081000000,-0.0130000000,-0.0067000000,-0.0158000000,-0.0109000000
2015-01-12,-0.0045000000,-0.0015000000,-0.0083000000,-0.0299000000,-0.0035000000,-0.0123000000,0.0019000000,-0.0054000000,-0.0041000000,0.0017000000,-0.0103000000,-0.0073000000
2015-01-13,-0.0004000000,-0.0059000000,-0.0031000000,-0.0067000000,-0.0006000000,-0.0007000000,0.0044000000,0.0016000000,-0.0028000000,-0.0040000000,-0.0025000000,-0.0012000000
2015-01-14,0.0002000000,-0.0132000000,-0.0062000000,0.0031000000,-0.0050000000,-0.0051000000,-0.0129000000,0.0092000000,-0.0097000000,0.0005000000,-0.0157000000,-0.0082000000
2015-01-15,-0.0008000000,-0.0171000000,-0.0084000000,-0.0138000000,-0.0028000000,-0.0164000000,-0.0019000000,0.0046000000,-0.0107000000,-0.0153000000,-0.0143000000,-0.0068000000
2015-01-16,0.0074000000,0.0110000000,0.0078000000,0.0324000000,0.0151000000,0.0105000000,0.0137000000,0.0112000000,0.0113000000,0.0207000000,0.0129000000,0.0114000000
2015-01-20,0.0060000000,0.0028000000,0.0020000000,0.0002000000,-0.0008000000,0.0071000000,-0.0068000000,0.0020000000,-0.0050000000,0.0002000000,-0.0028000000,0.0044000000
2015-01-21,0.0049000000,0.0058000000,0.0086000000,0.0200000000,0.0036000000,0.0016000000,0.0022000000,0.0103000000,0.0045000000,-0.0047000000,0.0048000000,0.0050000000
2015-01-22,0.0117000000,0.0100000000,0.0146000000,0.0067000000,0.0140000000,0.0189000000,0.0071000000,-0.0021000000,0.0208000000,0.0109000000,0.0250000000,0.0204000000
2015-01-23,-0.0101000000,-0.0048000000,-0.0113000000,-0.0088000000,-0.0180000000,0.0030000000,-0.0089000000,0.0025000000,0.0028000000,-0.0030000000,-0.0110000000,-0.0072000000
2015-01-26,0.0024000000,0.0076000000,0.0051000000,0.0156000000,-0.0006000000,-0.0015000000,0.0034000000,0.0007000000,0.0045000000,0.0081000000,0.0034000000,0.0081000000
2015-01-27,-0.0085000000,-0.0080000000,-0.0136000000,-0.0015000000,-0.0149000000,-0.0271000000,-0.0081000000,0.0011000000,-0.0079000000,-0.0057000000,-0.0123000000,-0.0102000000
2015-01-28,-0.0103000000,-0.0169000000,-0.0071000000,-0.0398000000,-0.0168000000,-0.0031000000,-0.0154000000,-0.0125000000,-0.0096000000,-0.0158000000,-0.0201000000,-0.0172000000
2015-01-29,0.0073000000,0.0232000000,0.0119000000,0.0018000000,0.0159000000,0.0105000000,0.0018000000,0.0125000000,0.0119000000,0.0098000000,0.0103000000,0.0098000000
2015-01-30,-0.0212000000,-0.0177000000,-0.0131000000,0.0087000000,-0.0097000000,-0.0150000000,-0.0128000000,-0.0179000000,-0.0101000000,-0.0139000000,-0.0137000000,-0.0185000000
2015-02-02,0.0121000000,0.0209000000,0.0148000000,0.0324000000,0.0088000000,0.0103000000,0.0159000000,0.0074000000,0.0082000000,0.0033000000,0.0175000000,0.0118000000
2015-02-03,0.0092000000,0.0223000000,0.0175000000,0.0317000000,0.0161000000,0.0122000000,0.0242000000,0.0068000000,0.0151000000,0.0044000000,0.0186000000,0.0155000000
2015-02-04,-0.0035000000,0.0122000000,-0.0083000000,-0.0152000000,-0.0031000000,0.0001000000,0.0151000000,-0.0139000000,0.0006000000,-0.0156000000,0.0000000000,-0.0039000000
2015-02-05,0.0036000000,0.0043000000,0.0107000000,0.0156000000,0.0188000000,0.0098000000,0.0022000000,0.0118000000,0.0081000000,0.0188000000,0.0110000000,0.0115000000
2015-02-06,-0.0049000000,-0.0013000000,-0.0020000000,-0.0005000000,-0.0024000000,-0.0034000000,0.0080000000,-0.0338000000,0.0014000000,-0.0092000000,0.0091000000,-0.0036000000
2015-02-09,-0.0056000000,-0.0019000000,-0.0036000000,0.0012000000,-0.0044000000,-0.0020000000,-0.0008000000,-0.0088000000,-0.0085000000,-0.0102000000,-0.0049000000,-0.0036000000
2015-02-10,0.0119000000,0.0109000000,0.0066000000,-0.0048000000,0.0046000000,0.0149000000,0.0066000000,0.0191000000,0.0125000000,0.0151000000,0.0085000000,0.0101000000
2015-02-11,0.0065000000,-0.0002000000,-0.0009000000,-0.0066000000,0.0001000000,0.0036000000,0.0006000000,-0.0187000000,0.0014000000,0.0000000000,0.0016000000,-0.0002000000
2015-02-12,0.0056000000,0.0086000000,0.0100000000,0.0173000000,0.0114000000,0.0163000000,0.0072000000,-0.0008000000,0.0043000000,0.0039000000,0.0121000000,0.0105000000
2015-02-13,-0.0028000000,0.0018000000,0.0088000000,0.0198000000,0.0046000000,0.0077000000,0.0063000000,-0.0096000000,0.0026000000,0.0060000000,0.0008000000,0.0024000000
2015-02-17,0.0001000000,-0.0024000000,0.0013000000,0.0009000000,-0.0002000000,0.0004000000,-0.0013000000,-0.0002000000,-0.0007000000,0.0060000000,0.0045000000,0.0031000000
2015-02-18,0.0043000000,-0.0002000000,0.0061000000,-0.0156000000,0.0029000000,0.0024000000,-0.0069000000,0.0183000000,0.0019000000,0.0032000000,-0.0084000000,0.0047000000
2015-02-19,0.0009000000,0.0069000000,0.0022000000,-0.0071000000,-0.0021000000,0.0043000000,-0.0015000000,-0.0082000000,-0.0050000000,0.0015000000,0.0004000000,-0.0012000000
2015-02-20,0.0050000000,0.0049000000,0.0092000000,-0.0024000000,0.0020000000,0.0060000000,0.0044000000,0.0001000000,0.0072000000,0.0093000000,0.0088000000,0.0064000000
2015-02-23,0.0001000000,-0.0042000000,-0.0043000000,-0.0048000000,0.0027000000,-0.0004000000,-0.0030000000,0.0052000000,0.0015000000,0.0018000000,-0.0013000000,-0.0035000000
2015-02-24,0.0038000000,-0.0020000000,0.0039000000,0.0015000000,0.0031000000,0.0025000000,0.0048000000,0.0050000000,0.0039000000,-0.0019000000,0.0067000000,0.0041000000
2015-02-25,-0.0007000000,0.0055000000,-0.0032000000,0.0072000000,0.0000000000,-0.0047000000,0.0046000000,-0.0108000000,0.0025000000,0.0051000000,0.0004000000,0.0005000000
2015-02-26,-0.0007000000,-0.0029000000,-0.0026000000,-0.0167000000,-0.0024000000,0.0051000000,-0.0024000000,-0.0103000000,-0.0004000000,0.0045000000,-0.0016000000,-0.0027000000
2015-02-27,0.0055000000,-0.0054000000,-0.0051000000,-0.0058000000,-0.0021000000,-0.0053000000,0.0023000000,-0.0015000000,-0.0010000000,-0.0060000000,-0.0062000000,-0.0035000000
2015-03-02,0.0022000000,0.0096000000,0.0107000000,-0.0102000000,0.0080000000,0.0094000000,0.0081000000,-0.0163000000,0.0070000000,0.0084000000,0.0104000000,0.0053000000
2015-03-03,-0.0045000000,-0.0053000000,-0.0071000000,0.0028000000,-0.0057000000,-0.0077000000,0.0036000000,0.0066000000,-0.0045000000,-0.0077000000,-0.0030000000,-0.0064000000
2015-03-04,-0.0069000000,-0.0087000000,-0.0079000000,-0.0023000000,-0.0035000000,-0.0046000000,-0.0064000000,-0.0061000000,-0.0056000000,0.0058000000,-0.0053000000,-0.0053000000
2015-03-05,-0.0029000000,0.0011000000,-0.0007000000,-0.0060000000,0.0008000000,-0.0001000000,-0.0016000000,0.0055000000,0.0058000000,0.0059000000,0.0037000000,0.0010000000
2015-03-06,-0.0201000000,-0.0163000000,-0.0134000000,-0.0168000000,-0.0174000000,-0.0124000000,-0.0085000000,-0.0252000000,-0.0119000000,-0.0169000000,-0.0043000000,-0.0126000000
2015-03-09,0.0034000000,0.0084000000,0.0061000000,-0.0066000000,0.0050000000,0.0046000000,0.0042000000,0.0003000000,0.0055000000,0.0033000000,0.0048000000,0.0038000000
2015-03-10,-0.0144000000,-0.0127000000,-0.0178000000,-0.0161000000,-0.0163000000,-0.0200000000,-0.0199000000,-0.0035000000,-0.0129000000,-0.0083000000,-0.0218000000,-0.0169000000
2015-03-11,-0.0088000000,0.0026000000,-0.0014000000,0.0054000000,-0.0017000000,-0.0043000000,-0.0024000000,-0.0060000000,-0.0018000000,-0.0001000000,0.0069000000,0.0033000000
2015-03-12,0.0160000000,0.0134000000,0.0128000000,-0.0053000000,0.0109000000,0.0061000000,0.0212000000,0.0155000000,0.0167000000,0.0111000000,0.0228000000,0.0134000000
2015-03-13,-0.0107000000,-0.0084000000,-0.0086000000,-0.0049000000,-0.0060000000,-0.0052000000,-0.0073000000,-0.0092000000,-0.0034000000,-0.0013000000,-0.0060000000,-0.0073000000
2015-03-16,0.0088000000,0.0137000000,0.0097000000,0.0122000000,0.0045000000,0.0127000000,0.0101000000,0.0156000000,0.0127000000,0.0194000000,0.0113000000,0.0121000000
2015-03-17,-0.0042000000,-0.0048000000,-0.0038000000,-0.0055000000,-0.0091000000,0.0013000000,-0.0050000000,-0.0001000000,-0.0036000000,-0.0014000000,-0.0016000000,0.0002000000
2015-03-18,0.0072000000,0.0130000000,0.0139000000,0.0310000000,0.0106000000,0.0130000000,0.0113000000,0.0268000000,0.0042000000,0.0101000000,0.0031000000,0.0092000000
2015-03-19,-0.0048000000,-0.0064000000,-0.0085000000,-0.0184000000,-0.0089000000,-0.0006000000,-0.0059000000,-0.0100000000,-0.0018000000,0.0093000000,-0.0079000000,-0.0019000000
2015-03-20,0.0095000000,0.0087000000,0.0089000000,0.0123000000,0.0114000000,0.0053000000,0.0085000000,0.0104000000,0.0102000000,0.0050000000,0.0104000000,0.0053000000
2015-03-23,0.0027000000,-0.0014000000,-0.0021000000,-0.0033000000,-0.0003000000,0.0001000000,-0.0013000000,0.0015000000,0.0002000000,-0.0045000000,-0.0045000000,-0.0052000000
2015-03-24,-0.0058000000,-0.0030000000,-0.0019000000,-0.0064000000,-0.0058000000,-0.0035000000,-0.0105000000,-0.0108000000,0.0002000000,-0.0079000000,-0.0067000000,-0.0049000000
2015-03-25,0.0025000000,-0.0178000000,-0.0156000000,0.0130000000,-0.0099000000,-0.0257000000,-0.0174000000,-0.0081000000,-0.0159000000,-0.0229000000,-0.0160000000,-0.0160000000
2015-03-26,-0.0029000000,-0.0037000000,-0.0009000000,-0.0008000000,-0.0034000000,0.0000000000,-0.0027000000,-0.0070000000,-0.0058000000,-0.0024000000,-0.0007000000,-0.0039000000
2015-03-27,0.0090000000,0.0008000000,0.0048000000,-0.0100000000,0.0043000000,0.0032000000,0.0004000000,0.0050000000,0.0051000000,0.0092000000,-0.0005000000,0.0039000000
2015-03-30,0.0085000000,0.0154000000,0.0146000000,0.0217000000,0.0105000000,0.0121000000,0.0089000000,0.0144000000,0.0119000000,0.0098000000,0.0134000000,0.0119000000
2015-03-31,-0.0074000000,-0.0031000000,-0.0065000000,-0.0093000000,-0.0076000000,-0.0081000000,-0.0077000000,-0.0008000000,-0.0049000000,-0.0147000000,-0.0056000000,-0.0077000000
2015-04-01,0.0059000000,-0.0105000000,-0.0074000000,0.0036000000,-0.0018000000,-0.0053000000,0.0036000000,-0.0001000000,-0.0088000000,-0.0109000000,-0.0010000000,-0.0053000000
2015-04-02,0.0070000000,0.0031000000,0.0035000000,0.0018000000,0.0019000000,0.0005000000,0.0125000000,0.0038000000,0.0064000000,0.0011000000,0.0052000000,0.0009000000
2015-04-06,0.0078000000,0.0103000000,0.0098000000,0.0203000000,0.0090000000,0.0099000000,0.0039000000,0.0110000000,0.0046000000,0.0004000000,-0.0008000000,0.0022000000
2015-04-07,-0.0022000000,-0.0084000000,-0.0039000000,0.0034000000,-0.0040000000,-0.0015000000,-0.0037000000,-0.0086000000,-0.0064000000,0.0044000000,-0.0019000000,-0.0040000000
2015-04-08,0.0007000000,0.0077000000,0.0037000000,-0.0130000000,0.0031000000,0.0033000000,0.0047000000,-0.0034000000,0.0076000000,0.0095000000,0.0049000000,0.0058000000
2015-04-09,0.0038000000,0.0014000000,0.0017000000,0.0141000000,0.0040000000,0.0038000000,0.0032000000,-0.0019000000,0.0006000000,0.0066000000,0.0030000000,0.0066000000
2015-04-10,0.0018000000,0.0011000000,0.0028000000,0.0048000000,0.0012000000,0.0048000000,0.0023000000,0.0073000000,0.0029000000,0.0096000000,0.0007000000,0.0158000000
2015-04-13,-0.0059000000,-0.0054000000,-0.0051000000,-0.0086000000,-0.0025000000,-0.0034000000,-0.0058000000,-0.0092000000,-0.0040000000,-0.0041000000,0.0033000000,-0.0080000000
2015-04-14,0.0023000000,0.0021000000,0.0022000000,0.0203000000,0.0041000000,-0.0036000000,0.0005000000,0.0064000000,-0.0016000000,0.0005000000,0.0003000000,-0.0018000000
2015-04-15,-0.0011000000,0.0089000000,0.0068000000,0.0230000000,0.0036000000,0.0090000000,0.0062000000,0.0056000000,-0.0038000000,0.0063000000,0.0044000000,0.0028000000
2015-04-16,0.0080000000,-0.0030000000,-0.0048000000,-0.0026000000,-0.0020000000,-0.0017000000,-0.0005000000,-0.0050000000,-0.0028000000,-0.0015000000,0.0024000000,-0.0010000000
2015-04-17,-0.0070000000,-0.0102000000,-0.0147000000,-0.0116000000,-0.0075000000,-0.0152000000,-0.0144000000,-0.0030000000,-0.0153000000,-0.0095000000,-0.0157000000,-0.0071000000
2015-04-20,0.0065000000,0.0111000000,0.0118000000,0.0061000000,0.0044000000,0.0165000000,0.0097000000,0.0121000000,0.0094000000,0.0070000000,0.0050000000,0.0089000000
2015-04-21,-0.0024000000,-0.0002000000,-0.0023000000,-0.0106000000,-0.0025000000,-0.0001000000,0.0004000000,-0.0096000000,0.0027000000,0.0075000000,-0.0033000000,-0.0021000000
2015-04-22,0.0018000000,0.0055000000,0.0021000000,0.0051000000,0.0016000000,0.0072000000,0.0033000000,0.0041000000,0.0020000000,0.0018000000,0.0085000000,0.0048000000
2015-04-23,-0.0019000000,-0.0084000000,0.0012000000,0.0054000000,-0.0038000000,0.0025000000,0.0127000000,0.0065000000,0.0063000000,0.0051000000,0.0010000000,-0.0005000000
2015-04-24,-0.0023000000,-0.0004000000,-0.0054000000,-0.0051000000,0.0010000000,0.0069000000,0.0031000000,0.0066000000,0.0146000000,-0.0046000000,-0.0027000000,0.0016000000
2015-04-27,-0.0055000000,0.0086000000,-0.0014000000,-0.0019000000,0.0025000000,0.0026000000,-0.0029000000,-0.0113000000,-0.0108000000,-0.0208000000,-0.0055000000,-0.0058000000
2015-04-28,-0.0005000000,-0.0018000000,0.0010000000,0.0077000000,-0.0009000000,0.0010000000,0.0066000000,0.0068000000,-0.0024000000,-0.0001000000,0.0077000000,0.0065000000
2015-04-29,-0.0064000000,-0.0018000000,-0.0024000000,0.0082000000,-0.0036000000,-0.0052000000,-0.0003000000,-0.0021000000,-0.0128000000,-0.0050000000,0.0006000000,-0.0077000000
2015-04-30,-0.0018000000,-0.0162000000,-0.0083000000,-0.0049000000,-0.0120000000,-0.0168000000,-0.0091000000,-0.0126000000,-0.0092000000,-0.0182000000,-0.0085000000,-0.0086000000
2015-05-01,0.0092000000,0.0056000000,0.0114000000,0.0043000000,0.0121000000,0.0125000000,0.0055000000,0.0046000000,0.0130000000,0.0140000000,0.0064000000,0.0128000000
2015-05-04,0.0002000000,0.0035000000,0.0017000000,-0.0020000000,-0.0001000000,0.0010000000,0.0034000000,0.0047000000,0.0021000000,0.0063000000,0.0089000000,0.0028000000
2015-05-05,-0.0058000000,-0.0092000000,-0.0106000000,-0.0131000000,-0.0087000000,-0.0154000000,-0.0132000000,-0.0213000000,-0.0124000000,-0.0131000000,-0.0062000000,-0.0128000000
2015-05-06,0.0000000000,-0.0031000000,-0.0012000000,-0.0032000000,0.0023000000,-0.0064000000,-0.0099000000,-0.0057000000,-0.0005000000,-0.0007000000,-0.0030000000,-0.0026000000
2015-05-07,0.0038000000,0.0071000000,0.0007000000,-0.0107000000,0.0023000000,0.0061000000,-0.0029000000,0.0021000000,0.0076000000,0.0052000000,0.0050000000,0.0086000000
2015-05-08,0.0098000000,0.0101000000,0.0118000000,0.0152000000,0.0123000000,0.0129000000,0.0057000000,0.0096000000,0.0106000000,0.0165000000,0.0127000000,0.0113000000
2015-05-11,-0.0026000000,0.0007000000,0.0011000000,-0.0189000000,-0.0056000000,-0.0040000000,-0.0082000000,-0.0080000000,-0.0029000000,-0.0008000000,0.0000000000,-0.0056000000
2015-05-12,-0.0043000000,-0.0036000000,-0.0011000000,0.0047000000,-0.0078000000,-0.0046000000,0.0005000000,-0.0008000000,0.0001000000,-0.0047000000,-0.0025000000,-0.0057000000
2015-05-13,0.0010000000,0.0009000000,0.0055000000,-0.0058000000,-0.0061000000,0.0048000000,-0.0017000000,-0.0051000000,-0.0046000000,-0.0013000000,0.0028000000,-0.0029000000
2015-05-14,0.0165000000,0.0009000000,0.0112000000,0.0002000000,0.0121000000,0.0157000000,0.0061000000,0.0101000000,0.0053000000,0.0135000000,0.0081000000,0.0087000000
2015-05-15,0.0015000000,0.0063000000,-0.0022000000,0.0040000000,0.0046000000,-0.0030000000,0.0058000000,0.0111000000,0.0051000000,0.0024000000,-0.0061000000,0.0019000000
2015-05-18,-0.0033000000,0.0030000000,0.0025000000,-0.0002000000,-0.0015000000,0.0051000000,0.0039000000,0.0032000000,0.0052000000,0.0077000000,0.0082000000,0.0037000000
2015-05-19,-0.0014000000,-0.0026000000,-0.0026000000,-0.0130000000,0.0016000000,-0.0019000000,-0.0016000000,-0.0003000000,-0.0058000000,0.0030000000,0.0070000000,-0.0016000000
2015-05-20,0.0004000000,-0.0014000000,0.0004000000,0.0024000000,-0.0019000000,0.0005000000,0.0052000000,0.0010000000,-0.0045000000,0.0029000000,-0.0031000000,-0.0047000000
2015-05-21,-0.0009000000,0.0075000000,0.0051000000,0.0094000000,0.0023000000,0.0034000000,0.0044000000,-0.0003000000,0.0058000000,-0.0005000000,-0.0019000000,0.0006000000
2015-05-22,-0.0043000000,-0.0021000000,-0.0036000000,-0.0050000000,-0.0031000000,-0.0001000000,-0.0022000000,-0.0022000000,-0.0030000000,-0.0023000000,-0.0010000000,-0.0044000000
2015-05-26,-0.0069000000,-0.0083000000,-0.0116000000,-0.0166000000,-0.0101000000,-0.0133000000,0.0012000000,-0.0086000000,-0.0095000000,-0.0084000000,-0.0095000000,-0.0123000000
2015-05-27,0.0060000000,0.0057000000,0.0063000000,-0.0015000000,0.0055000000,0.0159000000,0.0087000000,0.0041000000,0.0082000000,0.0119000000,0.0098000000,0.0081000000
2015-05-28,0.0013000000,-0.0003000000,-0.0033000000,-0.0023000000,0.0016000000,-0.0012000000,-0.0039000000,-0.0002000000,-0.0021000000,0.0000000000,0.0002000000,-0.0027000000
2015-05-29,-0.0050000000,-0.0109000000,-0.0103000000,0.0004000000,-0.0063000000,-0.0085000000,-0.0033000000,-0.0020000000,-0.0065000000,-0.0024000000,-0.0046000000,-0.0086000000
2015-06-01,-0.0013000000,0.0052000000,0.0021000000,-0.0025000000,0.0029000000,0.0029000000,-0.0002000000,0.0004000000,0.0028000000,0.0025000000,0.0006000000,0.0038000000
2015-06-02,-0.0014000000,0.0007000000,0.0043000000,0.0061000000,-0.0002000000,-0.0017000000,-0.0010000000,-0.0112000000,0.0000000000,-0.0044000000,0.0023000000,0.0009000000
2015-06-03,0.0001000000,0.0020000000,0.0050000000,-0.0066000000,0.0036000000,0.0039000000,0.0066000000,-0.0129000000,0.0072000000,0.0023000000,0.0104000000,0.0049000000
2015-06-04,-0.0088000000,-0.0114000000,-0.0122000000,-0.0122000000,-0.0101000000,-0.0096000000,-0.0054000000,-0.0065000000,-0.0073000000,-0.0071000000,-0.0094000000,-0.0073000000
2015-06-05,-0.0097000000,-0.0038000000,0.0010000000,0.0081000000,-0.0053000000,-0.0004000000,-0.0060000000,-0.0093000000,-0.0042000000,0.0023000000,0.0094000000,0.0019000000
2015-06-08,-0.0006000000,0.0012000000,-0.0054000000,-0.0042000000,-0.0020000000,-0.0111000000,-0.0047000000,-0.0045000000,-0.0075000000,-0.0040000000,-0.0056000000,-0.0121000000
2015-06-09,0.0023000000,0.0007000000,-0.0003000000,-0.0001000000,0.0053000000,-0.0018000000,-0.0033000000,-0.0019000000,-0.0010000000,-0.0009000000,0.0044000000,0.0002000000
2015-06-10,0.0083000000,0.0086000000,0.0131000000,0.0133000000,0.0106000000,0.0150000000,0.0052000000,0.0038000000,0.0101000000,0.0110000000,0.0164000000,0.0091000000
2015-06-11,-0.0002000000,0.0048000000,0.0033000000,-0.0028000000,0.0004000000,-0.0002000000,0.0045000000,0.0044000000,0.0028000000,0.0068000000,0.0022000000,0.0036000000
2015-06-12,-0.0022000000,-0.0018000000,-0.0054000000,-0.0118000000,-0.0066000000,-0.0070000000,-0.0064000000,-0.0103000000,-0.0037000000,-0.0111000000,-0.0044000000,-0.0047000000
2015-06-15,-0.0079000000,-0.0090000000,-0.0094000000,-0.0034000000,-0.0070000000,-0.0055000000,-0.0028000000,-0.0014000000,-0.0052000000,-0.0025000000,-0.0016000000,-0.0058000000
2015-06-16,0.0109000000,0.0017000000,0.0029000000,0.0090000000,0.0097000000,0.0058000000,0.0051000000,0.0046000000,0.0061000000,0.0047000000,0.0064000000,0.0013000000
2015-06-17,0.0039000000,0.0060000000,0.0022000000,-0.0033000000,0.0062000000,0.0025000000,0.0043000000,0.0073000000,0.0031000000,0.0035000000,-0.0042000000,0.0010000000
2015-06-18,0.0109000000,0.0097000000,0.0084000000,0.0011000000,0.0096000000,0.0079000000,0.0104000000,0.0119000000,0.0113000000,0.0180000000,0.0073000000,0.0132000000
2015-06-19,-0.0001000000,-0.0021000000,-0.0031000000,-0.0085000000,-0.0044000000,-0.0063000000,-0.0034000000,-0.0094000000,-0.0012000000,-0.0005000000,-0.0071000000,-0.0045000000
2015-06-22,0.0052000000,0.0011000000,0.0030000000,0.0042000000,0.0036000000,0.0054000000,0.0041000000,0.0125000000,0.0040000000,0.0084000000,0.0108000000,0.0060000000
2015-06-23,-0.0016000000,0.0054000000,0.0004000000,0.0044000000,-0.0047000000,-0.0001000000,0.0050000000,-0.0115000000,0.0034000000,0.0000000000,0.0057000000,0.0000000000
2015-06-24,-0.0075000000,-0.0088000000,-0.0065000000,-0.0070000000,-0.0085000000,-0.0053000000,-0.0085000000,-0.0083000000,-0.0072000000,-0.0100000000,-0.0092000000,-0.0105000000
2015-06-25,-0.0005000000,-0.0046000000,-0.0066000000,-0.0090000000,0.0003000000,-0.0027000000,0.0047000000,-0.0095000000,-0.0026000000,0.0029000000,-0.0022000000,-0.0054000000
2015-06-26,0.0004000000,-0.0010000000,0.0036000000,0.0004000000,-0.0007000000,-0.0090000000,0.0022000000,0.0069000000,0.0029000000,-0.0006000000,0.0028000000,0.0003000000
2015-06-29,-0.0175000000,-0.0260000000,-0.0210000000,-0.0190000000,-0.0224000000,-0.0216000000,-0.0179000000,-0.0081000000,-0.0206000000,-0.0244000000,-0.0247000000,-0.0221000000
2015-06-30,0.0021000000,0.0034000000,0.0007000000,0.0064000000,0.0012000000,0.0027000000,0.0026000000,-0.0006000000,0.0012000000,0.0074000000,0.0051000000,0.0012000000
2015-07-01,0.0106000000,0.0015000000,0.0050000000,-0.0142000000,0.0099000000,0.0052000000,0.0110000000,0.0013000000,0.0083000000,0.0057000000,0.0125000000,0.0031000000
2015-07-02,-0.0013000000,0.0028000000,-0.0019000000,0.0042000000,-0.0036000000,-0.0001000000,0.0000000000,0.0118000000,-0.0013000000,-0.0022000000,-0.0065000000,0.0000000000
2015-07-06,-0.0025000000,-0.0074000000,-0.0059000000,-0.0148000000,-0.0050000000,-0.0046000000,-0.0033000000,-0.0016000000,-0.0009000000,0.0023000000,-0.0042000000,-0.0037000000
2015-07-07,0.0158000000,-0.0025000000,0.0056000000,0.0110000000,0.0073000000,0.0012000000,0.0052000000,0.0203000000,0.0107000000,0.0056000000,-0.0043000000,0.0081000000
2015-07-08,-0.0122000000,-0.0354000000,-0.0184000000,-0.0222000000,-0.0164000000,-0.0162000000,-0.0147000000,-0.0074000000,-0.0140000000,-0.0182000000,-0.0180000000,-0.0188000000
2015-07-09,-0.0011000000,0.0005000000,0.0020000000,0.0047000000,-0.0018000000,-0.0012000000,0.0001000000,-0.0076000000,0.0057000000,0.0061000000,0.0085000000,0.0058000000
2015-07-10,0.0105000000,0.0095000000,0.0087000000,0.0028000000,0.0108000000,0.0148000000,0.0126000000,0.0075000000,0.0138000000,0.0131000000,0.0139000000,0.0145000000
2015-07-13,0.0092000000,0.0128000000,0.0127000000,0.0060000000,0.0123000000,0.0151000000,0.0089000000,0.0027000000,0.0134000000,0.0116000000,0.0102000000,0.0109000000
2015-07-14,0.0022000000,0.0054000000,0.0032000000,0.0114000000,0.0050000000,0.0051000000,0.0015000000,-0.0006000000,0.0024000000,0.0106000000,0.0055000000,0.0010000000
2015-07-15,-0.0057000000,-0.0086000000,-0.0083000000,-0.0178000000,-0.0044000000,-0.0005000000,0.0002000000,-0.0005000000,-0.0026000000,0.0004000000,0.0059000000,-0.0030000000
2015-07-16,0.0108000000,-0.0084000000,0.0033000000,-0.0015000000,-0.0022000000,0.0113000000,0.0085000000,0.0122000000,0.0079000000,0.0092000000,0.0073000000,0.0096000000
2015-07-17,-0.0018000000,0.0029000000,-0.0050000000,-0.0121000000,-0.0047000000,0.0154000000,-0.0047000000,-0.0117000000,-0.0029000000,-0.0010000000,-0.0016000000,-0.0002000000
2015-07-20,0.0030000000,-0.0008000000,0.0013000000,-0.0154000000,-0.0039000000,0.0025000000,0.0012000000,-0.0090000000,0.0022000000,0.0025000000,0.0011000000,-0.0041000000
2015-07-21,-0.0035000000,-0.0061000000,-0.0127000000,0.0009000000,-0.0071000000,-0.0050000000,-0.0093000000,-0.0090000000,-0.0035000000,-0.0044000000,-0.0025000000,-0.0016000000
2015-07-22,0.0031000000,0.0009000000,-0.0062000000,-0.0060000000,-0.0022000000,-0.0138000000,-0.0022000000,-0.0003000000,0.0055000000,0.0023000000,0.0073000000,-0.0017000000
2015-07-23,-0.0029000000,0.0075000000,-0.0071000000,-0.0040000000,-0.0069000000,-0.0010000000,-0.0088000000,-0.0121000000,-0.0086000000,-0.0018000000,-0.0090000000,-0.0128000000
2015-07-24,-0.0068000000,-0.0137000000,-0.0136000000,-0.0207000000,-0.0150000000,-0.0088000000,-0.0026000000,-0.0017000000,0.0010000000,-0.0270000000,-0.0092000000,-0.0136000000
2015-07-27,-0.0011000000,-0.0095000000,-0.0081000000,-0.0179000000,-0.0069000000,-0.0106000000,-0.0088000000,0.0107000000,-0.0059000000,-0.0054000000,-0.0087000000,-0.0059000000
2015-07-28,0.0118000000,0.0171000000,0.0161000000,0.0332000000,0.0157000000,0.0097000000,0.0081000000,0.0083000000,0.0080000000,0.0175000000,0.0052000000,0.0173000000
2015-07-29,0.0036000000,0.0172000000,0.0112000000,0.0158000000,0.0092000000,0.0066000000,0.0067000000,0.0050000000,0.0087000000,-0.0001000000,0.0092000000,0.0090000000
2015-07-30,0.0062000000,-0.0028000000,0.0011000000,-0.0055000000,-0.0098000000,0.0013000000,0.0041000000,0.0030000000,0.0005000000,0.0013000000,0.0025000000,0.0008000000
2015-07-31,0.0027000000,-0.0049000000,-0.0008000000,-0.0289000000,-0.0032000000,-0.0037000000,0.0029000000,0.0055000000,0.0023000000,0.0073000000,-0.0052000000,0.0025000000
2015-08-03,0.0013000000,-0.0039000000,-0.0076000000,-0.0214000000,-0.0028000000,-0.0066000000,0.0044000000,-0.0018000000,-0.0028000000,-0.0004000000,-0.0002000000,-0.0035000000
2015-08-04,0.0048000000,-0.0008000000,-0.0017000000,-0.0040000000,0.0005000000,-0.0054000000,-0.0014000000,-0.0148000000,-0.0001000000,0.0011000000,-0.0006000000,0.0036000000
2015-08-05,0.0074000000,0.0051000000,0.0074000000,-0.0054000000,0.0034000000,0.0105000000,-0.0367000000,-0.0036000000,0.0093000000,0.0064000000,0.0049000000,0.0029000000
2015-08-06,-0.0074000000,-0.0115000000,-0.0037000000,0.0203000000,-0.0029000000,-0.0100000000,-0.0142000000,0.0042000000,-0.0155000000,-0.0239000000,-0.0071000000,-0.0056000000
2015-08-07,-0.0034000000,-0.0011000000,-0.0045000000,-0.0212000000,-0.0102000000,-0.0009000000,0.0018000000,0.0068000000,-0.0051000000,-0.0052000000,-0.0004000000,-0.0054000000
2015-08-10,0.0053000000,0.0135000000,0.0234000000,0.0356000000,0.0155000000,0.0152000000,0.0163000000,0.0025000000,0.0062000000,0.0080000000,0.0125000000,0.0118000000
2015-08-11,-0.0054000000,-0.0218000000,-0.0153000000,-0.0001000000,-0.0125000000,-0.0156000000,-0.0110000000,0.0055000000,-0.0029000000,-0.0096000000,-0.0116000000,-0.0090000000
2015-08-12,-0.0017000000,-0.0016000000,-0.0018000000,0.0194000000,0.0002000000,0.0039000000,-0.0013000000,0.0190000000,-0.0015000000,0.0039000000,-0.0096000000,-0.0007000000
2015-08-13,0.0001000000,0.0042000000,-0.0006000000,-0.0150000000,-0.0040000000,-0.0024000000,-0.0016000000,-0.0028000000,0.0023000000,-0.0040000000,0.0030000000,0.0000000000
2015-08-14,0.0046000000,0.0067000000,0.0061000000,-0.0038000000,0.0032000000,0.0054000000,-0.0014000000,0.0091000000,0.0045000000,0.0006000000,0.0075000000,0.0052000000
2015-08-17,0.0033000000,0.0070000000,0.0051000000,-0.0003000000,0.0014000000,0.0068000000,0.0139000000,0.0081000000,0.0048000000,0.0115000000,0.0031000000,0.0062000000
2015-08-18,-0.0033000000,0.0037000000,-0.0035000000,-0.0018000000,-0.0048000000,-0.0055000000,-0.0057000000,-0.0057000000,-0.0016000000,-0.0049000000,-0.0004000000,-0.0040000000
2015-08-19,-0.0082000000,-0.0078000000,-0.0105000000,-0.0306000000,-0.0134000000,-0.0081000000,-0.0026000000,-0.0001000000,-0.0052000000,-0.0045000000,-0.0094000000,-0.0082000000
2015-08-20,-0.0118000000,-0.0275000000,-0.0225000000,-0.0217000000,-0.0141000000,-0.0260000000,-0.0310000000,-0.0118000000,-0.0180000000,-0.0255000000,-0.0236000000,-0.0232000000
2015-08-21,-0.0229000000,-0.0327000000,-0.0274000000,-0.0378000000,-0.0237000000,-0.0372000000,-0.0183000000,-0.0136000000,-0.0334000000,-0.0269000000,-0.0297000000,-0.0267000000
2015-08-24,-0.0345000000,-0.0416000000,-0.0318000000,-0.0542000000,-0.0402000000,-0.0352000000,-0.0350000000,-0.0393000000,-0.0358000000,-0.0416000000,-0.0459000000,-0.0383000000
2015-08-25,-0.0103000000,-0.0110000000,-0.0135000000,-0.0125000000,-0.0146000000,-0.0097000000,-0.0094000000,-0.0278000000,-0.0062000000,-0.0106000000,-0.0129000000,-0.0131000000
2015-08-26,0.0283000000,0.0253000000,0.0301000000,0.0379000000,0.0285000000,0.0478000000,0.0294000000,0.0192000000,0.0385000000,0.0416000000,0.0376000000,0.0304000000
2015-08-27,0.0156000000,0.0267000000,0.0254000000,0.0514000000,0.0229000000,0.0223000000,0.0233000000,0.0181000000,0.0202000000,0.0203000000,0.0246000000,0.0289000000
2015-08-28,0.0028000000,0.0091000000,0.0057000000,0.0209000000,0.0020000000,0.0029000000,0.0021000000,0.0027000000,-0.0027000000,0.0004000000,-0.0022000000,0.0036000000
2015-08-31,-0.0047000000,0.0019000000,-0.0054000000,0.0140000000,-0.0063000000,-0.0087000000,-0.0061000000,-0.0131000000,-0.0071000000,-0.0210000000,-0.0038000000,-0.0093000000
2015-09-01,-0.0226000000,-0.0271000000,-0.0273000000,-0.0393000000,-0.0310000000,-0.0319000000,-0.0231000000,-0.0279000000,-0.0208000000,-0.0260000000,-0.0356000000,-0.0282000000
2015-09-02,0.0143000000,0.0174000000,0.0159000000,0.0112000000,0.0141000000,0.0249000000,0.0155000000,0.0013000000,0.0189000000,0.0234000000,0.0150000000,0.0193000000
2015-09-03,0.0087000000,0.0012000000,0.0037000000,0.0038000000,0.0062000000,-0.0004000000,0.0064000000,0.0038000000,0.0002000000,-0.0100000000,0.0059000000,0.0021000000
2015-09-04,-0.0147000000,-0.0145000000,-0.0135000000,-0.0179000000,-0.0191000000,-0.0136000000,-0.0113000000,-0.0143000000,-0.0113000000,-0.0108000000,-0.0163000000,-0.0136000000
2015-09-08,0.0174000000,0.0241000000,0.0232000000,0.0161000000,0.0232000000,0.0283000000,0.0222000000,0.0199000000,0.0237000000,0.0315000000,0.0266000000,0.0264000000
2015-09-09,-0.0170000000,-0.0055000000,-0.0130000000,-0.0208000000,-0.0117000000,-0.0120000000,-0.0128000000,-0.0134000000,-0.0127000000,-0.0177000000,-0.0114000000,-0.0101000000
2015-09-10,0.0027000000,0.0029000000,-0.0001000000,0.0082000000,-0.0031000000,0.0097000000,0.0007000000,-0.0036000000,0.0016000000,0.0123000000,0.0055000000,0.0014000000
2015-09-11,0.0040000000,0.0017000000,0.0024000000,-0.0079000000,-0.0009000000,0.0055000000,0.0023000000,0.0031000000,0.0096000000,0.0076000000,0.0032000000,0.0057000000
2015-09-14,-0.0046000000,0.0017000000,-0.0055000000,-0.0093000000,-0.0086000000,-0.0030000000,-0.0044000000,-0.0001000000,-0.0072000000,-0.0028000000,-0.0030000000,-0.0047000000
2015-09-15,0.0127000000,0.0179000000,0.0148000000,0.0106000000,0.0120000000,0.0130000000,0.0112000000,0.0078000000,0.0075000000,0.0119000000,0.0143000000,0.0141000000
2015-09-16,0.0149000000,0.0165000000,0.0109000000,0.0294000000,0.0127000000,0.0053000000,0.0020000000,0.0141000000,0.0084000000,0.0015000000,0.0057000000,0.0106000000
2015-09-17,0.0007000000,-0.0018000000,-0.0060000000,0.0012000000,-0.0017000000,-0.0050000000,0.0010000000,0.0106000000,0.0001000000,0.0137000000,-0.0134000000,-0.0015000000
2015-09-18,-0.0129000000,-0.0215000000,-0.0193000000,-0.0274000000,-0.0129000000,-0.0128000000,-0.0119000000,-0.0068000000,-0.0153000000,-0.0141000000,-0.0197000000,-0.0218000000
2015-09-21,0.0072000000,0.0014000000,0.0009000000,0.0051000000,0.0076000000,0.0073000000,0.0046000000,0.0052000000,0.0076000000,-0.0212000000,0.0111000000,0.0059000000
2015-09-22,-0.0129000000,-0.0256000000,-0.0158000000,-0.0106000000,-0.0127000000,-0.0157000000,-0.0084000000,-0.0126000000,-0.0103000000,-0.0087000000,-0.0121000000,-0.0157000000
2015-09-23,-0.0012000000,-0.0101000000,-0.0117000000,-0.0131000000,-0.0109000000,0.0001000000,-0.0068000000,-0.0044000000,0.0014000000,-0.0012000000,0.0019000000,-0.0052000000
2015-09-24,0.0006000000,-0.0058000000,-0.0054000000,0.0056000000,0.0026000000,-0.0007000000,-0.0074000000,0.0065000000,-0.0034000000,-0.0118000000,-0.0068000000,-0.0042000000
2015-09-25,0.0062000000,-0.0052000000,0.0045000000,0.0014000000,0.0065000000,-0.0038000000,-0.0012000000,0.0083000000,-0.0045000000,-0.0308000000,0.0086000000,0.0014000000
2015-09-28,-0.0175000000,-0.0266000000,-0.0200000000,-0.0322000000,-0.0278000000,-0.0232000000,-0.0232000000,-0.0167000000,-0.0260000000,-0.0419000000,-0.0269000000,-0.0247000000
2015-09-29,-0.0041000000,0.0047000000,0.0024000000,0.0052000000,0.0070000000,-0.0046000000,-0.0005000000,-0.0066000000,-0.0030000000,0.0034000000,0.0031000000,-0.0020000000
2015-09-30,0.0138000000,0.0215000000,0.0154000000,0.0251000000,0.0111000000,0.0221000000,0.0211000000,0.0223000000,0.0165000000,0.0233000000,0.0144000000,0.0178000000
2015-10-01,-0.0020000000,0.0014000000,-0.0053000000,0.0029000000,0.0069000000,-0.0014000000,0.0016000000,-0.0056000000,0.0037000000,0.0071000000,0.0013000000,0.0044000000
2015-10-02,0.0130000000,0.0181000000,0.0165000000,0.0406000000,0.0162000000,0.0163000000,0.0112000000,0.0204000000,0.0142000000,0.0230000000,0.0008000000,0.0115000000
2015-10-05,0.0185000000,0.0192000000,0.0258000000,0.0301000000,0.0221000000,0.0197000000,0.0201000000,0.0181000000,0.0149000000,0.0045000000,0.0209000000,0.0282000000
2015-10-06,-0.0053000000,0.0004000000,0.0001000000,0.0246000000,0.0070000000,0.0005000000,-0.0027000000,-0.0034000000,-0.0100000000,-0.0258000000,-0.0060000000,-0.0053000000
2015-10-07,0.0096000000,0.0161000000,0.0108000000,0.0112000000,0.0093000000,0.0059000000,0.0077000000,0.0021000000,0.0038000000,0.0181000000,0.0089000000,0.0159000000
2015-10-08,0.0135000000,0.0126000000,0.0158000000,0.0217000000,0.0140000000,0.0049000000,0.0115000000,0.0130000000,0.0041000000,0.0002000000,0.0046000000,0.0138000000
2015-10-09,0.0027000000,-0.0051000000,0.0013000000,-0.0087000000,-0.0007000000,0.0059000000,-0.0030000000,-0.0051000000,0.0035000000,0.0046000000,-0.0040000000,0.0041000000
2015-10-12,0.0021000000,-0.0039000000,-0.0025000000,-0.0118000000,-0.0032000000,0.0003000000,0.0022000000,0.0048000000,0.0052000000,-0.0008000000,0.0038000000,0.0004000000
2015-10-13,-0.0071000000,-0.0067000000,-0.0095000000,-0.0091000000,-0.0028000000,-0.0045000000,-0.0012000000,-0.0059000000,-0.0061000000,-0.0180000000,-0.0046000000,-0.0117000000
2015-10-14,-0.0056000000,-0.0049000000,-0.0093000000,0.0100000000,0.0040000000,-0.0023000000,-0.0066000000,0.0002000000,-0.0222000000,-0.0007000000,-0.0121000000,-0.0062000000
2015-10-15,0.0086000000,0.0093000000,0.0092000000,0.0180000000,0.0041000000,0.0123000000,0.0166000000,0.0157000000,0.0132000000,0.0301000000,0.0210000000,0.0119000000
2015-10-16,0.0110000000,-0.0002000000,-0.0035000000,0.0036000000,0.0055000000,0.0024000000,0.0034000000,0.0023000000,0.0057000000,0.0075000000,0.0031000000,-0.0009000000
2015-10-19,0.0032000000,0.0007000000,-0.0016000000,-0.0234000000,-0.0027000000,0.0029000000,0.0007000000,-0.0017000000,0.0035000000,0.0033000000,-0.0002000000,0.0010000000
2015-10-20,0.0007000000,-0.0051000000,0.0056000000,0.0008000000,-0.0020000000,-0.0036000000,0.0051000000,0.0024000000,-0.0041000000,-0.0176000000,0.0046000000,0.0033000000
2015-10-21,-0.0019000000,0.0038000000,-0.0011000000,-0.0132000000,-0.0055000000,-0.0088000000,-0.0097000000,-0.0059000000,-0.0056000000,-0.0043000000,-0.0120000000,-0.0068000000
2015-10-22,0.0202000000,0.0135000000,0.0224000000,0.0243000000,0.0236000000,0.0214000000,0.0181000000,0.0027000000,0.0132000000,-0.0018000000,0.0111000000,0.0174000000
2015-10-23,-0.0091000000,0.0079000000,0.0055000000,-0.0017000000,0.0127000000,0.0262000000,0.0060000000,-0.0161000000,0.0063000000,0.0189000000,0.0159000000,0.0054000000
2015-10-26,-0.0004000000,0.0027000000,-0.0040000000,-0.0237000000,-0.0006000000,-0.0033000000,0.0018000000,-0.0079000000,0.0043000000,0.0038000000,-0.0021000000,-0.0013000000
2015-10-27,-0.0049000000,-0.0249000000,-0.0073000000,-0.0134000000,-0.0039000000,-0.0058000000,-0.0087000000,-0.0055000000,-0.0009000000,0.0173000000,-0.0050000000,-0.0133000000
2015-10-28,0.0055000000,0.0194000000,0.0147000000,0.0235000000,0.0082000000,0.0171000000,0.0117000000,-0.0049000000,0.0045000000,0.0131000000,0.0265000000,0.0094000000
2015-10-29,0.0000000000,-0.0091000000,-0.0045000000,0.0049000000,0.0029000000,-0.0034000000,0.0045000000,-0.0045000000,0.0000000000,-0.0038000000,-0.0048000000,-0.0003000000
2015-10-30,-0.0057000000,0.0035000000,0.0017000000,0.0072000000,-0.0044000000,-0.0043000000,-0.0023000000,0.0063000000,-0.0034000000,-0.0041000000,-0.0141000000,-0.0038000000
2015-11-02,0.0020000000,0.0124000000,0.0136000000,0.0273000000,0.0081000000,0.0124000000,0.0066000000,-0.0002000000,0.0078000000,0.0249000000,0.0119000000,0.0122000000
2015-11-03,-0.0066000000,-0.0012000000,-0.0008000000,0.0270000000,0.0062000000,0.0048000000,0.0012000000,0.0054000000,0.0051000000,0.0000000000,0.0016000000,0.0010000000
2015-11-04,-0.0044000000,0.0047000000,-0.0024000000,-0.0089000000,-0.0057000000,0.0014000000,-0.0162000000,0.0011000000,-0.0007000000,-0.0010000000,-0.0029000000,-0.0029000000
2015-11-05,0.0043000000,0.0014000000,-0.0003000000,-0.0073000000,-0.0060000000,-0.0029000000,-0.0031000000,-0.0092000000,0.0049000000,-0.0068000000,0.0075000000,-0.0011000000
2015-11-06,-0.0107000000,-0.0004000000,-0.0008000000,-0.0045000000,-0.0031000000,0.0048000000,0.0012000000,-0.0317000000,-0.0010000000,-0.0012000000,0.0171000000,0.0031000000
2015-11-09,-0.0076000000,-0.0121000000,-0.0133000000,-0.0103000000,-0.0048000000,-0.0115000000,-0.0056000000,-0.0006000000,-0.0118000000,-0.0059000000,-0.0100000000,-0.0116000000
2015-11-10,0.0016000000,-0.0037000000,-0.0010000000,0.0035000000,0.0007000000,-0.0065000000,0.0022000000,0.0076000000,0.0057000000,0.0042000000,0.0037000000,0.0049000000
2015-11-11,0.0001000000,-0.0004000000,-0.0045000000,-0.0205000000,0.0019000000,-0.0006000000,0.0015000000,0.0016000000,-0.0105000000,-0.0106000000,-0.0050000000,0.0020000000
2015-11-12,-0.0136000000,-0.0191000000,-0.0181000000,-0.0251000000,-0.0184000000,-0.0091000000,-0.0039000000,-0.0151000000,-0.0120000000,-0.0180000000,-0.0174000000,-0.0167000000
2015-11-13,-0.0097000000,-0.0141000000,-0.0054000000,-0.0047000000,0.0032000000,-0.0190000000,-0.0119000000,-0.0036000000,-0.0242000000,-0.0006000000,-0.0079000000,-0.0066000000
2015-11-16,0.0136000000,0.0168000000,0.0150000000,0.0348000000,0.0131000000,0.0136000000,0.0148000000,0.0211000000,0.0142000000,0.0078000000,0.0124000000,0.0074000000
2015-11-17,-0.0072000000,-0.0011000000,-0.0047000000,-0.0105000000,-0.0029000000,0.0003000000,-0.0006000000,-0.0179000000,0.0077000000,0.0048000000,-0.0020000000,-0.0008000000
2015-11-18,0.0150000000,0.0260000000,0.0166000000,0.0153000000,0.0143000000,0.0162000000,0.0112000000,0.0106000000,0.0152000000,0.0199000000,0.0175000000,0.0153000000
2015-11-19,0.0064000000,0.0004000000,0.0036000000,-0.0135000000,0.0004000000,0.0045000000,0.0008000000,0.0049000000,-0.0037000000,-0.0125000000,-0.0047000000,0.0021000000
2015-11-20,-0.0034000000,0.0043000000,0.0061000000,-0.0104000000,-0.0033000000,0.0076000000,0.0015000000,0.0009000000,0.0087000000,0.0044000000,0.0027000000,0.0046000000
2015-11-23,0.0108000000,-0.0016000000,-0.0015000000,0.0076000000,0.0035000000,-0.0042000000,-0.0065000000,-0.0054000000,0.0067000000,0.0019000000,-0.0025000000,-0.0029000000
2015-11-24,0.0032000000,0.0035000000,0.0050000000,0.0237000000,0.0063000000,0.0007000000,-0.0031000000,0.0022000000,0.0019000000,-0.0002000000,-0.0011000000,-0.0015000000
2015-11-25,0.0049000000,0.0082000000,0.0015000000,-0.0071000000,-0.0057000000,-0.0022000000,0.0000000000,-0.0065000000,0.0058000000,0.0069000000,0.0009000000,-0.0012000000
2015-11-27,0.0024000000,0.0007000000,0.0010000000,-0.0081000000,-0.0008000000,0.0019000000,-0.0039000000,0.0000000000,0.0005000000,0.0026000000,0.0031000000,0.0012000000
2015-11-30,-0.0096000000,-0.0042000000,-0.0040000000,0.0049000000,-0.0039000000,-0.0005000000,-0.0049000000,0.0012000000,-0.0086000000,-0.0140000000,-0.0023000000,-0.0078000000
2015-12-01,0.0076000000,0.0077000000,0.0042000000,0.0093000000,0.0074000000,0.0100000000,0.0098000000,0.0033000000,0.0067000000,0.0135000000,0.0117000000,0.0127000000
2015-12-02,-0.0057000000,-0.0148000000,-0.0101000000,-0.0311000000,-0.0079000000,-0.0062000000,-0.0135000000,-0.0258000000,-0.0052000000,-0.0095000000,-0.0098000000,-0.0096000000
2015-12-03,-0.0113000000,-0.0163000000,-0.0130000000,-0.0173000000,-0.0052000000,-0.0141000000,-0.0139000000,-0.0154000000,-0.0096000000,-0.0256000000,-0.0159000000,-0.0146000000
2015-12-04,0.0217000000,0.0115000000,0.0133000000,-0.0023000000,0.0181000000,0.0216000000,0.0199000000,0.0012000000,0.0186000000,0.0241000000,0.0249000000,0.0164000000
2015-12-07,0.0003000000,-0.0070000000,-0.0082000000,-0.0380000000,-0.0052000000,-0.0067000000,0.0017000000,-0.0068000000,-0.0018000000,-0.0096000000,-0.0115000000,-0.0092000000
2015-12-08,-0.0014000000,-0.0127000000,-0.0122000000,-0.0118000000,-0.0130000000,-0.0022000000,-0.0111000000,-0.0024000000,-0.0006000000,0.0056000000,-0.0123000000,-0.0144000000
2015-12-09,-0.0102000000,-0.0070000000,-0.0053000000,0.0096000000,0.0195000000,-0.0146000000,-0.0107000000,0.0070000000,-0.0107000000,-0.0126000000,-0.0115000000,-0.0051000000
2015-12-10,-0.0008000000,0.0019000000,0.0044000000,0.0091000000,-0.0062000000,0.0026000000,0.0038000000,-0.0129000000,0.0035000000,0.0086000000,0.0033000000,0.0040000000
2015-12-11,-0.0144000000,-0.0260000000,-0.0168000000,-0.0350000000,-0.0184000000,-0.0201000000,-0.0234000000,-0.0102000000,-0.0168000000,-0.0200000000,-0.0241000000,-0.0180000000
2015-12-14,0.0054000000,-0.0028000000,0.0011000000,0.0076000000,-0.0065000000,0.0050000000,0.0003000000,0.0001000000,0.0077000000,0.0040000000,-0.0007000000,0.0000000000
2015-12-15,0.0089000000,0.0097000000,0.0004000000,0.0291000000,0.0092000000,0.0041000000,0.0119000000,0.0083000000,-0.0006000000,0.0173000000,0.0235000000,0.0117000000
2015-12-16,0.0183000000,0.0266000000,0.0137000000,-0.0070000000,0.0149000000,0.0140000000,0.0189000000,0.0230000000,0.0153000000,0.0152000000,0.0151000000,0.0173000000
2015-12-17,-0.0125000000,-0.0222000000,-0.0155000000,-0.0244000000,-0.0140000000,-0.0148000000,-0.0137000000,-0.0040000000,-0.0145000000,-0.0135000000,-0.0146000000,-0.0154000000
2015-12-18,-0.0166000000,-0.0131000000,-0.0147000000,-0.0140000000,-0.0210000000,-0.0183000000,-0.0187000000,-0.0131000000,-0.0102000000,-0.0131000000,-0.0241000000,-0.0182000000
2015-12-21,0.0083000000,0.0060000000,0.0099000000,-0.0042000000,0.0091000000,0.0090000000,0.0038000000,0.0017000000,0.0081000000,0.0077000000,0.0089000000,0.0067000000
2015-12-22,0.0113000000,0.0143000000,0.0134000000,0.0114000000,0.0114000000,0.0071000000,0.0084000000,0.0094000000,0.0088000000,0.0054000000,0.0076000000,0.0109000000
2015-12-23,0.0108000000,0.0167000000,0.0124000000,0.0460000000,0.0145000000,0.0076000000,0.0075000000,0.0222000000,0.0074000000,0.0128000000,0.0128000000,0.0130000000
2015-12-24,-0.0025000000,-0.0017000000,-0.0018000000,-0.0089000000,-0.0025000000,-0.0005000000,-0.0010000000,-0.0022000000,-0.0019000000,0.0013000000,-0.0001000000,0.0004000000
2015-12-28,-0.0016000000,-0.0051000000,-0.0030000000,-0.0213000000,-0.0024000000,-0.0001000000,0.0016000000,0.0001000000,0.0007000000,-0.0054000000,-0.0025000000,-0.0041000000
2015-12-29,0.0086000000,0.0080000000,0.0097000000,0.0087000000,0.0083000000,0.0131000000,0.0060000000,0.0046000000,0.0120000000,0.0129000000,0.0104000000,0.0088000000
2015-12-30,-0.0047000000,-0.0052000000,-0.0063000000,-0.0152000000,-0.0075000000,-0.0078000000,-0.0094000000,-0.0043000000,-0.0050000000,-0.0048000000,-0.0086000000,-0.0087000000
2015-12-31,-0.0105000000,-0.0083000000,-0.0101000000,0.0033000000,-0.0090000000,-0.0131000000,-0.0064000000,-0.0065000000,-0.0104000000,-0.0094000000,-0.0095000000,-0.0063000000
2016-01-04,-0.0131000000,-0.0179000000,-0.0117000000,-0.0035000000,-0.0191000000,-0.0157000000,-0.0115000000,0.0001000000,-0.0169000000,-0.0234000000,-0.0209000000,-0.0184000000
2016-01-05,0.0069000000,-0.0123000000,0.0006000000,0.0044000000,0.0010000000,-0.0040000000,0.0012000000,0.0079000000,0.0039000000,0.0048000000,0.0003000000,0.0018000000
2016-01-06,-0.0025000000,-0.0283000000,-0.0177000000,-0.0372000000,-0.0194000000,-0.0128000000,-0.0028000000,-0.0087000000,-0.0096000000,-0.0108000000,-0.0168000000,-0.0116000000
2016-01-07,-0.0160000000,-0.0318000000,-0.0278000000,-0.0230000000,-0.0215000000,-0.0309000000,-0.0117000000,-0.0113000000,-0.0151000000,-0.0246000000,-0.0289000000,-0.0296000000
2016-01-08,-0.0066000000,-0.0147000000,-0.0141000000,-0.0133000000,-0.0092000000,-0.0086000000,-0.0007000000,0.0020000000,-0.0140000000,-0.0146000000,-0.0163000000,-0.0116000000
2016-01-11,0.0066000000,0.0025000000,-0.0009000000,-0.0224000000,-0.0030000000,0.0039000000,0.0028000000,0.0005000000,0.0062000000,-0.0150000000,0.0019000000,-0.0001000000
2016-01-12,0.0073000000,0.0045000000,0.0050000000,0.0060000000,0.0033000000,0.0115000000,0.0038000000,-0.0095000000,0.0069000000,0.0089000000,0.0086000000,0.0058000000
2016-01-13,-0.0181000000,-0.0328000000,-0.0217000000,-0.0187000000,-0.0178000000,-0.0283000000,-0.0215000000,-0.0066000000,-0.0320000000,-0.0337000000,-0.0293000000,-0.0305000000
2016-01-14,0.0021000000,0.0060000000,0.0092000000,0.0434000000,0.0098000000,0.0190000000,0.0166000000,0.0243000000,0.0088000000,0.0293000000,0.0123000000,0.0146000000
2016-01-15,-0.0157000000,-0.0214000000,-0.0199000000,-0.0274000000,-0.0186000000,-0.0289000000,-0.0250000000,-0.0149000000,-0.0170000000,-0.0140000000,-0.0247000000,-0.0158000000
2016-01-19,0.0074000000,-0.0064000000,-0.0041000000,-0.0263000000,0.0028000000,-0.0023000000,0.0054000000,0.0101000000,0.0038000000,-0.0083000000,-0.0039000000,0.0002000000
2016-01-20,-0.0127000000,-0.0045000000,-0.0070000000,-0.0296000000,-0.0063000000,-0.0058000000,-0.0140000000,-0.0212000000,-0.0111000000,0.0060000000,-0.0137000000,-0.0097000000
2016-01-21,0.0034000000,0.0072000000,0.0068000000,0.0292000000,0.0085000000,0.0022000000,0.0145000000,0.0082000000,0.0109000000,-0.0056000000,-0.0049000000,0.0057000000
2016-01-22,0.0178000000,0.0097000000,0.0149000000,0.0383000000,0.0155000000,0.0275000000,0.0265000000,0.0289000000,0.0173000000,0.0187000000,0.0174000000,0.0099000000
2016-01-25,-0.0076000000,-0.0138000000,-0.0210000000,-0.0479000000,-0.0187000000,-0.0151000000,-0.0126000000,-0.0154000000,-0.0089000000,-0.0105000000,-0.0251000000,-0.0174000000
2016-01-26,0.0105000000,0.0185000000,0.0253000000,0.0395000000,0.0172000000,0.0094000000,0.0207000000,0.0138000000,0.0118000000,0.0093000000,0.0165000000,0.0177000000
2016-01-27,-0.0018000000,-0.0129000000,-0.0131000000,-0.0043000000,-0.0067000000,-0.0237000000,-0.0069000000,-0.0026000000,-0.0096000000,-0.0123000000,-0.0040000000,-0.0110000000
2016-01-28,0.0145000000,-0.0035000000,0.0072000000,0.0295000000,0.0088000000,0.0117000000,-0.0019000000,0.0195000000,0.0077000000,-0.0245000000,-0.0005000000,-0.0010000000
2016-01-29,0.0204000000,0.0228000000,0.0279000000,0.0261000000,0.0269000000,0.0329000000,0.0226000000,0.0225000000,0.0124000000,0.0163000000,0.0327000000,0.0308000000
2016-02-01,0.0005000000,0.0083000000,-0.0027000000,-0.0189000000,-0.0012000000,0.0011000000,0.0063000000,0.0048000000,0.0051000000,0.0025000000,-0.0046000000,-0.0015000000
2016-02-02,-0.0120000000,-0.0312000000,-0.0188000000,-0.0331000000,-0.0064000000,-0.0211000000,-0.0210000000,-0.0003000000,-0.0167000000,-0.0163000000,-0.0275000000,-0.0255000000
2016-02-03,-0.0029000000,-0.0094000000,0.0151000000,0.0398000000,0.0219000000,-0.0022000000,0.0199000000,0.0164000000,-0.0124000000,0.0083000000,-0.0006000000,0.0073000000
2016-02-04,-0.0088000000,0.0127000000,0.0128000000,-0.0007000000,0.0049000000,0.0028000000,0.0004000000,-0.0037000000,-0.0040000000,-0.0035000000,0.0082000000,0.0163000000
2016-02-05,-0.0070000000,-0.0174000000,-0.0117000000,-0.0227000000,-0.0043000000,-0.0363000000,-0.0096000000,0.0001000000,-0.0259000000,-0.0229000000,-0.0152000000,-0.0201000000
2016-02-08,-0.0076000000,-0.0130000000,-0.0133000000,0.0033000000,-0.0084000000,-0.0155000000,-0.0167000000,-0.0100000000,-0.0160000000,-0.0146000000,-0.0283000000,-0.0120000000
2016-02-09,0.0065000000,-0.0073000000,0.0002000000,-0.0215000000,0.0080000000,-0.0033000000,-0.0152000000,0.0011000000,-0.0005000000,0.0035000000,0.0027000000,0.0056000000
2016-02-10,-0.0026000000,-0.0031000000,-0.0034000000,-0.0064000000,-0.0088000000,0.0033000000,-0.0137000000,0.0005000000,0.0059000000,0.0070000000,-0.0019000000,0.0020000000
2016-02-11,-0.0066000000,-0.0125000000,-0.0213000000,-0.0054000000,-0.0206000000,-0.0019000000,0.0027000000,-0.0171000000,-0.0030000000,-0.0146000000,-0.0305000000,-0.0152000000
2016-02-12,0.0144000000,0.0279000000,0.0181000000,0.0245000000,0.0210000000,0.0119000000,0.0132000000,0.0023000000,0.0188000000,0.0137000000,0.0412000000,0.0277000000
2016-02-16,0.0131000000,0.0269000000,0.0197000000,0.0049000000,0.0109000000,0.0218000000,0.0139000000,0.0082000000,0.0187000000,0.0196000000,0.0203000000,0.0206000000
2016-02-17,0.0105000000,0.0312000000,0.0197000000,0.0293000000,0.0158000000,0.0243000000,0.0140000000,0.0055000000,0.0145000000,0.0150000000,0.0133000000,0.0169000000
2016-02-18,0.0008000000,-0.0051000000,-0.0010000000,-0.0137000000,-0.0039000000,-0.0056000000,0.0011000000,0.0158000000,-0.0092000000,-0.0072000000,-0.0095000000,-0.0049000000
2016-02-19,-0.0006000000,-0.0057000000,-0.0043000000,-0.0029000000,-0.0036000000,0.0035000000,-0.0034000000,-0.0084000000,0.0045000000,0.0026000000,0.0015000000,0.0011000000
2016-02-22,0.0066000000,0.0311000000,0.0183000000,0.0237000000,0.0082000000,0.0129000000,0.0136000000,0.0119000000,0.0157000000,0.0101000000,0.0171000000,0.0170000000
2016-02-23,-0.0010000000,-0.0111000000,-0.0092000000,-0.0334000000,-0.0157000000,-0.0165000000,-0.0065000000,-0.0032000000,-0.0010000000,-0.0111000000,-0.0189000000,-0.0100000000
2016-02-24,0.0048000000,-0.0061000000,0.0056000000,0.0103000000,0.0042000000,0.0087000000,0.0091000000,0.0067000000,0.0080000000,0.0061000000,-0.0022000000,0.0024000000
2016-02-25,0.0126000000,0.0191000000,0.0131000000,0.0035000000,0.0129000000,0.0116000000,0.0065000000,0.0078000000,0.0098000000,0.0096000000,0.0135000000,0.0118000000
2016-02-26,-0.0120000000,0.0089000000,0.0052000000,0.0053000000,0.0021000000,-0.0009000000,-0.0028000000,-0.0239000000,-0.0033000000,-0.0014000000,0.0089000000,0.0026000000
2016-02-29,-0.0023000000,-0.0012000000,-0.0036000000,-0.0117000000,-0.0093000000,-0.0054000000,-0.0013000000,0.0033000000,-0.0060000000,-0.0149000000,-0.0149000000,-0.0004000000
2016-03-01,0.0111000000,0.0237000000,0.0167000000,0.0216000000,0.0207000000,0.0297000000,0.0194000000,-0.0023000000,0.0197000000,0.0267000000,0.0349000000,0.0230000000
2016-03-02,-0.0014000000,0.0077000000,0.0046000000,0.0267000000,0.0025000000,0.0033000000,0.0045000000,0.0097000000,-0.0001000000,0.0040000000,0.0091000000,0.0042000000
2016-03-03,0.0098000000,0.0219000000,0.0074000000,0.0147000000,0.0052000000,0.0010000000,0.0107000000,0.0075000000,0.0017000000,-0.0041000000,0.0077000000,0.0075000000
2016-03-04,0.0057000000,0.0069000000,0.0057000000,0.0115000000,0.0105000000,0.0018000000,-0.0016000000,0.0094000000,0.0009000000,-0.0007000000,0.0036000000,0.0059000000
2016-03-07,-0.0050000000,0.0069000000,0.0050000000,0.0255000000,0.0009000000,-0.0043000000,0.0056000000,0.0073000000,-0.0010000000,0.0111000000,-0.0013000000,0.0017000000
2016-03-08,-0.0006000000,-0.0236000000,-0.0149000000,-0.0398000000,-0.0098000000,-0.0091000000,-0.0084000000,0.0004000000,-0.0030000000,-0.0163000000,-0.0190000000,-0.0163000000
2016-03-09,0.0076000000,0.0062000000,0.0019000000,0.0192000000,0.0037000000,0.0090000000,0.0021000000,0.0061000000,0.0031000000,-0.0017000000,0.0000000000,0.0069000000
2016-03-10,0.0038000000,-0.0052000000,0.0003000000,-0.0008000000,-0.0029000000,-0.0028000000,-0.0033000000,-0.0004000000,-0.0003000000,-0.0029000000,0.0010000000,-0.0020000000
2016-03-11,0.0067000000,0.0197000000,0.0160000000,0.0219000000,0.0106000000,0.0175000000,0.0096000000,0.0056000000,0.0128000000,0.0201000000,0.0268000000,0.0175000000
2016-03-14,-0.0024000000,0.0048000000,0.0008000000,-0.0065000000,-0.0069000000,-0.0002000000,0.0004000000,0.0004000000,0.0028000000,-0.0030000000,-0.0039000000,-0.0015000000
2016-03-15,-0.0011000000,-0.0024000000,-0.0040000000,0.0003000000,-0.0025000000,0.0010000000,-0.0020000000,-0.0005000000,-0.0026000000,-0.0180000000,-0.0041000000,-0.0037000000
2016-03-16,0.0028000000,0.0198000000,0.0120000000,0.0173000000,0.0076000000,0.0112000000,0.0114000000,0.0136000000,0.0032000000,-0.0029000000,-0.0029000000,0.0069000000
2016-03-17,0.0094000000,0.0112000000,0.0187000000,0.0152000000,0.0190000000,0.0046000000,0.0080000000,0.0107000000,-0.0024000000,-0.0086000000,0.0087000000,0.0181000000
2016-03-18,-0.0034000000,0.0075000000,0.0049000000,0.0027000000,0.0035000000,0.0045000000,-0.0063000000,-0.0057000000,0.0031000000,0.0153000000,0.0144000000,0.0076000000
2016-03-21,-0.0009000000,0.0019000000,0.0039000000,-0.0051000000,0.0005000000,0.0022000000,-0.0001000000,-0.0037000000,0.0008000000,0.0072000000,-0.0009000000,0.0000000000
2016-03-22,-0.0080000000,-0.0050000000,-0.0017000000,-0.0017000000,-0.0031000000,0.0012000000,-0.0027000000,-0.0016000000,-0.0016000000,0.0131000000,-0.0029000000,-0.0033000000
2016-03-23,-0.0010000000,-0.0224000000,-0.0134000000,-0.0234000000,-0.0027000000,-0.0088000000,-0.0095000000,0.0009000000,-0.0025000000,-0.0126000000,-0.0069000000,-0.0096000000
2016-03-24,-0.0011000000,-0.0018000000,-0.0020000000,0.0068000000,-0.0010000000,0.0009000000,0.0057000000,0.0037000000,0.0031000000,0.0001000000,-0.0062000000,-0.0015000000
2016-03-28,0.0064000000,0.0039000000,0.0013000000,-0.0043000000,0.0019000000,-0.0025000000,0.0047000000,-0.0036000000,0.0029000000,-0.0031000000,0.0004000000,0.0033000000
2016-03-29,0.0103000000,0.0117000000,0.0094000000,0.0047000000,0.0051000000,0.0167000000,0.0100000000,0.0148000000,0.0098000000,0.0146000000,0.0021000000,0.0114000000
2016-03-30,0.0048000000,0.0009000000,0.0027000000,0.0007000000,0.0038000000,0.0061000000,0.0014000000,-0.0013000000,0.0070000000,-0.0012000000,0.0081000000,0.0032000000
2016-03-31,-0.0044000000,0.0089000000,-0.0035000000,-0.0008000000,-0.0065000000,-0.0005000000,0.0008000000,0.0051000000,-0.0030000000,0.0033000000,-0.0033000000,-0.0014000000
2016-04-01,0.0118000000,-0.0083000000,0.0033000000,-0.0124000000,0.0116000000,0.0071000000,0.0045000000,0.0015000000,0.0076000000,0.0159000000,0.0082000000,0.0013000000
2016-04-04,-0.0036000000,-0.0126000000,-0.0100000000,-0.0074000000,-0.0058000000,-0.0043000000,0.0005000000,-0.0044000000,-0.0055000000,0.0092000000,-0.0046000000,-0.0109000000
2016-04-05,-0.0075000000,-0.0034000000,-0.0052000000,-0.0072000000,-0.0043000000,-0.0108000000,-0.0088000000,-0.0188000000,-0.0088000000,-0.0016000000,-0.0162000000,-0.0086000000
2016-04-06,0.0088000000,0.0123000000,0.0071000000,0.0227000000,0.0071000000,0.0110000000,0.0070000000,0.0026000000,0.0110000000,0.0306000000,0.0073000000,0.0035000000
2016-04-07,-0.0063000000,-0.0199000000,-0.0061000000,-0.0054000000,-0.0102000000,-0.0142000000,-0.0148000000,0.0002000000,-0.0147000000,-0.0099000000,-0.0221000000,-0.0097000000
2016-04-08,0.0052000000,0.0009000000,0.0049000000,0.0211000000,0.0049000000,0.0005000000,0.0022000000,0.0074000000,-0.0012000000,-0.0042000000,0.0028000000,0.0060000000
2016-04-11,-0.0069000000,0.0043000000,-0.0008000000,-0.0040000000,-0.0015000000,-0.0033000000,-0.0051000000,-0.0032000000,-0.0049000000,-0.0074000000,0.0043000000,-0.0019000000
2016-04-12,0.0069000000,0.0067000000,0.0094000000,0.0292000000,0.0084000000,0.0055000000,0.0079000000,0.0123000000,0.0078000000,0.0101000000,0.0144000000,0.0087000000
2016-04-13,-0.0064000000,0.0279000000,0.0166000000,0.0021000000,0.0043000000,0.0156000000,0.0044000000,-0.0055000000,0.0105000000,0.0118000000,0.0277000000,0.0154000000
2016-04-14,-0.0063000000,-0.0006000000,-0.0016000000,0.0052000000,0.0014000000,-0.0013000000,-0.0022000000,-0.0027000000,0.0003000000,0.0031000000,0.0044000000,0.0001000000
2016-04-15,0.0058000000,-0.0025000000,0.0023000000,-0.0121000000,0.0040000000,-0.0034000000,0.0023000000,0.0043000000,0.0055000000,-0.0007000000,-0.0040000000,0.0003000000
2016-04-18,0.0043000000,0.0107000000,0.0048000000,0.0166000000,0.0035000000,0.0044000000,0.0083000000,0.0044000000,0.0068000000,0.0090000000,0.0070000000,0.0032000000
2016-04-19,0.0017000000,0.0057000000,0.0055000000,0.0171000000,0.0108000000,-0.0064000000,0.0050000000,0.0061000000,-0.0034000000,0.0002000000,0.0115000000,0.0048000000
2016-04-20,-0.0125000000,0.0057000000,-0.0008000000,0.0084000000,-0.0096000000,0.0024000000,-0.0030000000,-0.0208000000,0.0010000000,0.0041000000,0.0143000000,0.0007000000
2016-04-21,-0.0155000000,-0.0009000000,-0.0024000000,-0.0041000000,-0.0084000000,0.0003000000,-0.0095000000,-0.0211000000,-0.0076000000,0.0077000000,-0.0060000000,-0.0088000000
2016-04-22,0.0077000000,0.0021000000,0.0034000000,0.0164000000,0.0063000000,-0.0142000000,0.0087000000,0.0096000000,-0.0037000000,0.0027000000,0.0080000000,0.0024000000
2016-04-25,0.0051000000,-0.0063000000,-0.0081000000,-0.0100000000,-0.0003000000,-0.0015000000,0.0050000000,-0.0005000000,0.0028000000,-0.0025000000,-0.0058000000,-0.0069000000
2016-04-26,0.0007000000,0.0146000000,0.0093000000,0.0153000000,0.0001000000,-0.0026000000,-0.0009000000,0.0044000000,0.0034000000,-0.0054000000,0.0080000000,0.0076000000
2016-04-27,0.0043000000,0.0002000000,0.0106000000,0.0161000000,0.0026000000,-0.0066000000,0.0074000000,0.0149000000,0.0011000000,-0.0017000000,0.0008000000,0.0043000000
2016-04-28,0.0018000000,-0.0073000000,-0.0129000000,-0.0146000000,-0.0025000000,-0.0137000000,-0.0059000000,-0.0033000000,-0.0149000000,-0.0047000000,-0.0116000000,-0.0084000000
2016-04-29,0.0041000000,-0.0127000000,-0.0025000000,-0.0033000000,-0.0054000000,-0.0074000000,-0.0053000000,0.0056000000,0.0021000000,-0.0167000000,-0.0062000000,-0.0060000000
2016-05-02,0.0093000000,0.0036000000,0.0036000000,0.0022000000,0.0078000000,0.0071000000,0.0094000000,0.0054000000,0.0138000000,0.0067000000,0.0094000000,0.0071000000
2016-05-03,-0.0061000000,-0.0154000000,-0.0113000000,-0.0252000000,-0.0097000000,-0.0085000000,-0.0100000000,-0.0021000000,-0.0069000000,-0.0068000000,-0.0149000000,-0.0123000000
2016-05-04,-0.0003000000,-0.0169000000,-0.0099000000,-0.0138000000,-0.0009000000,-0.0062000000,-0.0006000000,0.0105000000,-0.0008000000,-0.0121000000,-0.0118000000,-0.0101000000
2016-05-05,-0.0016000000,-0.0072000000,-0.0018000000,0.0094000000,-0.0051000000,0.0001000000,0.0011000000,-0.0006000000,-0.0072000000,0.0046000000,-0.0023000000,-0.0039000000
2016-05-06,0.0059000000,0.0080000000,0.0065000000,-0.0013000000,0.0088000000,0.0069000000,0.0052000000,-0.0063000000,0.0042000000,-0.0038000000,0.0024000000,0.0078000000
2016-05-09,0.0046000000,-0.0065000000,-0.0080000000,-0.0119000000,-0.0057000000,-0.0001000000,-0.0033000000,0.0038000000,0.0094000000,0.0118000000,-0.0017000000,-0.0049000000
2016-05-10,0.0134000000,0.0153000000,0.0165000000,0.0196000000,0.0114000000,0.0139000000,0.0135000000,0.0032000000,0.0071000000,0.0066000000,0.0149000000,0.0156000000
2016-05-11,-0.0101000000,-0.0091000000,-0.0073000000,0.0025000000,-0.0045000000,-0.0058000000,-0.0114000000,0.0026000000,-0.0191000000,-0.0127000000,-0.0097000000,-0.0110000000
2016-05-12,0.0080000000,-0.0016000000,0.0020000000,0.0037000000,0.0018000000,-0.0040000000,-0.0019000000,0.0044000000,0.0019000000,-0.0065000000,-0.0017000000,-0.0062000000
2016-05-13,-0.0096000000,-0.0124000000,-0.0119000000,-0.0129000000,-0.0138000000,-0.0028000000,-0.0077000000,-0.0032000000,-0.0125000000,-0.0005000000,-0.0119000000,-0.0107000000
2016-05-16,0.0038000000,0.0078000000,0.0109000000,0.0159000000,0.0111000000,0.0138000000,-0.0006000000,0.0042000000,0.0097000000,0.0153000000,0.0071000000,0.0086000000
2016-05-17,-0.0170000000,-0.0077000000,-0.0085000000,0.0024000000,-0.0079000000,-0.0100000000,-0.0072000000,-0.0126000000,-0.0157000000,-0.0129000000,-0.0059000000,-0.0042000000
2016-05-18,-0.0098000000,0.0005000000,-0.0071000000,-0.0070000000,-0.0105000000,0.0046000000,-0.0089000000,-0.0192000000,-0.0058000000,0.0038000000,0.0245000000,-0.0009000000
2016-05-19,0.0032000000,-0.0093000000,-0.0071000000,-0.0003000000,0.0018000000,-0.0060000000,-0.0050000000,0.0094000000,0.0094000000,-0.0090000000,-0.0098000000,-0.0060000000
2016-05-20,-0.0024000000,0.0109000000,0.0070000000,0.0035000000,0.0026000000,0.0120000000,0.0099000000,0.0044000000,0.0040000000,0.0108000000,0.0079000000,0.0093000000
2016-05-23,0.0027000000,-0.0048000000,-0.0001000000,-0.0020000000,0.0057000000,-0.0010000000,-0.0051000000,-0.0091000000,-0.0059000000,-0.0014000000,-0.0023000000,-0.0019000000
2016-05-24,0.0111000000,0.0185000000,0.0139000000,0.0052000000,0.0087000000,0.0201000000,0.0088000000,0.0106000000,0.0113000000,0.0167000000,0.0169000000,0.0134000000
2016-05-25,0.0012000000,0.0133000000,0.0083000000,0.0146000000,0.0057000000,0.0074000000,0.0044000000,-0.0005000000,0.0046000000,0.0067000000,0.0118000000,0.0058000000
2016-05-26,0.0033000000,-0.0022000000,-0.0012000000,-0.0046000000,-0.0063000000,0.0024000000,0.0028000000,0.0093000000,0.0053000000,-0.0020000000,-0.0060000000,-0.0035000000
2016-05-27,0.0023000000,0.0033000000,0.0034000000,0.0009000000,0.0029000000,0.0054000000,0.0076000000,0.0026000000,0.0027000000,0.0055000000,0.0082000000,0.0051000000
2016-05-31,-0.0039000000,0.0020000000,-0.0031000000,-0.0056000000,-0.0075000000,0.0020000000,0.0027000000,0.0061000000,0.0011000000,0.0040000000,-0.0021000000,-0.0010000000
2016-06-01,0.0057000000,-0.0122000000,0.0019000000,0.0036000000,0.0083000000,-0.0004000000,-0.0024000000,0.0045000000,0.0011000000,0.0022000000,0.0039000000,0.0012000000
2016-06-02,0.0017000000,0.0064000000,0.0034000000,-0.0037000000,0.0050000000,-0.0004000000,0.0054000000,0.0003000000,0.0073000000,0.0127000000,0.0037000000,0.0014000000
2016-06-03,0.0066000000,-0.0125000000,-0.0004000000,-0.0046000000,0.0044000000,-0.0041000000,-0.0005000000,0.0145000000,-0.0038000000,-0.0061000000,-0.0155000000,-0.0023000000
2016-06-06,-0.0006000000,0.0108000000,0.0121000000,0.0176000000,0.0080000000,0.0047000000,0.0000000000,0.0015000000,0.0004000000,0.0068000000,0.0094000000,0.0065000000
2016-06-07,0.0000000000,0.0153000000,0.0031000000,0.0235000000,0.0003000000,0.0013000000,0.0049000000,0.0001000000,0.0022000000,-0.0088000000,-0.0046000000,0.0038000000
2016-06-08,0.0065000000,0.0047000000,0.0068000000,-0.0021000000,0.0037000000,0.0037000000,-0.0008000000,0.0045000000,0.0036000000,0.0028000000,0.0039000000,0.0064000000
2016-06-09,0.0054000000,-0.0101000000,-0.0021000000,-0.0059000000,-0.0020000000,-0.0010000000,-0.0010000000,0.0089000000,-0.0025000000,-0.0047000000,-0.0097000000,-0.0022000000
2016-06-10,-0.0037000000,-0.0196000000,-0.0117000000,-0.0215000000,-0.0019000000,-0.0114000000,-0.0043000000,-0.0071000000,-0.0065000000,-0.0095000000,-0.0150000000,-0.0117000000
2016-06-13,-0.0104000000,-0.0088000000,-0.0120000000,-0.0025000000,-0.0098000000,-0.0085000000,-0.0039000000,-0.0023000000,-0.0064000000,-0.0091000000,-0.0110000000,-0.0095000000
2016-06-14,-0.0001000000,-0.0083000000,-0.0012000000,0.0000000000,-0.0003000000,0.0011000000,0.0045000000,0.0048000000,-0.0011000000,0.0013000000,-0.0155000000,-0.0010000000
2016-06-15,0.0009000000,0.0067000000,0.0005000000,-0.0032000000,-0.0033000000,-0.0020000000,-0.0006000000,-0.0051000000,0.0000000000,-0.0046000000,-0.0004000000,0.0016000000
2016-06-16,0.0069000000,0.0024000000,0.0008000000,-0.0041000000,0.0047000000,0.0019000000,0.0074000000,0.0060000000,0.0018000000,0.0027000000,0.0014000000,0.0022000000
2016-06-17,-0.0028000000,0.0047000000,0.0024000000,0.0081000000,0.0010000000,-0.0082000000,-0.0005000000,0.0046000000,-0.0030000000,-0.0141000000,-0.0012000000,0.0002000000
2016-06-20,0.0058000000,0.0154000000,0.0122000000,0.0097000000,0.0031000000,0.0065000000,0.0053000000,-0.0025000000,0.0061000000,0.0080000000,0.0080000000,0.0088000000
2016-06-21,0.0042000000,-0.0080000000,-0.0038000000,0.0106000000,0.0006000000,0.0054000000,0.0009000000,0.0038000000,0.0006000000,-0.0039000000,0.0024000000,0.0021000000
2016-06-22,-0.0033000000,-0.0105000000,-0.0013000000,-0.0060000000,0.0021000000,-0.0038000000,0.0018000000,-0.0060000000,-0.0015000000,0.0049000000,-0.0028000000,-0.0023000000
2016-06-23,0.0079000000,0.0161000000,0.0140000000,0.0166000000,0.0124000000,0.0155000000,0.0102000000,0.0059000000,0.0106000000,0.0135000000,0.0238000000,0.0140000000
2016-06-24,-0.0251000000,-0.0585000000,-0.0442000000,-0.0362000000,-0.0373000000,-0.0419000000,-0.0263000000,-0.0035000000,-0.0215000000,-0.0298000000,-0.0573000000,-0.0432000000
2016-06-27,-0.0052000000,-0.0341000000,-0.0272000000,-0.0283000000,-0.0237000000,-0.0248000000,-0.0042000000,0.0072000000,-0.0147000000,-0.0146000000,-0.0354000000,-0.0252000000
2016-06-28,0.0066000000,0.0182000000,0.0169000000,0.0290000000,0.0095000000,0.0190000000,0.0108000000,0.0067000000,0.0135000000,0.0215000000,0.0247000000,0.0181000000
2016-06-29,0.0127000000,0.0189000000,0.0177000000,0.0208000000,0.0165000000,0.0173000000,0.0144000000,0.0051000000,0.0152000000,0.0195000000,0.0250000000,0.0213000000
2016-06-30,0.0277000000,0.0105000000,0.0209000000,0.0063000000,0.0137000000,0.0146000000,0.0146000000,0.0203000000,0.0067000000,0.0095000000,0.0115000000,0.0197000000
2016-07-01,-0.0030000000,0.0152000000,0.0045000000,0.0058000000,0.0008000000,0.0019000000,0.0059000000,-0.0008000000,0.0047000000,0.0091000000,-0.0054000000,0.0042000000
2016-07-05,0.0012000000,-0.0267000000,-0.0163000000,-0.0200000000,-0.0071000000,-0.0075000000,-0.0042000000,0.0029000000,-0.0027000000,-0.0019000000,-0.0187000000,-0.0098000000
2016-07-06,0.0026000000,0.0075000000,0.0058000000,0.0061000000,-0.0031000000,0.0067000000,0.0053000000,0.0026000000,0.0088000000,0.0131000000,0.0051000000,0.0048000000
2016-07-07,0.0012000000,0.0089000000,0.0022000000,-0.0130000000,0.0014000000,0.0023000000,0.0001000000,-0.0160000000,-0.0004000000,0.0017000000,0.0031000000,0.0023000000
2016-07-08,0.0110000000,0.0246000000,0.0211000000,0.0134000000,0.0192000000,0.0172000000,0.0140000000,0.0099000000,0.0147000000,0.0113000000,0.0189000000,0.0186000000
2016-07-11,0.0002000000,0.0151000000,0.0081000000,0.0013000000,0.0029000000,0.0058000000,0.0031000000,0.0010000000,0.0053000000,-0.0003000000,0.0058000000,0.0062000000
2016-07-12,-0.0033000000,0.0131000000,0.0113000000,0.0245000000,0.0094000000,0.0094000000,-0.0013000000,-0.0065000000,-0.0001000000,0.0043000000,0.0148000000,0.0113000000
2016-07-13,0.0032000000,-0.0038000000,0.0003000000,-0.0089000000,0.0037000000,-0.0015000000,0.0023000000,0.0062000000,-0.0023000000,-0.0048000000,0.0003000000,0.0043000000
2016-07-14,0.0003000000,0.0044000000,0.0046000000,0.0024000000,0.0043000000,0.0064000000,0.0033000000,-0.0028000000,0.0049000000,0.0030000000,0.0120000000,0.0053000000
2016-07-15,0.0011000000,-0.0002000000,0.0028000000,-0.0011000000,0.0026000000,-0.0013000000,-0.0018000000,0.0029000000,-0.0043000000,0.0016000000,-0.0011000000,-0.0007000000
2016-07-18,-0.0010000000,0.0078000000,-0.0003000000,-0.0019000000,0.0009000000,0.0065000000,-0.0013000000,0.0039000000,0.0040000000,0.0000000000,0.0029000000,0.0024000000
2016-07-19,-0.0022000000,-0.0012000000,-0.0018000000,-0.0072000000,-0.0021000000,-0.0018000000,-0.0035000000,-0.0011000000,-0.0002000000,-0.0026000000,-0.0004000000,-0.0047000000
2016-07-20,-0.0021000000,0.0120000000,0.0037000000,-0.0026000000,0.0028000000,0.0130000000,-0.0017000000,-0.0034000000,0.0047000000,0.0100000000,0.0036000000,0.0007000000
2016-07-21,-0.0035000000,0.0018000000,-0.0063000000,-0.0082000000,-0.0063000000,-0.0066000000,-0.0013000000,0.0002000000,-0.0026000000,0.0038000000,-0.0032000000,-0.0081000000
2016-07-22,0.0046000000,0.0007000000,0.0026000000,0.0013000000,0.0032000000,0.0053000000,0.0092000000,0.0119000000,0.0048000000,0.0010000000,0.0083000000,0.0021000000
2016-07-25,0.0003000000,0.0040000000,-0.0044000000,-0.0217000000,0.0001000000,-0.0005000000,-0.0009000000,-0.0041000000,0.0001000000,0.0007000000,-0.0047000000,-0.0043000000
2016-07-26,-0.0100000000,0.0132000000,0.0121000000,0.0065000000,-0.0013000000,0.0041000000,-0.0068000000,-0.0072000000,-0.0011000000,-0.0019000000,0.0019000000,0.0071000000
2016-07-27,-0.0149000000,0.0001000000,0.0017000000,-0.0110000000,-0.0065000000,0.0066000000,0.0022000000,-0.0119000000,-0.0060000000,0.0061000000,0.0006000000,-0.0072000000
2016-07-28,0.0070000000,-0.0208000000,-0.0042000000,-0.0007000000,0.0019000000,0.0041000000,-0.0033000000,0.0034000000,0.0047000000,0.0001000000,0.0021000000,0.0028000000
2016-07-29,0.0068000000,0.0082000000,-0.0003000000,0.0084000000,0.0012000000,0.0027000000,0.0033000000,0.0071000000,0.0010000000,0.0057000000,-0.0052000000,-0.0042000000
2016-08-01,-0.0026000000,-0.0091000000,-0.0025000000,-0.0346000000,0.0034000000,0.0039000000,-0.0042000000,-0.0051000000,0.0018000000,0.0082000000,-0.0045000000,-0.0019000000
2016-08-02,-0.0070000000,-0.0230000000,-0.0083000000,0.0084000000,-0.0009000000,-0.0096000000,-0.0080000000,-0.0028000000,-0.0097000000,-0.0048000000,-0.0065000000,-0.0104000000
2016-08-03,-0.0048000000,0.0076000000,0.0042000000,0.0196000000,0.0002000000,0.0043000000,0.0050000000,-0.0007000000,0.0013000000,-0.0015000000,0.0132000000,0.0042000000
2016-08-04,0.0016000000,0.0064000000,0.0025000000,-0.0009000000,0.0016000000,0.0041000000,-0.0029000000,-0.0007000000,-0.0005000000,-0.0028000000,-0.0010000000,-0.0004000000
2016-08-05,0.0064000000,0.0100000000,0.0105000000,0.0091000000,0.0010000000,0.0114000000,0.0014000000,-0.0098000000,0.0074000000,0.0027000000,0.0224000000,0.0120000000
2016-08-08,-0.0013000000,0.0015000000,0.0021000000,0.0129000000,0.0016000000,0.0000000000,-0.0025000000,0.0008000000,-0.0019000000,-0.0098000000,0.0001000000,-0.0006000000
2016-08-09,0.0010000000,0.0041000000,-0.0008000000,-0.0047000000,0.0004000000,0.0020000000,0.0055000000,-0.0025000000,-0.0018000000,0.0016000000,-0.0004000000,0.0015000000
2016-08-10,0.0031000000,-0.0021000000,-0.0018000000,-0.0117000000,0.0011000000,-0.0030000000,0.0027000000,-0.0005000000,0.0025000000,-0.0072000000,-0.0081000000,-0.0022000000
2016-08-11,0.0016000000,0.0058000000,0.0076000000,0.0141000000,0.0033000000,0.0039000000,0.0046000000,0.0048000000,0.0074000000,0.0069000000,0.0036000000,0.0055000000
2016-08-12,0.0023000000,-0.0023000000,-0.0042000000,0.0073000000,-0.0039000000,-0.0005000000,-0.0034000000,0.0016000000,0.0023000000,-0.0015000000,-0.0020000000,-0.0029000000
2016-08-15,-0.0006000000,0.0091000000,0.0094000000,0.0072000000,0.0057000000,0.0051000000,0.0003000000,-0.0110000000,0.0009000000,0.0026000000,0.0076000000,0.0045000000
2016-08-16,-0.0043000000,-0.0060000000,-0.0073000000,0.0016000000,-0.0052000000,-0.0054000000,-0.0119000000,-0.0097000000,-0.0065000000,-0.0113000000,-0.0015000000,-0.0046000000
2016-08-17,0.0029000000,0.0004000000,0.0013000000,0.0035000000,0.0014000000,-0.0009000000,0.0020000000,0.0114000000,-0.0044000000,0.0012000000,0.0021000000,0.0039000000
2016-08-18,0.0021000000,0.0009000000,0.0033000000,0.0160000000,0.0071000000,0.0018000000,-0.0055000000,0.0168000000,0.0034000000,0.0011000000,0.0013000000,0.0029000000
2016-08-19,0.0007000000,0.0034000000,0.0048000000,-0.0075000000,0.0018000000,0.0016000000,-0.0073000000,-0.0116000000,-0.0027000000,-0.0013000000,0.0003000000,-0.0018000000
2016-08-22,0.0004000000,-0.0006000000,-0.0014000000,-0.0089000000,-0.0009000000,-0.0009000000,-0.0007000000,0.0005000000,0.0013000000,0.0047000000,0.0005000000,-0.0005000000
2016-08-23,0.0006000000,0.0060000000,0.0051000000,0.0052000000,0.0058000000,0.0040000000,-0.0009000000,-0.0015000000,0.0018000000,0.0020000000,0.0014000000,0.0035000000
2016-08-24,-0.0030000000,-0.0084000000,-0.0056000000,-0.0027000000,-0.0046000000,-0.0058000000,-0.0023000000,-0.0021000000,-0.0034000000,-0.0173000000,-0.0019000000,-0.0063000000
2016-08-25,-0.0018000000,0.0009000000,0.0010000000,-0.0024000000,0.0054000000,0.0018000000,0.0008000000,-0.0004000000,-0.0083000000,-0.0046000000,0.0013000000,-0.0003000000
2016-08-26,-0.0048000000,-0.0030000000,-0.0034000000,-0.0025000000,-0.0054000000,0.0009000000,-0.0067000000,-0.0168000000,-0.0025000000,0.0044000000,0.0031000000,-0.0035000000
2016-08-29,0.0058000000,0.0036000000,0.0051000000,0.0069000000,0.0091000000,0.0035000000,0.0052000000,0.0081000000,0.0040000000,0.0028000000,0.0080000000,0.0057000000
2016-08-30,-0.0056000000,-0.0010000000,-0.0049000000,-0.0038000000,-0.0019000000,-0.0025000000,-0.0020000000,-0.0083000000,-0.0049000000,-0.0041000000,0.0093000000,0.0017000000
2016-08-31,0.0015000000,-0.0009000000,-0.0060000000,-0.0145000000,-0.0056000000,-0.0018000000,-0.0015000000,0.0018000000,-0.0010000000,-0.0036000000,0.0003000000,-0.0031000000
2016-09-01,-0.0017000000,-0.0089000000,0.0032000000,-0.0027000000,0.0038000000,0.0038000000,0.0046000000,-0.0036000000,0.0008000000,-0.0012000000,-0.0044000000,0.0020000000
2016-09-02,0.0065000000,0.0044000000,0.0051000000,0.0106000000,0.0057000000,0.0046000000,0.0057000000,0.0127000000,0.0042000000,0.0013000000,0.0055000000,0.0044000000
2016-09-06,0.0012000000,0.0038000000,-0.0009000000,0.0130000000,-0.0003000000,0.0042000000,0.0024000000,0.0150000000,0.0024000000,0.0069000000,-0.0053000000,0.0004000000
2016-09-07,-0.0051000000,0.0029000000,0.0003000000,0.0030000000,-0.0060000000,0.0011000000,0.0038000000,0.0037000000,-0.0026000000,0.0022000000,0.0022000000,0.0047000000
2016-09-08,-0.0062000000,-0.0070000000,-0.0041000000,0.0169000000,-0.0047000000,-0.0082000000,-0.0013000000,0.0063000000,-0.0068000000,0.0022000000,0.0014000000,0.0003000000
2016-09-09,-0.0320000000,-0.0319000000,-0.0290000000,-0.0292000000,-0.0253000000,-0.0240000000,-0.0285000000,-0.0356000000,-0.0231000000,-0.0227000000,-0.0134000000,-0.0280000000
2016-09-12,0.0201000000,0.0193000000,0.0130000000,0.0074000000,0.0131000000,0.0156000000,0.0184000000,0.0153000000,0.0122000000,0.0171000000,0.0107000000,0.0154000000
2016-09-13,-0.0134000000,-0.0161000000,-0.0153000000,-0.0306000000,-0.0161000000,-0.0082000000,-0.0181000000,-0.0167000000,-0.0134000000,-0.0153000000,-0.0156000000,-0.0172000000
2016-09-14,-0.0024000000,-0.0047000000,-0.0031000000,-0.0133000000,-0.0006000000,0.0057000000,0.0005000000,0.0026000000,-0.0029000000,0.0024000000,-0.0052000000,-0.0014000000
2016-09-15,0.0060000000,0.0107000000,0.0106000000,0.0124000000,0.0082000000,0.0166000000,0.0095000000,0.0069000000,0.0089000000,0.0116000000,0.0082000000,0.0084000000
2016-09-16,-0.0047000000,-0.0021000000,-0.0071000000,-0.0086000000,-0.0027000000,-0.0037000000,-0.0044000000,0.0070000000,-0.0010000000,0.0013000000,-0.0066000000,-0.0062000000
2016-09-19,-0.0005000000,0.0074000000,0.0053000000,-0.0013000000,0.0039000000,-0.0014000000,-0.0027000000,0.0106000000,-0.0023000000,-0.0031000000,0.0044000000,0.0000000000
2016-09-20,0.0008000000,-0.0056000000,-0.0015000000,-0.0095000000,-0.0014000000,-0.0001000000,-0.0036000000,-0.0015000000,-0.0005000000,0.0072000000,0.0008000000,0.0001000000
2016-09-21,0.0094000000,0.0136000000,0.0141000000,0.0228000000,0.0046000000,0.0117000000,0.0120000000,0.0212000000,0.0087000000,0.0092000000,0.0069000000,0.0118000000
2016-09-22,0.0082000000,0.0109000000,0.0097000000,0.0030000000,0.0071000000,0.0069000000,0.0112000000,0.0053000000,0.0088000000,0.0071000000,0.0045000000,0.0064000000
2016-09-23,-0.0049000000,-0.0061000000,-0.0078000000,-0.0144000000,-0.0079000000,-0.0079000000,0.0004000000,-0.0041000000,-0.0013000000,-0.0047000000,-0.0059000000,-0.0064000000
2016-09-26,-0.0111000000,-0.0093000000,-0.0051000000,-0.0037000000,-0.0015000000,-0.0068000000,-0.0086000000,-0.0027000000,-0.0100000000,-0.0122000000,-0.0154000000,-0.0070000000
2016-09-27,0.0053000000,0.0004000000,0.0049000000,-0.0066000000,0.0066000000,0.0108000000,0.0065000000,-0.0106000000,0.0082000000,0.0084000000,0.0077000000,0.0084000000
2016-09-28,0.0007000000,0.0047000000,0.0094000000,0.0468000000,0.0090000000,0.0038000000,0.0007000000,0.0038000000,-0.0001000000,-0.0017000000,0.0061000000,0.0042000000
2016-09-29,-0.0071000000,-0.0135000000,-0.0086000000,0.0017000000,-0.0095000000,-0.0076000000,-0.0043000000,-0.0127000000,-0.0071000000,-0.0206000000,-0.0144000000,-0.0090000000
2016-09-30,0.0070000000,0.0130000000,0.0095000000,0.0131000000,0.0118000000,0.0058000000,0.0014000000,-0.0032000000,0.0114000000,0.0115000000,0.0136000000,0.0079000000
2016-10-03,-0.0019000000,0.0041000000,-0.0032000000,-0.0009000000,-0.0032000000,-0.0025000000,0.0007000000,-0.0109000000,-0.0045000000,-0.0004000000,-0.0049000000,-0.0001000000
2016-10-04,-0.0095000000,-0.0025000000,-0.0090000000,-0.0091000000,-0.0096000000,-0.0018000000,-0.0073000000,-0.0218000000,-0.0039000000,-0.0022000000,0.0035000000,-0.0061000000
2016-10-05,-0.0020000000,0.0092000000,0.0080000000,0.0158000000,0.0062000000,0.0046000000,-0.0032000000,-0.0011000000,0.0023000000,0.0055000000,0.0135000000,0.0063000000
2016-10-06,0.0021000000,-0.0063000000,0.0016000000,0.0010000000,0.0065000000,0.0010000000,-0.0019000000,-0.0009000000,-0.0005000000,-0.0075000000,-0.0001000000,-0.0019000000
2016-10-07,-0.0034000000,-0.0108000000,-0.0105000000,-0.0052000000,-0.0077000000,-0.0039000000,-0.0050000000,-0.0032000000,-0.0033000000,0.0009000000,-0.0007000000,-0.0062000000
2016-10-10,0.0051000000,-0.0027000000,0.0016000000,0.0176000000,-0.0010000000,0.0060000000,0.0054000000,0.0085000000,0.0008000000,0.0048000000,0.0056000000,0.0050000000
2016-10-11,-0.0079000000,-0.0116000000,-0.0147000000,-0.0114000000,-0.0089000000,-0.0146000000,-0.0083000000,-0.0134000000,-0.0106000000,-0.0236000000,-0.0114000000,-0.0098000000
2016-10-12,0.0047000000,0.0011000000,0.0025000000,-0.0047000000,-0.0005000000,0.0000000000,0.0028000000,0.0079000000,0.0055000000,-0.0067000000,-0.0001000000,0.0016000000
2016-10-13,-0.0007000000,-0.0086000000,-0.0045000000,-0.0067000000,-0.0048000000,-0.0063000000,-0.0013000000,0.0095000000,-0.0019000000,0.0015000000,-0.0107000000,-0.0044000000
2016-10-14,0.0001000000,0.0014000000,0.0013000000,-0.0044000000,0.0020000000,0.0034000000,0.0013000000,-0.0055000000,-0.0017000000,-0.0094000000,0.0044000000,0.0015000000
2016-10-17,-0.0019000000,-0.0049000000,-0.0007000000,-0.0042000000,-0.0031000000,-0.0025000000,-0.0009000000,0.0028000000,-0.0088000000,-0.0016000000,-0.0042000000,-0.0010000000
2016-10-18,0.0053000000,0.0032000000,0.0025000000,0.0032000000,0.0053000000,0.0067000000,0.0027000000,0.0071000000,0.0022000000,0.0059000000,0.0104000000,0.0085000000
2016-10-19,-0.0039000000,0.0114000000,0.0054000000,0.0122000000,-0.0022000000,0.0003000000,0.0032000000,0.0011000000,0.0018000000,-0.0067000000,0.0090000000,0.0058000000
2016-10-20,-0.0029000000,-0.0077000000,-0.0044000000,-0.0011000000,-0.0016000000,-0.0014000000,-0.0072000000,-0.0002000000,-0.0025000000,0.0052000000,-0.0004000000,-0.0044000000
2016-10-21,0.0092000000,0.0013000000,-0.0008000000,-0.0044000000,-0.0017000000,0.0040000000,-0.0032000000,-0.0050000000,0.0033000000,-0.0102000000,0.0012000000,0.0001000000
2016-10-24,0.0084000000,0.0128000000,0.0033000000,-0.0031000000,0.0019000000,0.0117000000,0.0025000000,0.0033000000,0.0099000000,-0.0019000000,0.0044000000,0.0024000000
2016-10-25,-0.0043000000,-0.0226000000,-0.0045000000,-0.0065000000,0.0026000000,-0.0045000000,-0.0072000000,0.0016000000,-0.0092000000,-0.0020000000,-0.0034000000,-0.0047000000
2016-10-26,-0.0023000000,0.0020000000,0.0049000000,0.0019000000,-0.0008000000,-0.0050000000,-0.0048000000,0.0024000000,-0.0044000000,-0.0089000000,0.0019000000,-0.0023000000
2016-10-27,-0.0064000000,-0.0084000000,-0.0073000000,-0.0018000000,-0.0024000000,-0.0058000000,0.0012000000,-0.0040000000,-0.0063000000,0.0028000000,0.0009000000,-0.0044000000
2016-10-28,0.0091000000,-0.0001000000,0.0014000000,-0.0047000000,0.0015000000,0.0001000000,-0.0003000000,0.0005000000,-0.0149000000,-0.0159000000,-0.0039000000,0.0039000000
2016-10-31,0.0018000000,0.0019000000,0.0001000000,-0.0128000000,-0.0016000000,0.0001000000,-0.0001000000,0.0157000000,0.0046000000,-0.0070000000,0.0006000000,0.0037000000
2016-11-01,-0.0054000000,-0.0123000000,-0.0105000000,0.0020000000,-0.0035000000,-0.0078000000,-0.0082000000,-0.0169000000,-0.0091000000,-0.0025000000,-0.0061000000,-0.0066000000
2016-11-02,-0.0036000000,-0.0083000000,-0.0051000000,-0.0107000000,-0.0045000000,-0.0091000000,-0.0096000000,-0.0140000000,-0.0006000000,-0.0092000000,-0.0076000000,-0.0066000000
2016-11-03,-0.0070000000,-0.0031000000,-0.0024000000,0.0034000000,-0.0040000000,-0.0075000000,0.0038000000,0.0038000000,-0.0090000000,-0.0114000000,-0.0001000000,0.0001000000
2016-11-04,-0.0076000000,0.0059000000,0.0017000000,-0.0054000000,-0.0058000000,-0.0031000000,-0.0021000000,-0.0033000000,-0.0027000000,0.0095000000,-0.0024000000,0.0030000000
2016-11-07,0.0183000000,0.0204000000,0.0212000000,0.0209000000,0.0173000000,0.0236000000,0.0146000000,0.0199000000,0.0220000000,0.0247000000,0.0264000000,0.0235000000
2016-11-08,0.0120000000,0.0002000000,0.0059000000,0.0016000000,0.0059000000,0.0059000000,0.0067000000,0.0079000000,-0.0041000000,0.0031000000,0.0010000000,0.0061000000
2016-11-09,-0.0184000000,0.0059000000,0.0270000000,0.0194000000,0.0003000000,0.0013000000,0.0123000000,-0.0238000000,0.0145000000,0.0430000000,0.0369000000,0.0170000000
2016-11-10,-0.0292000000,0.0262000000,0.0167000000,0.0025000000,-0.0089000000,-0.0129000000,-0.0064000000,-0.0191000000,0.0044000000,0.0112000000,0.0321000000,0.0146000000
2016-11-11,-0.0013000000,0.0140000000,0.0079000000,-0.0150000000,-0.0020000000,0.0062000000,0.0088000000,-0.0057000000,0.0029000000,-0.0112000000,0.0065000000,0.0034000000
2016-11-14,-0.0029000000,-0.0006000000,0.0071000000,0.0044000000,-0.0028000000,-0.0122000000,0.0011000000,0.0006000000,0.0027000000,-0.0016000000,0.0206000000,0.0072000000
2016-11-15,0.0070000000,0.0050000000,0.0040000000,0.0266000000,0.0039000000,0.0124000000,0.0091000000,0.0192000000,0.0050000000,0.0032000000,0.0025000000,0.0050000000
2016-11-16,0.0030000000,-0.0020000000,-0.0043000000,-0.0066000000,-0.0015000000,0.0077000000,0.0074000000,-0.0073000000,0.0029000000,-0.0075000000,-0.0100000000,-0.0037000000
2016-11-17,0.0028000000,0.0032000000,0.0021000000,-0.0062000000,-0.0006000000,0.0062000000,0.0068000000,-0.0001000000,0.0061000000,0.0063000000,0.0113000000,0.0086000000
2016-11-18,-0.0038000000,-0.0060000000,-0.0012000000,0.0057000000,-0.0042000000,-0.0028000000,-0.0009000000,-0.0003000000,-0.0021000000,-0.0081000000,0.0015000000,0.0001000000
2016-11-21,0.0071000000,0.0052000000,0.0049000000,0.0234000000,0.0109000000,0.0088000000,0.0023000000,0.0140000000,0.0082000000,0.0032000000,0.0036000000,0.0082000000
2016-11-22,0.0082000000,0.0145000000,0.0089000000,0.0004000000,0.0033000000,0.0013000000,0.0142000000,0.0030000000,0.0116000000,-0.0156000000,0.0031000000,0.0038000000
2016-11-23,-0.0079000000,0.0046000000,0.0081000000,0.0053000000,0.0009000000,-0.0030000000,0.0037000000,-0.0080000000,0.0029000000,0.0025000000,0.0057000000,0.0040000000
2016-11-25,0.0074000000,0.0085000000,0.0049000000,-0.0048000000,0.0055000000,0.0033000000,0.0079000000,0.0109000000,0.0018000000,0.0065000000,0.0027000000,0.0040000000
2016-11-28,0.0007000000,-0.0112000000,-0.0076000000,-0.0163000000,-0.0040000000,-0.0012000000,-0.0005000000,0.0125000000,-0.0068000000,-0.0115000000,-0.0141000000,-0.0077000000
2016-11-29,0.0007000000,-0.0002000000,0.0002000000,-0.0128000000,0.0028000000,0.0012000000,0.0075000000,0.0017000000,-0.0005000000,0.0043000000,0.0040000000,-0.0001000000
2016-11-30,-0.0186000000,0.0037000000,-0.0001000000,0.0570000000,0.0026000000,-0.0102000000,-0.0143000000,-0.0201000000,-0.0074000000,-0.0135000000,0.0093000000,-0.0030000000
2016-12-01,-0.0089000000,0.0206000000,0.0026000000,0.0040000000,-0.0049000000,-0.0216000000,0.0018000000,-0.0098000000,-0.0003000000,-0.0123000000,0.0137000000,0.0037000000
2016-12-02,0.0062000000,-0.0108000000,0.0014000000,0.0005000000,-0.0011000000,0.0027000000,-0.0083000000,0.0075000000,0.0008000000,0.0053000000,-0.0080000000,0.0007000000
2016-12-05,0.0042000000,0.0144000000,0.0061000000,0.0080000000,0.0085000000,0.0100000000,0.0049000000,0.0041000000,0.0073000000,0.0028000000,0.0115000000,0.0035000000
2016-12-06,0.0026000000,0.0051000000,0.0030000000,0.0003000000,0.0009000000,0.0039000000,0.0102000000,-0.0025000000,0.0032000000,0.0052000000,0.0084000000,0.0078000000
2016-12-07,0.0168000000,0.0308000000,0.0152000000,0.0062000000,0.0151000000,0.0157000000,0.0214000000,0.0125000000,0.0136000000,-0.0122000000,0.0151000000,0.0173000000
2016-12-08,-0.0009000000,0.0012000000,-0.0022000000,0.0064000000,0.0040000000,0.0045000000,0.0025000000,0.0033000000,-0.0004000000,0.0041000000,0.0113000000,-0.0016000000
2016-12-09,0.0121000000,0.0083000000,0.0016000000,0.0039000000,0.0052000000,0.0054000000,-0.0001000000,0.0063000000,0.0035000000,0.0113000000,0.0007000000,0.0036000000
2016-12-12,0.0021000000,-0.0089000000,-0.0058000000,0.0066000000,0.0007000000,-0.0046000000,-0.0054000000,0.0065000000,-0.0030000000,0.0060000000,-0.0113000000,-0.0031000000
2016-12-13,0.0042000000,0.0047000000,-0.0016000000,0.0127000000,-0.0008000000,0.0113000000,0.0096000000,0.0097000000,0.0071000000,0.0059000000,0.0023000000,0.0017000000
2016-12-14,-0.0111000000,-0.0188000000,-0.0101000000,-0.0231000000,-0.0109000000,-0.0038000000,-0.0011000000,-0.0214000000,-0.0095000000,-0.0025000000,-0.0053000000,-0.0101000000
2016-12-15,0.0038000000,0.0020000000,0.0020000000,0.0045000000,0.0075000000,0.0033000000,0.0044000000,0.0067000000,-0.0014000000,0.0086000000,0.0098000000,0.0018000000
2016-12-16,0.0040000000,0.0032000000,-0.0035000000,0.0044000000,-0.0028000000,-0.0068000000,0.0007000000,0.0124000000,-0.0017000000,-0.0001000000,-0.0068000000,-0.0028000000
2016-12-19,0.0003000000,0.0020000000,0.0053000000,-0.0037000000,0.0003000000,0.0055000000,0.0092000000,0.0024000000,0.0031000000,-0.0042000000,0.0004000000,0.0032000000
2016-12-20,-0.0011000000,0.0092000000,0.0059000000,-0.0021000000,-0.0005000000,0.0033000000,0.0047000000,-0.0005000000,0.0061000000,0.0006000000,0.0112000000,0.0065000000
2016-12-21,0.0023000000,-0.0028000000,-0.0016000000,-0.0003000000,-0.0011000000,-0.0021000000,-0.0010000000,-0.0011000000,-0.0033000000,-0.0080000000,-0.0027000000,-0.0026000000
2016-12-22,-0.0004000000,-0.0118000000,-0.0023000000,0.0058000000,-0.0025000000,-0.0044000000,0.0045000000,0.0024000000,-0.0143000000,0.0002000000,-0.0023000000,-0.0046000000
2016-12-23,0.0009000000,0.0053000000,0.0003000000,-0.0020000000,0.0034000000,0.0015000000,-0.0005000000,0.0017000000,-0.0015000000,0.0099000000,0.0031000000,0.0008000000
2016-12-27,0.0015000000,0.0049000000,0.0031000000,0.0027000000,0.0015000000,0.0048000000,0.0020000000,0.0010000000,0.0045000000,-0.0003000000,0.0021000000,0.0021000000
2016-12-28,-0.0046000000,-0.0095000000,-0.0111000000,-0.0090000000,-0.0095000000,-0.0097000000,-0.0050000000,-0.0110000000,-0.0062000000,-0.0089000000,-0.0096000000,-0.0089000000
2016-12-29,0.0048000000,-0.0022000000,0.0003000000,-0.0028000000,0.0008000000,0.0001000000,0.0014000000,0.0105000000,-0.0014000000,0.0009000000,-0.0059000000,-0.0004000000
2016-12-30,-0.0045000000,-0.0062000000,-0.0052000000,-0.0030000000,-0.0050000000,-0.0091000000,-0.0076000000,-0.0045000000,-0.0088000000,-0.0047000000,0.0010000000,-0.0050000000
2017-01-03,0.0051000000,0.0155000000,0.0108000000,0.0115000000,0.0044000000,0.0089000000,0.0138000000,0.0004000000,0.0028000000,0.0130000000,0.0093000000,0.0053000000
2017-01-04,0.0023000000,0.0272000000,0.0097000000,-0.0027000000,0.0101000000,0.0059000000,0.0064000000,0.0049000000,0.0087000000,0.0109000000,0.0107000000,0.0102000000
2017-01-05,-0.0017000000,-0.0133000000,-0.0038000000,-0.0045000000,-0.0011000000,0.0017000000,-0.0011000000,0.0010000000,-0.0010000000,0.0041000000,-0.0086000000,-0.0044000000
2017-01-06,0.0003000000,-0.0013000000,0.0032000000,-0.0027000000,0.0007000000,0.0087000000,-0.0050000000,0.0027000000,0.0015000000,0.0027000000,0.0040000000,0.0014000000
2017-01-09,-0.0050000000,-0.0122000000,-0.0072000000,-0.0169000000,-0.0037000000,0.0021000000,-0.0056000000,-0.0135000000,-0.0001000000,0.0077000000,-0.0079000000,-0.0063000000
2017-01-10,-0.0048000000,0.0161000000,0.0051000000,-0.0067000000,-0.0055000000,0.0010000000,0.0022000000,-0.0052000000,0.0036000000,0.0029000000,0.0051000000,0.0032000000
2017-01-11,0.0009000000,0.0019000000,0.0045000000,0.0114000000,0.0069000000,0.0060000000,0.0013000000,0.0098000000,0.0013000000,-0.0126000000,0.0048000000,0.0048000000
2017-01-12,-0.0015000000,-0.0056000000,-0.0068000000,-0.0052000000,0.0013000000,-0.0031000000,-0.0023000000,0.0013000000,0.0018000000,0.0004000000,-0.0074000000,-0.0034000000
2017-01-13,0.0006000000,0.0086000000,0.0047000000,-0.0022000000,0.0000000000,0.0039000000,0.0043000000,-0.0006000000,-0.0006000000,0.0033000000,0.0051000000,0.0043000000
2017-01-17,0.0115000000,-0.0068000000,-0.0069000000,0.0057000000,0.0025000000,-0.0056000000,0.0022000000,0.0095000000,0.0040000000,-0.0085000000,-0.0216000000,-0.0078000000
2017-01-18,0.0028000000,0.0017000000,0.0058000000,-0.0043000000,0.0042000000,0.0031000000,-0.0009000000,-0.0018000000,-0.0013000000,0.0008000000,0.0064000000,0.0039000000
2017-01-19,-0.0029000000,-0.0008000000,-0.0005000000,-0.0075000000,-0.0055000000,-0.0028000000,0.0018000000,-0.0082000000,-0.0071000000,-0.0088000000,-0.0044000000,0.0019000000
2017-01-20,0.0061000000,0.0001000000,0.0028000000,0.0065000000,0.0153000000,0.0043000000,0.0064000000,0.0022000000,-0.0013000000,-0.0035000000,0.0046000000,0.0020000000
2017-01-23,0.0014000000,-0.0023000000,-0.0022000000,-0.0099000000,-0.0016000000,0.0003000000,0.0023000000,-0.0058000000,-0.0018000000,-0.0056000000,-0.0044000000,-0.0071000000
2017-01-24,0.0075000000,0.0184000000,0.0137000000,0.0105000000,0.0192000000,0.0100000000,-0.0078000000,0.0043000000,0.0068000000,-0.0058000000,0.0117000000,0.0146000000
2017-01-25,0.0047000000,0.0151000000,0.0109000000,0.0055000000,0.0025000000,0.0099000000,-0.0003000000,0.0008000000,0.0037000000,0.0086000000,0.0136000000,0.0126000000
2017-01-26,-0.0070000000,-0.0164000000,-0.0012000000,0.0007000000,0.0024000000,-0.0022000000,0.0129000000,0.0006000000,-0.0028000000,-0.0068000000,0.0018000000,0.0002000000
2017-01-27,-0.0033000000,-0.0061000000,0.0012000000,-0.0109000000,-0.0070000000,0.0032000000,0.0030000000,-0.0033000000,-0.0083000000,0.0094000000,-0.0036000000,-0.0035000000
2017-01-30,-0.0013000000,-0.0127000000,-0.0098000000,-0.0190000000,-0.0070000000,-0.0078000000,-0.0017000000,-0.0029000000,0.0003000000,-0.0062000000,-0.0081000000,-0.0071000000
2017-01-31,0.0013000000,0.0033000000,-0.0032000000,-0.0024000000,-0.0003000000,-0.0020000000,0.0013000000,0.0152000000,0.0009000000,0.0147000000,-0.0053000000,-0.0071000000
2017-02-01,-0.0054000000,-0.0006000000,0.0014000000,-0.0074000000,0.0036000000,0.0064000000,-0.0007000000,-0.0152000000,-0.0044000000,0.0058000000,0.0018000000,-0.0023000000
2017-02-02,0.0063000000,-0.0084000000,-0.0036000000,0.0060000000,0.0004000000,0.0008000000,-0.0108000000,0.0110000000,0.0022000000,0.0034000000,-0.0054000000,-0.0022000000
2017-02-03,0.0052000000,0.0108000000,0.0074000000,0.0089000000,0.0038000000,0.0067000000,0.0032000000,0.0048000000,-0.0013000000,0.0078000000,0.0214000000,0.0070000000
2017-02-06,-0.0052000000,0.0024000000,-0.0011000000,-0.0089000000,-0.0034000000,0.0009000000,-0.0079000000,-0.0038000000,-0.0032000000,-0.0006000000,-0.0046000000,-0.0015000000
2017-02-07,0.0064000000,-0.0114000000,0.0048000000,-0.0150000000,0.0015000000,0.0035000000,-0.0010000000,-0.0020000000,0.0022000000,-0.0007000000,-0.0019000000,-0.0024000000
2017-02-08,0.0040000000,0.0019000000,0.0004000000,0.0008000000,0.0019000000,0.0016000000,0.0015000000,0.0080000000,0.0084000000,-0.0021000000,-0.0072000000,0.0007000000
2017-02-09,0.0040000000,0.0084000000,0.0067000000,0.0114000000,0.0033000000,0.0055000000,0.0049000000,-0.0047000000,0.0099000000,0.0056000000,0.0134000000,0.0062000000
2017-02-10,0.0020000000,0.0057000000,0.0085000000,0.0079000000,0.0046000000,0.0029000000,0.0023000000,0.0064000000,0.0043000000,0.0011000000,0.0025000000,0.0049000000
2017-02-13,-0.0006000000,0.0103000000,0.0076000000,0.0003000000,0.0067000000,0.0057000000,-0.0046000000,0.0040000000,-0.0001000000,0.0064000000,0.0101000000,0.0072000000
2017-02-14,0.0007000000,0.0085000000,-0.0004000000,0.0033000000,-0.0002000000,0.0033000000,0.0031000000,-0.0055000000,0.0068000000,0.0080000000,0.0116000000,0.0019000000
2017-02-15,0.0028000000,0.0003000000,0.0046000000,-0.0030000000,0.0120000000,0.0045000000,0.0041000000,-0.0032000000,0.0052000000,0.0132000000,0.0072000000,0.0059000000
2017-02-16,-0.0026000000,-0.0085000000,0.0005000000,-0.0132000000,-0.0010000000,0.0013000000,0.0001000000,0.0051000000,-0.0026000000,-0.0016000000,-0.0020000000,-0.0024000000
2017-02-17,0.0077000000,0.0048000000,0.0013000000,-0.0055000000,0.0054000000,0.0032000000,0.0050000000,0.0004000000,0.0054000000,0.0048000000,-0.0036000000,0.0007000000
2017-02-21,0.0075000000,0.0111000000,0.0074000000,0.0075000000,0.0071000000,0.0049000000,0.0048000000,0.0105000000,0.0094000000,0.0014000000,0.0062000000,0.0039000000
2017-02-22,-0.0009000000,-0.0031000000,-0.0003000000,-0.0174000000,0.0030000000,0.0012000000,0.0011000000,0.0002000000,-0.0027000000,-0.0030000000,0.0002000000,-0.0032000000
2017-02-23,0.0020000000,-0.0152000000,-0.0083000000,0.0040000000,-0.0038000000,-0.0020000000,-0.0007000000,0.0087000000,-0.0067000000,0.0060000000,0.0015000000,-0.0059000000
2017-02-24,0.0046000000,-0.0034000000,0.0027000000,-0.0099000000,0.0003000000,0.0019000000,0.0053000000,0.0089000000,0.0064000000,0.0069000000,-0.0063000000,0.0042000000
2017-02-27,-0.0047000000,0.0035000000,0.0079000000,0.0083000000,-0.0039000000,0.0003000000,-0.0053000000,-0.0023000000,0.0004000000,0.0078000000,0.0047000000,0.0027000000
2017-02-28,0.0031000000,-0.0094000000,-0.0067000000,-0.0024000000,0.0005000000,-0.0050000000,-0.0054000000,0.0072000000,-0.0107000000,-0.0025000000,-0.0045000000,-0.0041000000
2017-03-01,0.0065000000,0.0175000000,0.0188000000,0.0210000000,0.0129000000,0.0137000000,0.0072000000,-0.0032000000,0.0078000000,0.0106000000,0.0256000000,0.0202000000
2017-03-02,0.0011000000,-0.0036000000,-0.0109000000,-0.0102000000,-0.0071000000,-0.0076000000,-0.0033000000,0.0055000000,-0.0004000000,-0.0028000000,-0.0147000000,-0.0097000000
2017-03-03,0.0004000000,0.0037000000,-0.0013000000,-0.0037000000,-0.0015000000,0.0014000000,0.0010000000,-0.0029000000,-0.0048000000,0.0048000000,0.0043000000,0.0013000000
2017-03-06,-0.0051000000,-0.0093000000,-0.0040000000,0.0034000000,-0.0026000000,-0.0026000000,-0.0015000000,-0.0015000000,-0.0061000000,-0.0048000000,-0.0056000000,-0.0038000000
2017-03-07,-0.0025000000,-0.0070000000,-0.0038000000,-0.0094000000,-0.0018000000,0.0010000000,-0.0043000000,-0.0011000000,-0.0052000000,-0.0081000000,-0.0031000000,-0.0049000000
2017-03-08,-0.0014000000,0.0004000000,-0.0031000000,-0.0271000000,-0.0005000000,0.0010000000,-0.0022000000,-0.0159000000,0.0034000000,0.0046000000,-0.0009000000,-0.0023000000
2017-03-09,0.0021000000,-0.0066000000,-0.0047000000,0.0062000000,-0.0011000000,-0.0003000000,0.0029000000,-0.0022000000,-0.0025000000,0.0069000000,0.0020000000,-0.0037000000
2017-03-10,0.0044000000,0.0057000000,0.0045000000,-0.0014000000,0.0069000000,0.0047000000,0.0017000000,0.0080000000,0.0017000000,0.0029000000,0.0004000000,0.0071000000
2017-03-13,0.0001000000,0.0055000000,0.0038000000,0.0011000000,0.0032000000,0.0017000000,0.0037000000,0.0023000000,-0.0003000000,-0.0007000000,0.0012000000,-0.0004000000
2017-03-14,-0.0018000000,0.0044000000,-0.0049000000,-0.0118000000,-0.0056000000,-0.0027000000,-0.0014000000,-0.0038000000,-0.0008000000,-0.0036000000,-0.0018000000,-0.0084000000
2017-03-15,0.0100000000,0.0112000000,0.0133000000,0.0211000000,0.0106000000,0.0066000000,0.0090000000,0.0183000000,0.0044000000,0.0130000000,0.0010000000,0.0097000000
2017-03-16,0.0005000000,0.0019000000,-0.0017000000,-0.0057000000,-0.0029000000,0.0023000000,-0.0027000000,-0.0098000000,0.0010000000,-0.0084000000,0.0040000000,-0.0012000000
2017-03-17,0.0001000000,-0.0065000000,0.0058000000,-0.0004000000,0.0033000000,0.0008000000,0.0026000000,0.0047000000,0.0021000000,-0.0055000000,-0.0078000000,-0.0005000000
2017-03-20,0.0015000000,-0.0072000000,0.0007000000,-0.0005000000,0.0015000000,0.0007000000,-0.0016000000,-0.0061000000,-0.0051000000,0.0007000000,-0.0100000000,-0.0040000000
2017-03-21,-0.0017000000,-0.0299000000,-0.0188000000,-0.0088000000,-0.0108000000,-0.0154000000,-0.0093000000,0.0097000000,-0.0108000000,-0.0134000000,-0.0287000000,-0.0156000000
2017-03-22,-0.0015000000,0.0021000000,-0.0017000000,-0.0020000000,-0.0003000000,0.0066000000,-0.0034000000,0.0032000000,0.0040000000,0.0019000000,-0.0023000000,0.0037000000
2017-03-23,-0.0012000000,-0.0016000000,0.0021000000,-0.0032000000,0.0041000000,-0.0022000000,0.0028000000,-0.0010000000,-0.0005000000,-0.0029000000,0.0018000000,0.0005000000
2017-03-24,-0.0014000000,0.0039000000,-0.0044000000,-0.0045000000,-0.0060000000,0.0002000000,0.0023000000,0.0038000000,-0.0008000000,0.0023000000,-0.0003000000,-0.0015000000
2017-03-27,0.0002000000,0.0003000000,-0.0035000000,-0.0042000000,0.0030000000,0.0017000000,-0.0035000000,-0.0033000000,0.0004000000,0.0055000000,-0.0041000000,-0.0022000000
2017-03-28,0.0027000000,0.0147000000,0.0099000000,0.0134000000,0.0079000000,0.0064000000,0.0030000000,0.0021000000,0.0072000000,-0.0009000000,0.0131000000,0.0095000000
2017-03-29,0.0032000000,0.0025000000,-0.0003000000,0.0136000000,-0.0008000000,0.0025000000,0.0008000000,-0.0011000000,0.0085000000,0.0011000000,-0.0039000000,-0.0010000000
2017-03-30,-0.0055000000,0.0017000000,0.0038000000,0.0060000000,-0.0012000000,0.0015000000,0.0065000000,-0.0058000000,0.0032000000,-0.0014000000,0.0138000000,0.0065000000
2017-03-31,-0.0017000000,-0.0003000000,-0.0015000000,-0.0036000000,-0.0022000000,-0.0007000000,-0.0015000000,0.0041000000,0.0017000000,-0.0011000000,-0.0063000000,-0.0018000000
2017-04-03,-0.0016000000,-0.0053000000,-0.0052000000,-0.0018000000,-0.0044000000,-0.0022000000,-0.0001000000,-0.0007000000,-0.0041000000,-0.0022000000,-0.0032000000,-0.0031000000
2017-04-04,0.0007000000,-0.0080000000,0.0019000000,0.0077000000,0.0027000000,-0.0007000000,0.0034000000,0.0044000000,0.0007000000,-0.0003000000,-0.0016000000,0.0000000000
2017-04-05,0.0003000000,-0.0109000000,-0.0063000000,-0.0055000000,-0.0011000000,-0.0040000000,-0.0047000000,0.0035000000,-0.0027000000,-0.0057000000,-0.0076000000,-0.0033000000
2017-04-06,0.0006000000,0.0069000000,0.0057000000,0.0081000000,0.0004000000,0.0010000000,0.0018000000,0.0009000000,0.0035000000,0.0005000000,0.0062000000,0.0040000000
2017-04-07,0.0003000000,-0.0013000000,0.0022000000,-0.0038000000,-0.0007000000,-0.0002000000,-0.0015000000,-0.0046000000,0.0002000000,0.0019000000,-0.0029000000,-0.0016000000
2017-04-10,0.0015000000,0.0093000000,0.0006000000,0.0089000000,0.0021000000,-0.0013000000,-0.0016000000,0.0018000000,0.0064000000,-0.0027000000,-0.0023000000,0.0031000000
2017-04-11,0.0006000000,0.0011000000,0.0039000000,-0.0011000000,0.0001000000,-0.0029000000,-0.0009000000,-0.0001000000,0.0014000000,-0.0014000000,-0.0004000000,0.0004000000
2017-04-12,0.0044000000,-0.0152000000,-0.0140000000,-0.0054000000,-0.0047000000,-0.0046000000,0.0016000000,0.0053000000,-0.0064000000,0.0018000000,-0.0089000000,-0.0097000000
2017-04-13,-0.0070000000,-0.0071000000,-0.0083000000,-0.0193000000,-0.0080000000,-0.0045000000,-0.0056000000,-0.0054000000,-0.0066000000,-0.0015000000,-0.0118000000,-0.0084000000
2017-04-17,0.0074000000,0.0093000000,0.0119000000,0.0026000000,0.0070000000,0.0099000000,0.0043000000,0.0050000000,0.0084000000,0.0021000000,0.0156000000,0.0105000000
2017-04-18,0.0051000000,-0.0041000000,-0.0006000000,-0.0101000000,0.0013000000,-0.0003000000,0.0026000000,0.0008000000,-0.0017000000,-0.0109000000,-0.0060000000,-0.0018000000
2017-04-19,-0.0039000000,0.0074000000,0.0021000000,-0.0154000000,-0.0021000000,-0.0004000000,0.0012000000,-0.0070000000,0.0017000000,0.0025000000,-0.0001000000,0.0007000000
2017-04-20,-0.0019000000,0.0133000000,0.0123000000,0.0046000000,0.0056000000,0.0082000000,0.0039000000,-0.0040000000,0.0096000000,0.0055000000,0.0162000000,0.0116000000
2017-04-21,-0.0032000000,-0.0047000000,0.0003000000,-0.0007000000,-0.0031000000,-0.0004000000,-0.0070000000,0.0032000000,-0.0004000000,-0.0053000000,-0.0065000000,-0.0041000000
2017-04-24,0.0108000000,0.0137000000,0.0145000000,0.0065000000,0.0127000000,0.0141000000,0.0001000000,0.0052000000,0.0070000000,0.0111000000,0.0195000000,0.0102000000
2017-04-25,0.0006000000,0.0065000000,0.0110000000,0.0109000000,0.0135000000,0.0061000000,0.0068000000,0.0017000000,0.0044000000,0.0061000000,0.0075000000,0.0061000000
2017-04-26,-0.0067000000,0.0051000000,0.0002000000,-0.0049000000,-0.0092000000,-0.0009000000,0.0065000000,-0.0018000000,0.0053000000,0.0031000000,0.0021000000,0.0006000000
2017-04-27,-0.0019000000,0.0033000000,0.0008000000,-0.0094000000,-0.0024000000,0.0057000000,-0.0015000000,0.0004000000,0.0034000000,0.0023000000,-0.0044000000,0.0011000000
2017-04-28,-0.0009000000,-0.0016000000,-0.0051000000,0.0011000000,-0.0066000000,0.0027000000,-0.0080000000,-0.0050000000,-0.0037000000,0.0024000000,-0.0090000000,-0.0075000000
2017-05-01,-0.0076000000,0.0003000000,-0.0013000000,-0.0019000000,-0.0010000000,0.0085000000,-0.0039000000,-0.0053000000,0.0016000000,0.0017000000,0.0055000000,0.0012000000
2017-05-02,-0.0007000000,-0.0114000000,0.0003000000,-0.0051000000,-0.0070000000,0.0017000000,-0.0033000000,0.0010000000,0.0028000000,0.0004000000,0.0001000000,0.0063000000
2017-05-03,-0.0027000000,-0.0028000000,-0.0019000000,0.0037000000,-0.0032000000,-0.0012000000,-0.0220000000,-0.0046000000,0.0010000000,-0.0045000000,0.0037000000,-0.0011000000
2017-05-04,0.0058000000,-0.0094000000,0.0011000000,-0.0211000000,0.0015000000,0.0019000000,-0.0071000000,-0.0018000000,0.0016000000,0.0046000000,0.0028000000,-0.0008000000
2017-05-05,0.0047000000,0.0143000000,0.0064000000,0.0181000000,0.0098000000,0.0049000000,0.0147000000,0.0084000000,0.0029000000,-0.0025000000,-0.0011000000,0.0037000000
2017-05-08,0.0030000000,-0.0013000000,-0.0021000000,0.0088000000,-0.0051000000,0.0038000000,-0.0036000000,-0.0004000000,0.0018000000,-0.0086000000,-0.0003000000,-0.0065000000
2017-05-09,-0.0043000000,0.0107000000,0.0007000000,-0.0094000000,-0.0040000000,0.0016000000,-0.0024000000,-0.0099000000,0.0046000000,0.0022000000,-0.0039000000,0.0027000000
2017-05-10,-0.0001000000,0.0007000000,0.0003000000,0.0143000000,0.0036000000,0.0023000000,-0.0036000000,0.0042000000,0.0019000000,-0.0010000000,0.0023000000,0.0006000000
2017-05-11,0.0006000000,-0.0069000000,-0.0012000000,-0.0009000000,-0.0033000000,-0.0015000000,-0.0017000000,0.0006000000,-0.0061000000,-0.0004000000,-0.0053000000,-0.0014000000
2017-05-12,-0.0014000000,-0.0100000000,-0.0051000000,-0.0023000000,-0.0003000000,0.0021000000,-0.0029000000,0.0040000000,-0.0036000000,-0.0001000000,-0.0048000000,-0.0050000000
2017-05-15,0.0044000000,0.0015000000,0.0057000000,0.0065000000,0.0057000000,0.0059000000,-0.0026000000,0.0037000000,0.0017000000,0.0080000000,0.0077000000,0.0051000000
2017-05-16,-0.0003000000,-0.0015000000,0.0001000000,-0.0041000000,-0.0002000000,0.0050000000,-0.0056000000,-0.0077000000,-0.0033000000,-0.0016000000,0.0003000000,-0.0014000000
2017-05-17,-0.0023000000,-0.0255000000,-0.0199000000,-0.0102000000,-0.0091000000,-0.0274000000,-0.0188000000,0.0003000000,-0.0145000000,-0.0149000000,-0.0291000000,-0.0219000000
2017-05-18,-0.0006000000,0.0017000000,-0.0006000000,-0.0016000000,-0.0025000000,0.0052000000,0.0118000000,0.0025000000,0.0073000000,0.0057000000,0.0039000000,0.0035000000
2017-05-19,0.0062000000,0.0067000000,0.0137000000,0.0145000000,0.0087000000,0.0057000000,0.0085000000,0.0049000000,0.0065000000,0.0000000000,0.0072000000,0.0091000000
2017-05-22,0.0094000000,0.0074000000,0.0065000000,-0.0027000000,-0.0008000000,0.0094000000,0.0049000000,0.0076000000,0.0041000000,0.0017000000,0.0034000000,0.0087000000
2017-05-23,0.0015000000,-0.0015000000,0.0032000000,0.0011000000,-0.0003000000,0.0007000000,0.0006000000,0.0032000000,-0.0046000000,0.0023000000,0.0083000000,0.0018000000
2017-05-24,0.0067000000,0.0021000000,0.0026000000,-0.0038000000,0.0062000000,0.0046000000,0.0039000000,0.0049000000,0.0007000000,0.0017000000,0.0010000000,-0.0009000000
2017-05-25,0.0066000000,-0.0015000000,0.0032000000,-0.0180000000,0.0010000000,0.0077000000,0.0040000000,0.0062000000,0.0096000000,0.0037000000,0.0028000000,0.0051000000
2017-05-26,0.0028000000,0.0089000000,0.0018000000,0.0004000000,0.0032000000,0.0005000000,0.0046000000,-0.0012000000,0.0007000000,-0.0033000000,-0.0013000000,0.0016000000
2017-05-30,-0.0014000000,0.0105000000,0.0004000000,-0.0127000000,-0.0008000000,0.0022000000,0.0049000000,-0.0012000000,-0.0017000000,-0.0033000000,-0.0074000000,-0.0021000000
2017-05-31,0.0015000000,0.0065000000,0.0023000000,-0.0070000000,0.0048000000,-0.0030000000,0.0051000000,0.0051000000,0.0017000000,0.0057000000,-0.0066000000,0.0025000000
2017-06-01,0.0076000000,0.0141000000,0.0077000000,0.0074000000,0.0084000000,0.0056000000,0.0069000000,0.0079000000,0.0126000000,0.0110000000,0.0137000000,0.0117000000
2017-06-02,0.0031000000,0.0005000000,0.0060000000,-0.0132000000,0.0066000000,0.0083000000,0.0022000000,0.0009000000,0.0036000000,0.0090000000,-0.0018000000,0.0041000000
2017-06-05,-0.0004000000,0.0014000000,-0.0045000000,0.0015000000,-0.0028000000,-0.0005000000,-0.0052000000,-0.0050000000,-0.0006000000,-0.0047000000,0.0001000000,-0.0022000000
2017-06-06,-0.0007000000,0.0007000000,-0.0059000000,0.0141000000,-0.0005000000,-0.0019000000,-0.0044000000,-0.0013000000,-0.0123000000,-0.0030000000,-0.0039000000,-0.0027000000
2017-06-07,-0.0007000000,0.0024000000,-0.0002000000,-0.0169000000,0.0003000000,0.0021000000,0.0018000000,0.0019000000,0.0017000000,0.0019000000,0.0083000000,0.0013000000
2017-06-08,-0.0073000000,0.0060000000,0.0071000000,-0.0036000000,-0.0025000000,0.0039000000,-0.0098000000,-0.0062000000,-0.0018000000,0.0003000000,0.0112000000,0.0022000000
2017-06-09,-0.0023000000,-0.0023000000,0.0025000000,0.0267000000,0.0097000000,-0.0253000000,0.0007000000,0.0027000000,-0.0019000000,0.0064000000,0.0154000000,0.0020000000
2017-06-12,0.0007000000,0.0064000000,-0.0007000000,0.0081000000,-0.0049000000,-0.0075000000,0.0106000000,-0.0015000000,-0.0043000000,-0.0003000000,-0.0008000000,0.0044000000
2017-06-13,0.0025000000,0.0082000000,0.0067000000,0.0091000000,0.0084000000,0.0082000000,-0.0039000000,0.0030000000,0.0059000000,0.0023000000,0.0056000000,0.0044000000
2017-06-14,0.0051000000,-0.0006000000,-0.0032000000,-0.0210000000,-0.0042000000,-0.0052000000,-0.0038000000,0.0027000000,0.0019000000,0.0046000000,0.0018000000,-0.0021000000
2017-06-15,0.0005000000,-0.0015000000,-0.0008000000,-0.0079000000,-0.0002000000,-0.0040000000,0.0021000000,0.0034000000,-0.0095000000,-0.0017000000,-0.0043000000,0.0007000000
2017-06-16,-0.0034000000,-0.0081000000,0.0007000000,0.0157000000,0.0028000000,-0.0015000000,-0.0023000000,0.0070000000,-0.0088000000,0.0011000000,-0.0007000000,0.0010000000
2017-06-19,0.0040000000,0.0032000000,0.0090000000,-0.0049000000,0.0082000000,0.0165000000,0.0031000000,-0.0058000000,0.0081000000,0.0126000000,0.0087000000,0.0059000000
2017-06-20,-0.0050000000,-0.0078000000,-0.0070000000,-0.0112000000,-0.0053000000,-0.0080000000,-0.0153000000,-0.0036000000,-0.0094000000,0.0055000000,-0.0080000000,-0.0128000000
2017-06-21,-0.0040000000,-0.0030000000,-0.0066000000,-0.0177000000,-0.0099000000,0.0062000000,-0.0027000000,-0.0069000000,-0.0005000000,0.0159000000,-0.0063000000,-0.0028000000
2017-06-22,-0.0040000000,0.0054000000,-0.0013000000,-0.0015000000,-0.0009000000,0.0026000000,-0.0034000000,-0.0027000000,-0.0017000000,0.0115000000,-0.0037000000,-0.0015000000
2017-06-23,0.0042000000,-0.0008000000,0.0054000000,0.0082000000,0.0022000000,0.0064000000,-0.0008000000,-0.0001000000,-0.0026000000,0.0008000000,-0.0024000000,0.0044000000
2017-06-26,0.0016000000,0.0048000000,-0.0017000000,-0.0029000000,0.0008000000,-0.0053000000,0.0062000000,0.0077000000,0.0040000000,-0.0013000000,0.0041000000,0.0012000000
2017-06-27,-0.0109000000,-0.0156000000,-0.0094000000,-0.0013000000,-0.0069000000,-0.0162000000,-0.0092000000,-0.0104000000,-0.0044000000,-0.0133000000,0.0037000000,-0.0084000000
2017-06-28,0.0062000000,0.0149000000,0.0120000000,0.0060000000,0.0054000000,0.0129000000,0.0111000000,-0.0057000000,0.0076000000,0.0076000000,0.0148000000,0.0108000000
2017-06-29,-0.0114000000,-0.0013000000,-0.0105000000,0.0018000000,-0.0131000000,-0.0170000000,-0.0123000000,-0.0069000000,-0.0079000000,-0.0094000000,0.0044000000,-0.0081000000
2017-06-30,0.0035000000,0.0066000000,0.0107000000,0.0035000000,0.0049000000,-0.0004000000,0.0039000000,-0.0002000000,0.0017000000,-0.0023000000,-0.0013000000,0.0034000000
2017-07-03,-0.0018000000,0.0071000000,0.0048000000,0.0208000000,0.0078000000,-0.0079000000,0.0013000000,-0.0020000000,-0.0012000000,0.0021000000,0.0123000000,0.0039000000
2017-07-05,-0.0007000000,-0.0175000000,0.0024000000,-0.0224000000,-0.0046000000,0.0094000000,-0.0019000000,-0.0059000000,-0.0038000000,0.0065000000,0.0024000000,0.0022000000
2017-07-06,-0.0072000000,-0.0159000000,-0.0076000000,-0.0136000000,-0.0035000000,-0.0090000000,-0.0104000000,-0.0013000000,-0.0094000000,-0.0143000000,-0.0077000000,-0.0126000000
2017-07-07,0.0018000000,0.0082000000,0.0090000000,-0.0010000000,0.0056000000,0.0130000000,0.0012000000,0.0013000000,0.0053000000,0.0064000000,0.0062000000,0.0084000000
2017-07-10,-0.0050000000,0.0060000000,0.0051000000,0.0050000000,0.0006000000,0.0061000000,0.0016000000,-0.0022000000,-0.0060000000,-0.0041000000,-0.0012000000,0.0001000000
2017-07-11,-0.0024000000,0.0062000000,0.0019000000,0.0059000000,-0.0018000000,0.0038000000,-0.0022000000,0.0002000000,-0.0016000000,-0.0002000000,-0.0043000000,-0.0014000000
2017-07-12,0.0072000000,0.0037000000,0.0028000000,0.0026000000,0.0089000000,0.0126000000,0.0057000000,0.0090000000,0.0076000000,0.0070000000,0.0022000000,0.0086000000
2017-07-13,-0.0011000000,0.0021000000,0.0003000000,0.0045000000,-0.0026000000,0.0023000000,-0.0039000000,-0.0034000000,0.0044000000,0.0015000000,0.0046000000,0.0011000000
2017-07-14,0.0078000000,0.0076000000,0.0052000000,0.0053000000,0.0063000000,0.0078000000,0.0056000000,0.0058000000,0.0029000000,0.0058000000,-0.0030000000,0.0020000000
2017-07-17,0.0000000000,-0.0025000000,0.0014000000,-0.0017000000,0.0024000000,0.0006000000,-0.0006000000,0.0033000000,0.0039000000,-0.0035000000,-0.0016000000,0.0003000000
2017-07-18,-0.0011000000,0.0022000000,-0.0030000000,-0.0051000000,0.0012000000,0.0040000000,-0.0026000000,0.0015000000,-0.0018000000,0.0020000000,-0.0020000000,0.0036000000
2017-07-19,0.0070000000,0.0033000000,0.0087000000,0.0163000000,0.0077000000,0.0060000000,0.0065000000,0.0062000000,0.0029000000,0.0095000000,0.0032000000,0.0015000000
2017-07-20,-0.0002000000,-0.0019000000,-0.0025000000,-0.0067000000,-0.0054000000,-0.0001000000,0.0063000000,0.0089000000,-0.0038000000,0.0071000000,0.0003000000,-0.0033000000
2017-07-21,0.0044000000,-0.0090000000,-0.0007000000,-0.0106000000,0.0008000000,-0.0018000000,0.0029000000,0.0074000000,-0.0019000000,-0.0010000000,-0.0001000000,-0.0005000000
2017-07-24,-0.0059000000,0.0035000000,-0.0028000000,-0.0029000000,-0.0035000000,0.0033000000,-0.0051000000,-0.0079000000,0.0003000000,0.0006000000,0.0032000000,-0.0033000000
2017-07-25,0.0055000000,0.0014000000,-0.0004000000,0.0165000000,0.0086000000,-0.0011000000,0.0020000000,-0.0024000000,0.0128000000,-0.0089000000,0.0110000000,0.0051000000
2017-07-26,0.0003000000,-0.0022000000,-0.0006000000,0.0012000000,-0.0031000000,0.0002000000,0.0109000000,0.0067000000,0.0002000000,-0.0034000000,-0.0063000000,0.0008000000
2017-07-27,0.0069000000,-0.0031000000,0.0025000000,0.0084000000,0.0019000000,-0.0083000000,0.0306000000,0.0041000000,0.0042000000,-0.0081000000,-0.0052000000,-0.0093000000
2017-07-28,-0.0105000000,-0.0044000000,-0.0038000000,-0.0025000000,-0.0035000000,0.0001000000,-0.0016000000,-0.0016000000,-0.0094000000,0.0051000000,-0.0004000000,0.0010000000
2017-07-31,-0.0059000000,-0.0045000000,0.0000000000,0.0014000000,-0.0044000000,-0.0049000000,0.0063000000,0.0021000000,-0.0032000000,-0.0029000000,0.0050000000,-0.0008000000
2017-08-01,-0.0021000000,-0.0131000000,-0.0012000000,-0.0004000000,0.0033000000,0.0044000000,0.0047000000,0.0044000000,0.0046000000,-0.0044000000,0.0073000000,0.0010000000
2017-08-02,-0.0014000000,0.0034000000,0.0010000000,-0.0042000000,-0.0005000000,0.0019000000,-0.0109000000,0.0022000000,-0.0019000000,-0.0037000000,0.0006000000,-0.0002000000
2017-08-03,-0.0003000000,0.0089000000,0.0009000000,-0.0162000000,-0.0055000000,-0.0012000000,-0.0022000000,0.0012000000,-0.0062000000,0.0011000000,-0.0038000000,0.0028000000
2017-08-04,0.0002000000,0.0092000000,0.0034000000,0.0079000000,0.0026000000,0.0012000000,-0.0019000000,-0.0013000000,0.0018000000,0.0019000000,0.0054000000,0.0034000000
2017-08-07,0.0056000000,0.0005000000,0.0023000000,-0.0090000000,0.0032000000,0.0052000000,-0.0023000000,0.0014000000,0.0049000000,0.0012000000,-0.0001000000,-0.0021000000
2017-08-08,-0.0051000000,0.0024000000,-0.0019000000,0.0003000000,-0.0064000000,-0.0016000000,0.0007000000,0.0022000000,-0.0031000000,-0.0050000000,-0.0004000000,-0.0056000000
2017-08-09,-0.0003000000,-0.0048000000,-0.0036000000,0.0010000000,0.0012000000,-0.0013000000,-0.0030000000,-0.0038000000,-0.0025000000,0.0010000000,-0.0031000000,0.0009000000
2017-08-10,-0.0053000000,-0.0182000000,-0.0142000000,-0.0102000000,-0.0092000000,-0.0208000000,-0.0059000000,0.0001000000,-0.0162000000,-0.0154000000,-0.0183000000,-0.0144000000
2017-08-11,0.0022000000,0.0014000000,0.0022000000,-0.0057000000,-0.0015000000,0.0073000000,0.0041000000,-0.0058000000,0.0054000000,0.0049000000,-0.0039000000,0.0002000000
2017-08-14,0.0073000000,0.0125000000,0.0104000000,-0.0042000000,0.0077000000,0.0154000000,0.0085000000,0.0054000000,0.0051000000,0.0080000000,0.0148000000,0.0117000000
2017-08-15,0.0030000000,-0.0053000000,-0.0037000000,-0.0036000000,0.0025000000,0.0008000000,-0.0073000000,0.0024000000,-0.0096000000,-0.0004000000,0.0014000000,-0.0002000000
2017-08-16,0.0035000000,0.0008000000,0.0044000000,-0.0105000000,0.0046000000,0.0030000000,0.0012000000,0.0027000000,0.0055000000,0.0027000000,-0.0019000000,0.0036000000
2017-08-17,-0.0109000000,-0.0189000000,-0.0170000000,-0.0151000000,-0.0123000000,-0.0194000000,-0.0164000000,-0.0079000000,-0.0128000000,-0.0148000000,-0.0172000000,-0.0165000000
2017-08-18,-0.0049000000,-0.0058000000,-0.0043000000,0.0066000000,0.0041000000,-0.0009000000,-0.0030000000,0.0057000000,-0.0051000000,-0.0033000000,-0.0012000000,-0.0012000000
2017-08-21,0.0031000000,-0.0058000000,-0.0034000000,-0.0065000000,0.0040000000,-0.0007000000,0.0054000000,0.0027000000,0.0004000000,0.0048000000,-0.0012000000,0.0033000000
2017-08-22,0.0014000000,0.0094000000,0.0119000000,0.0066000000,0.0055000000,0.0144000000,0.0103000000,0.0050000000,0.0109000000,0.0134000000,0.0103000000,0.0110000000
2017-08-23,-0.0037000000,0.0025000000,-0.0053000000,0.0051000000,-0.0043000000,-0.0015000000,-0.0065000000,0.0033000000,-0.0051000000,-0.0066000000,-0.0019000000,-0.0077000000
2017-08-24,-0.0097000000,-0.0017000000,-0.0021000000,0.0005000000,-0.0023000000,-0.0003000000,-0.0031000000,-0.0002000000,-0.0080000000,0.0056000000,0.0009000000,-0.0034000000
2017-08-25,0.0014000000,0.0012000000,0.0015000000,0.0046000000,0.0032000000,-0.0006000000,0.0043000000,0.0026000000,0.0040000000,-0.0013000000,0.0018000000,0.0058000000
2017-08-28,-0.0023000000,-0.0013000000,0.0009000000,-0.0046000000,0.0001000000,0.0028000000,0.0005000000,0.0011000000,0.0002000000,0.0087000000,-0.0031000000,0.0007000000
2017-08-29,0.0007000000,0.0025000000,0.0062000000,-0.0012000000,-0.0030000000,0.0043000000,-0.0017000000,-0.0013000000,0.0006000000,0.0020000000,-0.0038000000,0.0028000000
2017-08-30,0.0015000000,0.0098000000,0.0070000000,0.0003000000,0.0016000000,0.0090000000,0.0031000000,-0.0031000000,0.0056000000,0.0079000000,0.0031000000,0.0062000000
2017-08-31,-0.0012000000,0.0114000000,0.0044000000,0.0066000000,0.0095000000,0.0086000000,-0.0030000000,0.0026000000,0.0060000000,0.0182000000,0.0016000000,0.0064000000
2017-09-01,0.0057000000,0.0104000000,0.0018000000,0.0099000000,0.0064000000,-0.0002000000,0.0013000000,-0.0015000000,0.0034000000,0.0002000000,0.0052000000,0.0038000000
2017-09-05,-0.0011000000,-0.0093000000,-0.0108000000,0.0032000000,-0.0043000000,-0.0079000000,-0.0094000000,0.0020000000,0.0000000000,-0.0047000000,-0.0195000000,-0.0109000000
2017-09-06,0.0045000000,0.0012000000,-0.0015000000,0.0182000000,0.0015000000,0.0012000000,-0.0017000000,-0.0039000000,0.0065000000,0.0050000000,0.0014000000,0.0039000000
2017-09-07,0.0011000000,-0.0036000000,0.0036000000,0.0012000000,0.0014000000,0.0040000000,-0.0278000000,0.0061000000,0.0047000000,0.0102000000,-0.0113000000,-0.0039000000
2017-09-08,-0.0034000000,0.0009000000,0.0026000000,-0.0121000000,0.0005000000,-0.0072000000,-0.0052000000,0.0030000000,-0.0051000000,0.0019000000,0.0063000000,0.0007000000
2017-09-11,0.0067000000,0.0145000000,0.0109000000,0.0099000000,0.0120000000,0.0137000000,-0.0027000000,0.0097000000,0.0062000000,0.0076000000,0.0176000000,0.0094000000
2017-09-12,-0.0012000000,0.0107000000,0.0048000000,0.0072000000,0.0012000000,0.0019000000,0.0085000000,-0.0146000000,0.0059000000,0.0034000000,0.0105000000,0.0054000000
2017-09-13,-0.0003000000,0.0039000000,0.0002000000,0.0150000000,-0.0022000000,-0.0014000000,0.0056000000,-0.0039000000,0.0084000000,-0.0036000000,0.0018000000,-0.0022000000
2017-09-14,-0.0035000000,0.0099000000,0.0065000000,0.0033000000,0.0030000000,-0.0039000000,-0.0087000000,0.0082000000,-0.0059000000,0.0036000000,-0.0032000000,-0.0013000000
2017-09-15,0.0023000000,0.0019000000,0.0056000000,0.0030000000,0.0000000000,0.0019000000,0.0052000000,0.0006000000,0.0016000000,-0.0027000000,0.0033000000,0.0019000000
2017-09-18,0.0006000000,0.0034000000,0.0100000000,0.0051000000,0.0048000000,0.0009000000,0.0007000000,-0.0076000000,-0.0050000000,0.0013000000,0.0081000000,0.0041000000
2017-09-19,-0.0051000000,-0.0036000000,0.0034000000,0.0037000000,0.0072000000,0.0025000000,0.0137000000,-0.0017000000,-0.0037000000,-0.0045000000,0.0040000000,0.0028000000
2017-09-20,-0.0089000000,0.0019000000,0.0029000000,0.0098000000,0.0018000000,-0.0039000000,0.0027000000,-0.0054000000,0.0025000000,0.0042000000,0.0059000000,0.0064000000
2017-09-21,-0.0058000000,-0.0023000000,-0.0014000000,0.0001000000,-0.0087000000,-0.0055000000,-0.0054000000,-0.0030000000,-0.0046000000,-0.0051000000,0.0021000000,0.0022000000
2017-09-22,-0.0017000000,0.0006000000,0.0017000000,0.0053000000,-0.0020000000,0.0010000000,0.0096000000,-0.0057000000,0.0010000000,0.0005000000,0.0012000000,0.0026000000
2017-09-25,0.0051000000,0.0040000000,-0.0034000000,0.0162000000,0.0032000000,-0.0130000000,0.0015000000,0.0097000000,0.0004000000,-0.0023000000,-0.0040000000,-0.0014000000
2017-09-26,0.0025000000,0.0029000000,0.0011000000,-0.0001000000,-0.0001000000,0.0036000000,-0.0060000000,-0.0017000000,0.0012000000,-0.0042000000,0.0013000000,0.0006000000
2017-09-27,-0.0032000000,0.0037000000,0.0081000000,0.0057000000,-0.0054000000,0.0113000000,0.0054000000,-0.0107000000,0.0054000000,0.0007000000,0.0143000000,0.0042000000
2017-09-28,0.0021000000,-0.0001000000,0.0013000000,0.0011000000,0.0038000000,0.0001000000,-0.0065000000,0.0030000000,0.0013000000,0.0023000000,0.0036000000,0.0021000000
2017-09-29,-0.0001000000,0.0018000000,0.0020000000,-0.0014000000,0.0014000000,0.0074000000,0.0049000000,-0.0021000000,0.0004000000,0.0069000000,0.0034000000,0.0021000000
2017-10-02,-0.0019000000,0.0145000000,0.0090000000,0.0009000000,0.0092000000,0.0032000000,-0.0001000000,0.0031000000,0.0021000000,0.0108000000,0.0078000000,0.0046000000
2017-10-03,-0.0005000000,0.0117000000,0.0019000000,-0.0002000000,0.0054000000,0.0028000000,0.0104000000,-0.0035000000,0.0019000000,-0.0013000000,0.0036000000,0.0056000000
2017-10-04,0.0050000000,0.0078000000,0.0031000000,-0.0010000000,0.0010000000,0.0000000000,0.0029000000,0.0079000000,-0.0001000000,0.0036000000,-0.0039000000,-0.0019000000
2017-10-05,0.0037000000,-0.0018000000,0.0024000000,0.0039000000,0.0019000000,0.0088000000,-0.0030000000,0.0009000000,0.0080000000,0.0021000000,0.0089000000,0.0058000000
2017-10-06,-0.0030000000,0.0029000000,0.0005000000,-0.0101000000,-0.0003000000,0.0029000000,-0.0053000000,-0.0022000000,-0.0053000000,-0.0003000000,0.0004000000,-0.0002000000
2017-10-09,-0.0015000000,-0.0067000000,-0.0004000000,0.0034000000,-0.0034000000,0.0012000000,-0.0053000000,0.0011000000,-0.0055000000,-0.0051000000,-0.0039000000,-0.0048000000
2017-10-10,0.0096000000,0.0045000000,0.0012000000,0.0017000000,-0.0002000000,0.0000000000,-0.0003000000,0.0082000000,0.0042000000,0.0028000000,0.0037000000,0.0012000000
2017-10-11,0.0003000000,-0.0003000000,0.0007000000,0.0035000000,0.0031000000,0.0036000000,-0.0056000000,0.0047000000,0.0033000000,0.0019000000,-0.0002000000,0.0006000000
2017-10-12,0.0032000000,-0.0044000000,0.0037000000,-0.0041000000,0.0054000000,0.0005000000,-0.0254000000,0.0042000000,0.0003000000,-0.0005000000,-0.0069000000,0.0009000000
2017-10-13,-0.0008000000,0.0035000000,0.0011000000,-0.0001000000,0.0075000000,0.0042000000,-0.0007000000,-0.0071000000,0.0016000000,-0.0031000000,-0.0025000000,0.0003000000
2017-10-16,0.0028000000,0.0000000000,0.0027000000,0.0025000000,-0.0001000000,0.0030000000,0.0071000000,-0.0022000000,-0.0034000000,-0.0022000000,0.0049000000,0.0012000000
2017-10-17,-0.0040000000,-0.0014000000,-0.0020000000,0.0014000000,-0.0063000000,0.0001000000,-0.0006000000,0.0051000000,0.0026000000,0.0102000000,-0.0024000000,-0.0040000000
2017-10-18,-0.0013000000,0.0026000000,0.0019000000,-0.0065000000,-0.0027000000,0.0029000000,-0.0035000000,-0.0016000000,-0.0001000000,0.0010000000,0.0064000000,0.0014000000
2017-10-19,-0.0054000000,-0.0021000000,0.0002000000,-0.0025000000,-0.0019000000,-0.0027000000,0.0072000000,0.0082000000,-0.0013000000,0.0046000000,0.0006000000,0.0022000000
2017-10-20,0.0048000000,0.0043000000,0.0110000000,0.0056000000,-0.0076000000,0.0066000000,0.0021000000,0.0000000000,0.0045000000,-0.0018000000,0.0110000000,0.0093000000
2017-10-23,-0.0009000000,-0.0090000000,-0.0026000000,-0.0061000000,-0.0067000000,-0.0042000000,-0.0107000000,-0.0016000000,-0.0038000000,-0.0044000000,-0.0028000000,-0.0077000000
2017-10-24,-0.0021000000,0.0032000000,0.0115000000,0.0013000000,0.0022000000,0.0032000000,-0.0049000000,0.0010000000,0.0020000000,-0.0089000000,0.0067000000,0.0021000000
2017-10-25,-0.0048000000,-0.0167000000,-0.0069000000,-0.0067000000,0.0002000000,-0.0042000000,-0.0085000000,-0.0058000000,-0.0016000000,-0.0049000000,-0.0025000000,-0.0095000000
2017-10-26,0.0035000000,0.0094000000,0.0030000000,0.0026000000,0.0086000000,0.0034000000,-0.0058000000,0.0010000000,0.0011000000,-0.0169000000,0.0083000000,0.0059000000
2017-10-27,-0.0031000000,-0.0088000000,-0.0009000000,0.0052000000,-0.0035000000,0.0251000000,0.0029000000,0.0078000000,0.0185000000,0.0021000000,0.0028000000,-0.0018000000
2017-10-30,-0.0103000000,-0.0105000000,-0.0066000000,0.0042000000,-0.0080000000,0.0018000000,-0.0107000000,-0.0014000000,-0.0035000000,-0.0104000000,-0.0062000000,-0.0078000000
2017-10-31,0.0080000000,0.0108000000,0.0011000000,0.0058000000,0.0047000000,0.0047000000,0.0014000000,0.0021000000,0.0016000000,-0.0018000000,-0.0005000000,0.0007000000
2017-11-01,-0.0020000000,-0.0035000000,-0.0028000000,0.0138000000,0.0075000000,-0.0005000000,0.0008000000,-0.0046000000,0.0006000000,-0.0018000000,0.0016000000,0.0007000000
2017-11-02,-0.0058000000,-0.0241000000,0.0057000000,-0.0018000000,-0.0047000000,0.0008000000,-0.0156000000,0.0014000000,-0.0002000000,0.0013000000,0.0089000000,0.0017000000
2017-11-03,-0.0012000000,-0.0005000000,-0.0005000000,0.0041000000,-0.0009000000,0.0074000000,-0.0006000000,0.0036000000,0.0063000000,0.0092000000,-0.0018000000,0.0003000000
2017-11-06,-0.0081000000,-0.0049000000,-0.0005000000,0.0215000000,-0.0019000000,0.0032000000,-0.0018000000,-0.0007000000,-0.0022000000,-0.0040000000,-0.0001000000,0.0026000000
2017-11-07,0.0072000000,-0.0053000000,-0.0011000000,-0.0019000000,0.0057000000,-0.0016000000,0.0049000000,0.0093000000,-0.0004000000,0.0008000000,-0.0129000000,-0.0031000000
2017-11-08,0.0082000000,0.0008000000,-0.0004000000,-0.0059000000,0.0068000000,0.0052000000,-0.0043000000,-0.0003000000,0.0057000000,0.0043000000,-0.0060000000,-0.0001000000
2017-11-09,-0.0013000000,-0.0069000000,-0.0119000000,0.0045000000,-0.0032000000,-0.0080000000,0.0065000000,0.0012000000,-0.0008000000,-0.0005000000,-0.0042000000,-0.0072000000
2017-11-10,0.0103000000,0.0016000000,0.0006000000,-0.0035000000,0.0021000000,-0.0004000000,0.0068000000,-0.0049000000,0.0034000000,-0.0055000000,-0.0015000000,0.0008000000
2017-11-13,0.0058000000,0.0096000000,0.0010000000,-0.0057000000,0.0090000000,0.0002000000,-0.0010000000,0.0080000000,0.0002000000,-0.0004000000,0.0023000000,-0.0029000000
2017-11-14,0.0059000000,-0.0085000000,-0.0004000000,-0.0153000000,-0.0050000000,-0.0018000000,-0.0130000000,0.0101000000,0.0030000000,-0.0053000000,0.0007000000,-0.0051000000
2017-11-15,-0.0086000000,-0.0033000000,-0.0073000000,-0.0100000000,-0.0104000000,-0.0073000000,0.0042000000,-0.0097000000,-0.0080000000,-0.0019000000,0.0001000000,-0.0057000000
2017-11-16,0.0095000000,0.0119000000,0.0116000000,-0.0018000000,0.0116000000,0.0124000000,0.0117000000,-0.0024000000,0.0229000000,0.0110000000,0.0039000000,0.0102000000
2017-11-17,-0.0003000000,-0.0003000000,-0.0006000000,0.0059000000,-0.0031000000,-0.0037000000,0.0043000000,-0.0045000000,0.0011000000,-0.0031000000,-0.0015000000,-0.0024000000
2017-11-20,0.0013000000,0.0076000000,0.0069000000,-0.0027000000,0.0024000000,0.0036000000,-0.0010000000,-0.0025000000,0.0014000000,-0.0042000000,0.0051000000,0.0029000000
2017-11-21,0.0020000000,0.0059000000,0.0081000000,0.0034000000,0.0062000000,0.0114000000,0.0028000000,0.0014000000,0.0038000000,0.0077000000,0.0045000000,0.0092000000
2017-11-22,-0.0010000000,-0.0056000000,-0.0010000000,0.0049000000,-0.0027000000,-0.0018000000,0.0051000000,0.0016000000,0.0040000000,-0.0007000000,-0.0038000000,0.0004000000
2017-11-24,0.0009000000,0.0014000000,0.0008000000,0.0033000000,0.0036000000,0.0047000000,-0.0045000000,0.0016000000,0.0035000000,0.0026000000,-0.0003000000,0.0013000000
2017-11-27,0.0002000000,0.0012000000,0.0010000000,-0.0116000000,-0.0004000000,-0.0005000000,-0.0009000000,0.0026000000,0.0021000000,0.0005000000,-0.0006000000,-0.0013000000
2017-11-28,0.0064000000,0.0177000000,0.0124000000,0.0075000000,0.0106000000,0.0032000000,0.0124000000,0.0053000000,0.0132000000,0.0052000000,0.0231000000,0.0134000000
2017-11-29,0.0056000000,-0.0021000000,-0.0012000000,0.0059000000,-0.0025000000,-0.0226000000,0.0219000000,0.0008000000,0.0056000000,0.0021000000,0.0157000000,0.0080000000
2017-11-30,0.0052000000,0.0032000000,0.0136000000,0.0156000000,0.0051000000,0.0077000000,0.0014000000,0.0068000000,0.0101000000,0.0072000000,0.0062000000,0.0128000000
2017-12-01,0.0034000000,-0.0057000000,-0.0099000000,0.0081000000,-0.0029000000,-0.0053000000,0.0089000000,-0.0027000000,-0.0040000000,0.0003000000,-0.0008000000,-0.0045000000
2017-12-04,0.0089000000,0.0028000000,0.0029000000,-0.0014000000,0.0083000000,-0.0186000000,0.0227000000,-0.0055000000,0.0080000000,-0.0123000000,0.0077000000,0.0072000000
2017-12-05,-0.0036000000,-0.0076000000,-0.0056000000,-0.0047000000,-0.0014000000,0.0008000000,-0.0157000000,-0.0119000000,-0.0022000000,-0.0031000000,-0.0054000000,-0.0077000000
2017-12-06,0.0085000000,-0.0025000000,0.0012000000,-0.0142000000,-0.0072000000,0.0055000000,-0.0125000000,0.0013000000,-0.0026000000,-0.0027000000,-0.0029000000,-0.0014000000
2017-12-07,-0.0066000000,0.0044000000,0.0095000000,0.0049000000,-0.0017000000,0.0066000000,-0.0017000000,0.0029000000,0.0023000000,0.0043000000,0.0048000000,0.0064000000
2017-12-08,-0.0014000000,0.0055000000,0.0027000000,0.0077000000,0.0017000000,0.0047000000,0.0047000000,0.0041000000,0.0071000000,0.0102000000,0.0062000000,0.0035000000
2017-12-11,-0.0004000000,0.0013000000,-0.0019000000,0.0067000000,0.0003000000,0.0079000000,0.0122000000,0.0059000000,0.0010000000,0.0037000000,-0.0030000000,-0.0006000000
2017-12-12,0.0009000000,0.0057000000,-0.0021000000,-0.0036000000,-0.0006000000,-0.0034000000,0.0165000000,-0.0164000000,-0.0034000000,0.0030000000,0.0085000000,0.0020000000
2017-12-13,0.0046000000,-0.0036000000,0.0076000000,-0.0015000000,0.0071000000,0.0015000000,-0.0064000000,0.0024000000,0.0037000000,0.0047000000,-0.0094000000,0.0007000000
2017-12-14,-0.0028000000,-0.0130000000,-0.0057000000,-0.0034000000,-0.0062000000,-0.0013000000,0.0040000000,-0.0024000000,-0.0042000000,-0.0115000000,-0.0077000000,-0.0054000000
2017-12-15,0.0085000000,0.0099000000,0.0105000000,-0.0004000000,0.0097000000,0.0115000000,0.0050000000,0.0040000000,0.0093000000,0.0113000000,0.0109000000,0.0078000000
2017-12-18,0.0005000000,0.0129000000,0.0100000000,0.0072000000,0.0068000000,0.0092000000,0.0051000000,-0.0087000000,0.0097000000,-0.0005000000,0.0074000000,0.0091000000
2017-12-19,0.0009000000,-0.0007000000,0.0001000000,0.0008000000,0.0001000000,-0.0045000000,-0.0060000000,-0.0162000000,0.0007000000,-0.0011000000,-0.0043000000,-0.0040000000
2017-12-20,-0.0035000000,0.0001000000,0.0034000000,0.0166000000,-0.0001000000,-0.0013000000,-0.0003000000,-0.0064000000,0.0001000000,-0.0019000000,-0.0016000000,0.0027000000
2017-12-21,-0.0006000000,0.0022000000,0.0012000000,0.0206000000,0.0003000000,-0.0025000000,0.0153000000,-0.0081000000,0.0007000000,-0.0014000000,0.0072000000,0.0025000000
2017-12-22,0.0019000000,-0.0054000000,-0.0009000000,0.0030000000,0.0029000000,-0.0016000000,0.0010000000,0.0019000000,-0.0013000000,-0.0009000000,-0.0018000000,-0.0011000000
2017-12-26,0.0014000000,-0.0028000000,0.0008000000,0.0109000000,0.0022000000,-0.0066000000,0.0003000000,-0.0044000000,0.0064000000,0.0015000000,-0.0029000000,0.0007000000
2017-12-27,0.0013000000,-0.0057000000,0.0020000000,-0.0046000000,-0.0014000000,0.0013000000,-0.0053000000,0.0039000000,-0.0006000000,0.0023000000,0.0002000000,0.0035000000
2017-12-28,-0.0020000000,0.0053000000,0.0032000000,0.0012000000,0.0027000000,0.0012000000,0.0029000000,0.0063000000,0.0020000000,0.0007000000,0.0046000000,0.0018000000
2017-12-29,0.0003000000,-0.0099000000,-0.0043000000,-0.0044000000,-0.0027000000,-0.0063000000,-0.0059000000,-0.0009000000,-0.0074000000,-0.0081000000,-0.0071000000,-0.0043000000
2018-01-02,-0.0056000000,0.0156000000,0.0070000000,0.0167000000,0.0015000000,0.0137000000,0.0153000000,-0.0039000000,0.0096000000,0.0140000000,0.0016000000,0.0090000000
2018-01-03,-0.0027000000,0.0064000000,0.0049000000,0.0135000000,0.0014000000,0.0109000000,-0.0093000000,-0.0053000000,0.0061000000,0.0089000000,0.0045000000,0.0076000000
2018-01-04,0.0050000000,0.0122000000,0.0066000000,0.0041000000,0.0051000000,0.0051000000,0.0020000000,-0.0061000000,0.0006000000,-0.0018000000,0.0093000000,0.0040000000
2018-01-05,0.0028000000,0.0061000000,0.0091000000,-0.0006000000,0.0063000000,0.0098000000,0.0030000000,-0.0018000000,0.0105000000,0.0059000000,0.0064000000,0.0058000000
2018-01-08,0.0011000000,0.0085000000,0.0064000000,0.0053000000,0.0025000000,0.0042000000,-0.0032000000,0.0081000000,0.0047000000,-0.0048000000,-0.0026000000,0.0032000000
2018-01-09,0.0010000000,-0.0043000000,0.0027000000,-0.0042000000,-0.0030000000,-0.0008000000,-0.0023000000,-0.0085000000,0.0003000000,0.0105000000,0.0067000000,0.0011000000
2018-01-10,-0.0048000000,-0.0098000000,-0.0034000000,-0.0019000000,-0.0066000000,-0.0020000000,-0.0039000000,-0.0114000000,-0.0013000000,0.0004000000,0.0063000000,0.0044000000
2018-01-11,-0.0015000000,0.0180000000,0.0116000000,0.0208000000,0.0057000000,0.0067000000,0.0118000000,0.0000000000,0.0139000000,0.0043000000,0.0067000000,0.0138000000
2018-01-12,-0.0007000000,0.0055000000,0.0085000000,0.0083000000,-0.0008000000,0.0066000000,0.0045000000,-0.0040000000,0.0136000000,0.0062000000,0.0079000000,0.0070000000
2018-01-16,0.0016000000,-0.0061000000,-0.0083000000,-0.0133000000,-0.0064000000,-0.0056000000,-0.0095000000,-0.0034000000,-0.0037000000,-0.0001000000,-0.0025000000,-0.0071000000
2018-01-17,0.0112000000,-0.0010000000,0.0138000000,0.0096000000,0.0075000000,0.0143000000,0.0042000000,0.0070000000,0.0052000000,0.0092000000,0.0090000000,0.0059000000
2018-01-18,-0.0039000000,-0.0075000000,-0.0055000000,-0.0076000000,-0.0041000000,0.0003000000,0.0004000000,-0.0088000000,0.0015000000,-0.0020000000,0.0001000000,-0.0035000000
2018-01-19,0.0138000000,0.0041000000,0.0088000000,-0.0007000000,0.0102000000,0.0027000000,0.0062000000,-0.0019000000,0.0090000000,0.0058000000,0.0076000000,0.0047000000
2018-01-22,0.0049000000,0.0019000000,-0.0013000000,0.0185000000,0.0016000000,0.0073000000,0.0134000000,0.0042000000,0.0121000000,0.0120000000,0.0063000000,0.0065000000
2018-01-23,0.0032000000,0.0003000000,-0.0011000000,-0.0007000000,-0.0098000000,0.0063000000,-0.0069000000,0.0086000000,0.0065000000,-0.0035000000,0.0005000000,0.0058000000
2018-01-24,0.0009000000,0.0051000000,0.0019000000,-0.0028000000,-0.0021000000,-0.0082000000,0.0074000000,-0.0049000000,0.0004000000,0.0010000000,0.0040000000,-0.0029000000
2018-01-25,-0.0050000000,-0.0208000000,0.0063000000,-0.0084000000,0.0062000000,-0.0009000000,-0.0001000000,0.0103000000,0.0050000000,0.0109000000,-0.0007000000,-0.0051000000
2018-01-26,0.0097000000,0.0098000000,0.0085000000,0.0066000000,-0.0061000000,0.0165000000,0.0117000000,-0.0002000000,0.0103000000,0.0233000000,0.0072000000,0.0083000000
2018-01-29,-0.0081000000,-0.0060000000,-0.0091000000,-0.0157000000,-0.0093000000,-0.0074000000,-0.0104000000,-0.0129000000,0.0013000000,-0.0013000000,-0.0044000000,-0.0060000000
2018-01-30,-0.0034000000,-0.0077000000,-0.0093000000,-0.0211000000,-0.0029000000,-0.0097000000,-0.0013000000,-0.0013000000,-0.0101000000,-0.0167000000,-0.0147000000,-0.0088000000
2018-01-31,0.0002000000,-0.0024000000,0.0019000000,0.0021000000,-0.0037000000,0.0058000000,-0.0014000000,0.0081000000,-0.0052000000,-0.0195000000,0.0007000000,-0.0003000000
2018-02-01,-0.0039000000,-0.0008000000,-0.0001000000,0.0095000000,-0.0082000000,0.0001000000,0.0075000000,-0.0121000000,-0.0121000000,0.0051000000,0.0095000000,-0.0039000000
2018-02-02,-0.0165000000,-0.0249000000,-0.0215000000,-0.0434000000,-0.0214000000,-0.0271000000,-0.0137000000,-0.0102000000,-0.0104000000,-0.0132000000,-0.0194000000,-0.0264000000
2018-02-05,-0.0341000000,-0.0380000000,-0.0450000000,-0.0424000000,-0.0330000000,-0.0401000000,-0.0364000000,-0.0208000000,-0.0358000000,-0.0452000000,-0.0454000000,-0.0412000000
2018-02-06,0.0076000000,0.0292000000,0.0156000000,0.0077000000,0.0178000000,0.0243000000,0.0059000000,-0.0094000000,0.0224000000,0.0112000000,0.0159000000,0.0201000000
2018-02-07,-0.0014000000,0.0075000000,0.0019000000,-0.0183000000,-0.0066000000,-0.0105000000,0.0003000000,-0.0039000000,-0.0032000000,0.0003000000,0.0013000000,-0.0014000000
2018-02-08,-0.0225000000,-0.0436000000,-0.0396000000,-0.0313000000,-0.0261000000,-0.0398000000,-0.0362000000,-0.0145000000,-0.0359000000,-0.0367000000,-0.0416000000,-0.0396000000
2018-02-09,0.0041000000,0.0068000000,0.0126000000,0.0009000000,0.0110000000,0.0220000000,0.0101000000,0.0213000000,0.0053000000,0.0146000000,0.0178000000,0.0095000000
2018-02-12,0.0119000000,0.0124000000,0.0169000000,0.0173000000,0.0168000000,0.0170000000,0.0070000000,0.0084000000,0.0109000000,0.0094000000,0.0131000000,0.0134000000
2018-02-13,0.0031000000,-0.0036000000,0.0017000000,-0.0053000000,0.0012000000,0.0036000000,0.0051000000,0.0032000000,0.0071000000,0.0013000000,0.0053000000,0.0032000000
2018-02-14,0.0029000000,0.0120000000,0.0161000000,0.0185000000,0.0057000000,0.0199000000,0.0034000000,-0.0074000000,0.0138000000,0.0129000000,0.0217000000,0.0180000000
2018-02-15,0.0122000000,0.0081000000,0.0161000000,-0.0032000000,0.0126000000,0.0194000000,0.0128000000,0.0199000000,0.0101000000,0.0159000000,0.0044000000,0.0103000000
2018-02-16,-0.0028000000,-0.0081000000,0.0026000000,-0.0014000000,-0.0011000000,-0.0028000000,0.0023000000,0.0048000000,0.0006000000,0.0056000000,0.0012000000,0.0012000000
2018-02-20,-0.0143000000,-0.0044000000,-0.0073000000,-0.0055000000,-0.0072000000,0.0017000000,-0.0092000000,-0.0114000000,-0.0149000000,-0.0103000000,-0.0037000000,-0.0083000000
2018-02-21,-0.0073000000,-0.0017000000,-0.0023000000,-0.0166000000,-0.0067000000,-0.0037000000,-0.0107000000,-0.0132000000,-0.0034000000,-0.0034000000,-0.0001000000,-0.0024000000
2018-02-22,0.0003000000,0.0089000000,0.0071000000,0.0112000000,0.0049000000,0.0000000000,-0.0031000000,0.0044000000,0.0033000000,-0.0020000000,-0.0074000000,-0.0006000000
2018-02-23,0.0130000000,0.0075000000,0.0074000000,0.0230000000,0.0109000000,0.0199000000,0.0149000000,0.0251000000,0.0114000000,0.0162000000,0.0147000000,0.0124000000
2018-02-26,0.0061000000,0.0096000000,0.0136000000,0.0074000000,0.0037000000,0.0147000000,0.0119000000,-0.0032000000,0.0074000000,0.0118000000,0.0116000000,0.0159000000
2018-02-27,-0.0125000000,-0.0204000000,-0.0121000000,-0.0153000000,-0.0142000000,-0.0093000000,-0.0293000000,-0.0170000000,-0.0139000000,-0.0105000000,-0.0095000000,-0.0133000000
2018-02-28,-0.0087000000,-0.0156000000,-0.0139000000,-0.0233000000,-0.0202000000,-0.0055000000,-0.0135000000,-0.0088000000,-0.0062000000,-0.0159000000,-0.0123000000,-0.0113000000
2018-03-01,-0.0051000000,-0.0224000000,-0.0181000000,0.0006000000,-0.0028000000,-0.0159000000,-0.0015000000,0.0002000000,-0.0105000000,-0.0146000000,-0.0137000000,-0.0114000000
2018-03-02,0.0099000000,-0.0007000000,0.0000000000,0.0067000000,0.0059000000,0.0109000000,0.0053000000,-0.0022000000,0.0013000000,0.0161000000,0.0055000000,0.0052000000
2018-03-05,0.0077000000,0.0128000000,0.0096000000,0.0119000000,0.0142000000,0.0104000000,0.0100000000,0.0181000000,0.0106000000,0.0085000000,0.0126000000,0.0083000000
2018-03-06,0.0053000000,0.0038000000,0.0060000000,-0.0007000000,0.0057000000,0.0039000000,0.0043000000,-0.0112000000,0.0041000000,-0.0017000000,0.0037000000,0.0106000000
2018-03-07,-0.0068000000,-0.0027000000,-0.0006000000,-0.0089000000,-0.0012000000,0.0075000000,-0.0048000000,-0.0056000000,-0.0066000000,0.0057000000,0.0009000000,-0.0003000000
2018-03-08,0.0101000000,0.0017000000,0.0041000000,-0.0012000000,0.0061000000,0.0046000000,0.0060000000,0.0056000000,0.0005000000,0.0107000000,-0.0012000000,0.0039000000
2018-03-09,0.0056000000,0.0095000000,0.0200000000,0.0181000000,0.0127000000,0.0188000000,0.0047000000,0.0053000000,0.0160000000,0.0148000000,0.0211000000,0.0250000000
2018-03-12,-0.0011000000,0.0055000000,-0.0102000000,-0.0003000000,-0.0020000000,0.0028000000,0.0043000000,0.0060000000,0.0013000000,-0.0020000000,-0.0042000000,-0.0038000000
2018-03-13,0.0006000000,-0.0023000000,-0.0065000000,-0.0068000000,-0.0032000000,-0.0120000000,-0.0083000000,0.0014000000,-0.0035000000,-0.0007000000,-0.0080000000,-0.0067000000
2018-03-14,-0.0080000000,-0.0112000000,-0.0093000000,-0.0059000000,-0.0114000000,-0.0005000000,-0.0059000000,0.0076000000,-0.0047000000,-0.0053000000,-0.0100000000,-0.0057000000
2018-03-15,-0.0090000000,-0.0001000000,0.0002000000,-0.0029000000,-0.0061000000,-0.0007000000,-0.0032000000,-0.0025000000,-0.0023000000,-0.0039000000,0.0017000000,0.0002000000
2018-03-16,-0.0017000000,0.0046000000,0.0042000000,0.0102000000,0.0042000000,-0.0002000000,0.0001000000,0.0107000000,0.0035000000,0.0021000000,0.0034000000,0.0022000000
2018-03-19,-0.0098000000,-0.0179000000,-0.0095000000,-0.0169000000,-0.0084000000,-0.0192000000,-0.0137000000,-0.0092000000,-0.0145000000,-0.0178000000,-0.0076000000,-0.0106000000
2018-03-20,-0.0037000000,-0.0007000000,0.0046000000,0.0101000000,-0.0040000000,-0.0001000000,-0.0090000000,-0.0048000000,0.0074000000,0.0020000000,0.0024000000,0.0024000000
2018-03-21,-0.0120000000,0.0092000000,0.0037000000,0.0283000000,-0.0031000000,-0.0050000000,-0.0024000000,-0.0001000000,-0.0012000000,-0.0011000000,-0.0016000000,0.0008000000
2018-03-22,-0.0106000000,-0.0307000000,-0.0350000000,-0.0196000000,-0.0188000000,-0.0256000000,-0.0166000000,0.0005000000,-0.0189000000,-0.0292000000,-0.0343000000,-0.0289000000
2018-03-23,-0.0118000000,-0.0222000000,-0.0154000000,-0.0040000000,-0.0122000000,-0.0249000000,-0.0169000000,-0.0146000000,-0.0201000000,-0.0219000000,-0.0281000000,-0.0204000000
2018-03-26,0.0137000000,0.0228000000,0.0273000000,0.0195000000,0.0135000000,0.0376000000,0.0137000000,0.0108000000,0.0290000000,0.0197000000,0.0308000000,0.0246000000
2018-03-27,-0.0005000000,-0.0261000000,-0.0167000000,-0.0119000000,0.0011000000,-0.0330000000,-0.0050000000,0.0111000000,-0.0203000000,-0.0160000000,-0.0194000000,-0.0160000000
2018-03-28,0.0097000000,-0.0090000000,-0.0063000000,-0.0174000000,0.0011000000,-0.0090000000,0.0040000000,-0.0011000000,-0.0056000000,0.0042000000,0.0018000000,-0.0051000000
2018-03-29,0.0073000000,0.0211000000,0.0169000000,0.0229000000,0.0136000000,0.0206000000,0.0098000000,0.0059000000,0.0098000000,0.0075000000,0.0113000000,0.0152000000
2018-04-02,-0.0208000000,-0.0260000000,-0.0245000000,-0.0219000000,-0.0234000000,-0.0242000000,-0.0160000000,-0.0095000000,-0.0320000000,-0.0273000000,-0.0174000000,-0.0218000000
2018-04-03,0.0141000000,0.0253000000,0.0167000000,0.0215000000,0.0139000000,0.0094000000,0.0067000000,0.0051000000,0.0129000000,0.0129000000,0.0137000000,0.0122000000
2018-04-04,0.0160000000,0.0232000000,0.0067000000,-0.0012000000,0.0085000000,0.0141000000,0.0143000000,0.0017000000,0.0166000000,0.0162000000,0.0106000000,0.0090000000
2018-04-05,0.0064000000,0.0154000000,0.0108000000,0.0190000000,0.0091000000,0.0041000000,0.0079000000,0.0095000000,0.0128000000,-0.0031000000,0.0079000000,0.0093000000
2018-04-06,-0.0103000000,-0.0197000000,-0.0273000000,-0.0198000000,-0.0153000000,-0.0238000000,-0.0133000000,-0.0086000000,-0.0213000000,-0.0246000000,-0.0239000000,-0.0246000000
2018-04-09,0.0023000000,-0.0060000000,-0.0015000000,0.0050000000,-0.0001000000,0.0064000000,0.0001000000,0.0009000000,-0.0034000000,0.0127000000,0.0035000000,-0.0019000000
2018-04-10,0.0054000000,0.0263000000,0.0203000000,0.0336000000,0.0103000000,0.0236000000,0.0154000000,-0.0021000000,0.0141000000,0.0185000000,0.0161000000,0.0136000000
2018-04-11,-0.0008000000,-0.0054000000,-0.0061000000,0.0117000000,-0.0044000000,-0.0039000000,-0.0093000000,-0.0012000000,-0.0047000000,-0.0053000000,-0.0114000000,-0.0047000000
2018-04-12,-0.0013000000,-0.0020000000,0.0135000000,-0.0006000000,0.0012000000,0.0122000000,-0.0017000000,-0.0115000000,0.0052000000,0.0072000000,0.0163000000,0.0117000000
2018-04-13,0.0038000000,-0.0006000000,-0.0045000000,0.0126000000,0.0017000000,-0.0045000000,-0.0021000000,0.0064000000,-0.0070000000,-0.0021000000,-0.0131000000,-0.0013000000
2018-04-16,0.0071000000,0.0089000000,0.0077000000,0.0103000000,0.0135000000,0.0074000000,0.0119000000,0.0148000000,0.0113000000,0.0030000000,0.0067000000,0.0097000000
2018-04-17,0.0016000000,0.0027000000,0.0103000000,0.0047000000,0.0083000000,0.0204000000,0.0036000000,0.0103000000,0.0167000000,0.0073000000,0.0026000000,0.0132000000
2018-04-18,-0.0110000000,0.0037000000,0.0040000000,0.0175000000,0.0024000000,-0.0008000000,-0.0009000000,-0.0029000000,0.0080000000,0.0002000000,-0.0032000000,0.0073000000
2018-04-19,-0.0295000000,-0.0131000000,-0.0074000000,0.0013000000,-0.0198000000,-0.0103000000,-0.0035000000,-0.0005000000,-0.0012000000,-0.0076000000,0.0120000000,-0.0039000000
2018-04-20,-0.0151000000,-0.0112000000,-0.0068000000,-0.0040000000,-0.0131000000,-0.0140000000,-0.0079000000,-0.0074000000,-0.0115000000,-0.0059000000,0.0003000000,-0.0042000000
2018-04-23,0.0025000000,-0.0014000000,-0.0025000000,0.0070000000,-0.0049000000,-0.0035000000,0.0055000000,0.0029000000,0.0008000000,0.0024000000,0.0000000000,-0.0025000000
2018-04-24,-0.0108000000,-0.0124000000,-0.0285000000,-0.0113000000,-0.0135000000,-0.0195000000,-0.0020000000,0.0040000000,-0.0129000000,-0.0087000000,-0.0051000000,-0.0148000000
2018-04-25,-0.0010000000,0.0027000000,0.0037000000,0.0084000000,0.0034000000,-0.0027000000,0.0115000000,0.0003000000,0.0041000000,0.0033000000,-0.0005000000,-0.0012000000
2018-04-26,0.0047000000,0.0062000000,-0.0010000000,0.0150000000,0.0072000000,0.0190000000,-0.0198000000,0.0108000000,0.0215000000,0.0136000000,0.0038000000,0.0018000000
2018-04-27,0.0059000000,-0.0027000000,-0.0064000000,-0.0132000000,-0.0011000000,-0.0040000000,-0.0074000000,0.0073000000,0.0126000000,0.0038000000,0.0013000000,0.0014000000
2018-04-30,-0.0081000000,-0.0149000000,-0.0125000000,0.0015000000,-0.0115000000,-0.0053000000,-0.0152000000,-0.0025000000,-0.0038000000,-0.0155000000,-0.0075000000,-0.0109000000
2018-05-01,-0.0091000000,0.0004000000,-0.0033000000,-0.0061000000,-0.0019000000,0.0119000000,-0.0009000000,-0.0008000000,-0.0012000000,0.0025000000,0.0021000000,0.0029000000
2018-05-02,-0.0166000000,-0.0038000000,-0.0064000000,0.0049000000,-0.0128000000,-0.0010000000,-0.0148000000,0.0002000000,-0.0065000000,-0.0122000000,-0.0087000000,-0.0067000000
2018-05-03,-0.0013000000,-0.0103000000,0.0004000000,-0.0027000000,0.0019000000,0.0024000000,-0.0050000000,-0.0011000000,-0.0082000000,-0.0055000000,-0.0061000000,0.0000000000
2018-05-04,0.0128000000,0.0179000000,0.0141000000,0.0049000000,0.0143000000,0.0186000000,0.0178000000,0.0058000000,0.0105000000,0.0092000000,0.0109000000,0.0133000000
2018-05-07,-0.0002000000,0.0051000000,0.0095000000,0.0024000000,-0.0032000000,0.0090000000,0.0016000000,-0.0036000000,-0.0029000000,0.0006000000,0.0053000000,0.0044000000
2018-05-08,-0.0038000000,-0.0002000000,0.0040000000,0.0099000000,-0.0024000000,0.0032000000,-0.0185000000,-0.0204000000,0.0006000000,-0.0057000000,0.0060000000,0.0043000000
2018-05-09,0.0021000000,0.0014000000,0.0095000000,0.0200000000,0.0081000000,0.0138000000,-0.0044000000,-0.0040000000,0.0027000000,0.0099000000,0.0100000000,0.0088000000
2018-05-10,0.0067000000,0.0088000000,0.0062000000,0.0078000000,0.0053000000,0.0111000000,0.0160000000,0.0120000000,0.0027000000,0.0082000000,0.0077000000,0.0089000000
2018-05-11,-0.0035000000,-0.0023000000,0.0007000000,-0.0006000000,-0.0006000000,-0.0025000000,0.0098000000,0.0021000000,0.0049000000,0.0152000000,0.0025000000,0.0002000000
2018-05-14,-0.0025000000,-0.0041000000,0.0004000000,0.0066000000,0.0010000000,-0.0012000000,0.0007000000,-0.0027000000,0.0039000000,0.0049000000,-0.0003000000,-0.0022000000
2018-05-15,-0.0029000000,-0.0027000000,-0.0052000000,0.0010000000,-0.0011000000,-0.0097000000,-0.0033000000,-0.0076000000,-0.0066000000,-0.0093000000,-0.0005000000,-0.0052000000
2018-05-16,0.0056000000,0.0143000000,0.0061000000,0.0029000000,0.0087000000,0.0049000000,0.0084000000,-0.0067000000,0.0079000000,0.0063000000,0.0023000000,0.0063000000
2018-05-17,0.0041000000,0.0059000000,0.0042000000,0.0172000000,0.0048000000,-0.0036000000,-0.0069000000,-0.0058000000,-0.0015000000,-0.0011000000,0.0002000000,0.0010000000
2018-05-18,-0.0042000000,-0.0048000000,0.0030000000,-0.0084000000,-0.0003000000,-0.0022000000,0.0035000000,-0.0013000000,-0.0050000000,0.0031000000,-0.0065000000,0.0011000000
2018-05-21,0.0025000000,0.0132000000,0.0148000000,0.0118000000,0.0065000000,0.0079000000,0.0035000000,0.0056000000,0.0066000000,-0.0024000000,0.0080000000,0.0103000000
2018-05-22,-0.0031000000,-0.0080000000,-0.0105000000,-0.0149000000,-0.0069000000,-0.0042000000,0.0010000000,0.0026000000,-0.0085000000,-0.0024000000,0.0038000000,-0.0065000000
2018-05-23,0.0074000000,-0.0042000000,0.0022000000,-0.0007000000,0.0016000000,0.0080000000,-0.0052000000,0.0090000000,0.0077000000,0.0056000000,-0.0034000000,-0.0027000000
2018-05-24,0.0009000000,-0.0003000000,0.0021000000,-0.0147000000,-0.0052000000,-0.0007000000,-0.0009000000,0.0045000000,0.0022000000,-0.0028000000,-0.0060000000,0.0037000000
2018-05-25,0.0003000000,-0.0030000000,-0.0038000000,-0.0279000000,0.0043000000,-0.0002000000,-0.0009000000,0.0030000000,0.0005000000,-0.0011000000,-0.0029000000,0.0006000000
2018-05-29,-0.0013000000,-0.0112000000,-0.0127000000,-0.0012000000,-0.0086000000,-0.0066000000,-0.0092000000,0.0013000000,-0.0040000000,-0.0077000000,-0.0275000000,-0.0117000000
2018-05-30,0.0118000000,0.0121000000,0.0120000000,0.0324000000,0.0103000000,0.0081000000,0.0054000000,0.0107000000,0.0131000000,0.0150000000,0.0166000000,0.0142000000
2018-05-31,-0.0112000000,0.0072000000,-0.0150000000,-0.0094000000,-0.0161000000,-0.0008000000,-0.0100000000,0.0003000000,-0.0099000000,-0.0062000000,-0.0087000000,-0.0100000000
2018-06-01,0.0020000000,0.0112000000,0.0119000000,0.0047000000,0.0052000000,0.0189000000,0.0025000000,-0.0128000000,0.0064000000,0.0120000000,0.0112000000,0.0102000000
2018-06-04,0.0078000000,0.0091000000,0.0040000000,-0.0125000000,0.0044000000,0.0077000000,0.0031000000,-0.0072000000,0.0152000000,0.0037000000,0.0059000000,-0.0017000000
2018-06-05,-0.0022000000,0.0019000000,0.0031000000,-0.0028000000,0.0017000000,0.0047000000,0.0009000000,-0.0062000000,0.0084000000,-0.0007000000,-0.0025000000,0.0014000000
2018-06-06,0.0019000000,0.0241000000,0.0113000000,0.0048000000,0.0119000000,0.0050000000,0.0185000000,-0.0180000000,0.0049000000,0.0092000000,0.0179000000,0.0092000000
2018-06-07,0.0004000000,0.0008000000,-0.0003000000,0.0170000000,0.0034000000,-0.0101000000,0.0065000000,0.0066000000,0.0051000000,-0.0046000000,-0.0003000000,-0.0016000000
2018-06-08,0.0152000000,0.0044000000,0.0020000000,-0.0024000000,0.0099000000,0.0011000000,0.0042000000,-0.0015000000,0.0012000000,0.0069000000,0.0028000000,0.0054000000
2018-06-11,0.0081000000,0.0120000000,-0.0007000000,0.0025000000,0.0025000000,0.0008000000,0.0062000000,-0.0020000000,0.0037000000,-0.0020000000,-0.0021000000,0.0028000000
2018-06-12,0.0049000000,0.0042000000,-0.0006000000,-0.0066000000,-0.0008000000,0.0059000000,0.0042000000,0.0103000000,0.0036000000,0.0011000000,-0.0029000000,0.0041000000
2018-06-13,-0.0041000000,-0.0042000000,-0.0091000000,-0.0034000000,-0.0077000000,-0.0023000000,-0.0073000000,-0.0028000000,-0.0014000000,-0.0015000000,-0.0025000000,-0.0038000000
2018-06-14,0.0029000000,0.0014000000,-0.0030000000,-0.0049000000,0.0011000000,0.0061000000,0.0203000000,0.0113000000,0.0037000000,0.0058000000,-0.0047000000,0.0007000000
2018-06-15,0.0119000000,0.0013000000,-0.0042000000,-0.0219000000,0.0077000000,-0.0039000000,0.0094000000,0.0038000000,0.0018000000,0.0023000000,0.0005000000,-0.0010000000
2018-06-18,-0.0106000000,0.0066000000,-0.0035000000,0.0128000000,-0.0113000000,0.0028000000,-0.0151000000,0.0058000000,-0.0009000000,-0.0078000000,0.0005000000,-0.0009000000
2018-06-19,0.0029000000,-0.0215000000,-0.0202000000,-0.0009000000,-0.0060000000,-0.0080000000,0.0034000000,0.0104000000,0.0024000000,0.0048000000,-0.0025000000,-0.0077000000
2018-06-20,0.0016000000,0.0039000000,0.0029000000,0.0058000000,-0.0041000000,0.0023000000,0.0068000000,0.0018000000,0.0028000000,0.0053000000,-0.0007000000,0.0025000000
2018-06-21,-0.0021000000,-0.0204000000,-0.0140000000,-0.0210000000,-0.0016000000,-0.0091000000,-0.0082000000,0.0013000000,-0.0031000000,-0.0068000000,-0.0030000000,-0.0061000000
2018-06-22,0.0048000000,-0.0059000000,0.0034000000,0.0244000000,0.0097000000,-0.0046000000,0.0138000000,0.0071000000,-0.0006000000,0.0017000000,-0.0032000000,-0.0002000000
2018-06-25,0.0018000000,-0.0115000000,-0.0121000000,-0.0233000000,-0.0070000000,-0.0215000000,-0.0101000000,0.0111000000,-0.0142000000,-0.0111000000,-0.0130000000,-0.0210000000
2018-06-26,-0.0023000000,0.0080000000,0.0032000000,0.0156000000,0.0020000000,0.0045000000,-0.0036000000,0.0017000000,0.0038000000,-0.0003000000,-0.0025000000,0.0066000000
2018-06-27,-0.0066000000,-0.0076000000,-0.0090000000,0.0144000000,-0.0044000000,-0.0149000000,-0.0036000000,0.0047000000,-0.0099000000,-0.0138000000,-0.0133000000,-0.0121000000
2018-06-28,0.0090000000,-0.0009000000,0.0029000000,-0.0019000000,0.0056000000,0.0102000000,0.0146000000,0.0001000000,-0.0008000000,0.0069000000,0.0061000000,0.0048000000
2018-06-29,-0.0030000000,-0.0095000000,0.0092000000,0.0062000000,0.0021000000,0.0008000000,-0.0029000000,0.0007000000,-0.0029000000,0.0040000000,-0.0016000000,0.0015000000
2018-07-02,-0.0042000000,-0.0024000000,0.0001000000,-0.0154000000,-0.0021000000,0.0108000000,0.0030000000,0.0051000000,0.0006000000,0.0045000000,0.0068000000,0.0019000000
2018-07-03,0.0031000000,-0.0142000000,-0.0050000000,0.0077000000,-0.0028000000,-0.0113000000,0.0020000000,0.0034000000,-0.0022000000,0.0032000000,-0.0076000000,-0.0053000000
2018-07-05,0.0137000000,0.0111000000,0.0079000000,-0.0024000000,0.0129000000,0.0137000000,0.0066000000,0.0067000000,0.0049000000,0.0107000000,0.0047000000,0.0091000000
2018-07-06,0.0041000000,0.0026000000,0.0021000000,0.0079000000,0.0029000000,0.0126000000,0.0093000000,0.0088000000,0.0062000000,0.0179000000,0.0054000000,0.0083000000
2018-07-09,-0.0027000000,0.0172000000,0.0168000000,0.0161000000,0.0003000000,0.0083000000,0.0043000000,-0.0255000000,0.0106000000,0.0039000000,0.0204000000,0.0129000000
2018-07-10,0.0097000000,0.0046000000,0.0038000000,0.0053000000,0.0132000000,0.0013000000,0.0032000000,0.0085000000,0.0034000000,0.0023000000,-0.0034000000,0.0000000000
2018-07-11,-0.0018000000,-0.0152000000,-0.0153000000,-0.0235000000,-0.0148000000,-0.0059000000,-0.0062000000,0.0048000000,-0.0028000000,-0.0072000000,-0.0036000000,-0.0081000000
2018-07-12,-0.0020000000,0.0013000000,0.0084000000,0.0023000000,0.0008000000,0.0182000000,0.0078000000,0.0006000000,0.0083000000,0.0126000000,0.0023000000,0.0060000000
2018-07-13,0.0022000000,0.0068000000,0.0067000000,0.0049000000,0.0038000000,-0.0004000000,-0.0005000000,0.0008000000,0.0084000000,0.0001000000,-0.0045000000,-0.0011000000
2018-07-16,-0.0057000000,-0.0099000000,-0.0034000000,-0.0133000000,-0.0055000000,-0.0035000000,-0.0005000000,-0.0024000000,-0.0004000000,-0.0073000000,0.0121000000,-0.0029000000
2018-07-17,0.0086000000,0.0124000000,0.0063000000,-0.0026000000,0.0119000000,0.0084000000,-0.0065000000,-0.0011000000,0.0077000000,0.0102000000,0.0015000000,-0.0020000000
2018-07-18,-0.0064000000,-0.0002000000,0.0059000000,0.0006000000,-0.0032000000,-0.0012000000,-0.0026000000,-0.0031000000,0.0007000000,-0.0012000000,0.0110000000,0.0156000000
2018-07-19,0.0014000000,-0.0022000000,-0.0017000000,-0.0002000000,-0.0015000000,-0.0010000000,-0.0029000000,0.0101000000,-0.0034000000,-0.0055000000,-0.0103000000,-0.0060000000
2018-07-20,0.0061000000,-0.0079000000,-0.0013000000,-0.0024000000,-0.0024000000,-0.0002000000,-0.0073000000,-0.0073000000,-0.0021000000,-0.0019000000,0.0026000000,-0.0025000000
2018-07-23,-0.0062000000,-0.0090000000,-0.0096000000,-0.0045000000,-0.0053000000,0.0044000000,-0.0030000000,-0.0053000000,-0.0002000000,0.0019000000,0.0104000000,0.0034000000
2018-07-24,-0.0005000000,-0.0049000000,0.0091000000,0.0141000000,0.0059000000,0.0019000000,-0.0004000000,0.0018000000,0.0002000000,0.0059000000,0.0009000000,-0.0041000000
2018-07-25,0.0068000000,-0.0024000000,0.0054000000,0.0086000000,0.0092000000,0.0146000000,-0.0110000000,0.0028000000,0.0079000000,0.0121000000,0.0038000000,0.0106000000
2018-07-26,0.0010000000,-0.0076000000,0.0100000000,0.0092000000,0.0116000000,-0.0118000000,0.0148000000,0.0097000000,-0.0092000000,-0.0032000000,-0.0005000000,0.0011000000
2018-07-27,-0.0021000000,-0.0031000000,-0.0006000000,-0.0080000000,-0.0024000000,-0.0201000000,0.0051000000,-0.0071000000,-0.0027000000,-0.0114000000,-0.0014000000,-0.0068000000
2018-07-30,-0.0008000000,-0.0022000000,-0.0093000000,0.0103000000,-0.0042000000,-0.0183000000,0.0094000000,-0.0038000000,-0.0051000000,-0.0018000000,-0.0047000000,-0.0090000000
2018-07-31,0.0044000000,0.0145000000,0.0216000000,-0.0027000000,0.0110000000,0.0051000000,0.0029000000,0.0100000000,0.0000000000,0.0125000000,-0.0038000000,0.0093000000
2018-08-01,-0.0103000000,-0.0139000000,-0.0137000000,-0.0133000000,-0.0074000000,0.0083000000,-0.0052000000,-0.0089000000,-0.0049000000,0.0034000000,0.0034000000,-0.0074000000
2018-08-02,0.0067000000,0.0266000000,-0.0006000000,-0.0040000000,0.0021000000,0.0142000000,0.0001000000,0.0062000000,0.0112000000,0.0045000000,0.0036000000,0.0034000000
2018-08-03,0.0164000000,0.0102000000,0.0026000000,-0.0058000000,0.0061000000,0.0019000000,0.0113000000,0.0078000000,0.0013000000,0.0022000000,0.0027000000,0.0022000000
2018-08-06,-0.0003000000,-0.0066000000,0.0018000000,0.0043000000,0.0012000000,0.0076000000,0.0079000000,0.0037000000,0.0067000000,0.0029000000,0.0009000000,0.0093000000
2018-08-07,-0.0062000000,0.0213000000,0.0047000000,0.0053000000,0.0010000000,0.0039000000,0.0006000000,-0.0009000000,0.0056000000,-0.0004000000,0.0028000000,0.0048000000
2018-08-08,-0.0087000000,-0.0076000000,-0.0044000000,-0.0086000000,-0.0033000000,0.0018000000,-0.0038000000,-0.0043000000,0.0068000000,-0.0014000000,0.0036000000,-0.0032000000
2018-08-09,0.0044000000,-0.0123000000,-0.0062000000,-0.0080000000,-0.0008000000,0.0006000000,0.0092000000,0.0044000000,0.0031000000,-0.0009000000,-0.0034000000,-0.0006000000
2018-08-10,-0.0069000000,-0.0102000000,-0.0107000000,0.0051000000,-0.0097000000,-0.0068000000,-0.0081000000,-0.0028000000,-0.0025000000,-0.0034000000,-0.0087000000,-0.0062000000
2018-08-13,-0.0038000000,-0.0085000000,-0.0054000000,-0.0131000000,-0.0067000000,-0.0029000000,-0.0016000000,-0.0023000000,-0.0009000000,-0.0012000000,-0.0071000000,-0.0083000000
2018-08-14,0.0076000000,0.0021000000,0.0050000000,0.0042000000,0.0049000000,0.0062000000,0.0081000000,0.0036000000,0.0144000000,0.0026000000,0.0101000000,0.0047000000
2018-08-15,-0.0004000000,-0.0095000000,-0.0103000000,-0.0385000000,-0.0040000000,-0.0103000000,-0.0031000000,0.0036000000,-0.0112000000,-0.0024000000,-0.0076000000,-0.0095000000
2018-08-16,0.0062000000,0.0085000000,0.0144000000,0.0090000000,0.0105000000,0.0026000000,0.0137000000,0.0112000000,0.0133000000,0.0100000000,0.0116000000,0.0073000000
2018-08-17,0.0079000000,-0.0071000000,0.0037000000,0.0031000000,0.0055000000,0.0022000000,0.0011000000,0.0048000000,0.0030000000,0.0056000000,0.0018000000,0.0029000000
2018-08-20,0.0025000000,0.0105000000,0.0055000000,0.0073000000,0.0065000000,-0.0004000000,-0.0007000000,-0.0024000000,0.0027000000,0.0022000000,0.0033000000,0.0062000000
2018-08-21,-0.0093000000,0.0142000000,0.0084000000,0.0061000000,0.0008000000,0.0029000000,0.0088000000,-0.0051000000,0.0049000000,0.0003000000,0.0027000000,0.0088000000
2018-08-22,-0.0063000000,-0.0109000000,-0.0080000000,0.0135000000,-0.0052000000,0.0052000000,-0.0118000000,-0.0049000000,0.0033000000,0.0037000000,-0.0006000000,-0.0030000000
2018-08-23,-0.0027000000,-0.0080000000,-0.0071000000,-0.0046000000,-0.0042000000,0.0015000000,-0.0048000000,-0.0023000000,0.0009000000,-0.0017000000,-0.0039000000,-0.0027000000
2018-08-24,-0.0018000000,0.0071000000,0.0066000000,0.0088000000,0.0090000000,0.0114000000,0.0089000000,0.0038000000,0.0005000000,0.0035000000,0.0041000000,0.0072000000
2018-08-27,0.0016000000,0.0189000000,0.0122000000,0.0081000000,0.0100000000,0.0094000000,0.0034000000,-0.0056000000,0.0025000000,0.0049000000,0.0102000000,0.0100000000
2018-08-28,-0.0062000000,-0.0054000000,-0.0004000000,-0.0047000000,-0.0010000000,0.0021000000,-0.0023000000,-0.0029000000,0.0032000000,0.0001000000,-0.0007000000,0.0006000000
2018-08-29,0.0030000000,-0.0051000000,0.0006000000,0.0079000000,0.0046000000,0.0092000000,0.0007000000,0.0057000000,0.0107000000,0.0083000000,0.0007000000,0.0036000000
2018-08-30,-0.0064000000,-0.0128000000,-0.0093000000,-0.0032000000,-0.0070000000,-0.0027000000,-0.0035000000,0.0009000000,-0.0033000000,0.0003000000,-0.0058000000,-0.0055000000
2018-08-31,0.0020000000,-0.0054000000,-0.0001000000,-0.0063000000,-0.0012000000,0.0016000000,0.0000000000,-0.0039000000,0.0059000000,0.0012000000,0.0010000000,-0.0002000000
2018-09-04,-0.0013000000,-0.0111000000,-0.0047000000,-0.0022000000,-0.0062000000,-0.0028000000,-0.0082000000,0.0027000000,0.0071000000,-0.0067000000,0.0038000000,-0.0008000000
2018-09-05,0.0088000000,-0.0003000000,0.0081000000,-0.0022000000,0.0064000000,-0.0139000000,-0.0007000000,0.0110000000,-0.0058000000,0.0002000000,-0.0038000000,-0.0045000000
2018-09-06,0.0040000000,-0.0064000000,0.0006000000,-0.0211000000,-0.0008000000,-0.0072000000,0.0018000000,0.0024000000,-0.0051000000,-0.0048000000,-0.0035000000,-0.0007000000
2018-09-07,-0.0035000000,-0.0124000000,-0.0026000000,-0.0001000000,-0.0042000000,-0.0019000000,0.0001000000,-0.0095000000,0.0005000000,0.0007000000,-0.0020000000,-0.0007000000
2018-09-10,0.0035000000,0.0193000000,0.0018000000,0.0008000000,0.0025000000,0.0035000000,0.0047000000,0.0033000000,0.0031000000,0.0011000000,-0.0035000000,0.0065000000
2018-09-11,-0.0039000000,-0.0056000000,-0.0001000000,0.0116000000,-0.0004000000,0.0072000000,0.0041000000,-0.0003000000,0.0090000000,0.0003000000,0.0022000000,0.0012000000
2018-09-12,0.0137000000,0.0066000000,0.0035000000,0.0063000000,0.0018000000,-0.0039000000,0.0081000000,0.0002000000,-0.0001000000,0.0033000000,-0.0070000000,0.0052000000
2018-09-13,0.0008000000,0.0031000000,0.0074000000,-0.0017000000,0.0036000000,0.0106000000,0.0101000000,0.0072000000,-0.0047000000,0.0103000000,0.0005000000,0.0002000000
2018-09-14,-0.0004000000,0.0089000000,0.0067000000,0.0062000000,-0.0002000000,0.0013000000,-0.0042000000,-0.0044000000,-0.0054000000,-0.0026000000,0.0058000000,0.0039000000
2018-09-17,0.0014000000,-0.0005000000,0.0007000000,0.0006000000,0.0045000000,-0.0150000000,0.0001000000,0.0032000000,-0.0118000000,-0.0069000000,-0.0054000000,-0.0076000000
2018-09-18,-0.0068000000,-0.0044000000,0.0109000000,0.0094000000,-0.0023000000,0.0060000000,0.0056000000,-0.0010000000,0.0098000000,0.0073000000,0.0033000000,0.0096000000
2018-09-19,-0.0026000000,0.0160000000,0.0017000000,0.0045000000,0.0058000000,-0.0028000000,-0.0066000000,-0.0171000000,-0.0019000000,-0.0039000000,0.0121000000,0.0011000000
2018-09-20,0.0110000000,0.0101000000,0.0052000000,-0.0007000000,0.0144000000,0.0103000000,0.0075000000,0.0015000000,0.0063000000,0.0106000000,0.0092000000,0.0027000000
2018-09-21,0.0010000000,-0.0046000000,0.0025000000,0.0086000000,-0.0004000000,-0.0039000000,0.0022000000,0.0035000000,-0.0032000000,0.0001000000,-0.0023000000,-0.0017000000
2018-09-24,-0.0147000000,-0.0152000000,-0.0110000000,0.0182000000,-0.0137000000,0.0045000000,-0.0122000000,-0.0084000000,-0.0041000000,0.0047000000,-0.0086000000,-0.0091000000
2018-09-25,-0.0051000000,-0.0141000000,-0.0030000000,0.0056000000,-0.0071000000,0.0023000000,-0.0035000000,-0.0103000000,0.0065000000,-0.0002000000,-0.0034000000,-0.0019000000
2018-09-26,0.0001000000,0.0010000000,-0.0054000000,-0.0100000000,-0.0053000000,-0.0033000000,0.0000000000,-0.0111000000,0.0018000000,0.0005000000,-0.0110000000,-0.0022000000
2018-09-27,-0.0013000000,-0.0029000000,0.0010000000,0.0018000000,-0.0075000000,0.0068000000,0.0052000000,0.0089000000,0.0048000000,0.0038000000,-0.0020000000,0.0009000000
2018-09-28,0.0027000000,-0.0240000000,0.0014000000,-0.0018000000,-0.0019000000,0.0020000000,0.0038000000,0.0129000000,-0.0011000000,0.0033000000,-0.0049000000,-0.0062000000
2018-10-01,-0.0036000000,0.0251000000,0.0041000000,0.0140000000,0.0071000000,0.0008000000,-0.0018000000,-0.0009000000,-0.0018000000,-0.0003000000,0.0014000000,0.0033000000
2018-10-02,0.0012000000,-0.0123000000,0.0037000000,0.0007000000,0.0024000000,-0.0026000000,0.0098000000,0.0096000000,-0.0106000000,-0.0039000000,-0.0013000000,-0.0043000000
2018-10-03,-0.0058000000,0.0006000000,0.0040000000,0.0097000000,-0.0097000000,0.0045000000,-0.0027000000,-0.0084000000,-0.0046000000,-0.0007000000,0.0085000000,0.0032000000
2018-10-04,-0.0006000000,-0.0140000000,-0.0072000000,-0.0087000000,-0.0099000000,-0.0184000000,0.0016000000,0.0034000000,-0.0118000000,-0.0128000000,0.0009000000,-0.0076000000
2018-10-05,0.0017000000,-0.0235000000,-0.0093000000,-0.0007000000,-0.0039000000,-0.0120000000,-0.0100000000,0.0125000000,-0.0078000000,-0.0017000000,-0.0052000000,-0.0051000000
2018-10-08,0.0122000000,-0.0018000000,-0.0014000000,-0.0017000000,0.0034000000,-0.0110000000,0.0058000000,0.0074000000,0.0020000000,-0.0033000000,0.0014000000,0.0017000000
2018-10-09,-0.0047000000,-0.0195000000,-0.0156000000,0.0097000000,-0.0226000000,0.0005000000,0.0023000000,0.0048000000,0.0024000000,0.0007000000,-0.0027000000,-0.0043000000
2018-10-10,-0.0171000000,-0.0264000000,-0.0367000000,-0.0384000000,-0.0228000000,-0.0457000000,-0.0249000000,-0.0081000000,-0.0310000000,-0.0266000000,-0.0279000000,-0.0387000000
2018-10-11,-0.0211000000,-0.0123000000,-0.0222000000,-0.0305000000,-0.0207000000,-0.0102000000,-0.0193000000,-0.0212000000,-0.0201000000,-0.0245000000,-0.0255000000,-0.0189000000
2018-10-12,0.0043000000,-0.0013000000,0.0052000000,0.0048000000,0.0045000000,0.0267000000,0.0164000000,-0.0005000000,0.0219000000,0.0163000000,0.0037000000,0.0104000000
2018-10-15,0.0072000000,0.0059000000,0.0005000000,-0.0073000000,0.0011000000,-0.0117000000,0.0048000000,0.0038000000,-0.0045000000,-0.0074000000,-0.0046000000,-0.0031000000
2018-10-16,0.0127000000,0.0221000000,0.0207000000,0.0095000000,0.0176000000,0.0305000000,0.0143000000,0.0133000000,0.0206000000,0.0298000000,0.0194000000,0.0229000000
2018-10-17,0.0009000000,-0.0133000000,-0.0074000000,-0.0090000000,-0.0010000000,-0.0038000000,0.0046000000,-0.0016000000,-0.0031000000,0.0061000000,0.0054000000,-0.0005000000
2018-10-18,-0.0029000000,-0.0248000000,-0.0204000000,-0.0063000000,-0.0113000000,-0.0217000000,-0.0027000000,0.0002000000,-0.0166000000,-0.0135000000,-0.0152000000,-0.0185000000
2018-10-19,0.0090000000,-0.0052000000,-0.0081000000,-0.0094000000,0.0190000000,-0.0050000000,0.0086000000,0.0135000000,-0.0042000000,-0.0116000000,-0.0006000000,-0.0006000000
2018-10-22,-0.0070000000,0.0020000000,-0.0035000000,-0.0097000000,-0.0071000000,0.0072000000,-0.0040000000,-0.0084000000,0.0040000000,-0.0081000000,-0.0168000000,-0.0065000000
2018-10-23,0.0030000000,0.0187000000,-0.0174000000,-0.0282000000,-0.0075000000,-0.0042000000,0.0059000000,-0.0087000000,-0.0009000000,-0.0059000000,-0.0062000000,-0.0093000000
2018-10-24,0.0005000000,-0.0400000000,-0.0338000000,-0.0413000000,-0.0111000000,-0.0455000000,-0.0438000000,0.0137000000,-0.0297000000,-0.0374000000,-0.0305000000,-0.0354000000
2018-10-25,0.0029000000,0.0439000000,0.0135000000,0.0155000000,0.0059000000,0.0308000000,0.0105000000,-0.0136000000,0.0292000000,0.0108000000,0.0225000000,0.0152000000
2018-10-26,-0.0168000000,0.0059000000,-0.0092000000,-0.0064000000,-0.0144000000,-0.0186000000,-0.0226000000,-0.0168000000,-0.0325000000,-0.0085000000,-0.0131000000,-0.0159000000
2018-10-29,0.0130000000,0.0074000000,-0.0186000000,-0.0218000000,-0.0020000000,-0.0202000000,0.0108000000,0.0092000000,-0.0129000000,0.0003000000,0.0033000000,-0.0080000000
2018-10-30,0.0190000000,0.0133000000,0.0271000000,0.0240000000,0.0179000000,0.0182000000,0.0272000000,0.0047000000,0.0144000000,0.0125000000,0.0117000000,0.0172000000
2018-10-31,-0.0088000000,0.0236000000,0.0100000000,0.0084000000,0.0077000000,0.0240000000,0.0080000000,-0.0075000000,0.0086000000,0.0004000000,0.0162000000,0.0135000000
2018-11-01,0.0060000000,0.0222000000,0.0285000000,0.0083000000,0.0297000000,0.0106000000,0.0013000000,-0.0007000000,0.0189000000,0.0215000000,0.0063000000,0.0139000000
2018-11-02,-0.0079000000,0.0018000000,0.0002000000,-0.0008000000,0.0022000000,-0.0151000000,-0.0027000000,-0.0063000000,0.0035000000,-0.0066000000,-0.0013000000,-0.0025000000
2018-11-05,0.0136000000,-0.0004000000,0.0032000000,0.0171000000,0.0046000000,-0.0052000000,0.0071000000,0.0152000000,-0.0011000000,0.0067000000,0.0069000000,0.0116000000
2018-11-06,0.0050000000,0.0059000000,0.0099000000,0.0017000000,0.0093000000,0.0067000000,0.0045000000,0.0062000000,0.0078000000,0.0008000000,0.0060000000,0.0061000000
2018-11-07,0.0052000000,0.0129000000,0.0161000000,0.0190000000,0.0117000000,0.0273000000,0.0097000000,0.0115000000,0.0297000000,0.0267000000,0.0187000000,0.0189000000
2018-11-08,0.0008000000,-0.0055000000,-0.0032000000,-0.0247000000,-0.0055000000,-0.0051000000,-0.0032000000,-0.0034000000,0.0041000000,-0.0007000000,0.0031000000,-0.0043000000
2018-11-09,-0.0005000000,-0.0162000000,-0.0113000000,0.0003000000,-0.0001000000,-0.0176000000,-0.0031000000,0.0013000000,-0.0110000000,-0.0067000000,-0.0090000000,-0.0162000000
2018-11-12,-0.0080000000,-0.0148000000,-0.0199000000,-0.0240000000,-0.0096000000,-0.0331000000,-0.0030000000,-0.0013000000,-0.0207000000,-0.0167000000,-0.0187000000,-0.0200000000
2018-11-13,-0.0058000000,0.0103000000,0.0012000000,-0.0234000000,0.0009000000,0.0006000000,-0.0036000000,0.0017000000,-0.0027000000,-0.0072000000,0.0026000000,0.0066000000
2018-11-14,-0.0071000000,0.0023000000,-0.0031000000,-0.0015000000,0.0020000000,-0.0085000000,0.0038000000,-0.0101000000,-0.0104000000,-0.0100000000,-0.0133000000,-0.0049000000
2018-11-15,-0.0007000000,0.0082000000,0.0124000000,0.0177000000,0.0090000000,0.0223000000,-0.0006000000,-0.0036000000,-0.0013000000,0.0144000000,0.0142000000,0.0107000000
2018-11-16,0.0025000000,0.0046000000,0.0013000000,0.0108000000,0.0038000000,-0.0024000000,0.0077000000,0.0123000000,-0.0070000000,0.0114000000,0.0006000000,-0.0001000000
2018-11-19,-0.0031000000,-0.0047000000,-0.0230000000,-0.0024000000,-0.0129000000,-0.0399000000,-0.0054000000,0.0054000000,-0.0229000000,-0.0133000000,-0.0081000000,-0.0144000000
2018-11-20,-0.0152000000,-0.0171000000,-0.0154000000,-0.0352000000,-0.0173000000,-0.0151000000,-0.0285000000,-0.0085000000,-0.0252000000,-0.0097000000,-0.0176000000,-0.0243000000
2018-11-21,-0.0054000000,0.0061000000,0.0066000000,0.0166000000,0.0029000000,0.0096000000,0.0095000000,-0.0102000000,0.0072000000,-0.0049000000,0.0023000000,0.0101000000
2018-11-23,0.0007000000,-0.0041000000,-0.0018000000,-0.0331000000,-0.0025000000,-0.0070000000,-0.0049000000,-0.0018000000,-0.0020000000,0.0015000000,-0.0054000000,-0.0086000000
2018-11-26,0.0014000000,0.0324000000,0.0119000000,0.0177000000,0.0086000000,0.0219000000,0.0100000000,0.0060000000,0.0207000000,0.0088000000,0.0212000000,0.0144000000
2018-11-27,0.0045000000,-0.0144000000,-0.0081000000,-0.0043000000,-0.0039000000,-0.0013000000,0.0133000000,0.0064000000,0.0053000000,0.0056000000,-0.0003000000,0.0045000000
2018-11-28,0.0103000000,0.0176000000,0.0258000000,0.0181000000,0.0083000000,0.0323000000,0.0120000000,0.0004000000,0.0325000000,0.0258000000,0.0217000000,0.0271000000
2018-11-29,0.0001000000,-0.0077000000,0.0002000000,0.0066000000,0.0038000000,-0.0033000000,-0.0004000000,-0.0012000000,-0.0020000000,0.0017000000,-0.0081000000,-0.0022000000
2018-11-30,0.0090000000,0.0135000000,0.0125000000,-0.0036000000,0.0098000000,0.0088000000,0.0021000000,0.0135000000,0.0052000000,0.0148000000,0.0079000000,0.0036000000
2018-12-03,0.0006000000,0.0160000000,0.0151000000,0.0251000000,0.0075000000,0.0159000000,-0.0040000000,0.0098000000,0.0176000000,0.0037000000,0.0080000000,0.0123000000
2018-12-04,-0.0207000000,-0.0378000000,-0.0430000000,-0.0294000000,-0.0250000000,-0.0379000000,-0.0220000000,-0.0034000000,-0.0360000000,-0.0260000000,-0.0429000000,-0.0435000000
2018-12-06,-0.0038000000,-0.0074000000,-0.0096000000,-0.0177000000,-0.0063000000,0.0045000000,0.0043000000,-0.0011000000,0.0045000000,0.0013000000,-0.0088000000,-0.0008000000
2018-12-07,-0.0158000000,-0.0259000000,-0.0233000000,-0.0066000000,-0.0215000000,-0.0320000000,-0.0127000000,0.0042000000,-0.0289000000,-0.0251000000,-0.0205000000,-0.0277000000
2018-12-10,-0.0024000000,-0.0072000000,0.0003000000,-0.0173000000,0.0027000000,0.0135000000,-0.0014000000,0.0010000000,0.0029000000,0.0063000000,-0.0117000000,-0.0033000000
2018-12-11,0.0053000000,0.0022000000,-0.0054000000,0.0014000000,0.0017000000,0.0022000000,-0.0020000000,0.0033000000,-0.0002000000,0.0032000000,-0.0077000000,-0.0043000000
2018-12-12,-0.0008000000,0.0103000000,0.0091000000,0.0034000000,0.0052000000,0.0102000000,0.0009000000,-0.0032000000,0.0083000000,0.0078000000,0.0073000000,0.0063000000
2018-12-13,-0.0009000000,-0.0053000000,-0.0052000000,0.0029000000,0.0039000000,-0.0006000000,-0.0051000000,0.0092000000,-0.0029000000,-0.0027000000,-0.0070000000,-0.0051000000
2018-12-14,-0.0167000000,-0.0145000000,-0.0115000000,-0.0248000000,-0.0080000000,-0.0215000000,-0.0034000000,-0.0050000000,-0.0249000000,-0.0342000000,-0.0136000000,-0.0155000000
2018-12-17,-0.0180000000,-0.0202000000,-0.0202000000,-0.0198000000,-0.0301000000,-0.0249000000,-0.0127000000,-0.0309000000,-0.0270000000,-0.0221000000,-0.0142000000,-0.0145000000
2018-12-18,-0.0139000000,-0.0023000000,0.0085000000,-0.0238000000,0.0027000000,0.0095000000,-0.0071000000,-0.0087000000,0.0065000000,-0.0070000000,-0.0054000000,0.0030000000
2018-12-19,-0.0115000000,-0.0157000000,-0.0212000000,-0.0150000000,-0.0087000000,-0.0195000000,-0.0052000000,-0.0019000000,-0.0185000000,-0.0148000000,-0.0153000000,-0.0164000000
2018-12-20,-0.0140000000,-0.0167000000,-0.0188000000,-0.0293000000,-0.0117000000,-0.0179000000,-0.0216000000,0.0007000000,-0.0249000000,-0.0096000000,-0.0112000000,-0.0142000000
2018-12-21,-0.0151000000,-0.0189000000,-0.0135000000,-0.0129000000,-0.0061000000,-0.0317000000,-0.0204000000,-0.0076000000,-0.0259000000,-0.0153000000,-0.0210000000,-0.0213000000
2018-12-24,-0.0248000000,-0.0356000000,-0.0337000000,-0.0402000000,-0.0321000000,-0.0231000000,-0.0283000000,-0.0444000000,-0.0177000000,-0.0237000000,-0.0211000000,-0.0247000000
2018-12-26,0.0262000000,0.0520000000,0.0488000000,0.0665000000,0.0424000000,0.0600000000,0.0359000000,0.0202000000,0.0606000000,0.0480000000,0.0483000000,0.0521000000
2018-12-27,0.0066000000,0.0003000000,0.0136000000,0.0078000000,0.0176000000,0.0081000000,0.0042000000,0.0073000000,0.0025000000,0.0093000000,0.0086000000,0.0083000000
2018-12-28,-0.0007000000,0.0080000000,-0.0020000000,-0.0100000000,-0.0048000000,-0.0019000000,0.0039000000,-0.0004000000,0.0041000000,0.0026000000,-0.0007000000,0.0009000000
2018-12-31,0.0020000000,-0.0004000000,0.0114000000,0.0053000000,0.0089000000,0.0069000000,0.0077000000,0.0040000000,0.0113000000,0.0160000000,0.0095000000,0.0113000000
2019-01-02,-0.0028000000,-0.0055000000,0.0044000000,0.0217000000,0.0009000000,0.0012000000,0.0116000000,-0.0145000000,0.0080000000,-0.0098000000,0.0062000000,0.0025000000
2019-01-03,-0.0074000000,-0.0278000000,-0.0294000000,-0.0122000000,-0.0219000000,-0.0436000000,-0.0019000000,0.0005000000,-0.0165000000,-0.0213000000,-0.0182000000,-0.0302000000
2019-01-04,0.0261000000,0.0434000000,0.0407000000,0.0369000000,0.0312000000,0.0445000000,0.0250000000,0.0172000000,0.0294000000,0.0346000000,0.0331000000,0.0385000000
2019-01-07,-0.0021000000,0.0276000000,0.0079000000,0.0131000000,0.0026000000,0.0091000000,0.0076000000,-0.0040000000,0.0219000000,0.0117000000,0.0035000000,0.0138000000
2019-01-08,0.0126000000,0.0157000000,0.0148000000,0.0067000000,0.0077000000,0.0114000000,0.0127000000,0.0147000000,0.0109000000,0.0096000000,0.0041000000,0.0115000000
2019-01-09,-0.0080000000,0.0143000000,0.0076000000,0.0163000000,-0.0043000000,0.0100000000,-0.0061000000,-0.0049000000,0.0028000000,0.0030000000,0.0071000000,0.0067000000
2019-01-10,0.0046000000,0.0066000000,0.0137000000,0.0033000000,0.0037000000,0.0043000000,0.0024000000,0.0127000000,-0.0009000000,0.0026000000,0.0010000000,0.0082000000
2019-01-11,0.0042000000,0.0138000000,-0.0001000000,-0.0080000000,0.0004000000,-0.0024000000,0.0054000000,-0.0047000000,-0.0015000000,0.0006000000,0.0028000000,0.0012000000
2019-01-14,-0.0023000000,-0.0019000000,-0.0039000000,-0.0019000000,-0.0056000000,-0.0085000000,-0.0046000000,-0.0183000000,-0.0083000000,-0.0142000000,0.0047000000,-0.0051000000
2019-01-15,0.0088000000,0.0049000000,-0.0007000000,0.0029000000,-0.0003000000,0.0174000000,-0.0007000000,0.0125000000,0.0116000000,0.0188000000,0.0089000000,0.0066000000
2019-01-16,-0.0055000000,-0.0036000000,0.0010000000,-0.0011000000,0.0017000000,0.0000000000,-0.0051000000,0.0041000000,0.0006000000,-0.0045000000,0.0209000000,0.0026000000
2019-01-17,0.0091000000,0.0116000000,0.0165000000,0.0096000000,0.0119000000,0.0084000000,0.0002000000,0.0062000000,0.0050000000,0.0121000000,0.0042000000,0.0081000000
2019-01-18,0.0163000000,-0.0076000000,0.0190000000,0.0166000000,0.0126000000,0.0150000000,0.0065000000,0.0034000000,0.0116000000,0.0089000000,0.0149000000,0.0145000000
2019-01-22,-0.0103000000,-0.0170000000,-0.0215000000,-0.0243000000,-0.0167000000,-0.0193000000,-0.0130000000,-0.0014000000,-0.0161000000,-0.0098000000,-0.0089000000,-0.0183000000
2019-01-23,0.0053000000,-0.0170000000,0.0002000000,-0.0099000000,0.0115000000,0.0033000000,0.0137000000,0.0075000000,0.0039000000,-0.0031000000,0.0001000000,-0.0010000000
2019-01-24,-0.0135000000,0.0145000000,0.0082000000,0.0059000000,-0.0030000000,0.0078000000,-0.0053000000,0.0092000000,0.0008000000,-0.0076000000,0.0019000000,0.0060000000
2019-01-25,0.0038000000,0.0171000000,0.0135000000,0.0119000000,0.0097000000,0.0152000000,-0.0009000000,-0.0109000000,0.0069000000,0.0015000000,0.0095000000,0.0122000000
2019-01-28,0.0041000000,-0.0076000000,-0.0108000000,-0.0109000000,0.0034000000,-0.0124000000,-0.0074000000,-0.0045000000,-0.0066000000,-0.0151000000,-0.0029000000,-0.0062000000
2019-01-29,0.0027000000,0.0094000000,0.0124000000,0.0024000000,0.0050000000,-0.0097000000,-0.0043000000,0.0048000000,-0.0092000000,0.0069000000,-0.0031000000,0.0012000000
2019-01-30,0.0097000000,0.0133000000,0.0161000000,0.0151000000,0.0105000000,0.0282000000,-0.0086000000,0.0072000000,0.0155000000,0.0137000000,0.0065000000,0.0167000000
2019-01-31,0.0158000000,0.0030000000,0.0039000000,0.0064000000,-0.0044000000,0.0117000000,0.0270000000,0.0171000000,0.0114000000,0.0151000000,-0.0007000000,0.0051000000
2019-02-01,-0.0015000000,0.0008000000,-0.0005000000,0.0184000000,0.0064000000,0.0023000000,0.0013000000,-0.0018000000,-0.0201000000,0.0050000000,0.0055000000,0.0071000000
2019-02-04,0.0045000000,0.0040000000,0.0110000000,0.0023000000,0.0033000000,0.0163000000,-0.0044000000,0.0023000000,0.0086000000,-0.0023000000,0.0054000000,0.0073000000
2019-02-05,0.0010000000,0.0098000000,0.0090000000,-0.0003000000,0.0044000000,0.0094000000,0.0012000000,0.0010000000,0.0078000000,0.0002000000,-0.0014000000,0.0051000000
2019-02-06,-0.0013000000,-0.0005000000,0.0021000000,-0.0083000000,-0.0010000000,-0.0018000000,-0.0033000000,-0.0042000000,-0.0050000000,0.0008000000,0.0001000000,-0.0044000000
2019-02-07,-0.0005000000,-0.0223000000,-0.0101000000,-0.0227000000,-0.0112000000,-0.0141000000,0.0001000000,0.0102000000,-0.0043000000,-0.0131000000,-0.0058000000,-0.0102000000
2019-02-08,0.0079000000,-0.0028000000,0.0004000000,-0.0046000000,0.0047000000,0.0064000000,0.0033000000,0.0052000000,-0.0078000000,0.0062000000,-0.0058000000,-0.0010000000
2019-02-11,0.0023000000,0.0060000000,0.0036000000,0.0049000000,0.0049000000,-0.0004000000,-0.0061000000,0.0000000000,0.0030000000,0.0006000000,0.0003000000,0.0073000000
2019-02-12,0.0103000000,0.0160000000,0.0178000000,0.0132000000,0.0161000000,0.0147000000,0.0055000000,0.0031000000,0.0168000000,0.0116000000,0.0151000000,0.0137000000
2019-02-13,0.0002000000,0.0007000000,0.0048000000,0.0134000000,0.0013000000,0.0006000000,0.0004000000,-0.0005000000,0.0057000000,0.0018000000,0.0036000000,0.0040000000
2019-02-14,-0.0170000000,-0.0020000000,-0.0047000000,0.0045000000,-0.0068000000,0.0017000000,0.0013000000,-0.0013000000,-0.0018000000,0.0021000000,-0.0071000000,-0.0018000000
2019-02-15,0.0076000000,0.0085000000,0.0159000000,0.0173000000,0.0109000000,0.0065000000,0.0192000000,0.0051000000,0.0074000000,0.0142000000,0.0194000000,0.0074000000
2019-02-19,-0.0009000000,0.0068000000,-0.0010000000,0.0012000000,0.0084000000,0.0010000000,0.0028000000,0.0079000000,0.0064000000,-0.0040000000,0.0018000000,0.0046000000
2019-02-20,0.0056000000,0.0071000000,0.0088000000,0.0056000000,0.0073000000,-0.0001000000,0.0048000000,0.0028000000,-0.0063000000,0.0002000000,0.0051000000,0.0026000000
2019-02-21,0.0042000000,-0.0121000000,-0.0062000000,-0.0158000000,0.0001000000,-0.0025000000,0.0043000000,0.0061000000,-0.0037000000,-0.0079000000,-0.0055000000,-0.0019000000
2019-02-22,-0.0108000000,0.0121000000,0.0084000000,0.0046000000,0.0040000000,0.0123000000,0.0072000000,0.0057000000,0.0051000000,0.0112000000,0.0031000000,0.0018000000
2019-02-25,-0.0054000000,0.0035000000,0.0035000000,-0.0002000000,0.0008000000,0.0057000000,-0.0055000000,-0.0056000000,-0.0029000000,0.0052000000,0.0010000000,0.0018000000
2019-02-26,-0.0011000000,-0.0022000000,-0.0057000000,-0.0028000000,-0.0027000000,0.0011000000,-0.0013000000,-0.0046000000,-0.0004000000,-0.0027000000,-0.0027000000,-0.0011000000
2019-02-27,0.0025000000,0.0066000000,0.0036000000,0.0048000000,-0.0016000000,0.0012000000,-0.0030000000,0.0016000000,-0.0005000000,0.0037000000,-0.0009000000,-0.0001000000
2019-02-28,0.0061000000,-0.0027000000,-0.0047000000,-0.0100000000,-0.0081000000,-0.0044000000,0.0026000000,0.0022000000,0.0004000000,-0.0001000000,-0.0036000000,-0.0063000000
2019-03-01,0.0048000000,-0.0074000000,0.0037000000,0.0169000000,0.0016000000,0.0080000000,0.0033000000,0.0064000000,0.0046000000,0.0147000000,0.0070000000,0.0047000000
2019-03-04,-0.0033000000,-0.0077000000,-0.0046000000,0.0025000000,0.0027000000,-0.0037000000,-0.0101000000,0.0027000000,-0.0032000000,-0.0078000000,-0.0095000000,-0.0067000000
2019-03-05,-0.0018000000,-0.0059000000,-0.0049000000,-0.0033000000,-0.0045000000,0.0000000000,-0.0023000000,-0.0023000000,0.0003000000,-0.0018000000,-0.0006000000,-0.0043000000
2019-03-06,-0.0009000000,-0.0131000000,-0.0113000000,-0.0141000000,-0.0013000000,-0.0057000000,-0.0034000000,-0.0012000000,-0.0073000000,-0.0184000000,-0.0101000000,-0.0067000000
2019-03-07,-0.0028000000,-0.0082000000,-0.0080000000,-0.0050000000,-0.0056000000,-0.0092000000,0.0010000000,0.0028000000,-0.0155000000,-0.0068000000,-0.0111000000,-0.0064000000
2019-03-08,-0.0038000000,0.0010000000,-0.0023000000,-0.0209000000,-0.0005000000,-0.0001000000,-0.0019000000,0.0028000000,-0.0033000000,-0.0042000000,0.0012000000,-0.0025000000
2019-03-11,0.0145000000,0.0146000000,0.0061000000,0.0160000000,0.0134000000,0.0212000000,0.0131000000,0.0081000000,0.0161000000,0.0117000000,0.0109000000,0.0161000000
2019-03-12,-0.0033000000,-0.0056000000,-0.0095000000,0.0078000000,0.0002000000,0.0054000000,0.0051000000,0.0062000000,0.0027000000,0.0064000000,0.0022000000,-0.0017000000
2019-03-13,0.0044000000,0.0012000000,0.0052000000,0.0120000000,0.0069000000,0.0065000000,-0.0005000000,0.0017000000,0.0071000000,0.0087000000,0.0084000000,0.0079000000
2019-03-14,-0.0020000000,-0.0088000000,-0.0041000000,0.0004000000,-0.0047000000,-0.0010000000,0.0042000000,-0.0014000000,-0.0039000000,-0.0039000000,0.0048000000,-0.0019000000
2019-03-15,0.0021000000,-0.0076000000,0.0022000000,-0.0001000000,0.0066000000,0.0065000000,0.0089000000,0.0033000000,0.0062000000,0.0077000000,0.0046000000,0.0019000000
2019-03-18,0.0057000000,0.0034000000,0.0063000000,0.0141000000,-0.0018000000,0.0025000000,-0.0052000000,-0.0012000000,0.0113000000,-0.0028000000,0.0089000000,0.0078000000
2019-03-19,-0.0027000000,-0.0009000000,-0.0010000000,-0.0048000000,-0.0026000000,0.0037000000,-0.0103000000,-0.0101000000,0.0048000000,0.0057000000,-0.0066000000,-0.0050000000
2019-03-20,-0.0047000000,-0.0122000000,-0.0064000000,0.0099000000,-0.0035000000,0.0016000000,-0.0010000000,0.0034000000,0.0033000000,-0.0037000000,-0.0209000000,-0.0040000000
2019-03-21,0.0134000000,0.0113000000,0.0097000000,0.0073000000,0.0115000000,0.0211000000,0.0084000000,0.0114000000,0.0127000000,0.0026000000,-0.0006000000,0.0124000000
2019-03-22,-0.0046000000,-0.0311000000,-0.0310000000,-0.0280000000,-0.0202000000,-0.0246000000,-0.0023000000,0.0028000000,-0.0178000000,-0.0204000000,-0.0284000000,-0.0227000000
2019-03-25,0.0036000000,0.0026000000,0.0049000000,-0.0010000000,-0.0008000000,-0.0030000000,-0.0026000000,0.0018000000,0.0032000000,0.0009000000,-0.0027000000,0.0001000000
2019-03-26,0.0085000000,0.0109000000,0.0072000000,0.0163000000,0.0064000000,0.0042000000,0.0141000000,0.0058000000,0.0048000000,0.0109000000,0.0101000000,0.0070000000
2019-03-27,-0.0036000000,0.0024000000,0.0002000000,-0.0063000000,0.0001000000,-0.0078000000,0.0003000000,-0.0061000000,-0.0029000000,-0.0093000000,-0.0038000000,-0.0022000000
2019-03-28,0.0075000000,0.0083000000,0.0069000000,0.0037000000,0.0087000000,0.0029000000,-0.0119000000,-0.0096000000,0.0050000000,0.0046000000,0.0080000000,0.0073000000
2019-03-29,0.0054000000,0.0028000000,0.0095000000,-0.0017000000,0.0057000000,0.0094000000,0.0002000000,0.0057000000,0.0058000000,0.0111000000,0.0040000000,0.0062000000
2019-04-01,-0.0012000000,0.0232000000,0.0218000000,0.0135000000,0.0066000000,0.0141000000,0.0103000000,-0.0051000000,0.0093000000,0.0004000000,0.0205000000,0.0180000000
2019-04-02,-0.0050000000,-0.0021000000,-0.0039000000,-0.0080000000,0.0014000000,0.0046000000,-0.0053000000,-0.0005000000,-0.0069000000,0.0023000000,-0.0004000000,0.0001000000
2019-04-03,-0.0081000000,0.0124000000,0.0006000000,-0.0104000000,0.0070000000,0.0064000000,0.0053000000,-0.0023000000,0.0057000000,-0.0006000000,0.0039000000,0.0024000000
2019-04-04,0.0079000000,-0.0038000000,0.0105000000,0.0102000000,0.0041000000,-0.0032000000,0.0071000000,-0.0025000000,0.0062000000,-0.0056000000,0.0058000000,0.0018000000
2019-04-05,0.0018000000,0.0071000000,0.0042000000,0.0185000000,0.0031000000,0.0034000000,0.0056000000,0.0104000000,0.0076000000,0.0077000000,0.0022000000,0.0049000000
2019-04-08,0.0024000000,0.0024000000,-0.0053000000,0.0046000000,0.0039000000,0.0029000000,0.0032000000,-0.0066000000,0.0033000000,-0.0020000000,0.0010000000,-0.0010000000
2019-04-09,-0.0021000000,-0.0108000000,-0.0153000000,-0.0140000000,-0.0038000000,-0.0035000000,0.0022000000,0.0002000000,-0.0086000000,-0.0069000000,-0.0086000000,-0.0068000000
2019-04-10,0.0034000000,0.0119000000,0.0022000000,0.0057000000,0.0036000000,0.0072000000,0.0058000000,-0.0027000000,0.0050000000,0.0052000000,0.0043000000,0.0033000000
2019-04-11,0.0008000000,0.0017000000,0.0087000000,-0.0006000000,0.0020000000,0.0004000000,0.0019000000,0.0050000000,0.0006000000,-0.0106000000,-0.0007000000,0.0042000000
2019-04-12,0.0029000000,0.0082000000,0.0130000000,0.0049000000,0.0073000000,0.0065000000,0.0194000000,0.0068000000,0.0039000000,-0.0054000000,0.0109000000,0.0071000000
2019-04-15,0.0060000000,-0.0059000000,-0.0043000000,-0.0074000000,-0.0009000000,-0.0006000000,0.0020000000,-0.0002000000,0.0043000000,-0.0001000000,-0.0031000000,-0.0025000000
2019-04-16,-0.0024000000,0.0083000000,0.0070000000,0.0063000000,0.0079000000,0.0022000000,0.0014000000,-0.0119000000,0.0035000000,-0.0148000000,0.0066000000,0.0063000000
2019-04-17,0.0065000000,0.0012000000,-0.0015000000,-0.0005000000,-0.0015000000,0.0014000000,-0.0025000000,-0.0037000000,-0.0001000000,-0.0328000000,0.0001000000,0.0002000000
2019-04-18,-0.0013000000,0.0051000000,0.0070000000,-0.0034000000,0.0024000000,0.0027000000,0.0023000000,-0.0011000000,0.0001000000,-0.0028000000,-0.0007000000,0.0052000000
2019-04-22,-0.0025000000,-0.0155000000,-0.0039000000,0.0224000000,-0.0054000000,0.0049000000,-0.0022000000,0.0020000000,-0.0025000000,-0.0006000000,-0.0010000000,-0.0005000000
2019-04-23,0.0086000000,0.0067000000,0.0085000000,0.0003000000,-0.0047000000,0.0134000000,-0.0016000000,0.0039000000,0.0121000000,0.0186000000,0.0084000000,0.0078000000
2019-04-24,0.0013000000,-0.0046000000,-0.0033000000,-0.0192000000,-0.0010000000,-0.0022000000,-0.0087000000,0.0055000000,0.0019000000,-0.0025000000,-0.0008000000,-0.0010000000
2019-04-25,-0.0102000000,-0.0265000000,-0.0178000000,-0.0033000000,-0.0088000000,0.0031000000,-0.0003000000,0.0022000000,-0.0029000000,0.0101000000,0.0009000000,-0.0085000000
2019-04-26,0.0099000000,0.0183000000,0.0074000000,-0.0141000000,0.0174000000,-0.0011000000,0.0110000000,0.0029000000,0.0046000000,0.0078000000,0.0114000000,0.0096000000
2019-04-29,0.0033000000,0.0042000000,0.0029000000,-0.0024000000,-0.0044000000,0.0027000000,0.0041000000,-0.0051000000,-0.0026000000,-0.0031000000,0.0082000000,0.0032000000
2019-04-30,0.0091000000,-0.0068000000,-0.0001000000,0.0001000000,0.0080000000,-0.0078000000,-0.0021000000,0.0131000000,0.0010000000,0.0045000000,0.0007000000,0.0023000000
2019-05-01,-0.0093000000,-0.0106000000,-0.0100000000,-0.0224000000,-0.0187000000,-0.0039000000,-0.0043000000,-0.0108000000,-0.0114000000,-0.0045000000,-0.0095000000,-0.0065000000
2019-05-02,-0.0037000000,0.0055000000,-0.0023000000,-0.0183000000,-0.0058000000,-0.0034000000,-0.0076000000,-0.0044000000,0.0021000000,0.0053000000,0.0017000000,0.0006000000
2019-05-03,0.0091000000,0.0188000000,0.0143000000,0.0101000000,0.0096000000,0.0124000000,0.0096000000,0.0078000000,0.0137000000,0.0108000000,0.0081000000,0.0133000000
2019-05-06,-0.0032000000,-0.0105000000,-0.0113000000,0.0007000000,-0.0116000000,-0.0060000000,-0.0011000000,-0.0056000000,-0.0025000000,0.0039000000,0.0002000000,-0.0104000000
2019-05-07,-0.0109000000,-0.0112000000,-0.0215000000,-0.0075000000,-0.0184000000,-0.0209000000,-0.0081000000,-0.0023000000,-0.0150000000,-0.0210000000,-0.0160000000,-0.0178000000
2019-05-08,-0.0024000000,-0.0052000000,-0.0020000000,0.0004000000,-0.0001000000,-0.0022000000,-0.0022000000,-0.0129000000,0.0004000000,-0.0002000000,-0.0024000000,-0.0027000000
2019-05-09,-0.0006000000,-0.0082000000,-0.0028000000,0.0007000000,-0.0090000000,-0.0059000000,0.0028000000,-0.0008000000,-0.0029000000,-0.0013000000,-0.0009000000,-0.0013000000
2019-05-10,0.0070000000,0.0030000000,0.0034000000,0.0048000000,0.0095000000,0.0022000000,0.0071000000,0.0165000000,0.0003000000,-0.0023000000,0.0056000000,0.0018000000
2019-05-13,-0.0144000000,-0.0353000000,-0.0315000000,-0.0177000000,-0.0150000000,-0.0371000000,-0.0168000000,0.0082000000,-0.0281000000,-0.0191000000,-0.0282000000,-0.0265000000
2019-05-14,0.0077000000,0.0138000000,0.0098000000,0.0129000000,0.0033000000,0.0123000000,0.0101000000,-0.0053000000,0.0064000000,0.0067000000,0.0099000000,0.0099000000
2019-05-15,0.0075000000,0.0045000000,0.0024000000,0.0047000000,0.0032000000,0.0128000000,0.0041000000,0.0000000000,0.0064000000,0.0060000000,-0.0023000000,0.0043000000
2019-05-16,0.0067000000,-0.0022000000,0.0070000000,0.0054000000,0.0124000000,0.0101000000,0.0100000000,0.0061000000,0.0099000000,0.0093000000,0.0107000000,0.0087000000
2019-05-17,-0.0017000000,-0.0208000000,-0.0127000000,-0.0120000000,-0.0053000000,-0.0106000000,0.0051000000,0.0029000000,-0.0066000000,-0.0051000000,-0.0040000000,-0.0098000000
2019-05-20,-0.0050000000,-0.0060000000,-0.0085000000,-0.0004000000,-0.0073000000,-0.0179000000,0.0036000000,0.0010000000,-0.0022000000,-0.0037000000,0.0024000000,-0.0064000000
2019-05-21,-0.0002000000,0.0092000000,0.0152000000,0.0117000000,0.0068000000,0.0127000000,0.0063000000,0.0027000000,0.0046000000,0.0092000000,0.0096000000,0.0083000000
2019-05-22,0.0049000000,-0.0266000000,-0.0086000000,-0.0180000000,-0.0018000000,-0.0041000000,-0.0062000000,0.0053000000,-0.0059000000,0.0050000000,-0.0048000000,-0.0059000000
2019-05-23,-0.0028000000,-0.0111000000,-0.0168000000,-0.0352000000,-0.0090000000,-0.0167000000,-0.0078000000,0.0029000000,-0.0127000000,-0.0057000000,-0.0166000000,-0.0136000000
2019-05-24,-0.0048000000,0.0013000000,0.0029000000,0.0021000000,0.0003000000,-0.0001000000,0.0041000000,-0.0009000000,0.0028000000,0.0021000000,0.0091000000,0.0020000000
2019-05-28,-0.0213000000,-0.0073000000,-0.0084000000,-0.0104000000,-0.0109000000,-0.0031000000,-0.0065000000,-0.0159000000,-0.0036000000,-0.0116000000,-0.0103000000,-0.0056000000
2019-05-29,-0.0099000000,-0.0043000000,-0.0058000000,-0.0050000000,-0.0012000000,-0.0082000000,-0.0065000000,-0.0125000000,-0.0093000000,-0.0122000000,-0.0003000000,-0.0059000000
2019-05-30,0.0003000000,0.0012000000,0.0010000000,-0.0140000000,0.0061000000,0.0054000000,-0.0018000000,-0.0013000000,0.0050000000,0.0050000000,-0.0052000000,0.0044000000
2019-05-31,-0.0100000000,-0.0264000000,-0.0162000000,-0.0174000000,-0.0172000000,-0.0158000000,-0.0235000000,0.0043000000,-0.0127000000,-0.0103000000,-0.0132000000,-0.0121000000
2019-06-03,0.0144000000,0.0097000000,0.0089000000,0.0130000000,0.0268000000,-0.0236000000,0.0106000000,0.0116000000,-0.0102000000,0.0061000000,0.0010000000,-0.0002000000
2019-06-04,0.0103000000,0.0456000000,0.0266000000,0.0188000000,0.0135000000,0.0300000000,0.0127000000,0.0031000000,0.0206000000,0.0179000000,0.0282000000,0.0261000000
2019-06-05,0.0090000000,0.0052000000,0.0084000000,-0.0140000000,0.0122000000,0.0100000000,0.0037000000,0.0184000000,0.0050000000,0.0053000000,0.0057000000,0.0079000000
2019-06-06,0.0064000000,0.0019000000,0.0033000000,0.0171000000,0.0072000000,0.0085000000,0.0059000000,0.0061000000,0.0059000000,0.0020000000,0.0031000000,0.0018000000
2019-06-07,0.0091000000,0.0060000000,0.0089000000,0.0042000000,0.0097000000,0.0185000000,0.0062000000,-0.0055000000,0.0150000000,0.0120000000,0.0023000000,0.0094000000
2019-06-10,-0.0003000000,0.0130000000,0.0022000000,0.0037000000,0.0002000000,0.0104000000,-0.0091000000,-0.0068000000,0.0119000000,0.0008000000,0.0080000000,0.0043000000
2019-06-11,0.0033000000,0.0034000000,-0.0052000000,-0.0004000000,0.0024000000,-0.0003000000,-0.0018000000,-0.0064000000,0.0025000000,-0.0026000000,-0.0005000000,-0.0030000000
2019-06-12,-0.0010000000,-0.0080000000,-0.0049000000,-0.0153000000,0.0014000000,-0.0052000000,0.0039000000,0.0083000000,0.0008000000,0.0086000000,-0.0070000000,-0.0007000000
2019-06-13,0.0026000000,0.0119000000,0.0081000000,0.0131000000,0.0087000000,0.0055000000,0.0115000000,0.0023000000,0.0080000000,-0.0016000000,0.0016000000,0.0048000000
2019-06-14,-0.0009000000,-0.0065000000,-0.0072000000,-0.0080000000,-0.0016000000,-0.0072000000,0.0049000000,0.0072000000,0.0012000000,-0.0042000000,0.0016000000,-0.0018000000
2019-06-17,-0.0036000000,0.0068000000,-0.0018000000,0.0101000000,-0.0056000000,0.0054000000,-0.0004000000,-0.0028000000,0.0022000000,0.0097000000,-0.0066000000,-0.0019000000
2019-06-18,-0.0030000000,0.0125000000,0.0246000000,0.0147000000,-0.0026000000,0.0160000000,0.0036000000,-0.0009000000,0.0046000000,0.0096000000,0.0103000000,0.0117000000
2019-06-19,0.0041000000,0.0035000000,-0.0002000000,-0.0019000000,0.0000000000,0.0040000000,0.0058000000,0.0080000000,0.0025000000,0.0073000000,-0.0005000000,0.0038000000
2019-06-20,0.0086000000,0.0042000000,0.0167000000,0.0223000000,0.0121000000,0.0123000000,0.0036000000,0.0080000000,0.0057000000,0.0048000000,0.0059000000,0.0085000000
2019-06-21,-0.0027000000,-0.0022000000,-0.0047000000,0.0060000000,-0.0052000000,-0.0024000000,-0.0069000000,0.0047000000,-0.0033000000,0.0021000000,-0.0004000000,-0.0071000000
2019-06-24,-0.0020000000,-0.0035000000,-0.0016000000,-0.0092000000,0.0051000000,-0.0006000000,-0.0003000000,-0.0031000000,-0.0045000000,-0.0060000000,-0.0056000000,-0.0036000000
2019-06-25,-0.0027000000,-0.0029000000,-0.0058000000,-0.0079000000,-0.0024000000,-0.0183000000,-0.0065000000,-0.0072000000,-0.0066000000,-0.0072000000,-0.0071000000,-0.0090000000
2019-06-26,-0.0094000000,0.0052000000,0.0037000000,0.0173000000,-0.0111000000,0.0068000000,-0.0089000000,-0.0178000000,0.0017000000,-0.0129000000,-0.0024000000,0.0016000000
2019-06-27,0.0026000000,0.0121000000,0.0025000000,-0.0083000000,0.0033000000,0.0049000000,0.0049000000,0.0017000000,0.0053000000,0.0078000000,0.0096000000,0.0120000000
2019-06-28,0.0036000000,0.0068000000,0.0107000000,0.0107000000,0.0075000000,0.0031000000,0.0071000000,0.0075000000,0.0016000000,0.0071000000,0.0136000000,0.0082000000
2019-07-01,0.0058000000,0.0045000000,0.0029000000,0.0021000000,0.0042000000,0.0130000000,0.0039000000,-0.0019000000,0.0066000000,0.0058000000,0.0084000000,0.0068000000
2019-07-02,0.0052000000,-0.0098000000,-0.0039000000,-0.0213000000,0.0017000000,0.0040000000,0.0129000000,0.0095000000,0.0037000000,0.0018000000,-0.0009000000,0.0002000000
2019-07-03,0.0126000000,0.0091000000,0.0049000000,0.0049000000,0.0134000000,0.0077000000,0.0051000000,0.0078000000,0.0082000000,0.0091000000,0.0078000000,0.0079000000
2019-07-05,-0.0032000000,-0.0013000000,-0.0029000000,0.0021000000,-0.0065000000,-0.0008000000,0.0044000000,-0.0007000000,0.0013000000,-0.0092000000,0.0044000000,-0.0034000000
2019-07-08,-0.0019000000,-0.0073000000,-0.0077000000,-0.0001000000,-0.0033000000,-0.0084000000,-0.0074000000,0.0000000000,0.0022000000,-0.0103000000,-0.0064000000,-0.0059000000
2019-07-09,-0.0073000000,-0.0054000000,-0.0039000000,-0.0004000000,-0.0092000000,0.0050000000,-0.0016000000,0.0017000000,0.0043000000,0.0048000000,0.0038000000,0.0002000000
2019-07-10,0.0062000000,0.0031000000,-0.0029000000,0.0155000000,0.0023000000,0.0078000000,0.0138000000,0.0028000000,0.0046000000,0.0032000000,-0.0023000000,0.0001000000
2019-07-11,-0.0013000000,0.0005000000,0.0053000000,-0.0003000000,0.0042000000,0.0013000000,-0.0007000000,-0.0002000000,0.0031000000,-0.0105000000,0.0121000000,0.0017000000
2019-07-12,0.0031000000,0.0221000000,0.0168000000,0.0042000000,0.0091000000,0.0061000000,0.0091000000,-0.0058000000,0.0092000000,-0.0125000000,0.0075000000,0.0087000000
2019-07-15,0.0005000000,0.0032000000,-0.0032000000,-0.0121000000,0.0027000000,0.0021000000,0.0017000000,0.0008000000,0.0024000000,0.0045000000,-0.0064000000,-0.0018000000
2019-07-16,-0.0003000000,0.0078000000,0.0037000000,-0.0114000000,0.0035000000,-0.0068000000,-0.0009000000,-0.0063000000,-0.0030000000,-0.0059000000,-0.0028000000,0.0034000000
2019-07-17,-0.0032000000,-0.0116000000,-0.0117000000,-0.0125000000,-0.0056000000,-0.0031000000,-0.0094000000,0.0017000000,-0.0069000000,0.0015000000,-0.0052000000,-0.0201000000
2019-07-18,0.0114000000,-0.0039000000,-0.0024000000,-0.0001000000,0.0025000000,0.0049000000,-0.0037000000,0.0056000000,-0.0018000000,0.0088000000,0.0065000000,0.0008000000
2019-07-19,-0.0050000000,0.0052000000,0.0089000000,0.0060000000,-0.0026000000,-0.0075000000,-0.0092000000,-0.0128000000,-0.0065000000,-0.0106000000,-0.0045000000,-0.0072000000
2019-07-22,-0.0043000000,-0.0015000000,-0.0002000000,0.0031000000,0.0000000000,0.0107000000,-0.0075000000,-0.0007000000,0.0004000000,-0.0007000000,0.0020000000,-0.0008000000
2019-07-23,0.0155000000,0.0150000000,0.0141000000,0.0041000000,0.0075000000,0.0050000000,0.0027000000,-0.0051000000,0.0033000000,0.0046000000,0.0096000000,0.0078000000
2019-07-24,-0.0037000000,0.0135000000,0.0023000000,0.0047000000,-0.0023000000,0.0091000000,0.0157000000,0.0009000000,0.0057000000,0.0058000000,0.0081000000,0.0084000000
2019-07-25,-0.0010000000,-0.0324000000,-0.0067000000,-0.0147000000,-0.0008000000,-0.0063000000,0.0039000000,-0.0040000000,-0.0061000000,-0.0081000000,-0.0075000000,-0.0048000000
2019-07-26,0.0085000000,0.0023000000,-0.0016000000,-0.0052000000,0.0106000000,0.0142000000,0.0107000000,0.0023000000,0.0030000000,0.0060000000,0.0111000000,0.0088000000
2019-07-29,0.0006000000,0.0004000000,-0.0037000000,-0.0035000000,0.0036000000,-0.0033000000,-0.0002000000,0.0024000000,-0.0060000000,0.0009000000,-0.0062000000,-0.0055000000
2019-07-30,-0.0057000000,0.0023000000,0.0040000000,0.0152000000,0.0174000000,-0.0055000000,-0.0067000000,-0.0046000000,-0.0046000000,-0.0027000000,0.0001000000,-0.0001000000
2019-07-31,-0.0161000000,-0.0062000000,-0.0145000000,-0.0064000000,-0.0167000000,-0.0126000000,-0.0152000000,-0.0033000000,-0.0127000000,-0.0075000000,-0.0077000000,-0.0093000000
2019-08-01,-0.0064000000,-0.0249000000,-0.0191000000,-0.0294000000,-0.0115000000,-0.0062000000,-0.0042000000,0.0081000000,-0.0094000000,0.0004000000,-0.0194000000,-0.0145000000
2019-08-02,0.0007000000,-0.0067000000,-0.0083000000,-0.0120000000,-0.0080000000,-0.0172000000,-0.0034000000,-0.0014000000,-0.0063000000,-0.0042000000,-0.0052000000,-0.0071000000
2019-08-05,-0.0253000000,-0.0235000000,-0.0286000000,-0.0299000000,-0.0293000000,-0.0383000000,-0.0190000000,-0.0182000000,-0.0278000000,-0.0246000000,-0.0336000000,-0.0294000000
2019-08-06,0.0061000000,0.0116000000,0.0154000000,-0.0004000000,0.0083000000,0.0147000000,0.0117000000,0.0110000000,0.0130000000,0.0154000000,0.0162000000,0.0108000000
2019-08-07,0.0070000000,0.0045000000,0.0001000000,-0.0061000000,0.0121000000,0.0047000000,-0.0130000000,0.0011000000,0.0066000000,-0.0007000000,-0.0069000000,-0.0010000000
2019-08-08,0.0141000000,0.0208000000,0.0168000000,0.0294000000,0.0200000000,0.0260000000,0.0151000000,0.0134000000,0.0163000000,0.0153000000,0.0180000000,0.0196000000
2019-08-09,-0.0079000000,-0.0129000000,-0.0106000000,-0.0131000000,-0.0078000000,-0.0125000000,-0.0004000000,-0.0014000000,-0.0087000000,0.0014000000,-0.0031000000,-0.0124000000
2019-08-12,-0.0071000000,-0.0139000000,-0.0146000000,-0.0118000000,-0.0130000000,-0.0131000000,-0.0085000000,-0.0030000000,-0.0137000000,-0.0100000000,-0.0188000000,-0.0143000000
2019-08-13,0.0094000000,0.0129000000,0.0129000000,0.0104000000,0.0116000000,0.0213000000,0.0121000000,0.0022000000,0.0176000000,0.0120000000,0.0135000000,0.0116000000
2019-08-14,-0.0188000000,-0.0405000000,-0.0320000000,-0.0409000000,-0.0224000000,-0.0316000000,-0.0226000000,-0.0123000000,-0.0287000000,-0.0275000000,-0.0350000000,-0.0270000000
2019-08-15,0.0063000000,-0.0106000000,0.0023000000,-0.0054000000,0.0063000000,-0.0016000000,0.0038000000,0.0110000000,0.0080000000,0.0016000000,0.0024000000,-0.0026000000
2019-08-16,0.0121000000,0.0175000000,0.0172000000,0.0148000000,0.0159000000,0.0172000000,0.0136000000,0.0070000000,0.0110000000,0.0138000000,0.0181000000,0.0184000000
2019-08-19,0.0063000000,0.0129000000,0.0121000000,0.0227000000,0.0142000000,0.0140000000,0.0097000000,0.0057000000,0.0115000000,0.0110000000,0.0091000000,0.0092000000
2019-08-20,-0.0098000000,-0.0074000000,-0.0063000000,-0.0096000000,-0.0108000000,-0.0058000000,-0.0063000000,-0.0021000000,-0.0032000000,-0.0090000000,-0.0124000000,-0.0080000000
2019-08-21,0.0042000000,0.0055000000,0.0098000000,0.0083000000,0.0053000000,0.0108000000,0.0043000000,0.0069000000,0.0151000000,0.0085000000,0.0060000000,0.0050000000
2019-08-22,0.0044000000,0.0000000000,0.0058000000,-0.0060000000,-0.0025000000,-0.0028000000,0.0009000000,-0.0011000000,0.0010000000,-0.0039000000,0.0004000000,-0.0016000000
2019-08-23,-0.0201000000,-0.0342000000,-0.0278000000,-0.0346000000,-0.0227000000,-0.0314000000,-0.0231000000,-0.0143000000,-0.0248000000,-0.0250000000,-0.0257000000,-0.0248000000
2019-08-26,0.0098000000,0.0080000000,0.0080000000,0.0046000000,0.0088000000,0.0126000000,0.0159000000,0.0118000000,0.0108000000,0.0123000000,0.0101000000,0.0095000000
2019-08-27,-0.0134000000,-0.0052000000,-0.0062000000,-0.0075000000,0.0046000000,-0.0020000000,-0.0010000000,0.0001000000,-0.0036000000,-0.0036000000,-0.0095000000,-0.0059000000
2019-08-28,0.0111000000,0.0143000000,0.0121000000,0.0153000000,0.0086000000,0.0010000000,0.0096000000,0.0013000000,0.0087000000,0.0071000000,0.0091000000,0.0083000000
2019-08-29,0.0030000000,0.0195000000,0.0184000000,0.0159000000,0.0057000000,0.0178000000,0.0078000000,0.0080000000,0.0141000000,0.0063000000,0.0158000000,0.0144000000
2019-08-30,0.0010000000,0.0074000000,0.0042000000,-0.0008000000,-0.0005000000,-0.0006000000,0.0014000000,0.0007000000,-0.0042000000,-0.0011000000,0.0042000000,0.0010000000
2019-09-03,0.0013000000,-0.0134000000,-0.0158000000,-0.0062000000,0.0000000000,-0.0140000000,-0.0043000000,0.0134000000,-0.0027000000,-0.0072000000,-0.0113000000,-0.0115000000
2019-09-04,0.0074000000,0.0180000000,0.0136000000,0.0144000000,0.0141000000,0.0155000000,0.0136000000,0.0028000000,0.0089000000,0.0013000000,0.0095000000,0.0123000000
2019-09-05,-0.0020000000,0.0295000000,0.0187000000,0.0129000000,0.0022000000,0.0204000000,0.0094000000,-0.0081000000,0.0157000000,0.0096000000,0.0189000000,0.0138000000
2019-09-06,0.0065000000,0.0010000000,0.0016000000,0.0047000000,0.0037000000,-0.0033000000,0.0059000000,-0.0034000000,0.0013000000,0.0017000000,-0.0007000000,-0.0024000000
2019-09-09,0.0005000000,0.0197000000,0.0040000000,0.0206000000,-0.0054000000,-0.0054000000,0.0008000000,-0.0022000000,0.0042000000,-0.0135000000,0.0126000000,0.0032000000
2019-09-10,0.0008000000,0.0076000000,0.0118000000,0.0133000000,-0.0058000000,-0.0009000000,0.0055000000,0.0004000000,-0.0037000000,0.0056000000,0.0011000000,0.0031000000
2019-09-11,0.0090000000,0.0150000000,0.0143000000,0.0006000000,0.0092000000,0.0124000000,0.0111000000,0.0104000000,0.0020000000,0.0116000000,0.0043000000,0.0091000000
2019-09-12,0.0016000000,-0.0050000000,0.0008000000,-0.0070000000,0.0059000000,0.0029000000,0.0019000000,0.0005000000,0.0040000000,-0.0006000000,0.0046000000,0.0030000000
2019-09-13,-0.0075000000,0.0027000000,0.0046000000,0.0083000000,0.0011000000,-0.0047000000,-0.0049000000,-0.0028000000,-0.0013000000,-0.0025000000,0.0075000000,0.0045000000
2019-09-16,-0.0043000000,-0.0139000000,-0.0023000000,0.0411000000,-0.0172000000,-0.0006000000,-0.0097000000,0.0028000000,-0.0121000000,-0.0018000000,-0.0019000000,-0.0055000000
2019-09-17,0.0007000000,0.0034000000,0.0007000000,-0.0198000000,0.0054000000,0.0033000000,0.0015000000,0.0070000000,0.0054000000,0.0038000000,-0.0010000000,0.0028000000
2019-09-18,-0.0025000000,-0.0104000000,-0.0004000000,-0.0057000000,0.0036000000,0.0009000000,-0.0009000000,0.0041000000,-0.0007000000,-0.0009000000,0.0017000000,-0.0041000000
2019-09-19,-0.0015000000,-0.0041000000,-0.0050000000,-0.0047000000,0.0018000000,0.0029000000,-0.0041000000,0.0026000000,-0.0013000000,0.0019000000,-0.0014000000,-0.0044000000
2019-09-20,-0.0054000000,-0.0136000000,-0.0084000000,0.0010000000,-0.0011000000,-0.0078000000,-0.0004000000,0.0034000000,-0.0083000000,0.0079000000,-0.0065000000,-0.0072000000
2019-09-23,0.0020000000,0.0011000000,0.0023000000,0.0016000000,0.0019000000,-0.0005000000,-0.0015000000,0.0001000000,0.0018000000,-0.0048000000,0.0014000000,-0.0026000000
2019-09-24,-0.0005000000,-0.0228000000,-0.0073000000,-0.0172000000,-0.0023000000,-0.0139000000,-0.0062000000,0.0071000000,-0.0101000000,-0.0101000000,-0.0103000000,-0.0112000000
2019-09-25,0.0052000000,0.0114000000,0.0123000000,0.0030000000,0.0019000000,0.0128000000,0.0027000000,0.0003000000,0.0081000000,-0.0034000000,0.0061000000,0.0079000000
2019-09-26,0.0038000000,0.0085000000,0.0002000000,-0.0148000000,0.0040000000,-0.0021000000,-0.0091000000,0.0031000000,-0.0065000000,-0.0081000000,-0.0068000000,-0.0040000000
2019-09-27,-0.0028000000,-0.0021000000,-0.0054000000,-0.0008000000,0.0016000000,-0.0131000000,-0.0051000000,-0.0029000000,-0.0030000000,-0.0068000000,0.0001000000,-0.0070000000
2019-09-30,0.0065000000,0.0064000000,0.0028000000,-0.0070000000,0.0042000000,0.0096000000,0.0067000000,0.0004000000,0.0072000000,0.0071000000,-0.0009000000,0.0051000000
2019-10-01,-0.0018000000,-0.0201000000,-0.0206000000,-0.0236000000,-0.0140000000,-0.0114000000,-0.0090000000,-0.0048000000,-0.0077000000,-0.0124000000,-0.0186000000,-0.0152000000
2019-10-02,-0.0206000000,-0.0240000000,-0.0183000000,-0.0271000000,-0.0190000000,-0.0184000000,-0.0101000000,-0.0130000000,-0.0161000000,-0.0130000000,-0.0189000000,-0.0154000000
2019-10-03,0.0091000000,0.0015000000,0.0055000000,0.0133000000,0.0049000000,0.0139000000,0.0018000000,0.0034000000,0.0042000000,0.0130000000,0.0025000000,0.0056000000
2019-10-04,0.0140000000,0.0038000000,0.0114000000,0.0060000000,0.0133000000,0.0165000000,0.0134000000,0.0144000000,0.0098000000,0.0134000000,0.0180000000,0.0123000000
2019-10-07,-0.0086000000,-0.0008000000,-0.0052000000,-0.0092000000,-0.0082000000,-0.0033000000,0.0028000000,-0.0049000000,-0.0034000000,-0.0040000000,-0.0042000000,-0.0032000000
2019-10-08,-0.0094000000,-0.0155000000,-0.0155000000,-0.0171000000,-0.0179000000,-0.0193000000,-0.0108000000,-0.0118000000,-0.0091000000,-0.0172000000,-0.0189000000,-0.0164000000
2019-10-09,0.0066000000,0.0127000000,0.0085000000,0.0116000000,0.0078000000,0.0133000000,0.0042000000,0.0047000000,0.0091000000,0.0038000000,0.0100000000,0.0082000000
2019-10-10,0.0035000000,0.0077000000,0.0073000000,0.0135000000,0.0011000000,0.0058000000,0.0051000000,-0.0021000000,0.0051000000,0.0042000000,0.0095000000,0.0076000000
2019-10-11,0.0026000000,0.0243000000,0.0200000000,0.0143000000,0.0080000000,0.0150000000,0.0084000000,-0.0008000000,0.0106000000,0.0109000000,0.0126000000,0.0150000000
2019-10-14,-0.0021000000,0.0046000000,-0.0016000000,-0.0027000000,-0.0086000000,-0.0012000000,-0.0044000000,-0.0068000000,-0.0030000000,-0.0002000000,0.0004000000,-0.0011000000
2019-10-15,0.0012000000,0.0175000000,0.0069000000,0.0040000000,-0.0069000000,0.0122000000,0.0113000000,-0.0027000000,0.0095000000,0.0139000000,0.0177000000,0.0088000000
2019-10-16,0.0004000000,0.0043000000,-0.0020000000,-0.0136000000,0.0023000000,-0.0074000000,0.0013000000,0.0008000000,0.0039000000,-0.0004000000,-0.0027000000,0.0011000000
2019-10-17,0.0063000000,0.0087000000,0.0046000000,0.0011000000,-0.0011000000,0.0001000000,0.0056000000,0.0032000000,0.0064000000,0.0062000000,0.0046000000,0.0062000000
2019-10-18,0.0012000000,0.0008000000,-0.0084000000,-0.0083000000,0.0010000000,-0.0100000000,0.0016000000,0.0032000000,-0.0052000000,-0.0063000000,0.0010000000,-0.0057000000
2019-10-21,0.0012000000,0.0003000000,0.0017000000,0.0184000000,0.0046000000,0.0101000000,-0.0011000000,0.0038000000,0.0045000000,0.0027000000,0.0119000000,0.0084000000
2019-10-22,-0.0030000000,0.0099000000,0.0060000000,0.0125000000,0.0079000000,-0.0110000000,0.0016000000,0.0043000000,-0.0051000000,-0.0008000000,-0.0039000000,-0.0030000000
2019-10-23,0.0028000000,0.0012000000,0.0003000000,0.0085000000,0.0050000000,0.0048000000,-0.0034000000,0.0039000000,-0.0046000000,0.0046000000,0.0032000000,0.0018000000
2019-10-24,0.0000000000,0.0116000000,0.0033000000,-0.0031000000,0.0085000000,0.0080000000,-0.0120000000,0.0022000000,0.0018000000,-0.0043000000,0.0006000000,0.0048000000
2019-10-25,-0.0060000000,0.0272000000,0.0081000000,0.0095000000,-0.0009000000,0.0090000000,0.0094000000,-0.0100000000,-0.0015000000,0.0042000000,0.0055000000,0.0078000000
2019-10-28,-0.0011000000,0.0037000000,0.0057000000,-0.0063000000,0.0001000000,0.0118000000,0.0086000000,-0.0130000000,0.0049000000,0.0114000000,0.0077000000,0.0027000000
2019-10-29,0.0000000000,0.0024000000,0.0023000000,0.0047000000,0.0058000000,-0.0089000000,-0.0058000000,0.0024000000,-0.0063000000,0.0103000000,0.0033000000,-0.0009000000
2019-10-30,0.0020000000,-0.0036000000,-0.0006000000,-0.0215000000,0.0050000000,0.0054000000,0.0019000000,0.0070000000,0.0048000000,0.0068000000,-0.0002000000,0.0047000000
2019-10-31,0.0030000000,-0.0084000000,-0.0112000000,-0.0041000000,-0.0102000000,-0.0009000000,0.0019000000,0.0028000000,-0.0054000000,-0.0004000000,-0.0066000000,-0.0093000000
2019-11-01,0.0020000000,0.0184000000,0.0193000000,0.0247000000,0.0046000000,0.0113000000,0.0087000000,0.0010000000,0.0073000000,0.0049000000,0.0132000000,0.0159000000
2019-11-04,-0.0028000000,0.0131000000,0.0094000000,0.0320000000,-0.0127000000,0.0063000000,-0.0053000000,-0.0094000000,0.0026000000,-0.0038000000,0.0066000000,0.0078000000
2019-11-05,-0.0007000000,0.0007000000,0.0039000000,0.0050000000,0.0064000000,-0.0002000000,0.0008000000,-0.0096000000,0.0032000000,-0.0064000000,0.0007000000,-0.0018000000
2019-11-06,0.0030000000,0.0029000000,-0.0025000000,-0.0228000000,0.0066000000,-0.0014000000,-0.0020000000,-0.0008000000,0.0019000000,0.0016000000,0.0026000000,-0.0004000000
2019-11-07,-0.0026000000,0.0031000000,0.0045000000,0.0195000000,0.0024000000,0.0046000000,0.0108000000,-0.0129000000,-0.0003000000,0.0008000000,0.0090000000,0.0015000000
2019-11-08,0.0017000000,0.0049000000,0.0002000000,-0.0057000000,0.0031000000,0.0060000000,0.0047000000,-0.0033000000,-0.0015000000,0.0106000000,0.0027000000,0.0009000000
2019-11-11,-0.0026000000,0.0039000000,0.0035000000,-0.0067000000,-0.0021000000,-0.0012000000,0.0004000000,-0.0074000000,-0.0028000000,-0.0040000000,-0.0024000000,-0.0006000000
2019-11-12,0.0022000000,0.0001000000,-0.0006000000,-0.0062000000,0.0012000000,0.0043000000,-0.0024000000,0.0021000000,0.0019000000,0.0039000000,0.0014000000,-0.0017000000
2019-11-13,0.0058000000,-0.0140000000,-0.0013000000,-0.0064000000,0.0007000000,0.0017000000,0.0141000000,0.0129000000,-0.0008000000,0.0001000000,-0.0052000000,-0.0038000000
2019-11-14,-0.0009000000,0.0028000000,0.0025000000,-0.0026000000,0.0022000000,-0.0002000000,-0.0032000000,0.0019000000,0.0028000000,-0.0015000000,0.0018000000,0.0030000000
2019-11-15,0.0048000000,0.0056000000,0.0105000000,0.0080000000,-0.0026000000,0.0107000000,-0.0026000000,0.0046000000,0.0000000000,0.0156000000,0.0084000000,0.0051000000
2019-11-18,0.0025000000,-0.0041000000,-0.0017000000,-0.0148000000,0.0014000000,0.0006000000,0.0061000000,-0.0002000000,0.0038000000,-0.0033000000,0.0015000000,0.0007000000
2019-11-19,-0.0022000000,-0.0004000000,-0.0040000000,-0.0153000000,-0.0017000000,0.0027000000,-0.0063000000,-0.0037000000,-0.0081000000,0.0091000000,0.0041000000,0.0016000000
2019-11-20,0.0013000000,-0.0147000000,-0.0051000000,0.0079000000,-0.0047000000,-0.0049000000,-0.0093000000,0.0064000000,-0.0026000000,0.0001000000,-0.0035000000,-0.0070000000
2019-11-21,-0.0043000000,-0.0021000000,-0.0050000000,0.0168000000,-0.0098000000,-0.0029000000,0.0025000000,-0.0025000000,-0.0036000000,0.0024000000,-0.0001000000,-0.0021000000
2019-11-22,0.0002000000,-0.0009000000,0.0041000000,-0.0040000000,0.0007000000,0.0004000000,0.0046000000,0.0002000000,0.0035000000,0.0047000000,0.0049000000,0.0046000000
2019-11-25,0.0056000000,0.0148000000,0.0099000000,0.0024000000,0.0046000000,0.0128000000,-0.0064000000,-0.0020000000,0.0078000000,0.0138000000,0.0099000000,0.0109000000
2019-11-26,0.0081000000,-0.0011000000,0.0025000000,-0.0105000000,0.0093000000,0.0006000000,0.0060000000,0.0023000000,0.0058000000,0.0016000000,-0.0013000000,0.0040000000
2019-11-27,0.0045000000,0.0031000000,0.0000000000,0.0033000000,0.0007000000,0.0052000000,0.0062000000,0.0015000000,0.0062000000,0.0067000000,0.0042000000,0.0036000000
2019-11-29,-0.0030000000,-0.0068000000,-0.0060000000,-0.0115000000,-0.0017000000,-0.0044000000,-0.0026000000,-0.0025000000,-0.0060000000,-0.0027000000,-0.0024000000,-0.0044000000
2019-12-02,0.0010000000,-0.0071000000,-0.0131000000,0.0008000000,-0.0024000000,-0.0134000000,-0.0066000000,-0.0076000000,-0.0066000000,-0.0059000000,-0.0081000000,-0.0093000000
2019-12-03,-0.0046000000,-0.0074000000,-0.0099000000,-0.0140000000,-0.0052000000,-0.0058000000,-0.0021000000,0.0030000000,-0.0083000000,0.0008000000,-0.0111000000,-0.0099000000
2019-12-04,0.0072000000,0.0036000000,0.0054000000,0.0165000000,0.0063000000,0.0052000000,0.0032000000,0.0069000000,0.0019000000,0.0104000000,0.0081000000,0.0038000000
2019-12-05,0.0005000000,0.0016000000,0.0041000000,-0.0063000000,0.0016000000,0.0031000000,0.0016000000,0.0017000000,-0.0035000000,-0.0031000000,0.0047000000,0.0024000000
2019-12-06,0.0048000000,0.0114000000,0.0135000000,0.0220000000,0.0062000000,0.0110000000,0.0031000000,-0.0008000000,0.0083000000,0.0066000000,0.0102000000,0.0093000000
2019-12-09,0.0014000000,-0.0021000000,-0.0043000000,-0.0032000000,0.0006000000,-0.0043000000,-0.0064000000,-0.0015000000,0.0000000000,-0.0053000000,-0.0032000000,-0.0043000000
2019-12-10,-0.0033000000,0.0047000000,-0.0023000000,0.0011000000,-0.0058000000,0.0001000000,-0.0056000000,0.0018000000,-0.0031000000,0.0028000000,0.0002000000,-0.0018000000
2019-12-11,0.0026000000,0.0059000000,0.0083000000,-0.0039000000,0.0031000000,0.0055000000,0.0004000000,0.0036000000,0.0015000000,0.0001000000,-0.0017000000,0.0074000000
2019-12-12,-0.0006000000,0.0171000000,0.0084000000,0.0230000000,0.0070000000,0.0070000000,0.0059000000,-0.0038000000,0.0076000000,0.0082000000,0.0174000000,0.0095000000
2019-12-13,0.0020000000,-0.0130000000,-0.0058000000,-0.0108000000,-0.0001000000,0.0024000000,0.0009000000,0.0067000000,-0.0021000000,0.0003000000,-0.0023000000,0.0007000000
2019-12-16,0.0052000000,0.0188000000,-0.0016000000,0.0158000000,0.0020000000,0.0102000000,0.0053000000,0.0121000000,0.0038000000,0.0089000000,0.0068000000,0.0063000000
2019-12-17,-0.0006000000,0.0007000000,0.0021000000,0.0018000000,-0.0016000000,-0.0019000000,-0.0008000000,0.0043000000,0.0045000000,0.0021000000,0.0035000000,0.0005000000
2019-12-18,0.0033000000,0.0143000000,-0.0011000000,0.0026000000,-0.0047000000,0.0009000000,-0.0025000000,0.0055000000,-0.0029000000,0.0001000000,-0.0022000000,-0.0032000000
2019-12-19,0.0051000000,0.0027000000,0.0029000000,-0.0010000000,0.0073000000,0.0069000000,0.0059000000,0.0004000000,0.0045000000,0.0037000000,0.0017000000,0.0046000000
2019-12-20,0.0090000000,0.0045000000,0.0049000000,0.0081000000,0.0043000000,0.0047000000,0.0092000000,0.0074000000,0.0014000000,0.0075000000,0.0012000000,0.0060000000
2019-12-23,-0.0013000000,0.0040000000,0.0066000000,0.0099000000,0.0003000000,0.0036000000,-0.0056000000,-0.0078000000,-0.0031000000,0.0051000000,-0.0015000000,-0.0010000000
2019-12-24,-0.0007000000,0.0029000000,-0.0038000000,0.0003000000,0.0003000000,-0.0007000000,0.0018000000,0.0001000000,0.0019000000,0.0007000000,0.0008000000,0.0011000000
2019-12-26,0.0019000000,0.0018000000,0.0009000000,0.0008000000,0.0013000000,0.0078000000,0.0044000000,0.0017000000,0.0128000000,-0.0024000000,0.0050000000,0.0037000000
2019-12-27,0.0033000000,-0.0020000000,-0.0004000000,-0.0057000000,0.0020000000,-0.0009000000,0.0007000000,0.0015000000,-0.0002000000,-0.0024000000,-0.0011000000,-0.0026000000
2019-12-30,-0.0040000000,-0.0128000000,-0.0045000000,-0.0037000000,-0.0077000000,-0.0070000000,-0.0047000000,-0.0003000000,-0.0055000000,-0.0074000000,-0.0041000000,-0.0053000000
2019-12-31,0.0021000000,0.0042000000,0.0000000000,0.0077000000,0.0060000000,0.0033000000,0.0025000000,0.0058000000,0.0007000000,0.0036000000,0.0021000000,0.0023000000
2020-01-02,-0.0075000000,0.0137000000,0.0130000000,0.0094000000,-0.0108000000,0.0182000000,0.0044000000,-0.0131000000,0.0094000000,0.0011000000,0.0077000000,0.0118000000
2020-01-03,-0.0002000000,-0.0068000000,-0.0023000000,-0.0033000000,-0.0098000000,-0.0080000000,-0.0046000000,0.0020000000,-0.0072000000,-0.0081000000,-0.0096000000,-0.0069000000
2020-01-06,0.0020000000,0.0022000000,-0.0022000000,0.0082000000,-0.0006000000,0.0069000000,-0.0007000000,0.0021000000,0.0052000000,0.0051000000,-0.0003000000,0.0032000000
2020-01-07,-0.0073000000,0.0042000000,-0.0001000000,-0.0018000000,-0.0055000000,0.0006000000,0.0009000000,-0.0020000000,-0.0020000000,-0.0032000000,-0.0055000000,-0.0017000000
2020-01-08,0.0039000000,0.0106000000,0.0000000000,-0.0190000000,0.0045000000,0.0087000000,0.0030000000,-0.0026000000,0.0001000000,0.0051000000,0.0090000000,0.0060000000
2020-01-09,0.0028000000,-0.0071000000,0.0049000000,0.0063000000,0.0071000000,0.0110000000,-0.0006000000,0.0050000000,0.0063000000,0.0057000000,0.0054000000,0.0047000000
2020-01-10,-0.0013000000,-0.0083000000,-0.0090000000,-0.0074000000,-0.0023000000,-0.0013000000,-0.0052000000,0.0016000000,-0.0053000000,0.0004000000,-0.0048000000,-0.0050000000
2020-01-13,0.0116000000,0.0285000000,0.0085000000,0.0001000000,0.0111000000,0.0126000000,0.0024000000,0.0072000000,0.0015000000,-0.0007000000,0.0034000000,0.0112000000
2020-01-14,0.0009000000,0.0080000000,0.0008000000,0.0008000000,0.0009000000,-0.0057000000,0.0029000000,0.0028000000,-0.0008000000,0.0085000000,-0.0015000000,0.0009000000
2020-01-15,0.0054000000,-0.0109000000,0.0001000000,-0.0056000000,0.0087000000,0.0011000000,0.0011000000,0.0123000000,-0.0015000000,0.0057000000,-0.0007000000,0.0034000000
2020-01-16,0.0047000000,0.0059000000,0.0117000000,0.0003000000,0.0029000000,0.0122000000,0.0072000000,0.0062000000,0.0082000000,0.0045000000,0.0104000000,0.0082000000
2020-01-17,0.0011000000,-0.0031000000,-0.0005000000,-0.0074000000,0.0041000000,0.0066000000,0.0032000000,0.0061000000,-0.0004000000,-0.0007000000,0.0044000000,0.0020000000
2020-01-21,0.0013000000,0.0112000000,-0.0097000000,-0.0189000000,-0.0046000000,-0.0019000000,-0.0001000000,0.0039000000,0.0028000000,-0.0019000000,-0.0060000000,-0.0087000000
2020-01-22,0.0030000000,0.0058000000,-0.0040000000,-0.0100000000,-0.0036000000,0.0024000000,0.0061000000,0.0013000000,-0.0002000000,0.0012000000,0.0028000000,-0.0031000000
2020-01-23,-0.0030000000,0.0037000000,0.0051000000,-0.0060000000,-0.0027000000,0.0030000000,-0.0116000000,0.0099000000,0.0013000000,-0.0058000000,-0.0017000000,0.0100000000
2020-01-24,-0.0071000000,-0.0141000000,-0.0075000000,-0.0124000000,-0.0036000000,-0.0058000000,-0.0115000000,0.0011000000,-0.0123000000,-0.0166000000,-0.0136000000,-0.0094000000
2020-01-27,-0.0089000000,-0.0172000000,-0.0166000000,-0.0278000000,-0.0117000000,-0.0221000000,-0.0118000000,-0.0045000000,-0.0085000000,-0.0030000000,-0.0176000000,-0.0189000000
2020-01-28,0.0008000000,0.0131000000,0.0049000000,0.0055000000,0.0053000000,0.0173000000,0.0080000000,0.0045000000,0.0084000000,0.0043000000,0.0109000000,0.0107000000
2020-01-29,-0.0034000000,0.0033000000,-0.0029000000,-0.0112000000,-0.0035000000,0.0030000000,-0.0220000000,0.0010000000,-0.0016000000,0.0001000000,-0.0030000000,0.0040000000
2020-01-30,0.0130000000,0.0266000000,0.0013000000,0.0082000000,-0.0023000000,0.0008000000,0.0080000000,0.0083000000,0.0007000000,-0.0044000000,0.0092000000,0.0039000000
2020-01-31,-0.0153000000,-0.0080000000,-0.0234000000,-0.0328000000,-0.0090000000,-0.0251000000,-0.0001000000,-0.0057000000,0.0058000000,-0.0170000000,-0.0228000000,-0.0194000000
2020-02-03,0.0030000000,0.0653000000,0.0065000000,-0.0159000000,0.0114000000,0.0134000000,-0.0020000000,0.0046000000,0.0022000000,0.0118000000,0.0084000000,0.0063000000
2020-02-04,0.0062000000,0.0570000000,0.0198000000,0.0006000000,0.0129000000,0.0205000000,0.0176000000,-0.0082000000,0.0150000000,0.0173000000,0.0129000000,0.0160000000
2020-02-05,0.0052000000,-0.0585000000,0.0188000000,0.0417000000,0.0122000000,0.0045000000,0.0007000000,0.0058000000,0.0083000000,0.0138000000,0.0202000000,0.0098000000
2020-02-06,0.0008000000,-0.0020000000,0.0020000000,-0.0127000000,0.0031000000,0.0099000000,0.0069000000,-0.0008000000,0.0002000000,0.0014000000,-0.0020000000,0.0003000000
2020-02-07,0.0007000000,-0.0135000000,-0.0109000000,-0.0089000000,-0.0100000000,-0.0075000000,0.0009000000,-0.0033000000,0.0008000000,-0.0073000000,-0.0050000000,-0.0057000000
2020-02-10,0.0060000000,0.0142000000,0.0067000000,-0.0074000000,0.0001000000,0.0124000000,0.0031000000,0.0034000000,0.0109000000,0.0066000000,0.0034000000,0.0048000000
2020-02-11,0.0009000000,0.0095000000,0.0058000000,0.0108000000,-0.0036000000,-0.0028000000,0.0117000000,0.0036000000,0.0061000000,0.0040000000,0.0047000000,0.0047000000
2020-02-12,-0.0002000000,0.0046000000,0.0092000000,0.0135000000,0.0038000000,0.0107000000,0.0058000000,0.0010000000,0.0075000000,-0.0031000000,0.0065000000,0.0081000000
2020-02-13,0.0015000000,0.0136000000,-0.0029000000,-0.0040000000,0.0027000000,-0.0029000000,0.0003000000,0.0101000000,0.0001000000,-0.0050000000,0.0014000000,-0.0022000000
2020-02-14,0.0014000000,-0.0086000000,-0.0033000000,-0.0058000000,0.0042000000,0.0044000000,-0.0017000000,0.0062000000,-0.0013000000,0.0032000000,0.0003000000,0.0008000000
2020-02-18,-0.0056000000,0.0201000000,-0.0079000000,-0.0079000000,-0.0087000000,-0.0023000000,0.0024000000,0.0068000000,0.0051000000,-0.0027000000,-0.0058000000,-0.0010000000
2020-02-19,0.0006000000,0.0246000000,0.0016000000,0.0143000000,0.0053000000,0.0088000000,0.0066000000,-0.0076000000,0.0021000000,0.0046000000,0.0066000000,0.0075000000
2020-02-20,0.0006000000,-0.0037000000,-0.0016000000,-0.0023000000,0.0015000000,-0.0089000000,-0.0037000000,0.0043000000,0.0012000000,-0.0043000000,-0.0011000000,-0.0022000000
2020-02-21,-0.0010000000,-0.0080000000,-0.0044000000,-0.0136000000,-0.0028000000,-0.0209000000,-0.0043000000,-0.0024000000,-0.0110000000,-0.0002000000,-0.0111000000,-0.0095000000
2020-02-24,-0.0263000000,-0.0520000000,-0.0334000000,-0.0486000000,-0.0277000000,-0.0407000000,-0.0213000000,-0.0135000000,-0.0295000000,-0.0250000000,-0.0391000000,-0.0315000000
2020-02-25,-0.0210000000,-0.0375000000,-0.0382000000,-0.0437000000,-0.0285000000,-0.0287000000,-0.0244000000,-0.0228000000,-0.0230000000,-0.0253000000,-0.0416000000,-0.0370000000
2020-02-26,-0.0055000000,-0.0154000000,-0.0051000000,-0.0330000000,-0.0084000000,0.0033000000,-0.0143000000,-0.0119000000,-0.0052000000,0.0008000000,-0.0084000000,-0.0132000000
2020-02-27,-0.0382000000,-0.0640000000,-0.0365000000,-0.0561000000,-0.0466000000,-0.0496000000,-0.0345000000,-0.0458000000,-0.0428000000,-0.0301000000,-0.0407000000,-0.0351000000
2020-02-28,-0.0192000000,-0.0101000000,-0.0128000000,0.0173000000,-0.0104000000,0.0073000000,-0.0123000000,-0.0316000000,-0.0141000000,-0.0142000000,-0.0199000000,-0.0062000000
2020-03-02,0.0390000000,0.0563000000,0.0345000000,0.0244000000,0.0497000000,0.0471000000,0.0390000000,0.0544000000,0.0447000000,0.0436000000,0.0486000000,0.0297000000
2020-03-03,-0.0119000000,-0.0188000000,-0.0234000000,-0.0323000000,-0.0125000000,-0.0346000000,-0.0247000000,-0.0118000000,-0.0221000000,-0.0262000000,-0.0372000000,-0.0257000000
2020-03-04,0.0449000000,0.0200000000,0.0371000000,0.0211000000,0.0447000000,0.0402000000,0.0378000000,0.0524000000,0.0362000000,0.0498000000,0.0397000000,0.0403000000
2020-03-05,-0.0250000000,-0.0398000000,-0.0485000000,-0.0377000000,-0.0280000000,-0.0340000000,-0.0319000000,-0.0173000000,-0.0283000000,-0.0196000000,-0.0436000000,-0.0434000000
2020-03-06,-0.0153000000,-0.0274000000,-0.0108000000,-0.0563000000,-0.0113000000,-0.0206000000,-0.0072000000,-0.0119000000,-0.0092000000,-0.0064000000,-0.0278000000,-0.0147000000
2020-03-09,-0.0592000000,-0.1019000000,-0.0915000000,-0.1968000000,-0.0652000000,-0.0730000000,-0.0652000000,-0.0718000000,-0.0505000000,-0.0565000000,-0.1027000000,-0.0835000000
2020-03-10,0.0309000000,0.0570000000,0.0445000000,0.0540000000,0.0410000000,0.0574000000,0.0394000000,0.0125000000,0.0446000000,0.0321000000,0.0594000000,0.0511000000
2020-03-11,-0.0422000000,-0.0358000000,-0.0680000000,-0.0576000000,-0.0590000000,-0.0493000000,-0.0365000000,-0.0507000000,-0.0474000000,-0.0458000000,-0.0529000000,-0.0576000000
2020-03-12,-0.0987000000,-0.1027000000,-0.1098000000,-0.1158000000,-0.0893000000,-0.0956000000,-0.0908000000,-0.1055000000,-0.0925000000,-0.0748000000,-0.1043000000,-0.1003000000
2020-03-13,0.0709000000,0.0406000000,0.0707000000,0.0911000000,0.0944000000,0.1072000000,0.0907000000,0.0617000000,0.0702000000,0.0661000000,0.1219000000,0.0805000000
2020-03-16,-0.0896000000,-0.1449000000,-0.1234000000,-0.1337000000,-0.0867000000,-0.1311000000,-0.0885000000,-0.1165000000,-0.1066000000,-0.0962000000,-0.1463000000,-0.1183000000
2020-03-17,0.0747000000,-0.0017000000,0.0483000000,0.0142000000,0.0787000000,0.0640000000,0.0414000000,0.1178000000,0.0605000000,0.0594000000,0.0554000000,0.0369000000
2020-03-18,-0.0589000000,-0.1162000000,-0.0817000000,-0.1308000000,-0.0393000000,-0.0422000000,-0.0414000000,-0.0575000000,-0.0278000000,-0.0247000000,-0.0889000000,-0.0874000000
2020-03-19,-0.0108000000,0.0706000000,0.0138000000,0.0547000000,-0.0136000000,0.0148000000,0.0113000000,-0.0363000000,0.0236000000,-0.0104000000,0.0248000000,0.0313000000
2020-03-20,-0.0618000000,-0.0280000000,-0.0520000000,0.0016000000,-0.0589000000,-0.0355000000,-0.0683000000,-0.0745000000,-0.0364000000,-0.0423000000,-0.0482000000,-0.0226000000
2020-03-23,-0.0299000000,-0.0159000000,-0.0373000000,-0.0669000000,-0.0515000000,-0.0075000000,-0.0131000000,-0.0562000000,0.0040000000,-0.0379000000,-0.0606000000,-0.0257000000
2020-03-24,0.0740000000,0.1498000000,0.1225000000,0.1599000000,0.0805000000,0.0907000000,0.0575000000,0.1094000000,0.0605000000,0.0699000000,0.1317000000,0.1108000000
2020-03-25,0.0199000000,0.0459000000,0.0559000000,0.0445000000,0.0017000000,-0.0080000000,0.0042000000,0.0285000000,-0.0107000000,0.0051000000,0.0416000000,0.0274000000
2020-03-26,0.0579000000,0.0162000000,0.0788000000,0.0600000000,0.0588000000,0.0617000000,0.0693000000,0.0807000000,0.0431000000,0.0645000000,0.0698000000,0.0444000000
2020-03-27,-0.0189000000,-0.0336000000,-0.0442000000,-0.0694000000,-0.0112000000,-0.0417000000,-0.0420000000,-0.0007000000,-0.0262000000,-0.0215000000,-0.0413000000,-0.0400000000
2020-03-30,0.0406000000,0.0021000000,0.0202000000,0.0153000000,0.0337000000,0.0392000000,0.0265000000,0.0330000000,0.0288000000,0.0481000000,0.0238000000,0.0166000000
2020-03-31,-0.0162000000,0.0025000000,-0.0153000000,0.0142000000,-0.0284000000,-0.0110000000,-0.0221000000,-0.0336000000,-0.0150000000,-0.0031000000,-0.0294000000,-0.0054000000
2020-04-01,-0.0329000000,-0.0647000000,-0.0492000000,-0.0440000000,-0.0291000000,-0.0465000000,-0.0286000000,-0.0620000000,-0.0282000000,-0.0400000000,-0.0588000000,-0.0510000000
2020-04-02,0.0233000000,-0.0230000000,0.0119000000,0.0900000000,0.0279000000,0.0188000000,0.0297000000,0.0339000000,0.0081000000,0.0347000000,0.0220000000,0.0123000000
2020-04-03,0.0046000000,0.0021000000,-0.0157000000,-0.0132000000,-0.0075000000,-0.0172000000,-0.0240000000,-0.0329000000,-0.0108000000,-0.0068000000,-0.0283000000,-0.0235000000
2020-04-06,0.0441000000,0.0822000000,0.0848000000,0.0511000000,0.0475000000,0.0808000000,0.0597000000,0.0743000000,0.0669000000,0.0497000000,0.0862000000,0.0704000000
2020-04-07,0.0049000000,0.0375000000,0.0011000000,0.0161000000,-0.0068000000,-0.0070000000,0.0117000000,-0.0079000000,0.0034000000,-0.0134000000,0.0063000000,0.0038000000
2020-04-08,0.0206000000,0.0345000000,0.0430000000,0.0714000000,0.0335000000,0.0271000000,0.0153000000,0.0523000000,0.0216000000,0.0378000000,0.0499000000,0.0389000000
2020-04-09,0.0210000000,0.0369000000,0.0158000000,-0.0125000000,0.0163000000,0.0036000000,0.0161000000,0.0477000000,0.0117000000,0.0097000000,0.0388000000,0.0210000000
2020-04-13,-0.0227000000,0.0231000000,-0.0301000000,-0.0038000000,-0.0104000000,0.0035000000,-0.0131000000,-0.0295000000,0.0155000000,-0.0094000000,-0.0331000000,-0.0192000000
2020-04-14,0.0396000000,0.0465000000,0.0203000000,-0.0060000000,0.0317000000,0.0402000000,0.0314000000,0.0282000000,0.0401000000,0.0355000000,0.0067000000,0.0243000000
2020-04-15,-0.0250000000,-0.0135000000,-0.0317000000,-0.0443000000,-0.0217000000,-0.0145000000,-0.0236000000,-0.0352000000,-0.0127000000,-0.0097000000,-0.0400000000,-0.0245000000
2020-04-16,0.0027000000,0.0055000000,-0.0051000000,-0.0424000000,-0.0002000000,0.0120000000,0.0052000000,0.0001000000,0.0236000000,0.0189000000,-0.0103000000,-0.0033000000
2020-04-17,0.0178000000,0.0298000000,0.0505000000,0.1063000000,0.0352000000,0.0122000000,0.0226000000,0.0355000000,0.0133000000,0.0304000000,0.0489000000,0.0300000000
2020-04-20,-0.0191000000,-0.0145000000,-0.0269000000,-0.0340000000,-0.0271000000,-0.0135000000,-0.0155000000,-0.0357000000,-0.0102000000,0.0004000000,-0.0235000000,-0.0165000000
2020-04-21,-0.0305000000,-0.0484000000,-0.0300000000,-0.0136000000,-0.0163000000,-0.0403000000,-0.0283000000,-0.0148000000,-0.0234000000,-0.0310000000,-0.0307000000,-0.0236000000
2020-04-22,0.0099000000,0.0293000000,0.0199000000,0.0386000000,0.0113000000,0.0376000000,0.0066000000,0.0262000000,0.0202000000,0.0156000000,0.0151000000,0.0131000000
2020-04-23,-0.0074000000,-0.0036000000,0.0032000000,0.0346000000,0.0054000000,-0.0034000000,0.0039000000,-0.0157000000,-0.0005000000,0.0064000000,0.0018000000,0.0103000000
2020-04-24,0.0153000000,0.0220000000,0.0052000000,0.0013000000,0.0082000000,0.0184000000,0.0112000000,0.0078000000,0.0157000000,0.0153000000,0.0146000000,0.0108000000
2020-04-27,0.0170000000,0.0606000000,0.0240000000,0.0223000000,0.0078000000,0.0090000000,0.0214000000,0.0124000000,0.0076000000,0.0117000000,0.0386000000,0.0240000000
2020-04-28,0.0148000000,-0.0075000000,0.0168000000,0.0222000000,0.0055000000,-0.0162000000,-0.0015000000,0.0055000000,-0.0060000000,-0.0235000000,0.0073000000,0.0065000000
2020-04-29,0.0020000000,0.0356000000,0.0297000000,0.0791000000,0.0173000000,0.0432000000,0.0244000000,-0.0040000000,0.0141000000,0.0093000000,0.0410000000,0.0293000000
2020-04-30,-0.0201000000,-0.0291000000,-0.0301000000,-0.0176000000,-0.0091000000,0.0001000000,-0.0263000000,-0.0240000000,0.0029000000,-0.0091000000,-0.0261000000,-0.0206000000
2020-05-01,-0.0196000000,-0.0630000000,-0.0338000000,-0.0633000000,-0.0175000000,-0.0271000000,-0.0148000000,-0.0263000000,-0.0382000000,-0.0192000000,-0.0330000000,-0.0277000000
2020-05-04,-0.0027000000,0.0306000000,-0.0104000000,0.0385000000,-0.0003000000,0.0125000000,-0.0087000000,0.0084000000,0.0089000000,0.0060000000,-0.0030000000,-0.0063000000
2020-05-05,0.0020000000,0.0078000000,0.0054000000,-0.0003000000,0.0047000000,0.0154000000,-0.0036000000,0.0096000000,0.0051000000,0.0224000000,0.0023000000,0.0048000000
2020-05-06,-0.0050000000,0.0072000000,-0.0112000000,-0.0261000000,-0.0164000000,0.0076000000,-0.0178000000,-0.0342000000,0.0021000000,-0.0064000000,-0.0187000000,-0.0113000000
2020-05-07,-0.0007000000,0.0066000000,0.0104000000,0.0228000000,0.0058000000,0.0145000000,0.0188000000,0.0074000000,0.0088000000,0.0015000000,0.0195000000,0.0249000000
2020-05-08,0.0285000000,0.0424000000,0.0341000000,0.0458000000,0.0299000000,0.0132000000,0.0275000000,0.0225000000,0.0145000000,0.0076000000,0.0225000000,0.0218000000
2020-05-11,-0.0057000000,-0.0146000000,-0.0135000000,-0.0178000000,-0.0067000000,0.0092000000,-0.0117000000,-0.0055000000,0.0060000000,0.0251000000,-0.0179000000,-0.0125000000
2020-05-12,-0.0107000000,-0.0182000000,-0.0307000000,-0.0199000000,-0.0124000000,-0.0203000000,-0.0207000000,-0.0111000000,-0.0200000000,-0.0175000000,-0.0295000000,-0.0231000000
2020-05-13,-0.0141000000,-0.0340000000,-0.0282000000,-0.0452000000,-0.0162000000,-0.0181000000,-0.0182000000,-0.0121000000,-0.0100000000,-0.0100000000,-0.0318000000,-0.0173000000
2020-05-14,0.0003000000,0.0199000000,0.0141000000,0.0093000000,0.0013000000,0.0097000000,0.0151000000,0.0097000000,0.0091000000,0.0048000000,0.0293000000,0.0111000000
2020-05-15,0.0043000000,0.0016000000,0.0007000000,-0.0030000000,0.0121000000,0.0070000000,0.0074000000,-0.0096000000,0.0121000000,0.0098000000,-0.0003000000,0.0012000000
2020-05-18,0.0233000000,0.0505000000,0.0668000000,0.0823000000,0.0303000000,0.0205000000,0.0450000000,0.0448000000,0.0221000000,0.0110000000,0.0511000000,0.0513000000
2020-05-19,-0.0142000000,-0.0115000000,-0.0122000000,-0.0295000000,-0.0197000000,-0.0025000000,-0.0136000000,-0.0170000000,-0.0032000000,-0.0146000000,-0.0219000000,-0.0092000000
2020-05-20,0.0152000000,0.0158000000,0.0171000000,0.0384000000,0.0154000000,0.0225000000,0.0143000000,0.0086000000,0.0118000000,0.0061000000,0.0225000000,0.0218000000
2020-05-21,-0.0092000000,0.0090000000,0.0030000000,-0.0131000000,-0.0085000000,-0.0098000000,-0.0064000000,-0.0094000000,-0.0031000000,-0.0080000000,-0.0051000000,-0.0075000000
2020-05-22,0.0033000000,-0.0045000000,-0.0025000000,-0.0070000000,0.0056000000,0.0073000000,0.0016000000,0.0105000000,-0.0016000000,0.0030000000,-0.0024000000,0.0031000000
2020-05-26,0.0149000000,0.0276000000,0.0431000000,0.0281000000,0.0115000000,-0.0014000000,0.0173000000,0.0104000000,0.0052000000,-0.0095000000,0.0468000000,0.0233000000
2020-05-27,0.0213000000,0.0180000000,0.0364000000,0.0106000000,0.0166000000,0.0054000000,0.0205000000,0.0104000000,0.0104000000,0.0056000000,0.0371000000,0.0244000000
2020-05-28,-0.0002000000,-0.0219000000,-0.0116000000,-0.0305000000,0.0104000000,-0.0028000000,-0.0103000000,0.0239000000,-0.0032000000,0.0099000000,-0.0143000000,-0.0126000000
2020-05-29,0.0011000000,0.0065000000,-0.0080000000,-0.0035000000,0.0015000000,0.0125000000,0.0084000000,0.0076000000,0.0086000000,0.0146000000,-0.0109000000,0.0039000000
2020-06-01,0.0088000000,0.0412000000,0.0056000000,0.0191000000,0.0051000000,0.0043000000,0.0010000000,0.0097000000,0.0047000000,-0.0107000000,0.0097000000,0.0055000000
2020-06-02,0.0033000000,-0.0002000000,0.0101000000,0.0297000000,0.0135000000,0.0073000000,0.0061000000,0.0062000000,0.0069000000,0.0056000000,0.0087000000,0.0121000000
2020-06-03,0.0097000000,0.0216000000,0.0420000000,0.0308000000,0.0122000000,0.0063000000,0.0167000000,0.0139000000,0.0085000000,-0.0031000000,0.0296000000,0.0263000000
2020-06-04,0.0004000000,0.0028000000,0.0099000000,-0.0012000000,-0.0098000000,-0.0103000000,0.0047000000,-0.0161000000,-0.0054000000,-0.0107000000,0.0122000000,0.0026000000
2020-06-05,0.0207000000,0.0386000000,0.0380000000,0.0797000000,0.0202000000,0.0228000000,0.0135000000,0.0178000000,0.0152000000,0.0120000000,0.0387000000,0.0291000000
2020-06-08,0.0152000000,0.0393000000,0.0199000000,0.0454000000,0.0076000000,0.0066000000,0.0195000000,0.0293000000,0.0118000000,0.0084000000,0.0172000000,0.0116000000
2020-06-09,-0.0137000000,-0.0179000000,-0.0242000000,-0.0367000000,-0.0080000000,0.0040000000,-0.0201000000,-0.0236000000,0.0028000000,-0.0093000000,-0.0158000000,-0.0199000000
2020-06-10,-0.0073000000,0.0152000000,-0.0241000000,-0.0516000000,-0.0042000000,0.0126000000,-0.0085000000,-0.0084000000,-0.0030000000,0.0018000000,-0.0318000000,-0.0157000000
2020-06-11,-0.0527000000,-0.0639000000,-0.0767000000,-0.0927000000,-0.0520000000,-0.0551000000,-0.0527000000,-0.0474000000,-0.0398000000,-0.0532000000,-0.0789000000,-0.0684000000
2020-06-12,0.0066000000,-0.0019000000,0.0234000000,0.0319000000,0.0064000000,0.0123000000,0.0111000000,-0.0014000000,0.0013000000,0.0079000000,0.0265000000,0.0185000000
2020-06-15,0.0158000000,0.0293000000,0.0128000000,-0.0021000000,0.0090000000,0.0121000000,0.0075000000,0.0100000000,0.0076000000,0.0070000000,0.0099000000,0.0117000000
2020-06-16,0.0183000000,0.0046000000,0.0238000000,0.0298000000,0.0159000000,0.0201000000,0.0074000000,0.0055000000,0.0208000000,0.0238000000,0.0178000000,0.0159000000
2020-06-17,-0.0034000000,-0.0033000000,-0.0072000000,-0.0359000000,-0.0024000000,0.0002000000,-0.0089000000,-0.0065000000,0.0013000000,-0.0013000000,-0.0137000000,-0.0024000000
2020-06-18,0.0051000000,0.0038000000,-0.0030000000,0.0114000000,0.0033000000,0.0030000000,0.0080000000,0.0004000000,-0.0020000000,-0.0003000000,-0.0001000000,-0.0004000000
2020-06-19,-0.0124000000,-0.0040000000,-0.0095000000,-0.0157000000,-0.0058000000,-0.0033000000,-0.0115000000,-0.0293000000,0.0008000000,0.0134000000,-0.0067000000,-0.0114000000
2020-06-22,-0.0012000000,-0.0013000000,0.0029000000,0.0044000000,-0.0029000000,0.0159000000,-0.0052000000,0.0115000000,0.0103000000,-0.0010000000,-0.0010000000,0.0068000000
2020-06-23,-0.0021000000,0.0037000000,0.0011000000,0.0011000000,-0.0018000000,0.0065000000,0.0014000000,-0.0105000000,0.0075000000,0.0023000000,0.0050000000,0.0078000000
2020-06-24,-0.0219000000,-0.0388000000,-0.0337000000,-0.0560000000,-0.0191000000,-0.0226000000,-0.0224000000,-0.0128000000,-0.0165000000,-0.0253000000,-0.0379000000,-0.0329000000
2020-06-25,0.0062000000,0.0160000000,0.0110000000,0.0191000000,0.0120000000,0.0110000000,0.0037000000,-0.0092000000,0.0033000000,0.0111000000,0.0255000000,0.0122000000
2020-06-26,-0.0231000000,-0.0199000000,-0.0233000000,-0.0356000000,-0.0194000000,-0.0249000000,-0.0217000000,-0.0138000000,-0.0179000000,-0.0138000000,-0.0416000000,-0.0219000000
2020-06-29,0.0212000000,0.0383000000,0.0355000000,0.0164000000,0.0206000000,0.0124000000,0.0217000000,0.0192000000,0.0113000000,0.0057000000,0.0154000000,0.0189000000
2020-06-30,0.0083000000,0.0368000000,0.0069000000,0.0210000000,0.0145000000,0.0184000000,0.0055000000,0.0074000000,0.0157000000,0.0179000000,0.0161000000,0.0161000000
2020-07-01,0.0008000000,0.0123000000,-0.0114000000,-0.0249000000,-0.0006000000,0.0070000000,0.0064000000,0.0179000000,0.0157000000,0.0074000000,-0.0075000000,0.0039000000
2020-07-02,0.0035000000,0.0443000000,0.0108000000,0.0121000000,0.0129000000,0.0049000000,-0.0036000000,0.0040000000,0.0027000000,0.0069000000,0.0020000000,0.0024000000
2020-07-06,0.0069000000,0.0745000000,0.0164000000,0.0044000000,0.0076000000,0.0190000000,0.0151000000,-0.0118000000,0.0282000000,0.0075000000,0.0151000000,0.0180000000
2020-07-07,-0.0005000000,-0.0022000000,-0.0221000000,-0.0320000000,0.0017000000,-0.0081000000,-0.0070000000,-0.0052000000,-0.0073000000,-0.0025000000,-0.0243000000,-0.0105000000
2020-07-08,-0.0022000000,-0.0082000000,0.0017000000,0.0007000000,-0.0038000000,0.0165000000,0.0056000000,0.0062000000,0.0094000000,0.0028000000,0.0081000000,0.0106000000
2020-07-09,-0.0174000000,0.0003000000,-0.0198000000,-0.0482000000,-0.0078000000,0.0054000000,-0.0099000000,-0.0159000000,0.0115000000,-0.0049000000,-0.0239000000,-0.0131000000
2020-07-10,0.0236000000,0.0681000000,0.0166000000,0.0327000000,0.0144000000,0.0012000000,0.0185000000,0.0193000000,0.0091000000,-0.0039000000,0.0271000000,0.0161000000
2020-07-13,-0.0034000000,-0.0176000000,-0.0010000000,-0.0068000000,0.0014000000,-0.0240000000,-0.0111000000,0.0000000000,-0.0169000000,-0.0029000000,0.0019000000,-0.0101000000
2020-07-14,0.0154000000,0.0196000000,0.0243000000,0.0363000000,0.0174000000,0.0106000000,0.0149000000,0.0107000000,0.0082000000,0.0190000000,0.0095000000,0.0169000000
2020-07-15,0.0071000000,0.0268000000,0.0211000000,0.0193000000,0.0091000000,0.0056000000,0.0105000000,0.0002000000,-0.0001000000,0.0186000000,0.0212000000,0.0230000000
2020-07-16,0.0027000000,-0.0137000000,-0.0024000000,-0.0044000000,0.0019000000,-0.0091000000,0.0038000000,0.0109000000,-0.0007000000,-0.0044000000,-0.0033000000,-0.0013000000
2020-07-17,0.0049000000,-0.0041000000,-0.0007000000,-0.0163000000,0.0065000000,0.0049000000,0.0007000000,0.0197000000,-0.0040000000,0.0176000000,-0.0061000000,0.0017000000
2020-07-20,-0.0119000000,0.0466000000,-0.0070000000,-0.0165000000,-0.0095000000,0.0262000000,-0.0066000000,-0.0150000000,0.0291000000,0.0036000000,-0.0025000000,-0.0020000000
2020-07-21,0.0157000000,-0.0186000000,0.0160000000,0.0633000000,0.0025000000,-0.0089000000,0.0064000000,0.0094000000,-0.0018000000,-0.0067000000,0.0169000000,0.0016000000
2020-07-22,0.0091000000,0.0135000000,0.0093000000,-0.0122000000,0.0100000000,0.0055000000,-0.0002000000,0.0120000000,0.0027000000,0.0061000000,0.0019000000,0.0055000000
2020-07-23,0.0039000000,-0.0215000000,-0.0006000000,-0.0005000000,0.0002000000,-0.0249000000,-0.0038000000,0.0003000000,-0.0175000000,-0.0078000000,0.0006000000,-0.0080000000
2020-07-24,-0.0008000000,-0.0374000000,-0.0082000000,-0.0065000000,-0.0033000000,-0.0107000000,0.0045000000,-0.0071000000,0.0024000000,-0.0141000000,-0.0073000000,-0.0051000000
2020-07-27,0.0094000000,0.0491000000,0.0069000000,0.0017000000,0.0091000000,0.0163000000,-0.0024000000,-0.0134000000,0.0084000000,0.0115000000,-0.0058000000,0.0089000000
2020-07-28,-0.0026000000,-0.0237000000,-0.0095000000,-0.0182000000,-0.0071000000,-0.0130000000,0.0016000000,0.0143000000,-0.0111000000,-0.0033000000,-0.0043000000,-0.0067000000
2020-07-29,0.0062000000,0.0124000000,0.0101000000,0.0202000000,0.0098000000,0.0170000000,0.0040000000,0.0079000000,0.0108000000,0.0043000000,0.0215000000,0.0171000000
2020-07-30,-0.0085000000,-0.0126000000,-0.0108000000,-0.0411000000,-0.0003000000,0.0055000000,-0.0019000000,-0.0025000000,0.0009000000,-0.0026000000,-0.0155000000,-0.0031000000
2020-07-31,-0.0040000000,-0.0258000000,-0.0084000000,-0.0053000000,0.0009000000,0.0215000000,0.0047000000,0.0007000000,0.0121000000,-0.0082000000,-0.0040000000,0.0012000000
2020-08-03,-0.0028000000,0.0278000000,0.0120000000,0.0029000000,-0.0054000000,0.0204000000,0.0016000000,-0.0088000000,-0.0027000000,0.0151000000,0.0019000000,0.0101000000
2020-08-04,0.0060000000,0.0028000000,0.0029000000,0.0213000000,0.0149000000,0.0005000000,0.0117000000,0.0134000000,0.0111000000,-0.0036000000,-0.0017000000,0.0068000000
2020-08-05,0.0037000000,0.0085000000,0.0226000000,0.0125000000,0.0072000000,0.0030000000,0.0065000000,-0.0102000000,0.0083000000,0.0025000000,0.0200000000,0.0133000000
2020-08-06,-0.0023000000,-0.0010000000,-0.0041000000,-0.0065000000,-0.0033000000,0.0145000000,0.0098000000,0.0035000000,0.0039000000,-0.0063000000,-0.0004000000,0.0100000000
2020-08-07,0.0065000000,-0.0085000000,0.0112000000,0.0018000000,0.0074000000,-0.0131000000,0.0087000000,0.0182000000,-0.0028000000,0.0020000000,0.0181000000,0.0060000000
2020-08-10,0.0043000000,-0.0017000000,0.0248000000,0.0326000000,0.0093000000,-0.0051000000,0.0034000000,0.0018000000,0.0027000000,-0.0056000000,0.0055000000,0.0104000000
2020-08-11,-0.0019000000,-0.0108000000,0.0031000000,-0.0039000000,-0.0025000000,-0.0183000000,-0.0031000000,-0.0197000000,-0.0097000000,-0.0111000000,0.0104000000,-0.0042000000
2020-08-12,0.0115000000,0.0623000000,0.0042000000,0.0116000000,0.0137000000,0.0213000000,0.0055000000,0.0139000000,0.0174000000,0.0147000000,-0.0004000000,0.0061000000
2020-08-13,-0.0003000000,0.0180000000,-0.0046000000,-0.0198000000,-0.0012000000,0.0040000000,-0.0012000000,-0.0046000000,-0.0006000000,0.0011000000,-0.0072000000,-0.0002000000
2020-08-14,-0.0009000000,0.0102000000,0.0040000000,0.0102000000,-0.0019000000,-0.0026000000,0.0030000000,-0.0052000000,0.0007000000,-0.0044000000,0.0039000000,-0.0012000000
2020-08-17,0.0024000000,0.0638000000,-0.0054000000,-0.0065000000,0.0010000000,0.0065000000,-0.0025000000,-0.0017000000,0.0129000000,0.0130000000,-0.0093000000,-0.0001000000
2020-08-18,0.0029000000,0.0127000000,-0.0055000000,-0.0138000000,0.0011000000,0.0070000000,-0.0004000000,-0.0057000000,0.0128000000,-0.0005000000,-0.0090000000,-0.0004000000
2020-08-19,-0.0066000000,-0.0052000000,-0.0018000000,-0.0115000000,-0.0041000000,-0.0028000000,-0.0034000000,-0.0036000000,-0.0085000000,-0.0048000000,0.0018000000,-0.0050000000
2020-08-20,-0.0015000000,0.0334000000,-0.0085000000,-0.0220000000,-0.0018000000,0.0137000000,-0.0012000000,-0.0095000000,-0.0002000000,-0.0003000000,-0.0070000000,0.0039000000
2020-08-21,-0.0013000000,0.0106000000,0.0004000000,-0.0080000000,0.0023000000,0.0082000000,-0.0024000000,0.0005000000,0.0024000000,-0.0021000000,-0.0023000000,0.0014000000
2020-08-24,0.0136000000,-0.0009000000,0.0200000000,0.0288000000,0.0138000000,0.0063000000,0.0135000000,0.0102000000,0.0076000000,-0.0056000000,0.0180000000,0.0141000000
2020-08-25,-0.0017000000,-0.0006000000,-0.0041000000,-0.0121000000,-0.0011000000,0.0073000000,-0.0041000000,-0.0096000000,0.0049000000,0.0083000000,0.0036000000,0.0023000000
2020-08-26,0.0038000000,0.0392000000,0.0003000000,-0.0232000000,0.0014000000,0.0244000000,0.0082000000,-0.0139000000,0.0139000000,-0.0018000000,-0.0068000000,0.0105000000
2020-08-27,0.0034000000,0.0238000000,-0.0008000000,0.0031000000,-0.0009000000,-0.0047000000,0.0031000000,0.0047000000,-0.0021000000,0.0059000000,0.0156000000,0.0033000000
2020-08-28,0.0101000000,-0.0025000000,0.0097000000,0.0171000000,0.0075000000,0.0079000000,0.0045000000,0.0039000000,0.0048000000,0.0010000000,0.0080000000,0.0105000000
2020-08-31,-0.0051000000,0.0703000000,-0.0130000000,-0.0231000000,-0.0086000000,0.0045000000,-0.0063000000,0.0007000000,0.0016000000,0.0062000000,-0.0136000000,-0.0074000000
2020-09-01,-0.0012000000,-0.0246000000,0.0139000000,-0.0075000000,0.0115000000,0.0217000000,0.0007000000,-0.0113000000,0.0143000000,-0.0126000000,0.0018000000,0.0128000000
2020-09-02,0.0236000000,-0.0287000000,0.0189000000,-0.0077000000,0.0206000000,0.0108000000,0.0133000000,0.0273000000,0.0110000000,0.0182000000,0.0145000000,0.0117000000
2020-09-03,-0.0185000000,-0.0681000000,-0.0315000000,-0.0080000000,-0.0238000000,-0.0575000000,-0.0140000000,-0.0112000000,-0.0351000000,-0.0301000000,-0.0170000000,-0.0287000000
2020-09-04,-0.0011000000,0.0163000000,0.0001000000,-0.0032000000,0.0000000000,-0.0169000000,-0.0043000000,-0.0057000000,-0.0149000000,-0.0066000000,0.0020000000,-0.0072000000
2020-09-08,-0.0197000000,-0.1221000000,-0.0233000000,-0.0409000000,-0.0174000000,-0.0419000000,-0.0053000000,-0.0083000000,-0.0263000000,-0.0164000000,-0.0282000000,-0.0110000000
2020-09-09,0.0108000000,0.0611000000,0.0140000000,0.0058000000,0.0212000000,0.0291000000,0.0068000000,0.0118000000,0.0242000000,0.0198000000,0.0105000000,0.0144000000
2020-09-10,-0.0085000000,0.0011000000,-0.0123000000,-0.0379000000,-0.0098000000,-0.0198000000,-0.0105000000,-0.0188000000,-0.0191000000,-0.0159000000,-0.0157000000,-0.0116000000
2020-09-11,0.0058000000,0.0052000000,0.0132000000,0.0023000000,0.0092000000,-0.0062000000,0.0001000000,0.0020000000,-0.0059000000,0.0035000000,0.0030000000,0.0021000000
2020-09-14,0.0088000000,0.0788000000,0.0156000000,0.0062000000,0.0092000000,0.0161000000,0.0082000000,0.0144000000,0.0056000000,0.0237000000,0.0182000000,0.0141000000
2020-09-15,0.0005000000,0.0429000000,-0.0025000000,-0.0075000000,0.0002000000,0.0123000000,0.0099000000,0.0044000000,0.0098000000,0.0044000000,-0.0113000000,0.0038000000
2020-09-16,-0.0056000000,-0.0109000000,0.0082000000,0.0405000000,-0.0034000000,-0.0153000000,0.0035000000,0.0023000000,-0.0101000000,0.0013000000,0.0097000000,0.0014000000
2020-09-17,-0.0096000000,-0.0246000000,0.0010000000,0.0034000000,0.0028000000,-0.0110000000,-0.0122000000,-0.0082000000,-0.0125000000,-0.0020000000,-0.0076000000,-0.0090000000
2020-09-18,-0.0127000000,0.0205000000,-0.0102000000,-0.0095000000,-0.0117000000,-0.0140000000,-0.0073000000,-0.0174000000,-0.0115000000,0.0009000000,-0.0044000000,-0.0069000000
2020-09-21,-0.0131000000,0.0002000000,-0.0314000000,-0.0335000000,-0.0199000000,0.0046000000,-0.0161000000,-0.0069000000,-0.0049000000,-0.0188000000,-0.0289000000,-0.0184000000
2020-09-22,0.0054000000,-0.0338000000,0.0118000000,-0.0103000000,0.0078000000,0.0175000000,0.0128000000,0.0058000000,0.0275000000,0.0025000000,-0.0069000000,0.0080000000
2020-09-23,-0.0161000000,-0.0680000000,-0.0121000000,-0.0462000000,-0.0192000000,-0.0293000000,-0.0240000000,-0.0184000000,-0.0263000000,-0.0137000000,-0.0221000000,-0.0237000000
2020-09-24,0.0047000000,0.0095000000,-0.0003000000,0.0018000000,0.0054000000,0.0044000000,0.0034000000,0.0109000000,0.0029000000,-0.0080000000,0.0036000000,0.0023000000
2020-09-25,0.0085000000,0.0303000000,0.0117000000,0.0005000000,0.0063000000,0.0238000000,0.0075000000,0.0148000000,0.0143000000,0.0175000000,0.0137000000,0.0163000000
2020-09-28,0.0152000000,0.0309000000,0.0188000000,0.0233000000,0.0099000000,0.0164000000,0.0137000000,0.0046000000,0.0198000000,0.0070000000,0.0214000000,0.0194000000
2020-09-29,-0.0077000000,-0.0064000000,-0.0044000000,-0.0275000000,-0.0063000000,-0.0007000000,-0.0053000000,-0.0013000000,-0.0069000000,0.0000000000,-0.0078000000,-0.0071000000
2020-09-30,0.0109000000,0.0174000000,0.0004000000,-0.0016000000,0.0099000000,0.0067000000,0.0005000000,0.0072000000,0.0079000000,0.0128000000,0.0120000000,0.0068000000
2020-10-01,0.0074000000,0.0327000000,0.0019000000,-0.0303000000,-0.0043000000,0.0121000000,0.0034000000,0.0069000000,0.0158000000,-0.0027000000,0.0072000000,0.0064000000
2020-10-02,-0.0010000000,-0.0407000000,0.0074000000,0.0098000000,0.0015000000,-0.0221000000,-0.0100000000,0.0122000000,-0.0118000000,-0.0125000000,0.0065000000,-0.0003000000
2020-10-05,0.0084000000,0.0258000000,0.0211000000,0.0303000000,0.0139000000,0.0225000000,0.0099000000,0.0140000000,0.0168000000,0.0244000000,0.0199000000,0.0137000000
2020-10-06,-0.0088000000,-0.0199000000,-0.0098000000,-0.0154000000,-0.0053000000,-0.0138000000,-0.0131000000,0.0066000000,-0.0203000000,-0.0132000000,-0.0097000000,-0.0141000000
2020-10-07,0.0171000000,0.0281000000,0.0206000000,0.0151000000,0.0161000000,0.0172000000,0.0101000000,0.0074000000,0.0214000000,0.0198000000,0.0192000000,0.0214000000
2020-10-08,0.0074000000,0.0061000000,0.0094000000,0.0383000000,0.0077000000,0.0063000000,0.0080000000,0.0196000000,0.0048000000,0.0049000000,0.0115000000,0.0077000000
2020-10-09,0.0079000000,0.0112000000,0.0046000000,-0.0148000000,0.0074000000,0.0150000000,0.0012000000,-0.0023000000,0.0139000000,0.0078000000,0.0042000000,0.0063000000
2020-10-12,0.0115000000,0.0143000000,0.0043000000,0.0034000000,0.0047000000,0.0270000000,0.0094000000,0.0068000000,0.0216000000,0.0057000000,0.0097000000,0.0049000000
2020-10-13,-0.0011000000,0.0058000000,-0.0071000000,-0.0168000000,-0.0048000000,-0.0030000000,0.0018000000,-0.0074000000,0.0037000000,-0.0044000000,-0.0150000000,-0.0064000000
2020-10-14,-0.0044000000,0.0160000000,0.0012000000,0.0010000000,0.0011000000,-0.0057000000,-0.0174000000,-0.0004000000,-0.0134000000,-0.0066000000,-0.0123000000,-0.0038000000
2020-10-15,0.0016000000,-0.0133000000,0.0062000000,0.0135000000,0.0000000000,-0.0041000000,-0.0017000000,0.0001000000,0.0016000000,-0.0093000000,0.0070000000,0.0025000000
2020-10-16,-0.0031000000,-0.0094000000,0.0033000000,-0.0202000000,0.0039000000,-0.0014000000,-0.0011000000,0.0076000000,-0.0078000000,0.0071000000,0.0026000000,-0.0007000000
2020-10-19,-0.0123000000,-0.0141000000,-0.0101000000,-0.0231000000,-0.0145000000,-0.0163000000,-0.0200000000,-0.0088000000,-0.0163000000,-0.0161000000,-0.0160000000,-0.0134000000
2020-10-20,-0.0057000000,-0.0062000000,0.0022000000,0.0117000000,0.0035000000,0.0042000000,-0.0004000000,0.0063000000,0.0044000000,-0.0024000000,0.0072000000,0.0090000000
2020-10-21,-0.0027000000,0.0007000000,-0.0066000000,-0.0193000000,0.0010000000,0.0003000000,0.0019000000,-0.0033000000,-0.0063000000,-0.0102000000,-0.0019000000,-0.0091000000
2020-10-22,0.0071000000,0.0126000000,0.0074000000,0.0420000000,-0.0004000000,0.0011000000,0.0143000000,0.0171000000,-0.0026000000,0.0146000000,0.0178000000,0.0030000000
2020-10-23,0.0028000000,-0.0054000000,0.0035000000,-0.0039000000,0.0057000000,0.0040000000,-0.0004000000,0.0022000000,0.0075000000,0.0035000000,0.0039000000,0.0050000000
2020-10-26,-0.0172000000,-0.0109000000,-0.0236000000,-0.0370000000,-0.0159000000,-0.0207000000,-0.0197000000,-0.0040000000,-0.0118000000,-0.0097000000,-0.0237000000,-0.0240000000
2020-10-27,-0.0034000000,0.0020000000,-0.0192000000,-0.0142000000,-0.0054000000,0.0066000000,-0.0057000000,-0.0018000000,0.0066000000,-0.0051000000,-0.0183000000,-0.0099000000
2020-10-28,-0.0302000000,-0.0379000000,-0.0305000000,-0.0440000000,-0.0281000000,-0.0408000000,-0.0265000000,-0.0295000000,-0.0302000000,-0.0304000000,-0.0332000000,-0.0293000000
2020-10-29,0.0015000000,0.0115000000,0.0133000000,0.0325000000,0.0096000000,0.0188000000,0.0136000000,0.0036000000,0.0055000000,-0.0005000000,0.0067000000,0.0137000000
2020-10-30,-0.0088000000,-0.0372000000,-0.0053000000,0.0016000000,-0.0037000000,-0.0226000000,0.0041000000,-0.0082000000,-0.0279000000,-0.0081000000,0.0006000000,-0.0098000000
2020-11-02,0.0175000000,0.0263000000,0.0265000000,0.0396000000,0.0233000000,0.0024000000,-0.0001000000,0.0203000000,0.0054000000,0.0128000000,0.0214000000,0.0194000000
2020-11-03,0.0144000000,0.0417000000,0.0276000000,-0.0080000000,0.0144000000,0.0188000000,0.0142000000,0.0144000000,0.0214000000,0.0138000000,0.0253000000,0.0184000000
2020-11-04,0.0031000000,-0.0093000000,-0.0101000000,0.0004000000,-0.0059000000,0.0427000000,0.0131000000,-0.0157000000,0.0272000000,0.0399000000,0.0051000000,0.0133000000
2020-11-05,0.0091000000,0.0394000000,0.0294000000,0.0026000000,0.0237000000,0.0266000000,0.0187000000,0.0091000000,0.0197000000,0.0023000000,0.0234000000,0.0249000000
2020-11-06,-0.0014000000,-0.0074000000,0.0009000000,-0.0180000000,0.0054000000,0.0052000000,0.0056000000,-0.0054000000,0.0017000000,-0.0020000000,-0.0124000000,-0.0002000000
2020-11-09,0.0095000000,-0.0096000000,0.0294000000,0.1412000000,-0.0040000000,-0.0188000000,0.0347000000,0.0257000000,-0.0231000000,0.0093000000,0.0785000000,0.0164000000
2020-11-10,0.0200000000,-0.0055000000,0.0167000000,0.0306000000,0.0133000000,-0.0201000000,0.0113000000,0.0194000000,-0.0057000000,0.0053000000,0.0053000000,0.0124000000
2020-11-11,0.0077000000,0.0100000000,-0.0055000000,-0.0071000000,-0.0027000000,0.0232000000,-0.0010000000,0.0025000000,0.0154000000,0.0015000000,-0.0085000000,0.0025000000
2020-11-12,-0.0081000000,-0.0147000000,-0.0138000000,-0.0357000000,-0.0104000000,-0.0059000000,-0.0043000000,-0.0183000000,-0.0086000000,-0.0055000000,-0.0141000000,-0.0119000000
2020-11-13,0.0123000000,0.0074000000,0.0223000000,0.0387000000,0.0163000000,0.0081000000,0.0170000000,0.0131000000,0.0109000000,0.0134000000,0.0165000000,0.0173000000
2020-11-16,0.0170000000,0.0094000000,0.0257000000,0.0642000000,0.0081000000,0.0071000000,0.0125000000,0.0111000000,0.0104000000,-0.0007000000,0.0193000000,0.0197000000
2020-11-17,-0.0002000000,0.0443000000,0.0019000000,0.0094000000,-0.0023000000,-0.0035000000,0.0022000000,-0.0154000000,-0.0081000000,-0.0018000000,-0.0036000000,-0.0019000000
2020-11-18,-0.0122000000,0.0582000000,-0.0051000000,-0.0279000000,-0.0114000000,-0.0112000000,-0.0080000000,-0.0204000000,-0.0074000000,-0.0155000000,-0.0108000000,-0.0075000000
2020-11-19,0.0039000000,0.0205000000,0.0052000000,0.0147000000,0.0005000000,0.0108000000,-0.0003000000,-0.0062000000,0.0068000000,0.0035000000,-0.0012000000,0.0025000000
2020-11-20,-0.0034000000,-0.0111000000,-0.0061000000,-0.0061000000,-0.0018000000,-0.0065000000,0.0000000000,0.0003000000,-0.0057000000,0.0020000000,-0.0104000000,-0.0053000000
2020-11-23,0.0044000000,0.0490000000,0.0198000000,0.0734000000,0.0082000000,-0.0026000000,0.0103000000,0.0047000000,0.0067000000,-0.0016000000,0.0186000000,0.0141000000
2020-11-24,0.0112000000,0.0481000000,0.0179000000,0.0533000000,0.0134000000,0.0111000000,0.0219000000,0.0152000000,0.0096000000,0.0003000000,0.0307000000,0.0174000000
2020-11-25,-0.0047000000,0.0141000000,-0.0085000000,-0.0240000000,-0.0061000000,0.0039000000,-0.0064000000,0.0003000000,0.0062000000,-0.0012000000,-0.0056000000,0.0000000000
2020-11-27,0.0000000000,0.0113000000,0.0006000000,-0.0128000000,0.0027000000,0.0089000000,-0.0001000000,-0.0097000000,0.0028000000,0.0147000000,-0.0018000000,-0.0015000000
2020-11-30,-0.0037000000,-0.0223000000,-0.0143000000,-0.0568000000,-0.0036000000,0.0044000000,-0.0045000000,-0.0167000000,-0.0042000000,0.0046000000,-0.0192000000,-0.0082000000
2020-12-01,0.0103000000,0.0207000000,0.0058000000,0.0048000000,0.0056000000,0.0120000000,0.0099000000,0.0063000000,0.0095000000,0.0060000000,0.0166000000,0.0056000000
2020-12-02,-0.0054000000,-0.0198000000,0.0019000000,0.0308000000,-0.0100000000,0.0005000000,0.0092000000,0.0073000000,-0.0072000000,0.0032000000,0.0108000000,0.0017000000
2020-12-03,0.0105000000,0.0278000000,0.0055000000,0.0104000000,-0.0047000000,-0.0002000000,0.0021000000,-0.0083000000,-0.0018000000,0.0001000000,-0.0002000000,0.0046000000
2020-12-04,0.0139000000,0.0118000000,0.0148000000,0.0563000000,0.0115000000,0.0076000000,0.0032000000,-0.0038000000,-0.0003000000,0.0127000000,0.0153000000,0.0126000000
2020-12-07,-0.0042000000,0.0425000000,-0.0027000000,-0.0246000000,-0.0046000000,0.0036000000,0.0029000000,0.0023000000,-0.0039000000,-0.0033000000,-0.0053000000,-0.0009000000
2020-12-08,0.0057000000,0.0084000000,0.0070000000,0.0175000000,0.0070000000,0.0039000000,0.0020000000,-0.0018000000,0.0037000000,0.0134000000,0.0015000000,-0.0008000000
2020-12-09,-0.0004000000,-0.0411000000,-0.0038000000,0.0032000000,-0.0029000000,-0.0193000000,-0.0017000000,-0.0010000000,-0.0068000000,-0.0045000000,-0.0035000000,-0.0067000000
2020-12-10,-0.0019000000,0.0188000000,-0.0053000000,0.0349000000,-0.0057000000,0.0050000000,-0.0073000000,-0.0023000000,-0.0014000000,0.0053000000,-0.0015000000,0.0003000000
2020-12-11,-0.0014000000,-0.0192000000,-0.0004000000,-0.0118000000,-0.0005000000,-0.0001000000,0.0278000000,0.0008000000,-0.0012000000,-0.0033000000,-0.0093000000,-0.0030000000
2020-12-14,-0.0012000000,0.0265000000,-0.0097000000,-0.0356000000,-0.0069000000,0.0011000000,-0.0133000000,-0.0073000000,0.0031000000,-0.0022000000,-0.0072000000,-0.0056000000
2020-12-15,0.0063000000,0.0000000000,0.0178000000,0.0177000000,0.0123000000,0.0150000000,0.0105000000,0.0211000000,0.0087000000,0.0097000000,0.0169000000,0.0118000000
2020-12-16,0.0024000000,-0.0119000000,-0.0069000000,-0.0040000000,0.0015000000,0.0053000000,-0.0061000000,-0.0121000000,0.0093000000,-0.0036000000,0.0012000000,0.0008000000
2020-12-17,0.0081000000,0.0365000000,0.0030000000,-0.0043000000,0.0086000000,0.0063000000,-0.0004000000,0.0060000000,0.0044000000,0.0137000000,0.0051000000,0.0128000000
2020-12-18,0.0023000000,0.0368000000,-0.0027000000,-0.0155000000,0.0049000000,-0.0009000000,-0.0023000000,-0.0102000000,-0.0066000000,0.0015000000,-0.0071000000,-0.0007000000
2020-12-21,-0.0099000000,-0.0411000000,0.0017000000,-0.0166000000,-0.0088000000,0.0009000000,-0.0110000000,-0.0140000000,-0.0007000000,-0.0049000000,0.0050000000,-0.0036000000
2020-12-22,-0.0039000000,-0.0093000000,-0.0051000000,-0.0177000000,-0.0031000000,0.0088000000,-0.0061000000,-0.0013000000,-0.0021000000,0.0000000000,-0.0089000000,0.0001000000
2020-12-23,0.0070000000,0.0109000000,0.0042000000,0.0249000000,-0.0009000000,-0.0063000000,0.0086000000,-0.0006000000,-0.0028000000,0.0014000000,0.0144000000,0.0007000000
2020-12-24,0.0030000000,0.0139000000,0.0017000000,-0.0074000000,0.0070000000,0.0041000000,0.0029000000,0.0060000000,-0.0009000000,-0.0007000000,0.0022000000,0.0021000000
2020-12-28,0.0035000000,-0.0007000000,-0.0027000000,-0.0053000000,-0.0003000000,0.0085000000,0.0096000000,0.0026000000,0.0162000000,-0.0056000000,0.0082000000,-0.0001000000
2020-12-29,-0.0038000000,-0.0007000000,-0.0073000000,-0.0064000000,-0.0030000000,-0.0061000000,0.0009000000,-0.0019000000,0.0007000000,-0.0004000000,-0.0037000000,-0.0036000000
2020-12-30,0.0023000000,0.0303000000,0.0110000000,0.0191000000,0.0035000000,-0.0022000000,0.0000000000,0.0053000000,-0.0037000000,0.0029000000,0.0067000000,0.0053000000
2020-12-31,0.0053000000,0.0083000000,0.0013000000,-0.0101000000,0.0075000000,0.0024000000,0.0096000000,0.0139000000,-0.0017000000,0.0048000000,0.0108000000,0.0058000000
2021-01-04,-0.0167000000,0.0153000000,-0.0185000000,0.0025000000,-0.0131000000,-0.0167000000,-0.0125000000,-0.0232000000,-0.0119000000,-0.0080000000,-0.0120000000,-0.0177000000
2021-01-05,0.0034000000,0.0120000000,0.0171000000,0.0489000000,0.0176000000,0.0088000000,-0.0024000000,0.0031000000,0.0074000000,0.0074000000,0.0026000000,0.0082000000
2021-01-06,0.0027000000,0.0298000000,0.0296000000,0.0293000000,0.0207000000,-0.0143000000,0.0118000000,0.0265000000,0.0032000000,0.0083000000,0.0418000000,0.0127000000
2021-01-07,0.0025000000,0.0598000000,0.0111000000,0.0154000000,0.0028000000,0.0279000000,0.0010000000,-0.0111000000,0.0067000000,0.0153000000,0.0155000000,0.0130000000
2021-01-08,0.0054000000,0.0524000000,-0.0063000000,-0.0014000000,-0.0020000000,0.0081000000,-0.0012000000,0.0059000000,0.0066000000,0.0032000000,-0.0021000000,0.0016000000
2021-01-11,-0.0119000000,-0.0496000000,0.0047000000,0.0168000000,-0.0016000000,-0.0107000000,-0.0012000000,-0.0063000000,-0.0067000000,0.0070000000,0.0021000000,-0.0043000000
2021-01-12,-0.0015000000,0.0420000000,0.0116000000,0.0346000000,0.0068000000,-0.0027000000,-0.0157000000,-0.0003000000,0.0083000000,-0.0048000000,0.0067000000,0.0074000000
2021-01-13,0.0007000000,0.0023000000,-0.0101000000,-0.0094000000,-0.0061000000,0.0030000000,-0.0011000000,0.0155000000,0.0011000000,0.0040000000,-0.0033000000,-0.0010000000
2021-01-14,-0.0023000000,-0.0006000000,0.0098000000,0.0316000000,-0.0078000000,-0.0061000000,-0.0014000000,-0.0021000000,-0.0057000000,0.0068000000,-0.0023000000,0.0010000000
2021-01-15,-0.0051000000,-0.0215000000,-0.0154000000,-0.0408000000,-0.0073000000,-0.0072000000,-0.0022000000,0.0078000000,-0.0045000000,0.0018000000,-0.0142000000,-0.0120000000
2021-01-19,-0.0016000000,0.0259000000,0.0105000000,0.0232000000,-0.0004000000,0.0159000000,0.0023000000,-0.0049000000,-0.0022000000,0.0118000000,0.0039000000,0.0086000000
2021-01-20,0.0047000000,0.0100000000,0.0034000000,0.0040000000,-0.0018000000,0.0227000000,0.0065000000,0.0039000000,0.0223000000,0.0048000000,0.0001000000,0.0177000000
2021-01-21,-0.0037000000,0.0002000000,-0.0048000000,-0.0343000000,-0.0084000000,0.0095000000,-0.0026000000,-0.0078000000,0.0061000000,-0.0068000000,-0.0090000000,-0.0066000000
2021-01-22,-0.0021000000,0.0019000000,-0.0022000000,-0.0041000000,-0.0060000000,0.0006000000,0.0010000000,0.0019000000,0.0002000000,0.0024000000,-0.0073000000,-0.0053000000
2021-01-25,0.0080000000,0.0235000000,-0.0082000000,-0.0085000000,0.0063000000,0.0057000000,0.0081000000,0.0164000000,-0.0007000000,0.0112000000,-0.0072000000,-0.0057000000
2021-01-26,0.0069000000,-0.0019000000,-0.0114000000,-0.0233000000,-0.0057000000,-0.0010000000,0.0064000000,-0.0085000000,0.0066000000,-0.0053000000,-0.0087000000,-0.0105000000
2021-01-27,-0.0143000000,-0.0211000000,-0.0272000000,-0.0088000000,-0.0236000000,-0.0233000000,-0.0313000000,-0.0236000000,-0.0231000000,-0.0286000000,-0.0319000000,-0.0320000000
2021-01-28,0.0028000000,-0.0233000000,0.0135000000,0.0113000000,0.0120000000,0.0072000000,0.0237000000,0.0103000000,0.0000000000,0.0107000000,0.0201000000,0.0203000000
2021-01-29,-0.0198000000,-0.0404000000,-0.0194000000,-0.0345000000,-0.0230000000,-0.0201000000,-0.0238000000,-0.0066000000,-0.0134000000,-0.0065000000,-0.0211000000,-0.0189000000
2021-02-01,0.0036000000,0.0462000000,0.0152000000,0.0100000000,0.0104000000,0.0251000000,0.0076000000,0.0058000000,0.0160000000,0.0058000000,0.0130000000,0.0168000000
2021-02-02,0.0110000000,0.0295000000,0.0193000000,0.0116000000,0.0088000000,0.0146000000,0.0150000000,0.0069000000,0.0097000000,0.0044000000,0.0242000000,0.0212000000
2021-02-03,0.0001000000,-0.0071000000,0.0005000000,0.0421000000,0.0010000000,0.0027000000,-0.0038000000,-0.0002000000,-0.0036000000,-0.0023000000,0.0033000000,0.0008000000
2021-02-04,0.0155000000,-0.0007000000,0.0108000000,0.0099000000,-0.0019000000,0.0101000000,0.0142000000,0.0063000000,0.0111000000,0.0111000000,0.0200000000,0.0199000000
2021-02-05,0.0076000000,0.0052000000,0.0064000000,0.0107000000,0.0104000000,0.0058000000,-0.0018000000,0.0059000000,0.0067000000,0.0105000000,-0.0010000000,0.0080000000
2021-02-08,0.0062000000,0.0151000000,0.0161000000,0.0449000000,0.0079000000,0.0080000000,0.0133000000,-0.0043000000,0.0033000000,0.0084000000,0.0098000000,0.0132000000
2021-02-09,0.0012000000,-0.0071000000,-0.0003000000,-0.0125000000,-0.0079000000,0.0007000000,-0.0006000000,0.0007000000,-0.0014000000,-0.0023000000,0.0026000000,0.0053000000
2021-02-10,-0.0001000000,-0.0362000000,-0.0004000000,0.0189000000,-0.0025000000,0.0002000000,0.0022000000,0.0063000000,-0.0037000000,-0.0014000000,0.0006000000,0.0008000000
2021-02-11,-0.0028000000,0.0029000000,0.0051000000,-0.0149000000,0.0044000000,0.0079000000,0.0022000000,-0.0064000000,-0.0054000000,0.0003000000,0.0012000000,-0.0003000000
2021-02-12,0.0039000000,0.0033000000,0.0055000000,0.0148000000,0.0029000000,0.0054000000,-0.0035000000,-0.0054000000,0.0024000000,0.0045000000,0.0049000000,0.0131000000
2021-02-16,-0.0059000000,-0.0171000000,0.0019000000,0.0289000000,-0.0019000000,-0.0033000000,-0.0033000000,-0.0079000000,-0.0026000000,-0.0106000000,0.0109000000,0.0030000000
2021-02-17,0.0001000000,-0.0019000000,-0.0040000000,0.0141000000,-0.0012000000,-0.0083000000,0.0132000000,0.0024000000,0.0062000000,0.0021000000,0.0013000000,-0.0049000000
2021-02-18,0.0046000000,-0.0137000000,-0.0105000000,-0.0234000000,-0.0036000000,-0.0056000000,-0.0069000000,0.0013000000,-0.0036000000,-0.0101000000,-0.0029000000,-0.0072000000
2021-02-19,-0.0103000000,0.0017000000,0.0219000000,0.0177000000,0.0001000000,-0.0008000000,-0.0056000000,-0.0104000000,-0.0078000000,-0.0035000000,0.0092000000,0.0079000000
2021-02-22,0.0015000000,-0.0560000000,-0.0054000000,0.0345000000,0.0000000000,-0.0251000000,0.0113000000,-0.0158000000,-0.0121000000,-0.0096000000,0.0112000000,-0.0014000000
2021-02-23,0.0008000000,-0.0189000000,0.0028000000,0.0161000000,0.0009000000,-0.0031000000,0.0098000000,0.0085000000,-0.0059000000,-0.0075000000,0.0082000000,0.0016000000
2021-02-24,0.0042000000,0.0463000000,0.0232000000,0.0365000000,0.0082000000,0.0084000000,0.0042000000,-0.0068000000,-0.0035000000,0.0094000000,0.0219000000,0.0149000000
2021-02-25,-0.0157000000,-0.0630000000,-0.0247000000,-0.0202000000,-0.0167000000,-0.0349000000,-0.0202000000,-0.0106000000,-0.0249000000,-0.0150000000,-0.0211000000,-0.0268000000
2021-02-26,-0.0116000000,-0.0052000000,-0.0056000000,-0.0221000000,-0.0125000000,0.0068000000,-0.0048000000,-0.0226000000,0.0032000000,-0.0065000000,-0.0138000000,-0.0039000000
2021-03-01,0.0153000000,0.0518000000,0.0307000000,0.0255000000,0.0182000000,0.0309000000,0.0228000000,0.0225000000,0.0184000000,0.0142000000,0.0277000000,0.0272000000
2021-03-02,-0.0004000000,-0.0282000000,-0.0096000000,-0.0061000000,-0.0005000000,-0.0167000000,-0.0024000000,-0.0034000000,-0.0121000000,-0.0091000000,-0.0037000000,-0.0034000000
2021-03-03,-0.0079000000,-0.0343000000,-0.0037000000,0.0155000000,-0.0071000000,-0.0280000000,-0.0031000000,-0.0087000000,-0.0184000000,-0.0218000000,0.0057000000,-0.0077000000
2021-03-04,-0.0068000000,-0.0402000000,-0.0212000000,0.0270000000,-0.0161000000,-0.0192000000,-0.0052000000,0.0026000000,-0.0127000000,-0.0215000000,-0.0110000000,-0.0263000000
2021-03-05,0.0242000000,-0.0116000000,0.0236000000,0.0412000000,0.0275000000,0.0179000000,0.0239000000,0.0177000000,0.0132000000,0.0183000000,0.0208000000,0.0239000000
2021-03-08,0.0086000000,-0.0298000000,0.0030000000,-0.0009000000,0.0081000000,-0.0292000000,0.0256000000,0.0138000000,0.0030000000,-0.0093000000,0.0156000000,0.0020000000
2021-03-09,0.0050000000,0.1135000000,0.0056000000,-0.0197000000,-0.0009000000,0.0351000000,-0.0139000000,0.0068000000,0.0196000000,0.0136000000,-0.0055000000,0.0101000000
2021-03-10,0.0094000000,0.0035000000,0.0166000000,0.0273000000,0.0152000000,-0.0043000000,0.0159000000,0.0116000000,0.0091000000,0.0033000000,0.0164000000,0.0107000000
2021-03-11,-0.0016000000,0.0299000000,0.0107000000,0.0043000000,0.0016000000,0.0258000000,-0.0047000000,-0.0040000000,0.0109000000,0.0127000000,0.0038000000,0.0105000000
2021-03-12,0.0032000000,0.0033000000,0.0112000000,0.0010000000,0.0050000000,-0.0092000000,0.0095000000,0.0130000000,0.0048000000,0.0007000000,0.0106000000,0.0022000000
2021-03-15,0.0083000000,0.0130000000,0.0103000000,-0.0130000000,0.0018000000,0.0122000000,0.0022000000,0.0119000000,0.0068000000,0.0080000000,-0.0028000000,0.0035000000
2021-03-16,-0.0022000000,-0.0351000000,-0.0119000000,-0.0289000000,-0.0026000000,0.0047000000,0.0034000000,-0.0017000000,-0.0022000000,-0.0012000000,-0.0085000000,-0.0119000000
2021-03-17,0.0028000000,0.0305000000,0.0123000000,0.0077000000,0.0032000000,0.0010000000,-0.0014000000,-0.0139000000,0.0048000000,-0.0020000000,0.0040000000,0.0066000000
2021-03-18,-0.0043000000,-0.0500000000,-0.0107000000,-0.0504000000,-0.0037000000,-0.0296000000,-0.0107000000,-0.0064000000,-0.0180000000,-0.0161000000,0.0024000000,-0.0137000000
2021-03-19,0.0052000000,0.0042000000,-0.0085000000,0.0038000000,-0.0040000000,0.0057000000,-0.0038000000,0.0040000000,0.0124000000,0.0076000000,-0.0126000000,0.0006000000
2021-03-22,0.0073000000,0.0096000000,0.0001000000,-0.0127000000,0.0076000000,0.0157000000,0.0114000000,-0.0026000000,0.0067000000,0.0101000000,-0.0113000000,-0.0029000000
2021-03-23,-0.0087000000,-0.0220000000,-0.0243000000,-0.0173000000,-0.0058000000,-0.0069000000,-0.0121000000,0.0110000000,-0.0027000000,-0.0185000000,-0.0148000000,-0.0166000000
2021-03-24,-0.0083000000,-0.0347000000,0.0036000000,0.0236000000,0.0030000000,-0.0174000000,-0.0200000000,0.0032000000,-0.0106000000,-0.0117000000,0.0030000000,-0.0037000000
2021-03-25,0.0119000000,0.0168000000,0.0120000000,0.0031000000,0.0116000000,-0.0005000000,0.0030000000,0.0113000000,0.0073000000,0.0060000000,0.0145000000,0.0106000000
2021-03-26,0.0212000000,-0.0163000000,0.0229000000,0.0264000000,0.0185000000,0.0189000000,-0.0159000000,0.0064000000,0.0141000000,0.0133000000,0.0171000000,0.0228000000
2021-03-29,0.0030000000,-0.0131000000,-0.0048000000,-0.0138000000,0.0029000000,-0.0035000000,0.0000000000,0.0082000000,-0.0008000000,-0.0033000000,-0.0109000000,-0.0077000000
2021-03-30,-0.0074000000,0.0330000000,0.0069000000,-0.0064000000,-0.0046000000,-0.0071000000,0.0028000000,-0.0093000000,0.0004000000,-0.0033000000,0.0058000000,0.0058000000
2021-03-31,-0.0064000000,0.0296000000,0.0027000000,-0.0096000000,-0.0053000000,0.0164000000,-0.0091000000,0.0060000000,0.0030000000,0.0107000000,-0.0075000000,0.0010000000
2021-04-01,-0.0005000000,-0.0024000000,0.0096000000,0.0295000000,0.0046000000,0.0207000000,0.0102000000,0.0013000000,0.0109000000,0.0016000000,0.0115000000,0.0154000000
2021-04-05,0.0087000000,0.0353000000,0.0124000000,-0.0266000000,0.0105000000,0.0207000000,0.0046000000,0.0084000000,0.0173000000,0.0044000000,0.0068000000,0.0123000000
2021-04-06,0.0070000000,0.0053000000,-0.0022000000,-0.0017000000,0.0013000000,-0.0005000000,0.0064000000,0.0041000000,0.0016000000,-0.0052000000,-0.0030000000,0.0018000000
2021-04-07,-0.0033000000,-0.0225000000,-0.0061000000,0.0045000000,-0.0110000000,0.0044000000,-0.0052000000,0.0003000000,0.0038000000,-0.0063000000,0.0029000000,-0.0062000000
2021-04-08,0.0024000000,0.0113000000,0.0013000000,-0.0138000000,0.0017000000,0.0137000000,-0.0054000000,-0.0027000000,0.0038000000,0.0037000000,0.0019000000,0.0076000000
2021-04-09,0.0008000000,-0.0035000000,0.0051000000,-0.0052000000,0.0022000000,0.0082000000,-0.0025000000,-0.0015000000,0.0130000000,0.0051000000,0.0101000000,0.0080000000
2021-04-12,0.0068000000,0.0218000000,0.0008000000,-0.0105000000,0.0042000000,-0.0042000000,-0.0024000000,0.0008000000,0.0027000000,-0.0037000000,0.0026000000,0.0022000000
2021-04-13,-0.0039000000,0.0493000000,-0.0068000000,0.0014000000,-0.0074000000,0.0106000000,-0.0004000000,0.0106000000,0.0002000000,0.0068000000,-0.0091000000,0.0009000000
2021-04-14,-0.0004000000,-0.0255000000,0.0022000000,0.0320000000,0.0043000000,-0.0120000000,-0.0006000000,0.0048000000,-0.0064000000,0.0033000000,0.0077000000,-0.0017000000
2021-04-15,0.0071000000,0.0084000000,0.0040000000,-0.0093000000,0.0092000000,0.0177000000,0.0046000000,0.0108000000,0.0094000000,0.0128000000,0.0054000000,0.0090000000
2021-04-16,0.0079000000,0.0012000000,0.0045000000,-0.0091000000,0.0095000000,-0.0017000000,0.0098000000,0.0057000000,0.0076000000,0.0076000000,0.0048000000,0.0032000000
2021-04-19,-0.0065000000,-0.0247000000,-0.0070000000,-0.0013000000,-0.0049000000,-0.0086000000,-0.0045000000,-0.0039000000,-0.0063000000,-0.0050000000,-0.0027000000,-0.0072000000
2021-04-20,-0.0002000000,-0.0045000000,-0.0177000000,-0.0281000000,-0.0019000000,-0.0086000000,-0.0068000000,0.0102000000,-0.0078000000,0.0014000000,-0.0168000000,-0.0124000000
2021-04-21,0.0105000000,0.0304000000,0.0195000000,0.0143000000,0.0100000000,0.0073000000,0.0080000000,-0.0063000000,0.0075000000,0.0180000000,0.0143000000,0.0077000000
2021-04-22,-0.0046000000,-0.0233000000,-0.0091000000,-0.0128000000,-0.0116000000,-0.0089000000,0.0025000000,-0.0074000000,-0.0091000000,-0.0054000000,-0.0089000000,-0.0048000000
2021-04-23,0.0038000000,0.0156000000,0.0134000000,0.0100000000,0.0073000000,0.0161000000,0.0028000000,0.0003000000,0.0082000000,0.0054000000,0.0187000000,0.0123000000
2021-04-26,-0.0083000000,0.0100000000,0.0052000000,0.0067000000,-0.0042000000,0.0067000000,-0.0025000000,-0.0046000000,0.0016000000,0.0037000000,0.0032000000,0.0022000000
2021-04-27,0.0011000000,-0.0261000000,0.0030000000,0.0138000000,-0.0034000000,-0.0035000000,-0.0018000000,-0.0069000000,0.0038000000,-0.0043000000,0.0056000000,0.0059000000
2021-04-28,0.0000000000,-0.0108000000,-0.0033000000,0.0336000000,0.0024000000,-0.0045000000,-0.0041000000,0.0013000000,0.0021000000,-0.0025000000,0.0037000000,0.0004000000
2021-04-29,0.0094000000,-0.0218000000,0.0046000000,0.0113000000,0.0079000000,0.0029000000,0.0187000000,0.0087000000,0.0079000000,-0.0083000000,0.0131000000,0.0032000000
2021-04-30,-0.0045000000,0.0245000000,-0.0094000000,-0.0280000000,-0.0043000000,-0.0135000000,-0.0006000000,0.0056000000,-0.0034000000,-0.0034000000,-0.0107000000,-0.0085000000
2021-05-03,0.0115000000,-0.0186000000,0.0069000000,0.0300000000,0.0063000000,-0.0042000000,0.0002000000,0.0020000000,0.0017000000,0.0084000000,0.0047000000,0.0097000000
2021-05-04,-0.0080000000,-0.0157000000,0.0021000000,0.0016000000,0.0084000000,-0.0198000000,-0.0001000000,-0.0032000000,-0.0104000000,-0.0109000000,0.0059000000,-0.0028000000
2021-05-05,-0.0011000000,0.0018000000,0.0030000000,0.0322000000,0.0020000000,-0.0020000000,0.0002000000,-0.0131000000,-0.0052000000,-0.0012000000,0.0040000000,0.0002000000
2021-05-06,0.0108000000,-0.0035000000,0.0090000000,0.0029000000,0.0061000000,0.0053000000,0.0101000000,0.0080000000,0.0093000000,-0.0029000000,0.0107000000,0.0038000000
2021-05-07,0.0028000000,0.0148000000,0.0136000000,0.0204000000,0.0051000000,0.0092000000,0.0086000000,0.0042000000,0.0037000000,0.0068000000,0.0061000000,0.0112000000
2021-05-10,0.0013000000,-0.0445000000,-0.0098000000,-0.0035000000,0.0007000000,-0.0251000000,-0.0009000000,0.0096000000,-0.0100000000,-0.0093000000,-0.0055000000,-0.0066000000
2021-05-11,-0.0082000000,-0.0154000000,-0.0087000000,-0.0244000000,-0.0014000000,-0.0018000000,-0.0074000000,-0.0108000000,-0.0076000000,-0.0043000000,-0.0130000000,-0.0089000000
2021-05-12,-0.0161000000,-0.0383000000,-0.0323000000,0.0032000000,-0.0202000000,-0.0281000000,-0.0126000000,-0.0216000000,-0.0286000000,-0.0099000000,-0.0165000000,-0.0271000000
2021-05-13,0.0148000000,-0.0091000000,0.0209000000,-0.0144000000,0.0156000000,0.0096000000,0.0075000000,0.0178000000,0.0123000000,0.0064000000,0.0185000000,0.0154000000
2021-05-14,0.0064000000,0.0255000000,0.0158000000,0.0341000000,0.0094000000,0.0231000000,0.0058000000,0.0065000000,0.0148000000,0.0099000000,0.0144000000,0.0176000000
2021-05-17,-0.0011000000,-0.0114000000,0.0001000000,0.0229000000,0.0010000000,-0.0059000000,-0.0243000000,-0.0056000000,0.0034000000,-0.0011000000,0.0014000000,-0.0041000000
2021-05-18,-0.0049000000,-0.0031000000,-0.0150000000,-0.0240000000,-0.0091000000,-0.0065000000,-0.0164000000,-0.0008000000,-0.0060000000,0.0008000000,-0.0106000000,-0.0084000000
2021-05-19,-0.0072000000,-0.0173000000,-0.0075000000,-0.0244000000,-0.0055000000,0.0037000000,-0.0082000000,-0.0027000000,-0.0052000000,-0.0039000000,-0.0053000000,-0.0055000000
2021-05-20,0.0102000000,0.0263000000,0.0058000000,-0.0016000000,0.0033000000,0.0195000000,0.0133000000,0.0080000000,0.0045000000,0.0149000000,0.0022000000,0.0065000000
2021-05-21,-0.0009000000,0.0004000000,0.0035000000,0.0026000000,0.0021000000,-0.0051000000,0.0031000000,0.0049000000,-0.0045000000,-0.0027000000,0.0086000000,0.0003000000
2021-05-24,0.0053000000,0.0255000000,0.0088000000,0.0114000000,0.0052000000,0.0179000000,0.0065000000,-0.0008000000,0.0048000000,0.0012000000,0.0038000000,0.0095000000
2021-05-25,-0.0018000000,-0.0045000000,-0.0018000000,-0.0211000000,-0.0023000000,0.0006000000,-0.0039000000,-0.0130000000,0.0021000000,-0.0038000000,-0.0097000000,-0.0045000000
2021-05-26,0.0048000000,0.0230000000,0.0035000000,0.0123000000,0.0015000000,0.0032000000,0.0072000000,0.0008000000,0.0040000000,-0.0012000000,0.0033000000,0.0073000000
2021-05-27,-0.0004000000,0.0212000000,0.0129000000,0.0022000000,-0.0034000000,-0.0027000000,0.0087000000,-0.0051000000,-0.0023000000,-0.0018000000,0.0091000000,0.0080000000
2021-05-28,0.0017000000,-0.0078000000,-0.0004000000,0.0009000000,-0.0009000000,0.0017000000,-0.0017000000,0.0042000000,-0.0017000000,0.0040000000,0.0003000000,-0.0006000000
2021-06-01,0.0004000000,0.0031000000,0.0079000000,0.0416000000,0.0011000000,-0.0033000000,-0.0018000000,-0.0017000000,-0.0012000000,-0.0133000000,0.0049000000,0.0027000000
2021-06-02,0.0041000000,-0.0186000000,-0.0047000000,0.0158000000,-0.0014000000,0.0025000000,-0.0019000000,0.0057000000,0.0018000000,-0.0019000000,0.0008000000,-0.0037000000
2021-06-03,-0.0004000000,-0.0212000000,-0.0031000000,0.0018000000,0.0067000000,-0.0098000000,-0.0038000000,0.0059000000,-0.0076000000,0.0043000000,0.0005000000,-0.0076000000
2021-06-04,0.0036000000,0.0267000000,0.0070000000,0.0058000000,0.0020000000,0.0184000000,0.0074000000,0.0002000000,0.0033000000,0.0064000000,0.0015000000,0.0041000000
2021-06-07,0.0020000000,0.0048000000,-0.0049000000,-0.0035000000,-0.0036000000,0.0033000000,-0.0018000000,0.0034000000,-0.0016000000,0.0151000000,-0.0040000000,-0.0046000000
2021-06-08,-0.0062000000,-0.0003000000,0.0016000000,0.0098000000,-0.0042000000,0.0011000000,-0.0002000000,-0.0059000000,0.0110000000,-0.0032000000,0.0007000000,0.0032000000
2021-06-09,-0.0076000000,-0.0095000000,-0.0104000000,-0.0061000000,-0.0055000000,0.0000000000,-0.0002000000,0.0070000000,-0.0039000000,0.0129000000,-0.0099000000,-0.0079000000
2021-06-10,0.0015000000,0.0046000000,-0.0050000000,-0.0003000000,-0.0006000000,0.0090000000,0.0022000000,0.0064000000,0.0079000000,0.0179000000,-0.0084000000,-0.0037000000
2021-06-11,0.0066000000,0.0035000000,0.0026000000,-0.0023000000,0.0002000000,0.0053000000,0.0031000000,0.0037000000,0.0048000000,-0.0066000000,0.0048000000,0.0064000000
2021-06-14,-0.0031000000,0.0026000000,-0.0053000000,-0.0038000000,-0.0060000000,0.0103000000,0.0007000000,-0.0006000000,0.0006000000,0.0013000000,-0.0086000000,-0.0039000000
2021-06-15,-0.0041000000,-0.0179000000,0.0020000000,0.0226000000,-0.0001000000,-0.0071000000,-0.0028000000,0.0037000000,-0.0026000000,-0.0056000000,0.0039000000,-0.0011000000
2021-06-16,-0.0102000000,0.0024000000,-0.0099000000,-0.0043000000,-0.0123000000,-0.0043000000,-0.0063000000,-0.0130000000,-0.0021000000,-0.0033000000,-0.0012000000,-0.0072000000
2021-06-17,-0.0013000000,0.0026000000,-0.0162000000,-0.0365000000,-0.0060000000,0.0128000000,-0.0002000000,-0.0008000000,0.0055000000,0.0069000000,-0.0223000000,-0.0072000000
2021-06-18,-0.0167000000,0.0004000000,-0.0145000000,-0.0272000000,-0.0166000000,-0.0089000000,-0.0104000000,-0.0275000000,-0.0088000000,-0.0103000000,-0.0223000000,-0.0106000000
2021-06-21,0.0115000000,0.0065000000,0.0214000000,0.0438000000,0.0146000000,0.0095000000,0.0101000000,0.0167000000,0.0074000000,0.0120000000,0.0246000000,0.0148000000
2021-06-22,0.0037000000,0.0058000000,0.0038000000,0.0082000000,0.0007000000,0.0097000000,0.0022000000,-0.0068000000,0.0114000000,0.0007000000,0.0017000000,0.0045000000
2021-06-23,-0.0054000000,0.0357000000,0.0001000000,0.0050000000,-0.0048000000,0.0001000000,-0.0073000000,-0.0095000000,-0.0006000000,-0.0048000000,0.0015000000,-0.0016000000
2021-06-24,0.0058000000,0.0222000000,0.0106000000,0.0091000000,0.0024000000,0.0060000000,0.0105000000,0.0010000000,-0.0020000000,0.0092000000,0.0107000000,0.0077000000
2021-06-25,0.0066000000,-0.0045000000,0.0111000000,0.0056000000,0.0071000000,-0.0011000000,0.0053000000,0.0107000000,-0.0011000000,0.0043000000,0.0112000000,0.0032000000
2021-06-28,-0.0013000000,0.0111000000,-0.0024000000,-0.0353000000,-0.0007000000,0.0129000000,-0.0045000000,0.0022000000,0.0030000000,0.0010000000,-0.0108000000,-0.0054000000
2021-06-29,-0.0034000000,-0.0058000000,-0.0007000000,-0.0047000000,-0.0023000000,0.0038000000,-0.0056000000,-0.0151000000,0.0015000000,0.0007000000,-0.0030000000,0.0003000000
2021-06-30,0.0062000000,0.0020000000,0.0068000000,0.0130000000,0.0040000000,-0.0036000000,0.0056000000,0.0008000000,0.0025000000,0.0001000000,0.0021000000,0.0027000000
2021-07-01,-0.0006000000,-0.0035000000,0.0018000000,0.0179000000,0.0047000000,0.0016000000,0.0074000000,0.0113000000,0.0003000000,0.0100000000,0.0083000000,0.0064000000
2021-07-02,0.0003000000,-0.0016000000,0.0001000000,-0.0046000000,0.0015000000,0.0117000000,0.0050000000,0.0014000000,0.0101000000,0.0039000000,0.0007000000,0.0006000000
2021-07-06,-0.0077000000,-0.0240000000,-0.0108000000,-0.0329000000,-0.0081000000,0.0049000000,-0.0079000000,0.0013000000,0.0124000000,-0.0047000000,-0.0131000000,-0.0077000000
2021-07-07,0.0026000000,-0.0177000000,0.0040000000,-0.0168000000,0.0081000000,0.0018000000,0.0020000000,0.0046000000,0.0044000000,-0.0001000000,-0.0002000000,0.0011000000
2021-07-08,-0.0051000000,0.0031000000,-0.0087000000,-0.0031000000,-0.0086000000,-0.0098000000,-0.0045000000,-0.0031000000,-0.0018000000,-0.0016000000,-0.0173000000,-0.0157000000
2021-07-09,0.0076000000,0.0153000000,0.0161000000,0.0198000000,0.0115000000,0.0099000000,0.0080000000,0.0058000000,0.0085000000,0.0046000000,0.0250000000,0.0189000000
2021-07-12,-0.0016000000,0.0278000000,0.0033000000,-0.0011000000,0.0042000000,-0.0002000000,0.0082000000,0.0011000000,0.0009000000,-0.0008000000,0.0098000000,-0.0012000000
2021-07-13,-0.0027000000,-0.0203000000,-0.0112000000,-0.0072000000,-0.0070000000,0.0002000000,-0.0062000000,-0.0081000000,-0.0083000000,-0.0065000000,-0.0077000000,-0.0098000000
2021-07-14,0.0046000000,-0.0179000000,-0.0056000000,-0.0310000000,0.0025000000,0.0001000000,-0.0011000000,0.0043000000,0.0010000000,-0.0066000000,-0.0036000000,-0.0035000000
2021-07-15,0.0014000000,-0.0060000000,-0.0030000000,-0.0147000000,0.0033000000,-0.0088000000,0.0014000000,0.0099000000,-0.0066000000,-0.0051000000,0.0050000000,-0.0007000000
2021-07-16,-0.0050000000,-0.0138000000,-0.0138000000,-0.0293000000,-0.0039000000,-0.0060000000,-0.0071000000,0.0062000000,-0.0100000000,0.0049000000,-0.0128000000,-0.0114000000
2021-07-19,-0.0060000000,-0.0035000000,-0.0176000000,-0.0367000000,-0.0132000000,-0.0107000000,-0.0195000000,-0.0190000000,-0.0090000000,-0.0037000000,-0.0303000000,-0.0158000000
2021-07-20,0.0077000000,0.0263000000,0.0271000000,0.0145000000,0.0054000000,0.0163000000,0.0096000000,0.0075000000,0.0142000000,0.0149000000,0.0230000000,0.0208000000
2021-07-21,0.0030000000,-0.0003000000,0.0143000000,0.0376000000,0.0031000000,0.0093000000,0.0052000000,-0.0073000000,0.0065000000,0.0061000000,0.0160000000,0.0116000000
2021-07-22,-0.0040000000,-0.0123000000,-0.0053000000,-0.0114000000,-0.0010000000,0.0080000000,-0.0023000000,0.0000000000,0.0066000000,0.0015000000,-0.0081000000,-0.0041000000
2021-07-23,0.0102000000,0.0023000000,0.0061000000,-0.0047000000,0.0116000000,0.0153000000,0.0041000000,0.0111000000,0.0101000000,0.0100000000,0.0056000000,0.0047000000
2021-07-26,0.0034000000,0.0160000000,0.0026000000,0.0253000000,0.0057000000,0.0000000000,0.0064000000,0.0017000000,0.0039000000,-0.0098000000,0.0044000000,0.0017000000
2021-07-27,-0.0007000000,-0.0187000000,-0.0039000000,-0.0126000000,-0.0014000000,-0.0121000000,0.0009000000,0.0133000000,-0.0095000000,0.0015000000,-0.0016000000,-0.0067000000
2021-07-28,-0.0064000000,0.0053000000,0.0051000000,0.0113000000,-0.0042000000,0.0061000000,-0.0048000000,-0.0043000000,-0.0030000000,0.0131000000,-0.0026000000,0.0005000000
2021-07-29,0.0048000000,0.0339000000,0.0093000000,0.0089000000,0.0074000000,0.0023000000,-0.0007000000,0.0017000000,0.0016000000,-0.0016000000,0.0102000000,0.0010000000
2021-07-30,-0.0032000000,0.0030000000,-0.0005000000,-0.0155000000,0.0031000000,-0.0032000000,0.0000000000,-0.0094000000,-0.0290000000,-0.0015000000,-0.0068000000,-0.0062000000
2021-08-02,-0.0005000000,0.0174000000,-0.0047000000,-0.0081000000,-0.0059000000,-0.0006000000,0.0001000000,0.0059000000,-0.0020000000,0.0017000000,-0.0041000000,-0.0052000000
2021-08-03,0.0029000000,0.0020000000,0.0137000000,0.0195000000,0.0072000000,0.0054000000,-0.0026000000,0.0069000000,0.0101000000,0.0133000000,0.0062000000,0.0058000000
2021-08-04,-0.0147000000,-0.0113000000,-0.0119000000,-0.0316000000,-0.0135000000,0.0030000000,-0.0064000000,-0.0029000000,-0.0077000000,-0.0018000000,-0.0042000000,-0.0095000000
2021-08-05,0.0037000000,0.0066000000,0.0053000000,0.0156000000,0.0032000000,0.0066000000,0.0099000000,0.0089000000,0.0076000000,0.0067000000,0.0086000000,0.0124000000
2021-08-06,0.0033000000,-0.0135000000,0.0048000000,0.0090000000,0.0046000000,-0.0032000000,0.0010000000,0.0005000000,-0.0044000000,-0.0059000000,0.0170000000,0.0035000000
2021-08-09,0.0030000000,0.0110000000,-0.0010000000,-0.0156000000,-0.0005000000,0.0001000000,-0.0039000000,-0.0010000000,-0.0012000000,0.0061000000,0.0002000000,-0.0048000000
2021-08-10,0.0043000000,-0.0021000000,0.0093000000,0.0202000000,0.0074000000,-0.0055000000,0.0039000000,0.0028000000,0.0050000000,-0.0082000000,0.0061000000,0.0054000000
2021-08-11,0.0027000000,0.0011000000,0.0084000000,0.0071000000,0.0061000000,-0.0004000000,0.0070000000,0.0080000000,0.0032000000,-0.0135000000,0.0069000000,0.0091000000
2021-08-12,-0.0015000000,0.0114000000,-0.0067000000,-0.0006000000,-0.0010000000,0.0074000000,-0.0009000000,0.0007000000,-0.0018000000,0.0081000000,-0.0018000000,-0.0011000000
2021-08-13,0.0080000000,-0.0095000000,-0.0035000000,-0.0153000000,0.0019000000,0.0033000000,0.0030000000,0.0046000000,-0.0023000000,0.0028000000,-0.0042000000,-0.0024000000
2021-08-16,0.0023000000,-0.0289000000,0.0006000000,-0.0195000000,-0.0002000000,0.0004000000,-0.0044000000,0.0038000000,0.0040000000,0.0040000000,-0.0007000000,-0.0004000000
2021-08-17,-0.0057000000,-0.0277000000,-0.0154000000,-0.0072000000,-0.0071000000,-0.0091000000,-0.0019000000,-0.0002000000,-0.0160000000,0.0121000000,-0.0076000000,-0.0113000000
2021-08-18,-0.0135000000,0.0183000000,-0.0094000000,-0.0219000000,-0.0125000000,-0.0108000000,-0.0076000000,-0.0066000000,-0.0060000000,-0.0131000000,-0.0108000000,-0.0087000000
2021-08-19,0.0026000000,-0.0214000000,-0.0113000000,-0.0276000000,0.0001000000,0.0056000000,-0.0042000000,0.0007000000,-0.0001000000,-0.0018000000,-0.0060000000,-0.0040000000
2021-08-20,0.0002000000,0.0088000000,0.0041000000,0.0032000000,0.0047000000,0.0133000000,0.0084000000,0.0119000000,0.0092000000,0.0090000000,0.0073000000,0.0063000000
2021-08-23,0.0003000000,0.0260000000,0.0135000000,0.0394000000,0.0041000000,0.0133000000,0.0057000000,-0.0095000000,0.0068000000,0.0102000000,0.0085000000,0.0099000000
2021-08-24,-0.0018000000,0.0086000000,0.0076000000,0.0171000000,0.0006000000,0.0032000000,-0.0012000000,-0.0038000000,0.0044000000,-0.0033000000,0.0064000000,0.0105000000
2021-08-25,0.0013000000,0.0035000000,0.0050000000,0.0089000000,0.0013000000,0.0016000000,-0.0016000000,0.0026000000,0.0013000000,-0.0013000000,0.0075000000,0.0049000000
2021-08-26,-0.0080000000,-0.0139000000,-0.0067000000,-0.0143000000,-0.0036000000,-0.0054000000,-0.0099000000,-0.0048000000,-0.0058000000,-0.0043000000,-0.0075000000,-0.0077000000
2021-08-27,0.0061000000,0.0168000000,0.0129000000,0.0299000000,0.0085000000,0.0119000000,0.0104000000,0.0035000000,0.0055000000,0.0021000000,0.0149000000,0.0128000000
2021-08-30,0.0022000000,0.0142000000,-0.0014000000,-0.0110000000,0.0007000000,0.0104000000,0.0027000000,0.0006000000,0.0092000000,0.0050000000,-0.0126000000,0.0004000000
2021-08-31,0.0001000000,0.0027000000,-0.0057000000,-0.0050000000,-0.0031000000,-0.0048000000,0.0064000000,-0.0005000000,0.0056000000,0.0008000000,-0.0011000000,-0.0002000000
2021-09-01,0.0062000000,0.0008000000,-0.0033000000,-0.0130000000,0.0044000000,0.0023000000,0.0036000000,0.0113000000,0.0004000000,0.0016000000,-0.0033000000,0.0020000000
2021-09-02,0.0017000000,-0.0029000000,0.0076000000,0.0268000000,0.0035000000,0.0002000000,0.0034000000,0.0095000000,0.0006000000,0.0102000000,0.0022000000,0.0064000000
2021-09-03,-0.0025000000,-0.0015000000,-0.0039000000,-0.0039000000,-0.0056000000,0.0047000000,-0.0034000000,-0.0077000000,0.0007000000,-0.0008000000,-0.0039000000,-0.0049000000
2021-09-07,-0.0134000000,0.0144000000,-0.0153000000,-0.0041000000,-0.0074000000,-0.0006000000,-0.0066000000,-0.0128000000,-0.0023000000,-0.0058000000,-0.0041000000,-0.0017000000
2021-09-08,0.0051000000,-0.0020000000,-0.0040000000,-0.0113000000,-0.0012000000,-0.0064000000,0.0006000000,0.0160000000,0.0029000000,-0.0030000000,-0.0038000000,-0.0068000000
2021-09-09,-0.0014000000,0.0008000000,0.0006000000,0.0026000000,-0.0004000000,-0.0031000000,-0.0077000000,-0.0061000000,-0.0051000000,-0.0103000000,0.0017000000,-0.0018000000
2021-09-10,-0.0001000000,-0.0172000000,-0.0032000000,-0.0006000000,-0.0018000000,-0.0095000000,-0.0066000000,-0.0135000000,-0.0051000000,-0.0071000000,-0.0101000000,-0.0048000000
2021-09-13,0.0020000000,0.0102000000,0.0010000000,0.0306000000,0.0041000000,-0.0011000000,0.0076000000,0.0007000000,-0.0005000000,-0.0103000000,0.0115000000,0.0014000000
2021-09-14,-0.0064000000,-0.0023000000,-0.0100000000,-0.0171000000,-0.0086000000,-0.0014000000,-0.0257000000,-0.0047000000,-0.0050000000,-0.0034000000,-0.0139000000,-0.0106000000
2021-09-15,0.0067000000,0.0146000000,0.0105000000,0.0395000000,0.0030000000,0.0086000000,0.0093000000,0.0029000000,0.0060000000,0.0062000000,0.0104000000,0.0072000000
2021-09-16,-0.0016000000,-0.0006000000,-0.0068000000,-0.0102000000,-0.0063000000,0.0007000000,0.0011000000,-0.0096000000,0.0056000000,-0.0004000000,-0.0012000000,-0.0014000000
2021-09-17,-0.0072000000,0.0022000000,-0.0103000000,-0.0087000000,-0.0107000000,-0.0117000000,-0.0021000000,-0.0143000000,-0.0054000000,-0.0007000000,-0.0023000000,-0.0072000000
2021-09-20,-0.0111000000,-0.0345000000,-0.0171000000,-0.0299000000,-0.0144000000,-0.0199000000,-0.0145000000,-0.0045000000,-0.0201000000,-0.0138000000,-0.0229000000,-0.0136000000
2021-09-21,-0.0029000000,0.0081000000,-0.0067000000,0.0046000000,-0.0007000000,0.0022000000,-0.0139000000,-0.0020000000,-0.0006000000,0.0048000000,-0.0005000000,-0.0014000000
2021-09-22,0.0043000000,0.0178000000,0.0159000000,0.0325000000,0.0076000000,0.0103000000,0.0076000000,0.0022000000,0.0088000000,0.0010000000,0.0141000000,0.0090000000
2021-09-23,0.0055000000,0.0088000000,0.0172000000,0.0343000000,0.0108000000,0.0107000000,0.0074000000,-0.0004000000,0.0081000000,0.0105000000,0.0239000000,0.0154000000
2021-09-24,-0.0025000000,0.0172000000,-0.0065000000,0.0079000000,-0.0023000000,0.0016000000,-0.0022000000,-0.0011000000,0.0028000000,-0.0091000000,0.0056000000,0.0023000000
2021-09-27,-0.0002000000,0.0190000000,0.0071000000,0.0382000000,-0.0003000000,-0.0105000000,0.0036000000,-0.0058000000,0.0005000000,-0.0107000000,0.0128000000,0.0012000000
2021-09-28,-0.0140000000,-0.0157000000,-0.0167000000,0.0021000000,-0.0106000000,-0.0321000000,-0.0140000000,-0.0115000000,-0.0208000000,-0.0186000000,-0.0164000000,-0.0173000000
2021-09-29,0.0072000000,0.0015000000,-0.0014000000,0.0007000000,0.0036000000,-0.0029000000,0.0052000000,0.0116000000,0.0022000000,0.0042000000,0.0018000000,-0.0024000000
2021-09-30,-0.0212000000,-0.0094000000,-0.0181000000,-0.0119000000,-0.0148000000,-0.0044000000,-0.0094000000,-0.0092000000,-0.0177000000,-0.0061000000,-0.0161000000,-0.0094000000
2021-10-01,0.0071000000,0.0024000000,0.0123000000,0.0326000000,0.0130000000,0.0129000000,0.0163000000,0.0024000000,0.0016000000,-0.0005000000,0.0176000000,0.0176000000
2021-10-04,-0.0026000000,0.0045000000,-0.0069000000,0.0193000000,-0.0059000000,-0.0249000000,-0.0045000000,0.0148000000,-0.0156000000,-0.0173000000,-0.0107000000,-0.0116000000
2021-10-05,0.0045000000,0.0019000000,0.0095000000,0.0068000000,0.0088000000,0.0151000000,0.0044000000,-0.0011000000,0.0063000000,0.0043000000,0.0145000000,0.0119000000
2021-10-06,0.0070000000,0.0011000000,-0.0025000000,-0.0135000000,0.0041000000,0.0071000000,-0.0013000000,0.0120000000,0.0044000000,-0.0053000000,0.0026000000,0.0054000000
2021-10-07,0.0051000000,0.0187000000,0.0125000000,0.0086000000,0.0083000000,0.0106000000,0.0062000000,-0.0023000000,0.0138000000,0.0109000000,0.0098000000,0.0081000000
2021-10-08,-0.0036000000,-0.0039000000,-0.0052000000,0.0298000000,-0.0040000000,-0.0035000000,-0.0217000000,-0.0039000000,-0.0036000000,-0.0093000000,0.0047000000,-0.0012000000
2021-10-11,-0.0026000000,0.0037000000,-0.0055000000,-0.0049000000,0.0012000000,-0.0059000000,-0.0245000000,-0.0111000000,-0.0070000000,-0.0067000000,-0.0112000000,-0.0082000000
2021-10-12,0.0039000000,0.0152000000,-0.0001000000,-0.0016000000,0.0016000000,-0.0032000000,-0.0073000000,0.0071000000,0.0006000000,-0.0009000000,-0.0016000000,0.0006000000
2021-10-13,0.0054000000,0.0032000000,0.0025000000,-0.0006000000,0.0033000000,0.0093000000,0.0016000000,0.0110000000,0.0043000000,0.0029000000,-0.0050000000,0.0018000000
2021-10-14,0.0111000000,0.0092000000,0.0147000000,0.0113000000,0.0174000000,0.0203000000,0.0138000000,0.0130000000,0.0121000000,0.0117000000,0.0189000000,0.0178000000
2021-10-15,-0.0046000000,0.0202000000,0.0060000000,0.0039000000,0.0034000000,0.0041000000,0.0005000000,-0.0015000000,0.0136000000,-0.0012000000,0.0158000000,0.0062000000
2021-10-18,-0.0037000000,0.0209000000,0.0019000000,0.0028000000,-0.0057000000,0.0102000000,-0.0111000000,-0.0088000000,0.0104000000,-0.0083000000,0.0007000000,0.0019000000
2021-10-19,0.0016000000,-0.0045000000,0.0044000000,0.0090000000,-0.0041000000,0.0091000000,0.0102000000,0.0103000000,0.0024000000,0.0155000000,0.0085000000,0.0020000000
2021-10-20,0.0068000000,0.0049000000,0.0049000000,0.0079000000,0.0039000000,-0.0004000000,0.0133000000,0.0142000000,-0.0007000000,0.0077000000,0.0101000000,-0.0020000000
2021-10-21,-0.0018000000,0.0241000000,0.0008000000,-0.0163000000,0.0018000000,0.0068000000,-0.0081000000,-0.0040000000,0.0099000000,0.0044000000,-0.0016000000,0.0013000000
2021-10-22,0.0022000000,0.0074000000,0.0010000000,0.0112000000,0.0045000000,-0.0119000000,-0.0052000000,0.0054000000,-0.0078000000,-0.0002000000,0.0114000000,0.0023000000
2021-10-25,-0.0010000000,0.0858000000,0.0036000000,0.0167000000,0.0038000000,0.0030000000,0.0012000000,-0.0018000000,0.0033000000,0.0027000000,0.0016000000,0.0068000000
2021-10-26,0.0028000000,-0.0070000000,-0.0145000000,0.0067000000,0.0093000000,0.0011000000,-0.0019000000,0.0031000000,0.0011000000,0.0038000000,-0.0011000000,0.0028000000
2021-10-27,-0.0073000000,0.0068000000,-0.0097000000,-0.0306000000,-0.0145000000,0.0027000000,-0.0150000000,-0.0079000000,-0.0022000000,-0.0104000000,-0.0245000000,-0.0137000000
2021-10-28,0.0080000000,0.0353000000,0.0154000000,0.0063000000,0.0116000000,0.0102000000,0.0014000000,0.0065000000,0.0091000000,0.0137000000,0.0100000000,0.0116000000
2021-10-29,-0.0014000000,0.0244000000,-0.0005000000,-0.0046000000,-0.0019000000,0.0069000000,-0.0104000000,-0.0070000000,-0.0053000000,0.0054000000,-0.0008000000,-0.0017000000
2021-11-01,0.0045000000,0.0693000000,0.0104000000,0.0169000000,0.0016000000,-0.0016000000,0.0084000000,0.0058000000,-0.0005000000,0.0061000000,0.0050000000,0.0040000000
2021-11-02,0.0012000000,-0.0219000000,0.0023000000,-0.0102000000,0.0132000000,0.0066000000,0.0009000000,-0.0007000000,0.0015000000,0.0082000000,-0.0009000000,0.0005000000
2021-11-03,0.0125000000,0.0293000000,0.0042000000,-0.0089000000,0.0115000000,0.0054000000,0.0114000000,-0.0023000000,0.0161000000,0.0087000000,0.0081000000,0.0039000000
2021-11-04,-0.0013000000,0.0119000000,0.0077000000,-0.0004000000,-0.0009000000,0.0127000000,-0.0069000000,-0.0056000000,0.0133000000,-0.0064000000,-0.0101000000,-0.0037000000
2021-11-05,0.0035000000,-0.0052000000,0.0151000000,0.0166000000,0.0107000000,0.0002000000,0.0161000000,0.0103000000,0.0049000000,-0.0084000000,0.0062000000,0.0101000000
2021-11-08,-0.0099000000,-0.0317000000,0.0034000000,0.0096000000,0.0013000000,0.0064000000,-0.0019000000,-0.0120000000,-0.0067000000,0.0015000000,0.0059000000,0.0046000000
2021-11-09,0.0038000000,-0.0858000000,0.0013000000,0.0039000000,0.0032000000,0.0005000000,-0.0031000000,0.0042000000,0.0100000000,-0.0074000000,-0.0061000000,-0.0068000000
2021-11-10,0.0009000000,0.0270000000,-0.0119000000,-0.0286000000,-0.0008000000,-0.0199000000,0.0026000000,0.0055000000,-0.0133000000,-0.0019000000,-0.0022000000,-0.0115000000
2021-11-11,-0.0014000000,0.0017000000,0.0025000000,0.0037000000,0.0026000000,0.0058000000,-0.0175000000,-0.0033000000,-0.0001000000,-0.0028000000,0.0020000000,0.0000000000
2021-11-12,0.0002000000,-0.0166000000,0.0093000000,-0.0027000000,0.0068000000,0.0139000000,-0.0048000000,-0.0014000000,0.0087000000,0.0038000000,0.0033000000,0.0099000000
2021-11-15,0.0051000000,-0.0122000000,0.0015000000,0.0081000000,0.0001000000,-0.0012000000,-0.0016000000,0.0124000000,0.0032000000,-0.0053000000,-0.0019000000,-0.0012000000
2021-11-16,-0.0019000000,0.0282000000,0.0023000000,0.0019000000,-0.0015000000,0.0071000000,-0.0034000000,-0.0059000000,0.0065000000,0.0024000000,0.0002000000,0.0029000000
2021-11-17,-0.0044000000,0.0204000000,-0.0060000000,-0.0175000000,-0.0026000000,-0.0027000000,-0.0018000000,0.0012000000,-0.0039000000,-0.0001000000,-0.0126000000,-0.0077000000
2021-11-18,-0.0061000000,-0.0011000000,-0.0010000000,-0.0044000000,-0.0052000000,0.0070000000,-0.0126000000,-0.0059000000,0.0192000000,-0.0046000000,-0.0058000000,-0.0069000000
2021-11-19,-0.0075000000,0.0238000000,-0.0079000000,-0.0400000000,0.0005000000,0.0056000000,-0.0116000000,0.0034000000,-0.0059000000,-0.0036000000,-0.0134000000,-0.0056000000
2021-11-22,0.0035000000,0.0188000000,0.0018000000,0.0176000000,0.0023000000,-0.0158000000,-0.0005000000,0.0058000000,-0.0074000000,-0.0082000000,0.0045000000,-0.0027000000
2021-11-23,0.0025000000,-0.0320000000,0.0004000000,0.0325000000,0.0030000000,-0.0062000000,0.0013000000,0.0038000000,0.0021000000,-0.0024000000,0.0153000000,0.0027000000
2021-11-24,-0.0041000000,0.0036000000,0.0001000000,0.0104000000,-0.0048000000,0.0071000000,-0.0035000000,0.0016000000,0.0008000000,0.0010000000,0.0018000000,-0.0004000000
2021-11-26,-0.0175000000,-0.0289000000,-0.0283000000,-0.0443000000,-0.0174000000,-0.0213000000,-0.0114000000,-0.0171000000,-0.0195000000,-0.0064000000,-0.0354000000,-0.0235000000
2021-11-29,0.0033000000,0.0345000000,0.0048000000,0.0086000000,0.0094000000,0.0218000000,-0.0025000000,0.0120000000,0.0063000000,-0.0033000000,0.0036000000,0.0034000000
2021-11-30,-0.0258000000,-0.0020000000,-0.0223000000,-0.0246000000,-0.0295000000,-0.0151000000,-0.0310000000,-0.0306000000,-0.0197000000,-0.0141000000,-0.0244000000,-0.0245000000
2021-12-01,-0.0064000000,-0.0335000000,-0.0112000000,-0.0145000000,-0.0040000000,-0.0193000000,-0.0197000000,-0.0001000000,-0.0154000000,-0.0074000000,-0.0122000000,-0.0198000000
2021-12-02,0.0160000000,0.0007000000,0.0207000000,0.0288000000,0.0146000000,0.0092000000,0.0370000000,0.0143000000,0.0103000000,0.0065000000,0.0288000000,0.0283000000
2021-12-03,0.0076000000,-0.0505000000,-0.0020000000,-0.0087000000,0.0049000000,-0.0178000000,0.0086000000,0.0076000000,-0.0049000000,-0.0062000000,-0.0143000000,-0.0117000000
2021-12-06,0.0150000000,-0.0003000000,0.0135000000,0.0177000000,0.0165000000,0.0084000000,0.0088000000,0.0164000000,0.0136000000,0.0034000000,0.0182000000,0.0215000000
2021-12-07,0.0063000000,0.0356000000,0.0165000000,0.0245000000,0.0085000000,0.0335000000,-0.0127000000,0.0080000000,0.0184000000,0.0192000000,0.0179000000,0.0142000000
2021-12-08,-0.0012000000,0.0146000000,0.0042000000,0.0008000000,0.0059000000,0.0085000000,-0.0030000000,0.0003000000,-0.0033000000,0.0077000000,-0.0011000000,0.0060000000
2021-12-09,-0.0055000000,-0.0485000000,-0.0089000000,-0.0094000000,-0.0022000000,-0.0127000000,-0.0142000000,-0.0045000000,-0.0049000000,-0.0086000000,-0.0023000000,-0.0098000000
2021-12-10,0.0097000000,0.0174000000,0.0005000000,0.0078000000,0.0110000000,0.0138000000,0.0026000000,0.0051000000,0.0044000000,-0.0021000000,0.0022000000,0.0029000000
2021-12-13,0.0070000000,-0.0434000000,-0.0135000000,-0.0288000000,-0.0013000000,-0.0128000000,-0.0095000000,0.0076000000,-0.0126000000,0.0121000000,-0.0138000000,-0.0120000000
2021-12-14,-0.0017000000,-0.0084000000,-0.0071000000,-0.0049000000,-0.0003000000,-0.0163000000,0.0057000000,-0.0062000000,-0.0038000000,-0.0045000000,0.0030000000,-0.0040000000
2021-12-15,0.0091000000,0.0132000000,0.0066000000,-0.0029000000,0.0101000000,0.0256000000,-0.0005000000,0.0152000000,0.0152000000,0.0256000000,0.0080000000,0.0064000000
2021-12-16,0.0063000000,-0.0354000000,-0.0058000000,0.0058000000,0.0057000000,-0.0288000000,0.0195000000,0.0037000000,-0.0182000000,0.0021000000,0.0068000000,-0.0023000000
2021-12-17,-0.0088000000,-0.0015000000,-0.0100000000,-0.0206000000,-0.0194000000,-0.0031000000,0.0045000000,-0.0137000000,-0.0060000000,0.0029000000,-0.0179000000,-0.0064000000
2021-12-20,-0.0089000000,-0.0315000000,-0.0203000000,-0.0117000000,-0.0083000000,-0.0113000000,-0.0057000000,-0.0013000000,-0.0109000000,-0.0066000000,-0.0194000000,-0.0121000000
2021-12-21,0.0045000000,0.0347000000,0.0288000000,0.0328000000,0.0080000000,0.0247000000,0.0130000000,0.0014000000,0.0147000000,0.0060000000,0.0237000000,0.0262000000
2021-12-22,0.0051000000,0.0558000000,0.0044000000,0.0061000000,0.0101000000,0.0103000000,0.0022000000,0.0045000000,0.0050000000,0.0096000000,0.0090000000,0.0094000000
2021-12-23,0.0028000000,0.0445000000,0.0097000000,0.0001000000,0.0068000000,0.0061000000,0.0087000000,0.0000000000,0.0035000000,0.0051000000,0.0069000000,0.0083000000
2021-12-27,0.0084000000,0.0214000000,0.0139000000,0.0253000000,0.0135000000,0.0189000000,-0.0008000000,0.0061000000,0.0060000000,0.0029000000,0.0093000000,0.0070000000
2021-12-28,0.0049000000,-0.0034000000,0.0008000000,-0.0026000000,0.0052000000,-0.0078000000,0.0040000000,0.0080000000,0.0045000000,-0.0058000000,0.0000000000,-0.0005000000
2021-12-29,0.0033000000,-0.0022000000,0.0035000000,-0.0056000000,0.0059000000,-0.0002000000,-0.0036000000,0.0043000000,0.0020000000,0.0042000000,-0.0011000000,0.0017000000
2021-12-30,0.0000000000,-0.0090000000,-0.0046000000,-0.0092000000,-0.0057000000,-0.0031000000,0.0026000000,0.0028000000,-0.0009000000,0.0033000000,-0.0019000000,-0.0004000000
2021-12-31,0.0050000000,-0.0078000000,0.0027000000,0.0022000000,0.0055000000,-0.0067000000,-0.0071000000,0.0033000000,-0.0007000000,-0.0051000000,-0.0022000000,-0.0003000000
2022-01-03,0.0016000000,0.1017000000,-0.0007000000,0.0316000000,-0.0066000000,0.0043000000,0.0104000000,-0.0060000000,0.0038000000,-0.0039000000,0.0135000000,-0.0007000000
2022-01-04,0.0083000000,-0.0174000000,0.0168000000,0.0356000000,0.0068000000,-0.0141000000,0.0004000000,-0.0009000000,-0.0063000000,-0.0145000000,0.0166000000,0.0080000000
2022-01-05,-0.0045000000,-0.0469000000,-0.0124000000,-0.0048000000,-0.0048000000,-0.0360000000,0.0003000000,-0.0016000000,-0.0166000000,-0.0179000000,-0.0140000000,-0.0177000000
2022-01-06,0.0014000000,-0.0125000000,0.0027000000,0.0249000000,-0.0070000000,-0.0012000000,0.0038000000,-0.0065000000,-0.0013000000,-0.0058000000,0.0066000000,0.0015000000
2022-01-07,0.0004000000,-0.0278000000,-0.0069000000,0.0099000000,-0.0021000000,-0.0091000000,0.0024000000,0.0084000000,-0.0092000000,-0.0045000000,0.0048000000,-0.0024000000
2022-01-10,-0.0035000000,0.0167000000,-0.0104000000,-0.0029000000,-0.0142000000,0.0045000000,-0.0060000000,-0.0067000000,-0.0105000000,0.0079000000,-0.0025000000,-0.0111000000
2022-01-11,0.0043000000,0.0076000000,0.0074000000,0.0353000000,0.0035000000,0.0136000000,0.0086000000,-0.0058000000,0.0095000000,0.0048000000,0.0107000000,0.0120000000
2022-01-12,-0.0009000000,0.0263000000,0.0069000000,0.0031000000,0.0029000000,0.0028000000,0.0001000000,0.0040000000,-0.0023000000,-0.0100000000,0.0006000000,-0.0004000000
2022-01-13,0.0041000000,-0.0452000000,0.0006000000,-0.0067000000,-0.0060000000,-0.0287000000,0.0002000000,0.0030000000,-0.0099000000,-0.0162000000,-0.0041000000,-0.0068000000
2022-01-14,0.0032000000,0.0107000000,0.0039000000,0.0244000000,-0.0013000000,0.0071000000,-0.0047000000,-0.0029000000,-0.0098000000,-0.0015000000,-0.0070000000,-0.0046000000
2022-01-18,-0.0116000000,-0.0207000000,-0.0186000000,0.0015000000,-0.0168000000,-0.0249000000,-0.0124000000,-0.0118000000,-0.0184000000,-0.0206000000,-0.0216000000,-0.0212000000
2022-01-19,-0.0013000000,-0.0349000000,-0.0158000000,-0.0064000000,0.0059000000,-0.0101000000,-0.0050000000,0.0010000000,-0.0086000000,-0.0072000000,-0.0149000000,-0.0093000000
2022-01-20,-0.0099000000,-0.0077000000,-0.0184000000,-0.0130000000,-0.0101000000,-0.0128000000,-0.0111000000,-0.0016000000,-0.0235000000,-0.0074000000,-0.0046000000,-0.0077000000
2022-01-21,-0.0019000000,-0.0452000000,-0.0158000000,-0.0229000000,-0.0114000000,-0.0216000000,-0.0241000000,-0.0031000000,-0.0245000000,-0.0124000000,-0.0209000000,-0.0295000000
2022-01-24,-0.0006000000,-0.0089000000,0.0107000000,0.0079000000,-0.0009000000,0.0064000000,0.0074000000,-0.0084000000,0.0206000000,-0.0011000000,0.0016000000,0.0037000000
2022-01-25,-0.0088000000,-0.0126000000,-0.0097000000,0.0397000000,-0.0104000000,-0.0265000000,-0.0058000000,-0.0113000000,-0.0217000000,-0.0061000000,0.0000000000,-0.0146000000
2022-01-26,-0.0097000000,0.0130000000,-0.0082000000,-0.0044000000,-0.0097000000,0.0027000000,-0.0324000000,-0.0059000000,-0.0082000000,-0.0068000000,0.0022000000,-0.0072000000
2022-01-27,0.0036000000,-0.0865000000,-0.0102000000,0.0117000000,0.0018000000,-0.0083000000,0.0037000000,0.0063000000,0.0005000000,-0.0057000000,-0.0060000000,-0.0077000000
2022-01-28,0.0122000000,0.0150000000,0.0044000000,-0.0044000000,0.0072000000,0.0375000000,0.0345000000,0.0118000000,0.0235000000,0.0243000000,0.0219000000,0.0180000000
2022-01-31,0.0074000000,0.0844000000,0.0178000000,0.0043000000,0.0075000000,0.0305000000,0.0120000000,0.0173000000,0.0226000000,0.0142000000,0.0114000000,0.0242000000
2022-02-01,0.0008000000,0.0013000000,0.0091000000,0.0389000000,0.0086000000,0.0055000000,0.0004000000,-0.0101000000,0.0078000000,0.0058000000,0.0135000000,0.0185000000
2022-02-02,0.0082000000,-0.0217000000,0.0033000000,0.0046000000,0.0080000000,0.0145000000,-0.0002000000,0.0129000000,0.0011000000,0.0033000000,0.0054000000,-0.0114000000
2022-02-03,-0.0050000000,-0.0180000000,-0.0144000000,-0.0106000000,-0.0088000000,-0.0436000000,0.0074000000,-0.0062000000,-0.0335000000,-0.0107000000,-0.0090000000,-0.0230000000
2022-02-04,-0.0081000000,0.0174000000,-0.0073000000,0.0160000000,-0.0155000000,0.0105000000,-0.0016000000,-0.0054000000,0.0361000000,-0.0006000000,0.0108000000,0.0000000000
2022-02-07,0.0049000000,-0.0136000000,0.0014000000,0.0096000000,-0.0052000000,-0.0090000000,-0.0011000000,0.0004000000,-0.0017000000,0.0013000000,0.0029000000,0.0014000000
2022-02-08,0.0085000000,0.0126000000,0.0139000000,-0.0224000000,0.0070000000,0.0110000000,0.0051000000,-0.0002000000,0.0159000000,0.0038000000,0.0143000000,0.0142000000
2022-02-09,0.0034000000,0.0149000000,0.0171000000,0.0095000000,0.0109000000,0.0246000000,0.0208000000,0.0042000000,0.0064000000,0.0142000000,0.0074000000,0.0184000000
2022-02-10,-0.0090000000,-0.0255000000,-0.0151000000,-0.0055000000,-0.0125000000,-0.0231000000,-0.0054000000,-0.0246000000,-0.0147000000,-0.0151000000,-0.0116000000,-0.0157000000
2022-02-11,-0.0033000000,-0.0395000000,-0.0157000000,0.0302000000,-0.0126000000,-0.0301000000,-0.0106000000,0.0031000000,-0.0199000000,-0.0093000000,-0.0155000000,-0.0194000000
2022-02-14,-0.0029000000,0.0113000000,-0.0039000000,-0.0212000000,-0.0040000000,0.0001000000,0.0001000000,-0.0093000000,0.0004000000,-0.0125000000,-0.0078000000,-0.0033000000
2022-02-15,0.0035000000,0.0465000000,0.0211000000,-0.0125000000,0.0114000000,0.0244000000,0.0137000000,-0.0046000000,0.0113000000,0.0201000000,0.0165000000,0.0206000000
2022-02-16,0.0035000000,0.0009000000,0.0055000000,0.0049000000,0.0055000000,-0.0036000000,-0.0032000000,0.0028000000,0.0008000000,-0.0009000000,0.0021000000,0.0010000000
2022-02-17,0.0002000000,-0.0434000000,-0.0184000000,0.0009000000,-0.0093000000,-0.0326000000,-0.0166000000,0.0007000000,-0.0131000000,-0.0206000000,-0.0262000000,-0.0188000000
2022-02-18,0.0005000000,-0.0184000000,-0.0085000000,-0.0073000000,-0.0029000000,-0.0135000000,-0.0032000000,-0.0038000000,-0.0048000000,-0.0103000000,-0.0032000000,-0.0061000000
2022-02-22,-0.0043000000,-0.0363000000,-0.0153000000,-0.0155000000,-0.0130000000,-0.0103000000,-0.0065000000,-0.0023000000,-0.0231000000,-0.0028000000,-0.0070000000,-0.0135000000
2022-02-23,-0.0088000000,-0.0529000000,-0.0179000000,0.0107000000,-0.0140000000,-0.0241000000,-0.0199000000,-0.0136000000,-0.0243000000,-0.0083000000,-0.0173000000,-0.0189000000
2022-02-24,-0.0157000000,0.0367000000,0.0130000000,-0.0031000000,-0.0101000000,0.0400000000,0.0109000000,0.0086000000,0.0228000000,0.0119000000,-0.0075000000,0.0153000000
2022-02-25,0.0313000000,0.0152000000,0.0262000000,0.0259000000,0.0352000000,0.0145000000,0.0199000000,0.0311000000,0.0212000000,0.0278000000,0.0301000000,0.0254000000
2022-02-28,-0.0124000000,0.0475000000,0.0060000000,0.0304000000,-0.0124000000,0.0031000000,-0.0062000000,0.0064000000,-0.0013000000,-0.0058000000,-0.0126000000,-0.0025000000
2022-03-01,-0.0093000000,-0.0154000000,-0.0190000000,0.0130000000,-0.0234000000,-0.0149000000,-0.0080000000,-0.0082000000,-0.0074000000,-0.0055000000,-0.0367000000,-0.0163000000
2022-03-02,0.0152000000,0.0240000000,0.0225000000,0.0209000000,0.0143000000,0.0186000000,0.0071000000,0.0147000000,0.0153000000,0.0135000000,0.0236000000,0.0219000000
2022-03-03,-0.0002000000,-0.0378000000,-0.0032000000,0.0018000000,0.0003000000,-0.0147000000,-0.0004000000,0.0158000000,-0.0098000000,-0.0002000000,-0.0066000000,-0.0066000000
2022-03-04,-0.0059000000,-0.0129000000,-0.0116000000,0.0320000000,-0.0064000000,-0.0183000000,-0.0108000000,0.0203000000,-0.0089000000,0.0013000000,-0.0206000000,-0.0086000000
2022-03-07,-0.0272000000,-0.0435000000,-0.0309000000,0.0125000000,-0.0313000000,-0.0374000000,-0.0178000000,0.0083000000,-0.0366000000,-0.0133000000,-0.0415000000,-0.0367000000
2022-03-08,-0.0229000000,0.0207000000,-0.0039000000,0.0105000000,-0.0169000000,-0.0038000000,-0.0131000000,-0.0140000000,-0.0074000000,-0.0170000000,-0.0039000000,0.0008000000
2022-03-09,0.0092000000,0.0395000000,0.0248000000,-0.0282000000,0.0227000000,0.0416000000,0.0074000000,-0.0065000000,0.0202000000,0.0215000000,0.0374000000,0.0277000000
2022-03-10,-0.0107000000,-0.0203000000,-0.0049000000,0.0306000000,-0.0092000000,-0.0159000000,-0.0014000000,0.0072000000,0.0177000000,-0.0040000000,-0.0052000000,0.0011000000
2022-03-11,-0.0123000000,-0.0409000000,-0.0106000000,-0.0087000000,-0.0125000000,-0.0224000000,-0.0058000000,-0.0054000000,-0.0106000000,-0.0094000000,-0.0084000000,-0.0091000000
2022-03-14,0.0057000000,-0.0284000000,-0.0046000000,-0.0296000000,0.0009000000,-0.0227000000,-0.0060000000,-0.0040000000,-0.0074000000,-0.0006000000,0.0095000000,-0.0090000000
2022-03-15,0.0171000000,0.0381000000,0.0150000000,-0.0344000000,0.0204000000,0.0318000000,0.0158000000,0.0104000000,0.0285000000,0.0180000000,0.0143000000,0.0191000000
2022-03-16,0.0091000000,0.0447000000,0.0156000000,-0.0024000000,0.0099000000,0.0355000000,0.0120000000,-0.0001000000,0.0223000000,0.0180000000,0.0299000000,0.0300000000
2022-03-17,0.0087000000,0.0275000000,0.0162000000,0.0370000000,0.0120000000,0.0119000000,0.0053000000,0.0051000000,0.0161000000,0.0189000000,0.0093000000,0.0165000000
2022-03-18,0.0046000000,0.0314000000,0.0102000000,0.0012000000,0.0033000000,0.0237000000,-0.0023000000,-0.0070000000,0.0148000000,0.0080000000,0.0058000000,0.0068000000
2022-03-21,0.0009000000,0.0073000000,0.0029000000,0.0375000000,0.0041000000,-0.0028000000,-0.0065000000,0.0094000000,-0.0102000000,-0.0047000000,-0.0049000000,-0.0024000000
2022-03-22,0.0065000000,0.0612000000,0.0082000000,-0.0071000000,0.0095000000,0.0178000000,0.0070000000,-0.0009000000,0.0105000000,0.0038000000,0.0149000000,0.0083000000
2022-03-23,-0.0082000000,-0.0024000000,-0.0109000000,0.0184000000,-0.0080000000,-0.0139000000,-0.0103000000,0.0025000000,-0.0140000000,-0.0175000000,-0.0202000000,-0.0135000000
2022-03-24,0.0092000000,0.0138000000,0.0113000000,0.0017000000,0.0089000000,0.0241000000,0.0055000000,0.0103000000,0.0047000000,0.0115000000,0.0102000000,0.0122000000
2022-03-25,0.0100000000,-0.0047000000,0.0045000000,0.0253000000,0.0074000000,-0.0024000000,0.0051000000,0.0186000000,0.0002000000,0.0022000000,0.0083000000,0.0040000000
2022-03-28,-0.0007000000,0.0612000000,-0.0041000000,-0.0263000000,0.0022000000,0.0118000000,0.0025000000,0.0032000000,0.0143000000,0.0078000000,-0.0021000000,0.0047000000
2022-03-29,0.0125000000,0.0158000000,0.0112000000,-0.0053000000,0.0140000000,0.0191000000,0.0116000000,0.0087000000,0.0115000000,0.0106000000,0.0118000000,0.0145000000
2022-03-30,0.0002000000,-0.0098000000,-0.0071000000,0.0123000000,-0.0079000000,-0.0124000000,-0.0013000000,0.0077000000,-0.0133000000,-0.0030000000,-0.0096000000,-0.0058000000
2022-03-31,-0.0054000000,-0.0177000000,-0.0164000000,-0.0137000000,-0.0109000000,-0.0164000000,-0.0188000000,-0.0025000000,-0.0181000000,-0.0081000000,-0.0216000000,-0.0143000000
2022-04-01,0.0143000000,0.0028000000,0.0005000000,0.0117000000,0.0119000000,0.0006000000,0.0142000000,0.0148000000,0.0033000000,0.0131000000,0.0029000000,-0.0051000000
2022-04-04,-0.0004000000,0.0441000000,0.0006000000,0.0001000000,0.0002000000,0.0208000000,0.0088000000,-0.0082000000,0.0128000000,-0.0047000000,-0.0023000000,0.0011000000
2022-04-05,-0.0050000000,-0.0449000000,-0.0193000000,-0.0154000000,-0.0046000000,-0.0216000000,-0.0085000000,0.0034000000,-0.0121000000,-0.0027000000,-0.0076000000,-0.0184000000
2022-04-06,0.0073000000,-0.0372000000,-0.0096000000,0.0033000000,0.0007000000,-0.0258000000,-0.0013000000,0.0191000000,-0.0101000000,0.0125000000,-0.0083000000,-0.0180000000
2022-04-07,0.0049000000,0.0054000000,0.0061000000,0.0141000000,0.0077000000,0.0027000000,-0.0078000000,-0.0020000000,0.0071000000,0.0142000000,-0.0035000000,0.0000000000
2022-04-08,0.0037000000,-0.0225000000,-0.0058000000,0.0267000000,0.0035000000,-0.0152000000,0.0075000000,0.0047000000,-0.0016000000,0.0017000000,0.0073000000,-0.0016000000
2022-04-11,0.0020000000,-0.0345000000,-0.0057000000,-0.0315000000,-0.0042000000,-0.0240000000,0.0061000000,-0.0129000000,-0.0143000000,-0.0202000000,-0.0068000000,-0.0052000000
2022-04-12,0.0042000000,0.0080000000,-0.0010000000,0.0187000000,-0.0013000000,-0.0051000000,-0.0026000000,0.0045000000,-0.0020000000,-0.0064000000,-0.0090000000,-0.0023000000
2022-04-13,0.0070000000,0.0294000000,0.0134000000,0.0158000000,0.0084000000,0.0174000000,0.0133000000,-0.0005000000,0.0205000000,0.0066000000,0.0070000000,0.0121000000
2022-04-14,0.0006000000,-0.0295000000,0.0006000000,0.0041000000,-0.0061000000,-0.0252000000,-0.0074000000,0.0008000000,-0.0132000000,-0.0051000000,-0.0077000000,-0.0050000000
2022-04-18,-0.0066000000,0.0150000000,-0.0008000000,0.0155000000,-0.0063000000,0.0008000000,-0.0156000000,-0.0026000000,-0.0013000000,-0.0186000000,0.0026000000,-0.0043000000
2022-04-19,0.0164000000,0.0258000000,0.0193000000,-0.0108000000,0.0173000000,0.0196000000,0.0197000000,0.0045000000,0.0256000000,0.0118000000,0.0166000000,0.0187000000
2022-04-20,0.0090000000,-0.0376000000,0.0038000000,0.0059000000,0.0131000000,-0.0081000000,-0.0163000000,0.0099000000,-0.0016000000,0.0075000000,0.0093000000,-0.0137000000
2022-04-21,-0.0012000000,0.0196000000,-0.0151000000,-0.0333000000,-0.0078000000,-0.0229000000,-0.0041000000,-0.0143000000,-0.0191000000,-0.0139000000,-0.0162000000,-0.0192000000
2022-04-22,-0.0200000000,-0.0090000000,-0.0265000000,-0.0281000000,-0.0177000000,-0.0277000000,-0.0328000000,-0.0182000000,-0.0279000000,-0.0369000000,-0.0312000000,-0.0259000000
2022-04-25,0.0040000000,-0.0026000000,-0.0026000000,-0.0300000000,0.0021000000,0.0158000000,-0.0025000000,-0.0110000000,0.0087000000,0.0136000000,0.0032000000,0.0071000000
2022-04-26,-0.0150000000,-0.0995000000,-0.0292000000,-0.0007000000,-0.0149000000,-0.0363000000,-0.0260000000,-0.0082000000,-0.0276000000,-0.0200000000,-0.0278000000,-0.0282000000
2022-04-27,0.0073000000,0.0047000000,0.0024000000,0.0169000000,0.0078000000,0.0004000000,-0.0038000000,-0.0038000000,-0.0050000000,-0.0043000000,0.0053000000,0.0020000000
2022-04-28,0.0132000000,-0.0002000000,0.0143000000,0.0327000000,0.0181000000,0.0420000000,-0.0069000000,0.0121000000,0.0256000000,0.0068000000,0.0189000000,0.0210000000
2022-04-29,-0.0222000000,-0.0119000000,-0.0262000000,-0.0247000000,-0.0225000000,-0.0381000000,-0.0442000000,-0.0287000000,-0.0661000000,-0.0244000000,-0.0338000000,-0.0281000000
2022-05-02,-0.0098000000,0.0310000000,0.0056000000,0.0119000000,-0.0077000000,0.0181000000,0.0132000000,-0.0086000000,0.0057000000,-0.0007000000,0.0026000000,-0.0013000000
2022-05-03,0.0005000000,0.0105000000,0.0072000000,0.0316000000,0.0006000000,0.0016000000,0.0031000000,0.0072000000,-0.0007000000,0.0036000000,0.0098000000,-0.0007000000
2022-05-04,0.0235000000,0.0431000000,0.0328000000,0.0402000000,0.0266000000,0.0353000000,0.0315000000,0.0236000000,0.0250000000,0.0196000000,0.0294000000,0.0247000000
2022-05-05,-0.0189000000,-0.0705000000,-0.0356000000,-0.0147000000,-0.0235000000,-0.0501000000,-0.0161000000,-0.0138000000,-0.0481000000,-0.0244000000,-0.0297000000,-0.0333000000
2022-05-06,-0.0034000000,-0.0097000000,-0.0123000000,0.0265000000,0.0001000000,-0.0118000000,-0.0091000000,0.0088000000,-0.0107000000,-0.0106000000,-0.0081000000,-0.0118000000
2022-05-09,-0.0054000000,-0.0737000000,-0.0314000000,-0.0863000000,-0.0148000000,-0.0411000000,-0.0164000000,-0.0138000000,-0.0227000000,-0.0288000000,-0.0288000000,-0.0353000000
2022-05-10,-0.0093000000,0.0090000000,-0.0060000000,0.0081000000,-0.0098000000,0.0139000000,0.0015000000,-0.0108000000,-0.0063000000,0.0057000000,-0.0077000000,-0.0009000000
2022-05-11,0.0011000000,-0.0684000000,-0.0128000000,0.0141000000,-0.0045000000,-0.0329000000,-0.0113000000,0.0071000000,-0.0230000000,-0.0130000000,-0.0089000000,-0.0150000000
2022-05-12,0.0048000000,-0.0043000000,0.0043000000,0.0015000000,0.0022000000,-0.0048000000,0.0147000000,-0.0076000000,0.0113000000,0.0181000000,-0.0067000000,-0.0001000000
2022-05-13,0.0199000000,0.0540000000,0.0192000000,0.0344000000,0.0172000000,0.0370000000,0.0127000000,0.0128000000,0.0285000000,0.0141000000,0.0186000000,0.0227000000
2022-05-16,0.0033000000,-0.0480000000,-0.0019000000,0.0257000000,0.0009000000,-0.0122000000,0.0029000000,0.0057000000,-0.0080000000,0.0068000000,-0.0062000000,-0.0087000000
2022-05-17,0.0020000000,0.0460000000,0.0291000000,0.0131000000,0.0143000000,0.0255000000,0.0205000000,0.0119000000,0.0050000000,0.0179000000,0.0277000000,0.0239000000
2022-05-18,-0.0537000000,-0.0614000000,-0.0378000000,-0.0269000000,-0.0445000000,-0.0452000000,-0.0194000000,-0.0106000000,-0.0687000000,-0.0245000000,-0.0287000000,-0.0399000000
2022-05-19,-0.0173000000,0.0001000000,-0.0065000000,-0.0013000000,-0.0062000000,-0.0058000000,0.0009000000,-0.0022000000,-0.0024000000,-0.0003000000,-0.0044000000,0.0022000000
2022-05-20,0.0068000000,-0.0498000000,-0.0166000000,0.0047000000,-0.0034000000,0.0002000000,0.0033000000,0.0022000000,-0.0062000000,0.0127000000,0.0023000000,0.0020000000
2022-05-23,0.0158000000,0.0149000000,0.0197000000,0.0287000000,0.0155000000,0.0190000000,0.0166000000,0.0123000000,0.0092000000,0.0076000000,0.0294000000,0.0118000000
2022-05-24,0.0106000000,-0.0562000000,-0.0043000000,0.0028000000,0.0010000000,-0.0253000000,-0.0012000000,0.0166000000,-0.0090000000,-0.0025000000,-0.0047000000,-0.0153000000
2022-05-25,0.0082000000,0.0416000000,0.0116000000,0.0229000000,-0.0012000000,0.0115000000,0.0142000000,0.0023000000,0.0198000000,0.0027000000,0.0104000000,0.0126000000
2022-05-26,0.0075000000,0.0605000000,0.0240000000,0.0123000000,0.0178000000,0.0241000000,0.0107000000,0.0022000000,0.0370000000,0.0061000000,0.0224000000,0.0234000000
2022-05-27,0.0090000000,0.0597000000,0.0251000000,0.0193000000,0.0212000000,0.0362000000,0.0124000000,0.0150000000,0.0238000000,0.0160000000,0.0174000000,0.0238000000
2022-05-31,-0.0089000000,-0.0008000000,-0.0098000000,-0.0157000000,-0.0089000000,-0.0071000000,0.0002000000,-0.0119000000,0.0049000000,-0.0145000000,-0.0044000000,-0.0099000000
2022-06-01,-0.0090000000,-0.0194000000,-0.0065000000,0.0199000000,-0.0144000000,-0.0041000000,-0.0064000000,0.0010000000,-0.0076000000,-0.0152000000,-0.0135000000,-0.0120000000
2022-06-02,0.0087000000,0.0394000000,0.0239000000,-0.0023000000,0.0215000000,0.0297000000,0.0032000000,0.0062000000,0.0251000000,0.0079000000,0.0148000000,0.0252000000
2022-06-03,-0.0091000000,-0.0717000000,-0.0070000000,0.0141000000,-0.0102000000,-0.0262000000,-0.0122000000,-0.0050000000,-0.0147000000,-0.0053000000,-0.0144000000,-0.0108000000
2022-06-06,0.0048000000,0.0135000000,0.0057000000,0.0014000000,0.0035000000,0.0033000000,-0.0025000000,0.0034000000,0.0075000000,-0.0031000000,0.0044000000,0.0058000000
2022-06-07,0.0058000000,0.0044000000,0.0147000000,0.0332000000,0.0073000000,0.0121000000,0.0056000000,0.0084000000,-0.0041000000,0.0165000000,0.0080000000,0.0077000000
2022-06-08,-0.0118000000,0.0070000000,-0.0154000000,-0.0008000000,-0.0165000000,-0.0085000000,-0.0048000000,-0.0184000000,-0.0113000000,-0.0051000000,-0.0144000000,-0.0174000000
2022-06-09,-0.0161000000,-0.0126000000,-0.0236000000,-0.0210000000,-0.0185000000,-0.0282000000,-0.0176000000,-0.0238000000,-0.0173000000,-0.0267000000,-0.0258000000,-0.0241000000
2022-06-10,-0.0081000000,-0.0341000000,-0.0321000000,-0.0163000000,-0.0247000000,-0.0378000000,-0.0165000000,-0.0090000000,-0.0313000000,-0.0193000000,-0.0338000000,-0.0334000000
2022-06-13,-0.0256000000,-0.0666000000,-0.0405000000,-0.0529000000,-0.0335000000,-0.0459000000,-0.0390000000,-0.0468000000,-0.0355000000,-0.0316000000,-0.0342000000,-0.0420000000
2022-06-14,-0.0076000000,0.0196000000,-0.0029000000,0.0038000000,-0.0164000000,0.0045000000,-0.0079000000,-0.0260000000,-0.0058000000,-0.0096000000,-0.0046000000,-0.0047000000
2022-06-15,0.0043000000,0.0440000000,0.0127000000,-0.0182000000,-0.0064000000,0.0242000000,0.0070000000,0.0041000000,0.0213000000,0.0131000000,0.0118000000,0.0128000000
2022-06-16,-0.0147000000,-0.0804000000,-0.0452000000,-0.0551000000,-0.0244000000,-0.0402000000,-0.0316000000,-0.0239000000,-0.0287000000,-0.0167000000,-0.0279000000,-0.0408000000
2022-06-17,0.0028000000,0.0156000000,0.0013000000,-0.0569000000,0.0005000000,0.0113000000,0.0192000000,-0.0124000000,0.0047000000,0.0106000000,0.0037000000,0.0051000000
2022-06-21,0.0207000000,0.0726000000,0.0187000000,0.0494000000,0.0225000000,0.0243000000,0.0128000000,0.0200000000,0.0197000000,0.0221000000,0.0262000000,0.0091000000
2022-06-22,-0.0055000000,-0.0025000000,-0.0109000000,-0.0453000000,0.0053000000,-0.0023000000,0.0086000000,0.0057000000,-0.0010000000,0.0167000000,-0.0004000000,-0.0037000000
2022-06-23,0.0128000000,-0.0010000000,-0.0069000000,-0.0389000000,0.0102000000,0.0189000000,0.0152000000,0.0184000000,0.0220000000,0.0259000000,0.0004000000,0.0021000000
2022-06-24,0.0227000000,0.0430000000,0.0394000000,0.0177000000,0.0304000000,0.0370000000,0.0123000000,0.0176000000,0.0292000000,0.0217000000,0.0322000000,0.0389000000
2022-06-27,0.0006000000,-0.0031000000,-0.0001000000,0.0317000000,-0.0078000000,-0.0078000000,-0.0019000000,0.0107000000,-0.0085000000,0.0007000000,-0.0013000000,-0.0033000000
2022-06-28,-0.0121000000,-0.0406000000,-0.0166000000,0.0258000000,-0.0132000000,-0.0310000000,-0.0141000000,-0.0004000000,-0.0337000000,-0.0224000000,-0.0090000000,-0.0179000000
2022-06-29,0.0041000000,-0.0175000000,-0.0101000000,-0.0361000000,-0.0003000000,0.0016000000,0.0069000000,-0.0017000000,0.0046000000,0.0078000000,-0.0037000000,-0.0066000000
2022-06-30,-0.0057000000,-0.0195000000,0.0007000000,-0.0234000000,0.0013000000,-0.0141000000,-0.0025000000,0.0071000000,-0.0110000000,-0.0056000000,-0.0101000000,-0.0051000000
2022-07-01,0.0122000000,0.0126000000,0.0023000000,0.0135000000,0.0123000000,0.0048000000,0.0212000000,0.0241000000,0.0198000000,0.0145000000,0.0134000000,0.0156000000
2022-07-05,-0.0048000000,0.0215000000,-0.0117000000,-0.0417000000,-0.0061000000,0.0201000000,0.0005000000,-0.0347000000,0.0184000000,0.0040000000,-0.0030000000,-0.0006000000
2022-07-06,-0.0024000000,-0.0062000000,0.0030000000,-0.0181000000,0.0033000000,0.0076000000,-0.0055000000,0.0070000000,0.0017000000,0.0024000000,-0.0014000000,-0.0029000000
2022-07-07,0.0045000000,0.0505000000,0.0218000000,0.0377000000,0.0029000000,0.0229000000,0.0026000000,0.0041000000,0.0149000000,0.0104000000,0.0132000000,0.0176000000
2022-07-08,-0.0003000000,0.0167000000,-0.0052000000,-0.0012000000,-0.0105000000,0.0007000000,-0.0060000000,-0.0029000000,-0.0028000000,0.0019000000,-0.0010000000,-0.0035000000
2022-07-11,-0.0061000000,-0.0553000000,-0.0120000000,-0.0092000000,-0.0014000000,-0.0193000000,-0.0141000000,0.0047000000,-0.0149000000,-0.0083000000,-0.0068000000,-0.0131000000
2022-07-12,0.0008000000,0.0009000000,0.0004000000,-0.0206000000,-0.0013000000,-0.0167000000,0.0070000000,-0.0059000000,-0.0094000000,-0.0088000000,-0.0041000000,-0.0038000000
2022-07-13,-0.0023000000,0.0113000000,-0.0056000000,0.0007000000,0.0001000000,-0.0056000000,-0.0018000000,-0.0028000000,0.0044000000,-0.0037000000,-0.0118000000,-0.0035000000
2022-07-14,-0.0064000000,0.0009000000,-0.0083000000,-0.0188000000,-0.0101000000,0.0017000000,-0.0051000000,0.0005000000,0.0046000000,-0.0039000000,-0.0141000000,-0.0100000000
2022-07-15,0.0032000000,0.0128000000,0.0143000000,0.0193000000,0.0080000000,0.0185000000,0.0210000000,0.0051000000,0.0185000000,0.0182000000,0.0376000000,0.0209000000
2022-07-18,-0.0079000000,0.0018000000,-0.0053000000,0.0211000000,-0.0063000000,-0.0110000000,-0.0075000000,-0.0096000000,-0.0001000000,-0.0223000000,-0.0056000000,0.0005000000
2022-07-19,0.0170000000,0.0259000000,0.0399000000,0.0332000000,0.0224000000,0.0321000000,0.0203000000,0.0100000000,0.0261000000,0.0169000000,0.0308000000,0.0331000000
2022-07-20,-0.0056000000,0.0106000000,0.0138000000,0.0131000000,-0.0023000000,0.0176000000,0.0032000000,-0.0102000000,0.0175000000,-0.0039000000,-0.0008000000,0.0116000000
2022-07-21,0.0042000000,0.0725000000,0.0107000000,-0.0190000000,0.0079000000,0.0146000000,-0.0139000000,0.0027000000,0.0071000000,0.0095000000,0.0064000000,0.0066000000
2022-07-22,0.0038000000,-0.0040000000,-0.0106000000,-0.0125000000,0.0039000000,-0.0237000000,-0.0182000000,0.0107000000,-0.0074000000,-0.0067000000,-0.0068000000,-0.0069000000
2022-07-25,0.0058000000,-0.0108000000,0.0045000000,0.0409000000,0.0075000000,-0.0065000000,0.0025000000,0.0150000000,-0.0064000000,0.0028000000,0.0084000000,0.0011000000
2022-07-26,0.0031000000,-0.0298000000,-0.0074000000,-0.0073000000,-0.0061000000,-0.0186000000,-0.0069000000,0.0063000000,-0.0343000000,0.0050000000,-0.0115000000,-0.0118000000
2022-07-27,0.0047000000,0.0525000000,0.0207000000,0.0253000000,0.0091000000,0.0470000000,0.0199000000,0.0022000000,0.0300000000,0.0080000000,0.0123000000,0.0246000000
2022-07-28,0.0148000000,0.0253000000,0.0207000000,0.0043000000,0.0165000000,0.0129000000,-0.0142000000,0.0269000000,0.0153000000,-0.0002000000,0.0081000000,0.0192000000
2022-07-29,0.0027000000,0.0439000000,0.0205000000,0.0447000000,-0.0175000000,0.0152000000,-0.0034000000,0.0090000000,0.0375000000,-0.0075000000,0.0100000000,0.0137000000
2022-08-01,0.0076000000,0.0036000000,0.0007000000,-0.0230000000,0.0099000000,-0.0026000000,0.0015000000,-0.0001000000,0.0075000000,-0.0075000000,-0.0060000000,-0.0012000000
2022-08-02,-0.0084000000,0.0057000000,-0.0121000000,-0.0015000000,-0.0070000000,-0.0025000000,-0.0062000000,-0.0031000000,-0.0096000000,0.0007000000,-0.0096000000,-0.0062000000
2022-08-03,0.0063000000,0.0230000000,0.0114000000,-0.0291000000,0.0073000000,0.0273000000,0.0185000000,0.0050000000,0.0198000000,0.0155000000,0.0150000000,0.0120000000
2022-08-04,-0.0061000000,-0.0004000000,0.0017000000,-0.0369000000,0.0004000000,0.0029000000,-0.0001000000,-0.0026000000,0.0029000000,-0.0020000000,-0.0016000000,0.0043000000
2022-08-05,-0.0012000000,-0.0485000000,-0.0006000000,0.0226000000,0.0006000000,-0.0015000000,-0.0087000000,-0.0045000000,-0.0015000000,0.0033000000,0.0081000000,0.0004000000
2022-08-08,-0.0026000000,0.0125000000,0.0004000000,0.0042000000,0.0061000000,-0.0053000000,0.0018000000,0.0023000000,0.0025000000,0.0064000000,-0.0017000000,0.0047000000
2022-08-09,-0.0001000000,-0.0250000000,-0.0121000000,0.0177000000,-0.0089000000,-0.0106000000,-0.0057000000,0.0123000000,-0.0111000000,-0.0081000000,0.0017000000,-0.0080000000
2022-08-10,0.0103000000,0.0366000000,0.0271000000,0.0089000000,0.0218000000,0.0316000000,0.0133000000,0.0053000000,0.0220000000,0.0158000000,0.0207000000,0.0258000000
2022-08-11,0.0006000000,-0.0152000000,0.0056000000,0.0346000000,0.0003000000,-0.0066000000,0.0123000000,0.0034000000,-0.0030000000,-0.0107000000,0.0068000000,0.0034000000
2022-08-12,0.0080000000,0.0381000000,0.0205000000,0.0098000000,0.0171000000,0.0209000000,0.0177000000,0.0147000000,0.0169000000,0.0131000000,0.0160000000,0.0151000000
2022-08-15,0.0091000000,0.0217000000,0.0007000000,-0.0193000000,0.0076000000,0.0050000000,0.0085000000,0.0061000000,0.0025000000,0.0054000000,0.0032000000,0.0012000000
2022-08-16,0.0084000000,-0.0045000000,0.0033000000,-0.0025000000,0.0062000000,-0.0038000000,0.0038000000,0.0041000000,0.0194000000,-0.0057000000,0.0044000000,0.0055000000
2022-08-17,-0.0046000000,-0.0127000000,-0.0130000000,0.0099000000,-0.0083000000,-0.0103000000,-0.0175000000,-0.0015000000,-0.0100000000,-0.0095000000,-0.0069000000,-0.0138000000
2022-08-18,0.0023000000,-0.0011000000,0.0054000000,0.0293000000,0.0042000000,0.0038000000,-0.0073000000,0.0050000000,0.0005000000,-0.0052000000,0.0020000000,0.0024000000
2022-08-19,-0.0047000000,-0.0192000000,-0.0175000000,-0.0019000000,-0.0124000000,-0.0207000000,-0.0040000000,-0.0022000000,-0.0188000000,0.0000000000,-0.0149000000,-0.0198000000
2022-08-22,-0.0124000000,-0.0264000000,-0.0245000000,-0.0001000000,-0.0118000000,-0.0271000000,-0.0236000000,-0.0133000000,-0.0253000000,-0.0132000000,-0.0191000000,-0.0227000000
2022-08-23,0.0011000000,0.0165000000,0.0052000000,0.0333000000,-0.0027000000,-0.0025000000,-0.0083000000,-0.0043000000,-0.0025000000,-0.0100000000,-0.0065000000,0.0017000000
2022-08-24,0.0045000000,0.0039000000,0.0048000000,0.0124000000,0.0023000000,0.0028000000,0.0054000000,0.0053000000,0.0019000000,0.0038000000,0.0026000000,0.0080000000
2022-08-25,0.0060000000,0.0033000000,0.0203000000,0.0074000000,0.0152000000,0.0196000000,0.0103000000,0.0061000000,0.0147000000,0.0086000000,0.0142000000,0.0159000000
2022-08-26,-0.0231000000,-0.0290000000,-0.0379000000,-0.0106000000,-0.0284000000,-0.0423000000,-0.0219000000,-0.0150000000,-0.0380000000,-0.0295000000,-0.0301000000,-0.0345000000
2022-08-29,-0.0032000000,-0.0084000000,-0.0070000000,0.0146000000,-0.0065000000,-0.0125000000,-0.0038000000,0.0025000000,-0.0027000000,-0.0106000000,-0.0064000000,-0.0061000000
2022-08-30,-0.0101000000,-0.0207000000,-0.0146000000,-0.0363000000,-0.0131000000,-0.0095000000,-0.0086000000,-0.0170000000,-0.0090000000,-0.0069000000,-0.0047000000,-0.0132000000
2022-08-31,-0.0055000000,-0.0084000000,-0.0101000000,-0.0060000000,-0.0147000000,-0.0076000000,-0.0053000000,-0.0071000000,-0.0082000000,-0.0042000000,-0.0073000000,-0.0072000000
2022-09-01,0.0017000000,0.0030000000,-0.0067000000,-0.0247000000,-0.0027000000,-0.0053000000,0.0049000000,0.0100000000,0.0091000000,0.0185000000,0.0030000000,-0.0004000000
2022-09-02,-0.0102000000,-0.0201000000,-0.0078000000,0.0211000000,-0.0099000000,-0.0133000000,-0.0170000000,-0.0074000000,-0.0066000000,-0.0150000000,-0.0078000000,-0.0090000000
2022-09-06,-0.0060000000,0.0100000000,-0.0020000000,-0.0110000000,-0.0083000000,-0.0071000000,-0.0139000000,-0.0023000000,-0.0063000000,-0.0029000000,-0.0038000000,-0.0009000000
2022-09-07,0.0184000000,0.0315000000,0.0203000000,-0.0133000000,0.0219000000,0.0183000000,0.0124000000,0.0277000000,0.0282000000,0.0229000000,0.0181000000,0.0195000000
2022-09-08,-0.0003000000,0.0174000000,0.0057000000,0.0057000000,0.0041000000,0.0050000000,-0.0052000000,-0.0008000000,0.0040000000,0.0201000000,0.0153000000,0.0084000000
2022-09-09,0.0085000000,0.0312000000,0.0177000000,0.0246000000,0.0147000000,0.0223000000,0.0214000000,0.0057000000,0.0140000000,0.0106000000,0.0104000000,0.0165000000
2022-09-12,0.0046000000,0.0154000000,0.0066000000,0.0167000000,0.0077000000,0.0143000000,0.0085000000,0.0120000000,0.0107000000,0.0043000000,0.0089000000,0.0099000000
2022-09-13,-0.0345000000,-0.0399000000,-0.0426000000,-0.0228000000,-0.0342000000,-0.0537000000,-0.0423000000,-0.0275000000,-0.0511000000,-0.0328000000,-0.0366000000,-0.0386000000
2022-09-14,0.0013000000,0.0263000000,-0.0025000000,0.0304000000,-0.0021000000,0.0042000000,0.0064000000,0.0112000000,0.0031000000,0.0069000000,-0.0027000000,-0.0003000000
2022-09-15,-0.0093000000,0.0028000000,-0.0103000000,-0.0274000000,-0.0127000000,-0.0201000000,-0.0071000000,-0.0233000000,-0.0102000000,0.0015000000,0.0056000000,-0.0059000000
2022-09-16,0.0000000000,-0.0046000000,-0.0162000000,-0.0224000000,-0.0082000000,-0.0091000000,-0.0048000000,-0.0064000000,-0.0070000000,-0.0041000000,-0.0097000000,-0.0201000000
2022-09-19,0.0099000000,0.0179000000,0.0144000000,0.0006000000,0.0097000000,0.0076000000,0.0031000000,0.0124000000,0.0093000000,-0.0092000000,0.0092000000,0.0124000000
2022-09-20,-0.0061000000,-0.0140000000,-0.0170000000,-0.0067000000,-0.0129000000,-0.0083000000,-0.0139000000,-0.0138000000,-0.0159000000,-0.0117000000,-0.0121000000,-0.0138000000
2022-09-21,-0.0037000000,-0.0232000000,-0.0149000000,-0.0148000000,-0.0147000000,-0.0150000000,-0.0270000000,-0.0143000000,-0.0165000000,-0.0183000000,-0.0199000000,-0.0199000000
2022-09-22,-0.0040000000,-0.0362000000,-0.0180000000,-0.0064000000,-0.0071000000,-0.0099000000,-0.0122000000,-0.0047000000,-0.0141000000,0.0047000000,-0.0145000000,-0.0215000000
2022-09-23,-0.0178000000,-0.0408000000,-0.0212000000,-0.0678000000,-0.0120000000,-0.0140000000,-0.0201000000,-0.0190000000,-0.0185000000,-0.0065000000,-0.0173000000,-0.0164000000
2022-09-26,-0.0065000000,-0.0010000000,-0.0127000000,-0.0256000000,-0.0085000000,-0.0073000000,-0.0186000000,-0.0238000000,0.0003000000,-0.0104000000,-0.0152000000,-0.0126000000
2022-09-27,-0.0138000000,0.0180000000,-0.0008000000,0.0139000000,-0.0132000000,0.0022000000,-0.0069000000,-0.0150000000,-0.0021000000,0.0017000000,-0.0054000000,0.0034000000
2022-09-28,0.0146000000,0.0191000000,0.0247000000,0.0489000000,0.0137000000,0.0152000000,0.0245000000,0.0142000000,0.0287000000,0.0275000000,0.0179000000,0.0282000000
2022-09-29,-0.0151000000,-0.0618000000,-0.0218000000,-0.0021000000,-0.0252000000,-0.0273000000,-0.0195000000,-0.0372000000,-0.0221000000,-0.0113000000,-0.0123000000,-0.0175000000
2022-09-30,-0.0175000000,-0.0115000000,-0.0188000000,-0.0072000000,-0.0114000000,-0.0173000000,-0.0189000000,-0.0178000000,-0.0130000000,-0.0136000000,-0.0094000000,-0.0110000000
2022-10-03,0.0204000000,-0.0575000000,0.0347000000,0.0575000000,0.0257000000,0.0309000000,0.0360000000,0.0301000000,0.0236000000,0.0167000000,0.0274000000,0.0253000000
2022-10-04,0.0192000000,0.0395000000,0.0372000000,0.0432000000,0.0256000000,0.0348000000,0.0259000000,0.0236000000,0.0311000000,0.0248000000,0.0366000000,0.0376000000
2022-10-05,-0.0042000000,-0.0266000000,-0.0028000000,0.0194000000,-0.0104000000,0.0022000000,-0.0092000000,-0.0196000000,-0.0013000000,-0.0004000000,-0.0043000000,-0.0060000000
2022-10-06,-0.0150000000,-0.0092000000,-0.0085000000,0.0182000000,-0.0125000000,-0.0060000000,-0.0151000000,-0.0306000000,-0.0062000000,-0.0114000000,-0.0121000000,-0.0090000000
2022-10-07,-0.0113000000,-0.0534000000,-0.0221000000,-0.0077000000,-0.0246000000,-0.0401000000,-0.0240000000,-0.0199000000,-0.0298000000,-0.0220000000,-0.0224000000,-0.0277000000
2022-10-10,0.0040000000,-0.0081000000,0.0008000000,-0.0209000000,-0.0011000000,-0.0153000000,-0.0045000000,-0.0006000000,-0.0015000000,-0.0050000000,-0.0050000000,-0.0067000000
2022-10-11,0.0068000000,-0.0191000000,-0.0011000000,-0.0088000000,-0.0029000000,-0.0147000000,-0.0147000000,0.0012000000,0.0012000000,0.0097000000,-0.0102000000,-0.0097000000
2022-10-12,0.0097000000,0.0023000000,-0.0095000000,0.0092000000,-0.0055000000,-0.0028000000,-0.0087000000,-0.0299000000,-0.0028000000,-0.0032000000,-0.0016000000,0.0001000000
2022-10-13,0.0186000000,0.0187000000,0.0226000000,0.0396000000,0.0218000000,0.0246000000,0.0312000000,0.0269000000,0.0096000000,0.0221000000,0.0357000000,0.0199000000
2022-10-14,-0.0219000000,-0.0604000000,-0.0269000000,-0.0379000000,-0.0198000000,-0.0288000000,-0.0109000000,-0.0170000000,-0.0325000000,-0.0122000000,-0.0151000000,-0.0183000000
2022-10-17,0.0119000000,0.0565000000,0.0226000000,0.0138000000,0.0225000000,0.0350000000,0.0218000000,0.0213000000,0.0328000000,0.0193000000,0.0230000000,0.0276000000
2022-10-18,0.0109000000,0.0087000000,0.0224000000,0.0069000000,0.0161000000,0.0101000000,0.0091000000,0.0171000000,0.0173000000,0.0041000000,0.0129000000,0.0156000000
2022-10-19,-0.0075000000,0.0013000000,-0.0064000000,0.0279000000,-0.0105000000,-0.0074000000,-0.0076000000,-0.0100000000,-0.0136000000,-0.0190000000,-0.0134000000,-0.0092000000
2022-10-20,-0.0146000000,-0.0520000000,-0.0092000000,0.0014000000,-0.0156000000,-0.0008000000,0.0114000000,-0.0246000000,-0.0070000000,-0.0059000000,-0.0119000000,-0.0147000000
2022-10-21,0.0138000000,0.0334000000,0.0324000000,0.0234000000,0.0224000000,0.0218000000,0.0056000000,0.0170000000,0.0266000000,0.0214000000,0.0246000000,0.0261000000
2022-10-24,0.0164000000,-0.0053000000,0.0103000000,0.0029000000,0.0029000000,0.0116000000,0.0123000000,0.0053000000,0.0117000000,0.0160000000,0.0118000000,0.0065000000
2022-10-25,0.0177000000,0.0469000000,0.0173000000,0.0002000000,0.0215000000,0.0223000000,0.0171000000,0.0206000000,0.0149000000,0.0096000000,0.0140000000,0.0214000000
2022-10-26,0.0051000000,0.0089000000,0.0010000000,0.0140000000,0.0030000000,-0.0312000000,0.0010000000,0.0004000000,-0.0105000000,0.0138000000,0.0085000000,0.0030000000
2022-10-27,0.0008000000,0.0037000000,0.0078000000,0.0025000000,0.0001000000,-0.0182000000,-0.0010000000,0.0066000000,-0.0071000000,-0.0066000000,0.0045000000,0.0009000000
2022-10-28,0.0205000000,0.0159000000,0.0241000000,0.0056000000,0.0172000000,0.0392000000,0.0316000000,0.0254000000,-0.0034000000,0.0185000000,0.0235000000,0.0197000000
2022-10-31,-0.0047000000,-0.0012000000,-0.0046000000,0.0058000000,-0.0063000000,-0.0127000000,-0.0034000000,-0.0055000000,-0.0073000000,-0.0036000000,-0.0031000000,-0.0077000000
2022-11-01,-0.0018000000,0.0007000000,0.0032000000,0.0106000000,0.0003000000,-0.0117000000,0.0013000000,0.0033000000,-0.0154000000,0.0022000000,0.0041000000,0.0014000000
2022-11-02,-0.0157000000,-0.0479000000,-0.0247000000,-0.0231000000,-0.0262000000,-0.0374000000,-0.0181000000,-0.0106000000,-0.0289000000,-0.0163000000,-0.0155000000,-0.0279000000
2022-11-03,-0.0037000000,0.0028000000,0.0070000000,0.0198000000,0.0011000000,-0.0260000000,-0.0191000000,0.0038000000,-0.0079000000,-0.0056000000,-0.0103000000,-0.0060000000
2022-11-04,0.0112000000,-0.0181000000,0.0237000000,0.0099000000,0.0265000000,0.0138000000,-0.0001000000,0.0073000000,0.0109000000,0.0055000000,0.0158000000,0.0137000000
2022-11-07,0.0069000000,-0.0306000000,0.0104000000,0.0182000000,0.0096000000,0.0141000000,0.0072000000,-0.0142000000,0.0061000000,0.0095000000,0.0096000000,0.0089000000
2022-11-08,0.0034000000,-0.0180000000,0.0079000000,-0.0006000000,0.0121000000,0.0075000000,0.0058000000,0.0085000000,0.0016000000,0.0050000000,0.0050000000,0.0080000000
2022-11-09,-0.0166000000,-0.0562000000,-0.0193000000,-0.0519000000,-0.0134000000,-0.0233000000,-0.0337000000,-0.0126000000,-0.0230000000,-0.0109000000,-0.0198000000,-0.0165000000
2022-11-10,0.0249000000,0.0710000000,0.0525000000,0.0244000000,0.0497000000,0.0829000000,0.0349000000,0.0447000000,0.0649000000,0.0295000000,0.0460000000,0.0610000000
2022-11-11,-0.0015000000,0.0273000000,0.0070000000,0.0286000000,0.0096000000,0.0195000000,0.0184000000,-0.0073000000,0.0138000000,-0.0067000000,-0.0035000000,0.0205000000
2022-11-14,-0.0088000000,-0.0218000000,-0.0100000000,-0.0026000000,-0.0050000000,-0.0106000000,-0.0044000000,-0.0119000000,-0.0137000000,0.0028000000,-0.0143000000,-0.0077000000
2022-11-15,0.0058000000,0.0163000000,0.0123000000,0.0130000000,0.0001000000,0.0169000000,0.0015000000,0.0112000000,0.0161000000,0.0030000000,0.0010000000,0.0104000000
2022-11-16,0.0013000000,-0.0342000000,-0.0136000000,-0.0206000000,-0.0055000000,-0.0147000000,-0.0073000000,0.0054000000,-0.0063000000,-0.0046000000,-0.0049000000,-0.0111000000
2022-11-17,0.0019000000,-0.0142000000,-0.0012000000,0.0031000000,-0.0058000000,-0.0023000000,-0.0003000000,-0.0158000000,-0.0078000000,-0.0006000000,-0.0039000000,-0.0113000000
2022-11-18,0.0079000000,-0.0077000000,0.0060000000,-0.0102000000,0.0092000000,0.0005000000,0.0022000000,0.0194000000,0.0041000000,0.0088000000,0.0093000000,0.0043000000
2022-11-21,0.0111000000,-0.0463000000,0.0009000000,-0.0133000000,0.0018000000,-0.0115000000,0.0079000000,0.0029000000,-0.0024000000,0.0010000000,-0.0024000000,-0.0026000000
2022-11-22,0.0077000000,0.0128000000,0.0115000000,0.0326000000,0.0155000000,0.0172000000,0.0120000000,0.0117000000,0.0114000000,0.0088000000,0.0110000000,0.0112000000
2022-11-23,0.0045000000,0.0482000000,0.0050000000,-0.0105000000,0.0048000000,0.0101000000,0.0074000000,0.0082000000,0.0034000000,0.0024000000,0.0046000000,0.0050000000
2022-11-25,0.0009000000,-0.0004000000,0.0012000000,-0.0024000000,-0.0004000000,-0.0068000000,0.0031000000,0.0057000000,0.0012000000,0.0043000000,0.0066000000,0.0015000000
2022-11-28,-0.0052000000,-0.0086000000,-0.0187000000,-0.0288000000,-0.0133000000,-0.0205000000,-0.0169000000,-0.0113000000,-0.0053000000,-0.0058000000,-0.0171000000,-0.0166000000
2022-11-29,-0.0016000000,-0.0059000000,0.0040000000,0.0123000000,-0.0008000000,-0.0089000000,0.0000000000,-0.0037000000,-0.0056000000,-0.0016000000,0.0041000000,0.0068000000
2022-11-30,0.0205000000,0.0582000000,0.0206000000,0.0061000000,0.0274000000,0.0509000000,0.0223000000,0.0237000000,0.0236000000,0.0224000000,0.0239000000,0.0241000000
2022-12-01,0.0031000000,0.0005000000,0.0010000000,-0.0077000000,-0.0003000000,0.0036000000,-0.0039000000,-0.0013000000,-0.0057000000,0.0057000000,-0.0073000000,0.0017000000
2022-12-02,0.0078000000,-0.0002000000,0.0092000000,-0.0073000000,0.0127000000,-0.0041000000,-0.0012000000,-0.0039000000,-0.0028000000,0.0056000000,-0.0028000000,-0.0006000000
2022-12-05,-0.0152000000,-0.0511000000,-0.0164000000,-0.0318000000,-0.0157000000,-0.0186000000,-0.0218000000,-0.0088000000,-0.0216000000,-0.0132000000,-0.0230000000,-0.0211000000
2022-12-06,-0.0090000000,-0.0147000000,-0.0113000000,-0.0269000000,-0.0047000000,-0.0224000000,-0.0138000000,0.0025000000,-0.0150000000,-0.0121000000,-0.0091000000,-0.0110000000
2022-12-07,0.0033000000,-0.0219000000,-0.0017000000,-0.0021000000,0.0001000000,-0.0060000000,0.0009000000,-0.0043000000,0.0012000000,0.0082000000,-0.0030000000,-0.0037000000
2022-12-08,0.0042000000,-0.0002000000,0.0076000000,-0.0066000000,0.0075000000,0.0138000000,-0.0053000000,0.0038000000,0.0098000000,0.0095000000,0.0033000000,0.0064000000
2022-12-09,-0.0116000000,0.0160000000,-0.0099000000,-0.0216000000,-0.0058000000,-0.0066000000,0.0039000000,-0.0045000000,-0.0130000000,-0.0146000000,-0.0051000000,-0.0043000000
2022-12-12,0.0082000000,-0.0370000000,0.0163000000,0.0251000000,0.0101000000,0.0185000000,0.0145000000,0.0219000000,0.0129000000,0.0101000000,0.0143000000,0.0146000000
2022-12-13,-0.0018000000,-0.0238000000,0.0078000000,0.0167000000,0.0069000000,0.0145000000,-0.0014000000,0.0048000000,0.0048000000,0.0081000000,-0.0030000000,0.0064000000
2022-12-14,-0.0002000000,-0.0184000000,-0.0049000000,-0.0063000000,-0.0070000000,-0.0068000000,-0.0205000000,-0.0015000000,-0.0037000000,0.0041000000,-0.0093000000,-0.0049000000
2022-12-15,-0.0158000000,-0.0068000000,-0.0276000000,-0.0040000000,-0.0203000000,-0.0376000000,-0.0242000000,-0.0130000000,-0.0229000000,-0.0194000000,-0.0211000000,-0.0263000000
2022-12-16,-0.0055000000,-0.0395000000,-0.0051000000,-0.0133000000,-0.0040000000,-0.0108000000,-0.0041000000,-0.0163000000,-0.0092000000,-0.0119000000,-0.0073000000,-0.0084000000
2022-12-19,-0.0020000000,-0.0071000000,-0.0074000000,-0.0004000000,-0.0076000000,-0.0158000000,-0.0200000000,-0.0049000000,-0.0136000000,-0.0062000000,-0.0035000000,-0.0109000000
2022-12-20,-0.0025000000,-0.0508000000,0.0055000000,0.0144000000,0.0020000000,0.0024000000,0.0047000000,0.0012000000,-0.0001000000,0.0029000000,0.0024000000,0.0007000000
2022-12-21,0.0128000000,0.0060000000,0.0258000000,0.0192000000,0.0125000000,0.0162000000,0.0119000000,0.0148000000,0.0120000000,0.0128000000,0.0155000000,0.0161000000
2022-12-22,-0.0039000000,-0.0646000000,-0.0176000000,-0.0244000000,-0.0055000000,-0.0233000000,-0.0010000000,-0.0072000000,-0.0153000000,-0.0016000000,-0.0079000000,-0.0127000000
2022-12-23,0.0063000000,-0.0080000000,0.0043000000,0.0332000000,0.0053000000,0.0019000000,0.0081000000,0.0124000000,0.0100000000,-0.0032000000,0.0058000000,0.0068000000
2022-12-27,0.0056000000,-0.0680000000,0.0033000000,0.0109000000,0.0027000000,-0.0110000000,0.0014000000,0.0064000000,-0.0062000000,-0.0074000000,0.0002000000,-0.0022000000
2022-12-28,-0.0127000000,0.0096000000,-0.0142000000,-0.0255000000,-0.0134000000,-0.0153000000,-0.0147000000,-0.0112000000,-0.0126000000,-0.0056000000,-0.0063000000,-0.0147000000
2022-12-29,0.0063000000,0.0562000000,0.0154000000,0.0110000000,0.0101000000,0.0281000000,0.0176000000,0.0084000000,0.0146000000,0.0135000000,0.0131000000,0.0210000000
2022-12-30,-0.0035000000,0.0054000000,-0.0030000000,0.0075000000,-0.0068000000,-0.0013000000,0.0001000000,-0.0096000000,-0.0049000000,-0.0017000000,-0.0020000000,-0.0031000000
2023-01-03,-0.0051000000,-0.0678000000,0.0011000000,-0.0402000000,0.0021000000,-0.0070000000,0.0129000000,-0.0016000000,0.0058000000,-0.0009000000,-0.0020000000,0.0034000000
2023-01-04,0.0040000000,0.0359000000,0.0127000000,0.0011000000,0.0137000000,0.0015000000,0.0258000000,0.0103000000,0.0061000000,0.0080000000,0.0096000000,0.0199000000
2023-01-05,-0.0076000000,-0.0157000000,-0.0066000000,0.0184000000,-0.0151000000,-0.0205000000,0.0124000000,-0.0195000000,-0.0105000000,-0.0058000000,-0.0114000000,-0.0087000000
2023-01-06,0.0221000000,0.0238000000,0.0289000000,0.0155000000,0.0265000000,0.0222000000,0.0219000000,0.0208000000,0.0273000000,0.0148000000,0.0223000000,0.0247000000
2023-01-09,-0.0104000000,0.0335000000,-0.0016000000,-0.0048000000,-0.0023000000,0.0106000000,-0.0019000000,0.0060000000,-0.0010000000,-0.0226000000,-0.0014000000,0.0033000000
2023-01-10,0.0002000000,0.0031000000,0.0113000000,0.0080000000,0.0012000000,0.0082000000,0.0135000000,0.0008000000,0.0129000000,0.0092000000,0.0059000000,0.0101000000
2023-01-11,0.0032000000,0.0278000000,0.0095000000,0.0041000000,0.0051000000,0.0193000000,-0.0005000000,0.0079000000,0.0219000000,0.0005000000,0.0099000000,0.0149000000
2023-01-12,-0.0062000000,0.0060000000,0.0087000000,0.0196000000,0.0006000000,0.0058000000,0.0159000000,-0.0030000000,-0.0015000000,0.0012000000,0.0051000000,0.0064000000
2023-01-13,0.0042000000,-0.0122000000,0.0016000000,0.0025000000,0.0067000000,0.0055000000,0.0016000000,-0.0049000000,0.0109000000,0.0072000000,0.0049000000,0.0037000000
2023-01-17,0.0009000000,0.0383000000,-0.0063000000,0.0009000000,-0.0033000000,0.0032000000,-0.0075000000,-0.0015000000,-0.0072000000,-0.0058000000,-0.0052000000,-0.0051000000
2023-01-18,-0.0280000000,-0.0174000000,-0.0169000000,-0.0166000000,-0.0188000000,-0.0119000000,-0.0155000000,-0.0240000000,-0.0132000000,-0.0128000000,-0.0186000000,-0.0134000000
2023-01-19,-0.0046000000,-0.0153000000,-0.0217000000,0.0113000000,-0.0173000000,-0.0076000000,-0.0029000000,-0.0067000000,-0.0176000000,-0.0016000000,-0.0077000000,-0.0106000000
2023-01-20,0.0062000000,0.0335000000,0.0160000000,0.0149000000,0.0182000000,0.0296000000,0.0199000000,0.0043000000,0.0208000000,0.0053000000,0.0169000000,0.0206000000
2023-01-23,0.0026000000,0.0563000000,0.0124000000,0.0007000000,0.0025000000,0.0243000000,0.0069000000,0.0014000000,0.0087000000,0.0015000000,0.0097000000,0.0106000000
2023-01-24,0.0039000000,0.0035000000,0.0036000000,-0.0023000000,0.0041000000,-0.0044000000,0.0019000000,0.0034000000,-0.0022000000,-0.0043000000,0.0005000000,-0.0006000000
2023-01-25,0.0068000000,0.0029000000,-0.0008000000,-0.0015000000,-0.0034000000,-0.0058000000,0.0219000000,-0.0116000000,0.0046000000,0.0005000000,0.0073000000,-0.0006000000
2023-01-26,-0.0038000000,0.0658000000,0.0110000000,0.0334000000,-0.0035000000,0.0183000000,0.0047000000,0.0028000000,0.0086000000,0.0007000000,0.0051000000,0.0040000000
2023-01-27,-0.0022000000,0.0752000000,-0.0003000000,-0.0204000000,-0.0033000000,0.0072000000,-0.0064000000,-0.0002000000,0.0101000000,-0.0045000000,0.0016000000,0.0038000000
2023-01-30,-0.0011000000,-0.0476000000,-0.0093000000,-0.0237000000,-0.0010000000,-0.0210000000,-0.0047000000,-0.0054000000,-0.0075000000,-0.0122000000,-0.0051000000,-0.0147000000
2023-01-31,0.0121000000,0.0398000000,0.0183000000,0.0089000000,0.0188000000,0.0159000000,0.0092000000,0.0091000000,0.0179000000,0.0118000000,0.0155000000,0.0206000000
2023-02-01,0.0093000000,0.0362000000,0.0115000000,-0.0192000000,0.0089000000,0.0225000000,0.0114000000,0.0022000000,0.0135000000,0.0056000000,0.0037000000,0.0121000000
2023-02-02,-0.0085000000,0.0340000000,0.0047000000,-0.0239000000,-0.0052000000,0.0389000000,0.0101000000,0.0036000000,0.0265000000,0.0014000000,-0.0024000000,0.0138000000
2023-02-03,-0.0067000000,-0.0025000000,-0.0059000000,-0.0030000000,-0.0052000000,-0.0129000000,-0.0190000000,-0.0180000000,-0.0329000000,-0.0024000000,0.0008000000,-0.0109000000
2023-02-06,0.0020000000,0.0130000000,-0.0062000000,-0.0053000000,-0.0097000000,-0.0133000000,-0.0123000000,0.0054000000,-0.0057000000,-0.0068000000,-0.0030000000,-0.0076000000
2023-02-07,-0.0036000000,0.0078000000,0.0043000000,0.0324000000,0.0005000000,0.0262000000,-0.0014000000,0.0002000000,-0.0003000000,0.0062000000,0.0098000000,0.0093000000
2023-02-08,-0.0075000000,0.0103000000,-0.0098000000,-0.0109000000,-0.0094000000,-0.0196000000,-0.0067000000,-0.0163000000,-0.0128000000,-0.0076000000,-0.0035000000,-0.0102000000
2023-02-09,-0.0019000000,0.0175000000,-0.0073000000,-0.0075000000,-0.0164000000,-0.0111000000,-0.0153000000,-0.0136000000,-0.0081000000,-0.0081000000,-0.0105000000,-0.0102000000
2023-02-10,0.0078000000,-0.0349000000,0.0056000000,0.0404000000,0.0057000000,-0.0058000000,0.0004000000,0.0197000000,0.0007000000,0.0070000000,0.0034000000,-0.0037000000
2023-02-13,0.0113000000,-0.0015000000,0.0108000000,-0.0050000000,0.0105000000,0.0165000000,0.0110000000,0.0056000000,0.0163000000,0.0080000000,0.0096000000,0.0121000000
2023-02-14,-0.0098000000,0.0489000000,0.0022000000,0.0016000000,-0.0013000000,0.0052000000,-0.0004000000,-0.0047000000,-0.0018000000,-0.0044000000,-0.0028000000,-0.0007000000
2023-02-15,0.0025000000,0.0209000000,0.0079000000,-0.0159000000,0.0034000000,0.0090000000,0.0098000000,0.0054000000,0.0097000000,-0.0042000000,0.0021000000,0.0065000000
2023-02-16,-0.0056000000,-0.0366000000,-0.0118000000,-0.0109000000,-0.0098000000,-0.0182000000,-0.0098000000,-0.0067000000,-0.0123000000,-0.0107000000,-0.0095000000,-0.0110000000
2023-02-17,0.0093000000,0.0198000000,0.0063000000,-0.0364000000,0.0038000000,-0.0108000000,0.0032000000,0.0078000000,0.0000000000,0.0096000000,0.0012000000,-0.0052000000
2023-02-21,-0.0090000000,-0.0474000000,-0.0245000000,-0.0045000000,-0.0149000000,-0.0242000000,-0.0266000000,-0.0178000000,-0.0250000000,-0.0161000000,-0.0199000000,-0.0213000000
2023-02-22,0.0012000000,0.0122000000,0.0002000000,-0.0072000000,0.0062000000,0.0000000000,0.0048000000,-0.0010000000,0.0008000000,-0.0017000000,-0.0021000000,-0.0017000000
2023-02-23,0.0030000000,0.0011000000,0.0039000000,0.0153000000,0.0011000000,0.0122000000,-0.0067000000,-0.0033000000,-0.0043000000,0.0015000000,0.0026000000,0.0026000000
2023-02-24,-0.0067000000,-0.0208000000,-0.0091000000,0.0008000000,-0.0037000000,-0.0174000000,-0.0104000000,0.0004000000,-0.0113000000,-0.0134000000,-0.0031000000,-0.0067000000
2023-02-27,-0.0008000000,0.0384000000,0.0058000000,0.0041000000,0.0045000000,0.0043000000,0.0006000000,-0.0066000000,0.0008000000,-0.0022000000,0.0001000000,0.0076000000
2023-02-28,-0.0079000000,-0.0055000000,0.0016000000,-0.0134000000,-0.0050000000,0.0000000000,-0.0087000000,-0.0162000000,0.0001000000,-0.0050000000,-0.0007000000,-0.0004000000
2023-03-01,-0.0086000000,-0.0105000000,0.0076000000,0.0200000000,0.0022000000,-0.0072000000,-0.0126000000,-0.0137000000,-0.0136000000,0.0009000000,-0.0036000000,0.0005000000
2023-03-02,0.0123000000,-0.0341000000,0.0106000000,0.0095000000,0.0149000000,0.0135000000,0.0030000000,0.0163000000,0.0063000000,0.0031000000,-0.0050000000,0.0092000000
2023-03-03,0.0027000000,0.0318000000,0.0125000000,0.0146000000,0.0087000000,0.0227000000,0.0086000000,0.0161000000,0.0130000000,0.0133000000,0.0142000000,0.0138000000
2023-03-06,0.0004000000,-0.0170000000,-0.0079000000,-0.0017000000,-0.0137000000,0.0035000000,-0.0020000000,0.0035000000,-0.0040000000,-0.0028000000,-0.0008000000,-0.0015000000
2023-03-07,-0.0080000000,-0.0265000000,-0.0133000000,-0.0170000000,-0.0191000000,-0.0115000000,-0.0143000000,-0.0148000000,-0.0091000000,-0.0140000000,-0.0224000000,-0.0153000000
2023-03-08,0.0014000000,-0.0174000000,0.0040000000,-0.0108000000,0.0034000000,0.0067000000,-0.0033000000,0.0063000000,0.0014000000,-0.0065000000,-0.0040000000,0.0035000000
2023-03-09,-0.0112000000,-0.0425000000,-0.0182000000,-0.0149000000,-0.0182000000,-0.0173000000,-0.0225000000,-0.0098000000,-0.0152000000,-0.0117000000,-0.0380000000,-0.0190000000
2023-03-10,-0.0074000000,-0.0095000000,-0.0246000000,-0.0135000000,-0.0108000000,-0.0189000000,-0.0125000000,-0.0168000000,-0.0115000000,-0.0095000000,-0.0225000000,-0.0166000000
2023-03-13,0.0017000000,-0.0023000000,-0.0068000000,-0.0208000000,-0.0040000000,0.0061000000,-0.0036000000,0.0127000000,0.0020000000,0.0128000000,-0.0348000000,-0.0081000000
2023-03-14,0.0061000000,0.0349000000,0.0152000000,0.0083000000,0.0142000000,0.0246000000,0.0077000000,0.0136000000,0.0119000000,0.0120000000,0.0206000000,0.0107000000
2023-03-15,0.0011000000,-0.0186000000,-0.0290000000,-0.0541000000,-0.0084000000,0.0022000000,0.0032000000,0.0060000000,0.0037000000,-0.0007000000,-0.0204000000,-0.0169000000
2023-03-16,0.0021000000,0.0171000000,0.0155000000,0.0117000000,0.0085000000,0.0299000000,0.0011000000,0.0068000000,0.0143000000,0.0073000000,0.0172000000,0.0148000000
2023-03-17,-0.0098000000,-0.0248000000,-0.0179000000,-0.0157000000,-0.0121000000,-0.0039000000,-0.0029000000,-0.0104000000,-0.0089000000,-0.0138000000,-0.0261000000,-0.0165000000
2023-03-20,0.0126000000,0.0139000000,0.0182000000,0.0207000000,0.0153000000,0.0026000000,0.0137000000,0.0099000000,0.0041000000,0.0130000000,0.0107000000,0.0104000000
2023-03-21,0.0027000000,0.0607000000,0.0126000000,0.0340000000,0.0042000000,0.0149000000,0.0122000000,-0.0155000000,0.0119000000,0.0035000000,0.0269000000,0.0158000000
2023-03-22,-0.0112000000,-0.0292000000,-0.0211000000,-0.0214000000,-0.0134000000,-0.0123000000,-0.0168000000,-0.0205000000,-0.0155000000,-0.0176000000,-0.0253000000,-0.0193000000
2023-03-23,-0.0048000000,0.0018000000,0.0017000000,-0.0122000000,-0.0034000000,0.0134000000,-0.0001000000,-0.0109000000,-0.0017000000,0.0032000000,-0.0102000000,-0.0006000000
2023-03-24,0.0154000000,-0.0060000000,-0.0014000000,0.0033000000,0.0144000000,0.0027000000,-0.0017000000,0.0299000000,0.0030000000,0.0118000000,0.0022000000,0.0033000000
2023-03-27,0.0082000000,0.0084000000,0.0051000000,0.0213000000,0.0042000000,-0.0083000000,0.0131000000,0.0023000000,0.0047000000,0.0031000000,0.0153000000,0.0073000000
2023-03-28,0.0049000000,-0.0083000000,0.0035000000,0.0158000000,0.0034000000,-0.0057000000,-0.0042000000,0.0032000000,0.0001000000,-0.0027000000,-0.0040000000,0.0024000000
2023-03-29,0.0102000000,0.0245000000,0.0152000000,0.0135000000,0.0091000000,0.0179000000,0.0139000000,0.0140000000,0.0129000000,0.0057000000,0.0117000000,0.0137000000
2023-03-30,0.0022000000,0.0062000000,0.0054000000,0.0030000000,0.0044000000,0.0090000000,0.0067000000,0.0042000000,0.0080000000,0.0026000000,-0.0028000000,0.0049000000
2023-03-31,0.0088000000,0.0489000000,0.0135000000,0.0063000000,0.0135000000,0.0181000000,0.0135000000,0.0083000000,0.0168000000,0.0127000000,0.0112000000,0.0162000000
2023-04-03,0.0044000000,-0.0415000000,0.0040000000,0.0490000000,0.0055000000,-0.0005000000,0.0025000000,-0.0053000000,0.0038000000,0.0080000000,0.0053000000,-0.0003000000
2023-04-04,-0.0055000000,-0.0148000000,-0.0250000000,-0.0188000000,-0.0080000000,-0.0042000000,0.0005000000,0.0037000000,-0.0019000000,0.0002000000,-0.0122000000,-0.0111000000
2023-04-05,0.0043000000,-0.0330000000,-0.0165000000,0.0141000000,0.0001000000,-0.0113000000,0.0085000000,0.0241000000,-0.0110000000,0.0142000000,0.0025000000,-0.0065000000
2023-04-06,0.0001000000,-0.0039000000,-0.0050000000,-0.0153000000,-0.0002000000,0.0096000000,0.0011000000,0.0055000000,0.0012000000,0.0055000000,0.0032000000,0.0022000000
2023-04-10,-0.0004000000,0.0054000000,0.0143000000,0.0077000000,0.0020000000,-0.0024000000,0.0059000000,-0.0007000000,0.0065000000,-0.0020000000,0.0048000000,0.0047000000
2023-04-11,0.0037000000,0.0112000000,0.0077000000,0.0081000000,0.0052000000,-0.0079000000,0.0019000000,0.0017000000,-0.0017000000,0.0021000000,0.0099000000,0.0068000000
2023-04-12,-0.0023000000,-0.0244000000,0.0009000000,-0.0005000000,0.0023000000,-0.0053000000,-0.0151000000,-0.0018000000,-0.0128000000,-0.0009000000,-0.0034000000,-0.0037000000
2023-04-13,0.0060000000,0.0189000000,0.0054000000,0.0067000000,0.0073000000,0.0208000000,0.0114000000,0.0003000000,0.0167000000,0.0140000000,0.0087000000,0.0135000000
2023-04-14,-0.0035000000,-0.0030000000,-0.0058000000,0.0010000000,-0.0057000000,-0.0026000000,-0.0071000000,-0.0095000000,-0.0012000000,-0.0045000000,0.0035000000,0.0012000000
2023-04-17,0.0057000000,0.0109000000,0.0068000000,-0.0132000000,0.0047000000,0.0006000000,0.0062000000,0.0051000000,0.0057000000,0.0022000000,0.0089000000,0.0052000000
2023-04-18,0.0033000000,-0.0084000000,0.0062000000,0.0037000000,0.0006000000,0.0013000000,-0.0030000000,-0.0052000000,0.0020000000,-0.0075000000,0.0015000000,0.0039000000
2023-04-19,-0.0002000000,-0.0180000000,-0.0043000000,-0.0033000000,0.0003000000,-0.0024000000,-0.0071000000,0.0063000000,0.0024000000,0.0113000000,0.0002000000,-0.0013000000
2023-04-20,-0.0027000000,-0.0675000000,0.0017000000,-0.0090000000,-0.0001000000,-0.0076000000,-0.0294000000,-0.0019000000,0.0020000000,-0.0023000000,-0.0048000000,0.0001000000
2023-04-21,0.0015000000,0.0065000000,-0.0042000000,-0.0055000000,0.0078000000,-0.0016000000,0.0068000000,0.0029000000,0.0100000000,0.0100000000,-0.0060000000,-0.0003000000
2023-04-24,0.0020000000,-0.0052000000,0.0026000000,0.0161000000,0.0056000000,-0.0030000000,-0.0096000000,0.0051000000,0.0020000000,0.0006000000,-0.0009000000,0.0024000000
2023-04-25,0.0013000000,-0.0125000000,-0.0180000000,-0.0204000000,-0.0132000000,-0.0234000000,-0.0058000000,-0.0031000000,-0.0194000000,-0.0065000000,-0.0191000000,-0.0192000000
2023-04-26,-0.0038000000,-0.0321000000,-0.0159000000,-0.0123000000,-0.0121000000,0.0105000000,-0.0102000000,-0.0221000000,0.0019000000,-0.0135000000,-0.0098000000,-0.0148000000
2023-04-27,0.0098000000,0.0310000000,0.0179000000,0.0042000000,0.0160000000,0.0253000000,0.0439000000,0.0125000000,0.0228000000,0.0019000000,0.0165000000,0.0182000000
2023-04-28,0.0076000000,0.0210000000,0.0078000000,0.0155000000,0.0085000000,0.0080000000,0.0103000000,0.0001000000,-0.0060000000,0.0081000000,0.0116000000,0.0142000000
2023-05-01,0.0037000000,-0.0085000000,0.0035000000,-0.0126000000,-0.0012000000,0.0013000000,-0.0027000000,0.0017000000,-0.0098000000,0.0082000000,-0.0026000000,0.0046000000
2023-05-02,-0.0062000000,-0.0100000000,-0.0092000000,-0.0417000000,-0.0044000000,-0.0122000000,-0.0206000000,-0.0151000000,0.0012000000,-0.0072000000,-0.0241000000,-0.0092000000
2023-05-03,-0.0018000000,-0.0019000000,-0.0047000000,-0.0204000000,-0.0114000000,-0.0054000000,0.0000000000,-0.0029000000,-0.0074000000,0.0034000000,-0.0111000000,-0.0041000000
2023-05-04,-0.0041000000,-0.0056000000,-0.0138000000,-0.0116000000,-0.0084000000,-0.0052000000,-0.0211000000,0.0053000000,-0.0044000000,-0.0071000000,-0.0153000000,-0.0081000000
2023-05-05,0.0106000000,0.0454000000,0.0190000000,0.0284000000,0.0104000000,0.0217000000,0.0166000000,0.0100000000,0.0148000000,0.0100000000,0.0273000000,0.0156000000
2023-05-08,-0.0040000000,0.0092000000,-0.0036000000,0.0015000000,-0.0028000000,0.0028000000,0.0060000000,-0.0039000000,0.0000000000,-0.0018000000,-0.0006000000,0.0048000000
2023-05-09,-0.0039000000,-0.0128000000,-0.0023000000,-0.0003000000,-0.0126000000,-0.0065000000,-0.0143000000,-0.0015000000,0.0040000000,-0.0042000000,-0.0027000000,-0.0030000000
2023-05-10,-0.0007000000,-0.0041000000,-0.0032000000,-0.0095000000,0.0006000000,0.0139000000,-0.0018000000,0.0075000000,0.0072000000,0.0043000000,-0.0040000000,-0.0042000000
2023-05-11,0.0022000000,0.0122000000,-0.0053000000,-0.0117000000,-0.0024000000,0.0004000000,-0.0145000000,-0.0102000000,0.0042000000,-0.0041000000,-0.0032000000,-0.0039000000
2023-05-12,0.0022000000,-0.0196000000,-0.0017000000,0.0015000000,0.0019000000,-0.0019000000,-0.0003000000,0.0062000000,-0.0029000000,-0.0025000000,-0.0031000000,-0.0036000000
2023-05-15,-0.0012000000,-0.0040000000,0.0089000000,0.0081000000,0.0044000000,0.0064000000,0.0015000000,-0.0127000000,0.0017000000,0.0022000000,0.0085000000,0.0071000000
2023-05-16,-0.0108000000,-0.0087000000,-0.0142000000,-0.0257000000,-0.0103000000,0.0018000000,-0.0176000000,-0.0213000000,-0.0039000000,-0.0102000000,-0.0119000000,-0.0089000000
2023-05-17,-0.0002000000,0.0358000000,0.0178000000,0.0205000000,0.0046000000,0.0134000000,0.0083000000,-0.0014000000,0.0135000000,-0.0007000000,0.0262000000,0.0138000000
2023-05-18,-0.0020000000,0.0149000000,0.0099000000,0.0077000000,-0.0007000000,0.0188000000,0.0016000000,-0.0018000000,0.0122000000,-0.0019000000,0.0037000000,0.0120000000
2023-05-19,-0.0020000000,0.0098000000,-0.0085000000,0.0066000000,0.0011000000,-0.0014000000,-0.0086000000,-0.0019000000,-0.0108000000,0.0057000000,-0.0063000000,-0.0035000000
2023-05-22,-0.0119000000,0.0342000000,-0.0021000000,-0.0017000000,-0.0129000000,0.0057000000,0.0049000000,0.0004000000,-0.0081000000,0.0016000000,0.0051000000,-0.0007000000
2023-05-23,-0.0028000000,-0.0115000000,-0.0129000000,0.0105000000,-0.0104000000,-0.0144000000,-0.0115000000,-0.0026000000,-0.0071000000,-0.0126000000,-0.0080000000,-0.0170000000
2023-05-24,-0.0073000000,-0.0165000000,-0.0137000000,0.0048000000,-0.0093000000,-0.0063000000,-0.0103000000,-0.0054000000,0.0006000000,-0.0077000000,-0.0118000000,-0.0089000000
2023-05-25,-0.0067000000,0.0071000000,0.0049000000,-0.0196000000,-0.0061000000,0.0313000000,-0.0268000000,-0.0133000000,-0.0096000000,-0.0134000000,0.0007000000,0.0004000000
2023-05-26,-0.0005000000,0.0386000000,0.0112000000,-0.0032000000,0.0030000000,0.0237000000,0.0096000000,-0.0004000000,0.0185000000,-0.0013000000,0.0077000000,0.0077000000
2023-05-30,-0.0089000000,0.0284000000,-0.0055000000,-0.0111000000,-0.0088000000,0.0035000000,-0.0003000000,-0.0036000000,0.0005000000,-0.0059000000,-0.0014000000,0.0022000000
2023-05-31,0.0010000000,-0.0009000000,-0.0155000000,-0.0176000000,-0.0128000000,-0.0074000000,0.0046000000,0.0079000000,-0.0084000000,0.0083000000,-0.0098000000,-0.0064000000
2023-06-01,0.0034000000,0.0160000000,0.0112000000,0.0110000000,0.0109000000,0.0133000000,0.0047000000,-0.0067000000,0.0064000000,0.0042000000,0.0141000000,0.0131000000
2023-06-02,0.0197000000,0.0326000000,0.0365000000,0.0302000000,0.0319000000,0.0068000000,-0.0120000000,0.0153000000,0.0168000000,0.0153000000,0.0247000000,0.0230000000
2023-06-05,-0.0062000000,0.0098000000,-0.0117000000,-0.0070000000,-0.0058000000,-0.0023000000,0.0060000000,0.0026000000,0.0004000000,0.0035000000,-0.0069000000,-0.0031000000
2023-06-06,-0.0017000000,0.0195000000,0.0147000000,0.0075000000,0.0020000000,0.0014000000,0.0015000000,0.0008000000,0.0055000000,-0.0041000000,0.0120000000,0.0110000000
2023-06-07,-0.0009000000,0.0189000000,0.0196000000,0.0277000000,0.0063000000,-0.0181000000,0.0149000000,0.0187000000,-0.0110000000,-0.0038000000,0.0049000000,0.0049000000
2023-06-08,0.0039000000,0.0299000000,0.0006000000,-0.0042000000,0.0014000000,0.0084000000,0.0086000000,0.0032000000,0.0115000000,0.0067000000,-0.0001000000,0.0032000000
2023-06-09,-0.0013000000,0.0280000000,-0.0040000000,-0.0050000000,-0.0061000000,0.0035000000,-0.0053000000,-0.0077000000,-0.0036000000,-0.0006000000,0.0006000000,-0.0014000000
2023-06-12,0.0002000000,0.0183000000,0.0107000000,-0.0111000000,0.0001000000,0.0190000000,0.0066000000,-0.0028000000,0.0143000000,0.0038000000,-0.0009000000,0.0055000000
2023-06-13,0.0048000000,0.0319000000,0.0120000000,0.0050000000,0.0090000000,0.0068000000,-0.0010000000,-0.0001000000,0.0056000000,0.0075000000,0.0066000000,0.0101000000
2023-06-14,0.0021000000,-0.0071000000,-0.0037000000,-0.0109000000,0.0013000000,0.0079000000,-0.0041000000,-0.0012000000,-0.0005000000,-0.0012000000,-0.0150000000,-0.0012000000
2023-06-15,0.0082000000,0.0017000000,0.0087000000,0.0119000000,0.0140000000,0.0143000000,0.0152000000,0.0105000000,0.0095000000,0.0128000000,0.0139000000,0.0126000000
2023-06-16,0.0013000000,0.0113000000,-0.0004000000,-0.0010000000,0.0038000000,-0.0079000000,-0.0076000000,0.0045000000,-0.0074000000,0.0008000000,-0.0056000000,-0.0048000000
2023-06-20,-0.0069000000,0.0344000000,-0.0084000000,-0.0230000000,-0.0112000000,-0.0044000000,-0.0155000000,-0.0117000000,-0.0024000000,-0.0012000000,-0.0062000000,-0.0042000000
2023-06-21,0.0029000000,-0.0407000000,0.0051000000,0.0100000000,0.0033000000,-0.0137000000,-0.0028000000,0.0080000000,0.0003000000,-0.0025000000,-0.0008000000,0.0001000000
2023-06-22,0.0040000000,0.0120000000,-0.0069000000,-0.0135000000,-0.0023000000,0.0093000000,-0.0006000000,-0.0077000000,0.0136000000,0.0064000000,-0.0079000000,-0.0020000000
2023-06-23,-0.0075000000,-0.0248000000,-0.0083000000,-0.0081000000,-0.0090000000,-0.0087000000,-0.0087000000,-0.0155000000,-0.0046000000,-0.0053000000,-0.0054000000,-0.0083000000
2023-06-26,0.0011000000,-0.0405000000,0.0082000000,0.0163000000,0.0059000000,-0.0131000000,0.0143000000,0.0109000000,-0.0022000000,-0.0091000000,0.0011000000,0.0033000000
2023-06-27,0.0036000000,0.0331000000,0.0167000000,0.0018000000,0.0104000000,0.0170000000,0.0179000000,0.0026000000,0.0118000000,-0.0004000000,0.0093000000,0.0138000000
2023-06-28,-0.0099000000,0.0204000000,-0.0039000000,0.0092000000,-0.0024000000,0.0024000000,0.0040000000,-0.0109000000,-0.0010000000,-0.0005000000,-0.0028000000,0.0010000000
2023-06-29,0.0017000000,0.0076000000,0.0101000000,0.0126000000,0.0074000000,0.0001000000,0.0036000000,0.0024000000,-0.0002000000,0.0040000000,0.0166000000,0.0058000000
2023-06-30,0.0060000000,0.0144000000,0.0043000000,0.0060000000,0.0134000000,0.0162000000,0.0064000000,0.0103000000,0.0134000000,0.0097000000,0.0059000000,0.0112000000
2023-07-03,0.0069000000,0.0527000000,0.0024000000,0.0030000000,0.0043000000,-0.0026000000,0.0090000000,0.0063000000,-0.0002000000,-0.0086000000,0.0070000000,0.0024000000
2023-07-05,-0.0013000000,0.0063000000,-0.0136000000,-0.0053000000,-0.0112000000,-0.0012000000,-0.0031000000,0.0077000000,-0.0011000000,0.0001000000,-0.0061000000,-0.0050000000
2023-07-06,-0.0038000000,-0.0164000000,-0.0097000000,-0.0259000000,-0.0042000000,-0.0053000000,-0.0076000000,-0.0119000000,-0.0127000000,-0.0099000000,-0.0104000000,-0.0118000000
2023-07-07,-0.0080000000,-0.0009000000,0.0049000000,0.0195000000,-0.0037000000,-0.0032000000,-0.0009000000,-0.0056000000,-0.0002000000,-0.0100000000,0.0018000000,0.0051000000
2023-07-10,-0.0021000000,-0.0082000000,0.0114000000,0.0079000000,0.0015000000,0.0002000000,-0.0041000000,-0.0028000000,0.0040000000,0.0110000000,0.0053000000,0.0125000000
2023-07-11,0.0040000000,0.0032000000,0.0111000000,0.0216000000,0.0026000000,0.0065000000,0.0094000000,0.0126000000,0.0088000000,-0.0017000000,0.0130000000,0.0094000000
2023-07-12,0.0029000000,0.0086000000,0.0016000000,0.0070000000,0.0073000000,0.0125000000,0.0023000000,0.0145000000,0.0084000000,0.0021000000,0.0022000000,0.0066000000
2023-07-13,0.0083000000,0.0158000000,0.0052000000,-0.0049000000,0.0034000000,0.0176000000,0.0010000000,0.0040000000,0.0049000000,0.0011000000,0.0066000000,0.0059000000
2023-07-14,0.0011000000,0.0059000000,-0.0057000000,-0.0290000000,-0.0021000000,-0.0022000000,-0.0210000000,-0.0071000000,0.0008000000,0.0074000000,0.0005000000,-0.0042000000
2023-07-17,-0.0038000000,0.0192000000,0.0082000000,0.0013000000,-0.0024000000,0.0107000000,-0.0265000000,-0.0100000000,-0.0006000000,-0.0038000000,0.0098000000,0.0049000000
2023-07-18,-0.0016000000,0.0113000000,0.0055000000,0.0119000000,0.0039000000,0.0094000000,0.0126000000,-0.0046000000,-0.0003000000,0.0034000000,0.0169000000,0.0110000000
2023-07-19,0.0121000000,-0.0043000000,-0.0039000000,0.0051000000,0.0034000000,-0.0012000000,0.0231000000,0.0094000000,0.0092000000,0.0006000000,0.0098000000,-0.0020000000
2023-07-20,0.0070000000,-0.0702000000,-0.0051000000,0.0124000000,-0.0010000000,-0.0206000000,0.0128000000,0.0177000000,-0.0117000000,0.0150000000,0.0042000000,-0.0049000000
2023-07-21,0.0000000000,-0.0097000000,-0.0023000000,0.0090000000,0.0044000000,-0.0019000000,-0.0013000000,0.0128000000,0.0004000000,0.0075000000,-0.0036000000,-0.0025000000
2023-07-24,0.0025000000,0.0263000000,0.0058000000,0.0170000000,-0.0010000000,0.0024000000,-0.0019000000,-0.0012000000,0.0004000000,-0.0061000000,0.0090000000,0.0025000000
2023-07-25,-0.0002000000,-0.0157000000,-0.0004000000,0.0057000000,0.0106000000,0.0096000000,-0.0065000000,0.0014000000,0.0005000000,-0.0019000000,-0.0055000000,0.0035000000
2023-07-26,0.0033000000,-0.0004000000,0.0023000000,-0.0010000000,0.0012000000,-0.0026000000,-0.0021000000,0.0004000000,-0.0001000000,-0.0014000000,0.0063000000,0.0045000000
2023-07-27,-0.0085000000,-0.0244000000,0.0007000000,-0.0054000000,-0.0114000000,-0.0042000000,0.0003000000,-0.0159000000,-0.0056000000,-0.0058000000,-0.0113000000,-0.0134000000
2023-07-28,0.0093000000,0.0289000000,0.0111000000,0.0035000000,0.0139000000,0.0169000000,0.0092000000,-0.0013000000,0.0125000000,0.0078000000,0.0030000000,0.0091000000
2023-07-31,-0.0051000000,0.0051000000,0.0082000000,0.0204000000,-0.0011000000,0.0016000000,0.0062000000,0.0018000000,0.0054000000,-0.0073000000,0.0043000000,0.0050000000
2023-08-01,-0.0045000000,-0.0146000000,0.0038000000,-0.0036000000,-0.0016000000,-0.0004000000,-0.0043000000,-0.0117000000,-0.0077000000,-0.0072000000,-0.0020000000,-0.0051000000
2023-08-02,0.0018000000,-0.0240000000,-0.0167000000,-0.0142000000,-0.0040000000,-0.0248000000,-0.0092000000,-0.0016000000,-0.0120000000,-0.0047000000,-0.0070000000,-0.0104000000
2023-08-03,-0.0030000000,0.0138000000,-0.0039000000,0.0107000000,-0.0065000000,-0.0031000000,-0.0042000000,-0.0176000000,0.0035000000,-0.0053000000,0.0036000000,-0.0071000000
2023-08-04,-0.0109000000,-0.0184000000,-0.0066000000,0.0018000000,-0.0047000000,-0.0117000000,-0.0001000000,-0.0095000000,0.0178000000,-0.0024000000,-0.0027000000,-0.0014000000
2023-08-07,0.0081000000,-0.0060000000,0.0139000000,0.0018000000,0.0072000000,0.0055000000,0.0074000000,0.0010000000,0.0115000000,0.0074000000,0.0112000000,0.0146000000
2023-08-08,-0.0087000000,-0.0054000000,-0.0055000000,0.0050000000,-0.0075000000,-0.0076000000,0.0047000000,0.0038000000,-0.0084000000,0.0124000000,-0.0099000000,-0.0036000000
2023-08-09,0.0012000000,-0.0256000000,-0.0019000000,0.0121000000,-0.0024000000,-0.0150000000,-0.0010000000,0.0037000000,-0.0045000000,0.0011000000,-0.0084000000,-0.0077000000
2023-08-10,-0.0029000000,0.0026000000,-0.0051000000,-0.0004000000,-0.0016000000,0.0007000000,0.0130000000,-0.0034000000,0.0024000000,-0.0020000000,0.0012000000,0.0004000000
2023-08-11,0.0018000000,-0.0092000000,-0.0044000000,0.0147000000,0.0015000000,-0.0065000000,-0.0018000000,0.0061000000,0.0016000000,0.0067000000,0.0031000000,-0.0025000000
2023-08-14,-0.0019000000,-0.0070000000,0.0030000000,-0.0039000000,-0.0043000000,0.0149000000,0.0020000000,-0.0091000000,0.0046000000,0.0043000000,-0.0026000000,0.0025000000
2023-08-15,-0.0119000000,-0.0242000000,-0.0141000000,-0.0220000000,-0.0119000000,-0.0096000000,-0.0052000000,-0.0159000000,-0.0105000000,-0.0015000000,-0.0180000000,-0.0126000000
2023-08-16,-0.0038000000,-0.0253000000,-0.0075000000,-0.0080000000,-0.0080000000,-0.0095000000,-0.0080000000,0.0027000000,-0.0068000000,-0.0084000000,-0.0042000000,-0.0074000000
2023-08-17,-0.0079000000,-0.0215000000,-0.0075000000,0.0138000000,-0.0052000000,-0.0092000000,-0.0079000000,-0.0017000000,-0.0140000000,-0.0068000000,-0.0073000000,-0.0125000000
2023-08-18,0.0043000000,-0.0097000000,0.0015000000,0.0093000000,0.0022000000,-0.0012000000,-0.0026000000,0.0052000000,0.0023000000,0.0002000000,0.0015000000,0.0007000000
2023-08-21,-0.0052000000,0.0499000000,0.0005000000,-0.0056000000,-0.0034000000,0.0174000000,-0.0022000000,-0.0051000000,0.0008000000,0.0022000000,-0.0005000000,-0.0017000000
2023-08-22,-0.0064000000,0.0041000000,-0.0015000000,-0.0068000000,0.0000000000,-0.0012000000,-0.0028000000,0.0011000000,-0.0046000000,-0.0017000000,-0.0118000000,0.0004000000
2023-08-23,0.0061000000,0.0145000000,0.0074000000,-0.0051000000,0.0046000000,0.0195000000,0.0012000000,0.0031000000,0.0078000000,0.0027000000,0.0075000000,0.0120000000
2023-08-24,-0.0065000000,-0.0249000000,-0.0158000000,-0.0079000000,-0.0040000000,-0.0210000000,-0.0126000000,-0.0057000000,-0.0171000000,-0.0092000000,-0.0022000000,-0.0121000000
2023-08-25,0.0082000000,0.0281000000,0.0080000000,0.0114000000,0.0041000000,0.0072000000,0.0017000000,0.0072000000,0.0055000000,0.0086000000,0.0019000000,0.0036000000
2023-08-28,0.0051000000,0.0031000000,0.0110000000,0.0065000000,0.0048000000,0.0083000000,0.0130000000,0.0009000000,0.0043000000,0.0008000000,0.0075000000,0.0054000000
2023-08-29,0.0052000000,0.0574000000,0.0143000000,0.0035000000,0.0089000000,0.0212000000,0.0222000000,0.0036000000,0.0110000000,0.0088000000,0.0095000000,0.0129000000
2023-08-30,0.0002000000,0.0000000000,0.0056000000,0.0048000000,0.0043000000,0.0079000000,0.0023000000,-0.0031000000,0.0046000000,0.0005000000,-0.0006000000,0.0052000000
2023-08-31,-0.0065000000,0.0037000000,-0.0001000000,0.0023000000,-0.0006000000,0.0035000000,-0.0033000000,-0.0085000000,0.0048000000,-0.0086000000,-0.0059000000,-0.0041000000
2023-09-01,-0.0057000000,-0.0331000000,0.0078000000,0.0227000000,0.0029000000,0.0024000000,-0.0174000000,-0.0029000000,0.0005000000,0.0044000000,0.0073000000,0.0077000000
2023-09-05,-0.0091000000,0.0273000000,-0.0175000000,0.0043000000,-0.0147000000,0.0021000000,-0.0139000000,-0.0144000000,-0.0101000000,-0.0122000000,-0.0079000000,-0.0138000000
2023-09-06,-0.0033000000,-0.0129000000,-0.0054000000,0.0016000000,-0.0046000000,-0.0117000000,-0.0002000000,-0.0016000000,-0.0065000000,-0.0044000000,-0.0049000000,-0.0016000000
2023-09-07,0.0001000000,-0.0030000000,-0.0101000000,-0.0027000000,-0.0017000000,-0.0109000000,-0.0036000000,0.0116000000,0.0082000000,0.0021000000,0.0003000000,-0.0043000000
2023-09-08,0.0010000000,-0.0067000000,-0.0066000000,0.0117000000,-0.0010000000,0.0008000000,0.0026000000,0.0088000000,0.0008000000,0.0037000000,0.0034000000,0.0006000000
2023-09-11,0.0085000000,0.0711000000,-0.0055000000,-0.0143000000,0.0077000000,0.0060000000,0.0123000000,0.0018000000,0.0121000000,0.0090000000,0.0022000000,0.0061000000
2023-09-12,-0.0036000000,-0.0147000000,-0.0056000000,0.0230000000,-0.0135000000,-0.0161000000,0.0019000000,0.0046000000,-0.0050000000,-0.0018000000,0.0080000000,-0.0023000000
2023-09-13,0.0010000000,0.0084000000,-0.0077000000,-0.0077000000,0.0010000000,0.0028000000,0.0009000000,0.0099000000,0.0076000000,-0.0019000000,-0.0029000000,-0.0055000000
2023-09-14,0.0101000000,0.0164000000,0.0116000000,0.0123000000,0.0106000000,0.0080000000,0.0168000000,0.0140000000,0.0066000000,0.0010000000,0.0090000000,0.0093000000
2023-09-15,-0.0082000000,-0.0051000000,-0.0120000000,-0.0132000000,-0.0081000000,-0.0160000000,-0.0049000000,-0.0055000000,-0.0185000000,-0.0117000000,-0.0035000000,-0.0081000000
2023-09-18,0.0002000000,-0.0256000000,0.0018000000,0.0058000000,-0.0034000000,0.0029000000,-0.0023000000,-0.0002000000,-0.0036000000,-0.0033000000,0.0008000000,-0.0010000000
2023-09-19,-0.0020000000,0.0033000000,-0.0062000000,-0.0085000000,-0.0035000000,-0.0008000000,-0.0033000000,-0.0053000000,-0.0071000000,0.0023000000,-0.0028000000,-0.0032000000
2023-09-20,0.0013000000,-0.0134000000,-0.0051000000,-0.0104000000,-0.0040000000,-0.0172000000,0.0008000000,-0.0002000000,-0.0064000000,-0.0049000000,-0.0023000000,-0.0075000000
2023-09-21,-0.0126000000,-0.0241000000,-0.0185000000,-0.0131000000,-0.0141000000,-0.0173000000,-0.0047000000,-0.0119000000,-0.0250000000,-0.0141000000,-0.0120000000,-0.0187000000
2023-09-22,-0.0059000000,-0.0299000000,-0.0017000000,0.0010000000,-0.0046000000,0.0021000000,-0.0098000000,-0.0003000000,-0.0006000000,-0.0038000000,-0.0052000000,-0.0055000000
2023-09-25,-0.0064000000,0.0094000000,0.0045000000,0.0143000000,0.0008000000,0.0047000000,-0.0054000000,-0.0005000000,0.0064000000,0.0021000000,0.0040000000,0.0042000000
2023-09-26,-0.0074000000,-0.0120000000,-0.0139000000,-0.0039000000,-0.0127000000,-0.0169000000,-0.0087000000,-0.0274000000,-0.0206000000,-0.0054000000,-0.0150000000,-0.0128000000
2023-09-27,-0.0097000000,-0.0079000000,0.0095000000,0.0274000000,-0.0078000000,0.0037000000,0.0002000000,-0.0142000000,-0.0001000000,-0.0043000000,-0.0006000000,0.0013000000
2023-09-28,0.0038000000,0.0214000000,0.0064000000,0.0008000000,0.0052000000,0.0089000000,0.0077000000,-0.0164000000,0.0049000000,0.0038000000,0.0089000000,0.0074000000
2023-09-29,0.0013000000,0.0104000000,-0.0010000000,-0.0184000000,-0.0018000000,0.0015000000,-0.0008000000,-0.0006000000,-0.0007000000,-0.0082000000,-0.0070000000,-0.0078000000
2023-10-02,-0.0110000000,0.0003000000,-0.0085000000,-0.0215000000,-0.0098000000,0.0114000000,-0.0086000000,-0.0429000000,0.0029000000,-0.0044000000,-0.0070000000,-0.0080000000
2023-10-03,-0.0120000000,-0.0210000000,-0.0091000000,-0.0014000000,-0.0059000000,-0.0174000000,-0.0130000000,0.0092000000,-0.0214000000,-0.0108000000,-0.0170000000,-0.0151000000
2023-10-04,0.0072000000,0.0456000000,0.0043000000,-0.0349000000,0.0082000000,0.0128000000,-0.0002000000,-0.0008000000,0.0114000000,0.0029000000,0.0076000000,0.0063000000
2023-10-05,-0.0281000000,-0.0109000000,-0.0068000000,-0.0056000000,-0.0137000000,0.0008000000,0.0021000000,-0.0013000000,-0.0062000000,0.0074000000,0.0072000000,-0.0031000000
2023-10-06,0.0004000000,0.0055000000,0.0086000000,0.0054000000,0.0040000000,0.0203000000,0.0068000000,0.0135000000,0.0027000000,0.0103000000,0.0103000000,0.0119000000
2023-10-09,0.0034000000,-0.0021000000,0.0154000000,0.0360000000,-0.0035000000,0.0058000000,0.0172000000,0.0126000000,0.0044000000,0.0024000000,0.0015000000,0.0024000000
2023-10-10,0.0111000000,0.0137000000,0.0090000000,-0.0001000000,0.0098000000,0.0027000000,0.0105000000,0.0118000000,0.0095000000,0.0072000000,0.0067000000,0.0086000000
2023-10-11,-0.0077000000,-0.0020000000,0.0064000000,-0.0138000000,-0.0044000000,0.0097000000,-0.0015000000,0.0140000000,0.0056000000,-0.0058000000,0.0010000000,0.0024000000
2023-10-12,-0.0261000000,-0.0163000000,-0.0115000000,0.0003000000,-0.0086000000,-0.0039000000,-0.0133000000,-0.0126000000,-0.0042000000,-0.0117000000,-0.0055000000,-0.0160000000
2023-10-13,0.0083000000,-0.0259000000,-0.0090000000,0.0228000000,0.0014000000,-0.0145000000,-0.0001000000,0.0101000000,-0.0061000000,0.0035000000,0.0032000000,-0.0097000000
2023-10-16,0.0146000000,0.0126000000,0.0103000000,0.0061000000,0.0125000000,0.0114000000,0.0142000000,0.0107000000,0.0153000000,0.0090000000,0.0114000000,0.0119000000
2023-10-17,0.0085000000,0.0043000000,0.0061000000,0.0106000000,0.0071000000,-0.0043000000,0.0037000000,-0.0012000000,0.0010000000,-0.0005000000,0.0067000000,0.0035000000
2023-10-18,-0.0016000000,-0.0432000000,-0.0217000000,0.0100000000,-0.0034000000,-0.0146000000,-0.0162000000,-0.0097000000,-0.0136000000,-0.0097000000,-0.0159000000,-0.0243000000
2023-10-19,-0.0074000000,-0.0715000000,-0.0148000000,-0.0013000000,-0.0094000000,-0.0049000000,-0.0046000000,-0.0088000000,-0.0063000000,-0.0126000000,-0.0132000000,-0.0021000000
2023-10-20,-0.0013000000,-0.0262000000,-0.0104000000,-0.0167000000,-0.0048000000,-0.0171000000,-0.0055000000,-0.0108000000,-0.0131000000,-0.0028000000,-0.0161000000,-0.0083000000
2023-10-23,-0.0065000000,-0.0023000000,-0.0045000000,-0.0183000000,-0.0072000000,0.0039000000,-0.0037000000,-0.0084000000,0.0009000000,-0.0069000000,-0.0088000000,-0.0002000000
2023-10-24,0.0122000000,0.0161000000,0.0113000000,-0.0128000000,0.0086000000,0.0076000000,0.0235000000,0.0197000000,0.0083000000,0.0074000000,0.0050000000,0.0058000000
2023-10-25,0.0029000000,-0.0143000000,-0.0116000000,-0.0015000000,-0.0036000000,-0.0264000000,-0.0165000000,0.0031000000,-0.0205000000,-0.0114000000,-0.0027000000,-0.0134000000
2023-10-26,-0.0087000000,-0.0259000000,0.0001000000,-0.0078000000,-0.0015000000,-0.0206000000,-0.0150000000,0.0076000000,-0.0075000000,-0.0116000000,0.0002000000,-0.0075000000
2023-10-27,-0.0119000000,-0.0068000000,-0.0074000000,-0.0221000000,-0.0155000000,0.0038000000,-0.0197000000,-0.0181000000,0.0171000000,-0.0188000000,-0.0167000000,-0.0096000000
2023-10-30,0.0145000000,-0.0330000000,0.0099000000,0.0024000000,0.0113000000,0.0116000000,0.0237000000,0.0057000000,0.0208000000,0.0069000000,0.0154000000,0.0160000000
2023-10-31,0.0030000000,0.0132000000,0.0055000000,0.0036000000,0.0067000000,0.0059000000,0.0163000000,0.0089000000,0.0046000000,0.0037000000,0.0096000000,0.0077000000
2023-11-01,0.0018000000,0.0188000000,0.0080000000,-0.0032000000,-0.0078000000,0.0163000000,0.0067000000,0.0109000000,0.0112000000,0.0064000000,0.0032000000,0.0056000000
2023-11-02,0.0186000000,0.0482000000,0.0218000000,0.0302000000,0.0193000000,0.0159000000,0.0228000000,0.0223000000,0.0145000000,0.0168000000,0.0230000000,0.0234000000
2023-11-03,0.0070000000,0.0118000000,0.0126000000,-0.0100000000,0.0051000000,0.0132000000,0.0178000000,0.0055000000,0.0087000000,0.0084000000,0.0134000000,0.0181000000
2023-11-06,-0.0021000000,-0.0065000000,-0.0042000000,-0.0143000000,-0.0012000000,0.0050000000,-0.0131000000,-0.0049000000,0.0030000000,0.0050000000,-0.0027000000,-0.0037000000
2023-11-07,0.0015000000,0.0076000000,-0.0031000000,-0.0223000000,-0.0083000000,0.0109000000,0.0005000000,-0.0089000000,0.0085000000,0.0010000000,-0.0004000000,0.0013000000
2023-11-08,-0.0023000000,-0.0028000000,0.0017000000,-0.0119000000,0.0010000000,0.0050000000,-0.0124000000,-0.0094000000,-0.0049000000,-0.0017000000,-0.0017000000,0.0003000000
2023-11-09,-0.0076000000,-0.0453000000,-0.0032000000,-0.0029000000,-0.0016000000,-0.0060000000,0.0053000000,-0.0111000000,-0.0091000000,-0.0282000000,-0.0054000000,-0.0044000000
2023-11-10,0.0010000000,0.0205000000,0.0156000000,0.0108000000,0.0079000000,0.0230000000,0.0039000000,0.0042000000,0.0157000000,0.0051000000,0.0105000000,0.0136000000
2023-11-13,0.0028000000,0.0301000000,-0.0008000000,0.0076000000,0.0027000000,-0.0041000000,-0.0019000000,-0.0090000000,-0.0024000000,0.0083000000,-0.0004000000,-0.0009000000
2023-11-14,0.0124000000,0.0562000000,0.0236000000,0.0096000000,0.0226000000,0.0213000000,0.0126000000,0.0370000000,0.0224000000,0.0127000000,0.0225000000,0.0292000000
2023-11-15,0.0026000000,0.0173000000,0.0052000000,-0.0025000000,0.0015000000,0.0007000000,0.0135000000,-0.0016000000,-0.0005000000,-0.0005000000,0.0040000000,0.0043000000
2023-11-16,-0.0035000000,-0.0318000000,-0.0042000000,-0.0192000000,0.0036000000,0.0054000000,-0.0002000000,0.0022000000,-0.0138000000,0.0019000000,0.0002000000,0.0014000000
2023-11-17,0.0014000000,0.0055000000,0.0023000000,0.0213000000,-0.0034000000,-0.0020000000,0.0010000000,0.0043000000,0.0076000000,0.0031000000,0.0062000000,0.0043000000
2023-11-20,0.0020000000,0.0055000000,0.0041000000,0.0011000000,-0.0010000000,0.0133000000,0.0111000000,-0.0029000000,0.0048000000,0.0070000000,0.0026000000,0.0066000000
2023-11-21,0.0023000000,0.0128000000,-0.0021000000,-0.0032000000,-0.0005000000,-0.0060000000,-0.0038000000,0.0023000000,-0.0055000000,-0.0014000000,-0.0005000000,-0.0016000000
2023-11-22,0.0086000000,-0.0194000000,0.0027000000,-0.0005000000,0.0059000000,0.0059000000,0.0027000000,0.0047000000,0.0093000000,0.0045000000,0.0055000000,0.0047000000
2023-11-24,0.0031000000,0.0063000000,0.0037000000,0.0047000000,0.0047000000,-0.0033000000,0.0041000000,0.0034000000,0.0027000000,0.0059000000,0.0044000000,0.0015000000
2023-11-27,-0.0047000000,0.0012000000,-0.0009000000,-0.0048000000,-0.0033000000,-0.0007000000,-0.0059000000,0.0004000000,0.0018000000,-0.0067000000,-0.0032000000,-0.0044000000
2023-11-28,0.0014000000,0.0316000000,-0.0050000000,0.0005000000,0.0034000000,0.0033000000,-0.0060000000,0.0020000000,-0.0014000000,-0.0052000000,-0.0017000000,-0.0016000000
2023-11-29,-0.0064000000,-0.0020000000,0.0061000000,-0.0084000000,-0.0020000000,-0.0001000000,0.0032000000,-0.0062000000,-0.0051000000,0.0048000000,0.0061000000,0.0006000000
2023-11-30,0.0088000000,-0.0129000000,0.0098000000,0.0054000000,0.0132000000,-0.0025000000,0.0063000000,0.0062000000,0.0027000000,0.0101000000,0.0130000000,0.0052000000
2023-12-01,0.0110000000,0.0040000000,0.0161000000,0.0052000000,0.0071000000,0.0032000000,0.0118000000,0.0130000000,0.0112000000,0.0075000000,0.0115000000,0.0161000000
2023-12-04,0.0018000000,-0.0071000000,0.0029000000,-0.0062000000,-0.0014000000,-0.0117000000,-0.0013000000,-0.0026000000,-0.0028000000,0.0058000000,0.0012000000,-0.0008000000
2023-12-05,-0.0063000000,0.0058000000,-0.0118000000,-0.0170000000,-0.0230000000,0.0055000000,-0.0109000000,-0.0088000000,0.0020000000,-0.0022000000,-0.0044000000,-0.0098000000
2023-12-06,-0.0021000000,0.0052000000,0.0031000000,-0.0164000000,0.0009000000,-0.0079000000,0.0006000000,0.0096000000,-0.0041000000,0.0017000000,-0.0044000000,0.0007000000
2023-12-07,0.0041000000,0.0130000000,0.0026000000,-0.0038000000,0.0097000000,0.0154000000,0.0082000000,-0.0025000000,0.0056000000,0.0013000000,0.0057000000,0.0061000000
2023-12-08,-0.0021000000,0.0049000000,0.0052000000,0.0110000000,-0.0051000000,0.0066000000,0.0020000000,-0.0002000000,-0.0001000000,0.0024000000,0.0069000000,0.0050000000
2023-12-11,0.0117000000,-0.0095000000,0.0110000000,0.0011000000,0.0038000000,0.0013000000,0.0007000000,0.0033000000,0.0043000000,0.0029000000,0.0049000000,0.0100000000
2023-12-12,0.0022000000,-0.0086000000,0.0008000000,-0.0149000000,0.0019000000,0.0059000000,-0.0055000000,-0.0057000000,0.0052000000,0.0069000000,0.0058000000,0.0047000000
2023-12-13,0.0176000000,0.0120000000,0.0162000000,0.0141000000,0.0237000000,0.0110000000,0.0120000000,0.0338000000,0.0161000000,0.0212000000,0.0194000000,0.0163000000
2023-12-14,-0.0093000000,0.0494000000,0.0214000000,0.0302000000,-0.0024000000,-0.0010000000,0.0136000000,-0.0086000000,-0.0020000000,-0.0008000000,0.0128000000,0.0111000000
2023-12-15,-0.0085000000,0.0049000000,-0.0019000000,-0.0044000000,-0.0022000000,0.0052000000,-0.0093000000,-0.0157000000,0.0060000000,-0.0072000000,-0.0053000000,-0.0042000000
2023-12-18,0.0063000000,-0.0045000000,-0.0006000000,0.0088000000,0.0057000000,0.0063000000,-0.0010000000,-0.0016000000,0.0127000000,0.0016000000,-0.0007000000,0.0037000000
2023-12-19,0.0040000000,0.0187000000,0.0129000000,0.0129000000,0.0069000000,0.0051000000,0.0056000000,0.0065000000,0.0039000000,0.0101000000,0.0084000000,0.0098000000
2023-12-20,-0.0200000000,-0.0324000000,-0.0163000000,-0.0104000000,-0.0162000000,-0.0125000000,-0.0163000000,-0.0178000000,-0.0126000000,-0.0174000000,-0.0163000000,-0.0188000000
2023-12-21,0.0091000000,0.0269000000,0.0128000000,0.0043000000,0.0086000000,0.0116000000,0.0052000000,0.0035000000,0.0106000000,0.0138000000,0.0101000000,0.0102000000
2023-12-22,0.0042000000,-0.0050000000,-0.0027000000,0.0022000000,0.0068000000,0.0011000000,-0.0012000000,0.0037000000,0.0013000000,0.0092000000,0.0028000000,0.0030000000
2023-12-26,0.0057000000,0.0135000000,0.0086000000,0.0093000000,0.0062000000,0.0039000000,0.0041000000,0.0062000000,0.0024000000,0.0043000000,0.0053000000,0.0047000000
2023-12-27,0.0033000000,0.0133000000,0.0005000000,-0.0047000000,0.0013000000,0.0001000000,0.0000000000,-0.0015000000,0.0023000000,0.0067000000,0.0033000000,0.0014000000
2023-12-28,0.0024000000,-0.0224000000,-0.0012000000,-0.0152000000,-0.0015000000,0.0011000000,0.0052000000,0.0054000000,-0.0005000000,0.0017000000,0.0033000000,0.0007000000
2023-12-29,0.0008000000,-0.0149000000,-0.0038000000,-0.0032000000,-0.0011000000,-0.0046000000,-0.0008000000,-0.0018000000,-0.0039000000,-0.0018000000,-0.0039000000,-0.0056000000
2024-01-02,0.0147000000,-0.0033000000,-0.0114000000,0.0106000000,0.0040000000,-0.0222000000,0.0120000000,0.0129000000,-0.0070000000,0.0149000000,0.0041000000,-0.0075000000
2024-01-03,-0.0083000000,-0.0376000000,-0.0181000000,0.0133000000,-0.0156000000,-0.0102000000,-0.0019000000,0.0048000000,-0.0129000000,-0.0009000000,-0.0116000000,-0.0128000000
2024-01-04,-0.0039000000,-0.0025000000,-0.0021000000,-0.0163000000,-0.0015000000,-0.0051000000,-0.0055000000,-0.0044000000,-0.0097000000,0.0042000000,0.0050000000,-0.0012000000
2024-01-05,-0.0044000000,0.0002000000,0.0021000000,0.0012000000,-0.0015000000,0.0011000000,0.0090000000,0.0032000000,0.0021000000,0.0018000000,0.0036000000,0.0028000000
2024-01-08,0.0071000000,0.0133000000,0.0052000000,-0.0107000000,0.0081000000,0.0263000000,0.0057000000,0.0059000000,0.0157000000,0.0133000000,0.0049000000,0.0134000000
2024-01-09,-0.0020000000,-0.0174000000,-0.0063000000,-0.0148000000,-0.0027000000,0.0026000000,-0.0118000000,-0.0072000000,0.0045000000,0.0004000000,-0.0071000000,-0.0051000000
2024-01-10,-0.0040000000,-0.0033000000,0.0022000000,-0.0116000000,0.0013000000,0.0104000000,-0.0004000000,-0.0014000000,0.0111000000,0.0045000000,0.0011000000,0.0039000000
2024-01-11,-0.0021000000,-0.0213000000,-0.0004000000,0.0022000000,0.0007000000,0.0024000000,-0.0146000000,-0.0210000000,0.0030000000,-0.0036000000,-0.0038000000,-0.0014000000
2024-01-12,0.0028000000,-0.0291000000,-0.0013000000,0.0124000000,-0.0009000000,0.0031000000,0.0056000000,0.0058000000,-0.0020000000,0.0027000000,-0.0067000000,-0.0021000000
2024-01-16,-0.0085000000,0.0023000000,-0.0106000000,-0.0243000000,-0.0073000000,0.0003000000,0.0075000000,-0.0117000000,-0.0020000000,-0.0076000000,-0.0064000000,-0.0091000000
2024-01-17,-0.0025000000,-0.0175000000,-0.0079000000,-0.0074000000,-0.0038000000,-0.0055000000,-0.0109000000,-0.0140000000,-0.0062000000,-0.0041000000,-0.0020000000,-0.0055000000
2024-01-18,0.0001000000,-0.0118000000,0.0144000000,-0.0019000000,0.0014000000,0.0177000000,0.0072000000,-0.0088000000,0.0099000000,0.0009000000,-0.0014000000,0.0122000000
2024-01-19,-0.0035000000,0.0041000000,0.0110000000,0.0034000000,-0.0034000000,0.0213000000,0.0108000000,-0.0008000000,0.0074000000,0.0041000000,0.0117000000,0.0085000000
2024-01-22,-0.0073000000,-0.0079000000,0.0070000000,0.0026000000,0.0043000000,0.0047000000,0.0080000000,-0.0028000000,0.0001000000,0.0034000000,0.0087000000,0.0058000000
2024-01-23,0.0063000000,0.0032000000,-0.0026000000,0.0038000000,0.0182000000,0.0046000000,0.0132000000,0.0012000000,-0.0005000000,-0.0008000000,-0.0014000000,0.0003000000
2024-01-24,-0.0111000000,-0.0090000000,-0.0014000000,0.0148000000,-0.0147000000,0.0049000000,-0.0131000000,-0.0127000000,-0.0032000000,-0.0096000000,0.0032000000,0.0024000000
2024-01-25,0.0068000000,-0.0763000000,0.0089000000,0.0208000000,0.0166000000,0.0045000000,0.0179000000,0.0177000000,0.0059000000,0.0045000000,-0.0002000000,0.0127000000
2024-01-26,0.0048000000,0.0039000000,-0.0018000000,0.0079000000,0.0038000000,-0.0058000000,0.0073000000,0.0031000000,0.0046000000,0.0024000000,0.0043000000,0.0028000000
2024-01-29,0.0058000000,0.0306000000,0.0071000000,-0.0014000000,0.0055000000,0.0113000000,0.0029000000,0.0055000000,0.0083000000,0.0087000000,0.0054000000,0.0064000000
2024-01-30,0.0024000000,0.0063000000,0.0016000000,0.0158000000,0.0023000000,-0.0068000000,0.0002000000,0.0005000000,-0.0015000000,-0.0028000000,0.0094000000,-0.0012000000
2024-01-31,-0.0126000000,-0.0187000000,-0.0134000000,-0.0198000000,-0.0090000000,-0.0268000000,-0.0034000000,-0.0054000000,-0.0145000000,-0.0016000000,-0.0128000000,-0.0136000000
2024-02-01,0.0252000000,0.0118000000,0.0128000000,-0.0017000000,0.0144000000,0.0135000000,0.0111000000,0.0182000000,0.0215000000,0.0159000000,-0.0023000000,0.0138000000
2024-02-02,-0.0051000000,-0.0022000000,0.0029000000,-0.0001000000,-0.0058000000,0.0209000000,-0.0223000000,-0.0150000000,0.0275000000,-0.0037000000,0.0052000000,0.0031000000
2024-02-05,-0.0123000000,-0.0297000000,-0.0043000000,-0.0025000000,-0.0122000000,0.0013000000,-0.0097000000,-0.0195000000,-0.0093000000,0.0077000000,-0.0098000000,-0.0066000000
2024-02-06,0.0030000000,0.0184000000,0.0035000000,0.0043000000,0.0060000000,-0.0013000000,-0.0016000000,0.0032000000,0.0009000000,0.0108000000,0.0035000000,0.0094000000
2024-02-07,-0.0035000000,0.0133000000,0.0083000000,0.0034000000,0.0017000000,0.0137000000,-0.0153000000,0.0010000000,0.0088000000,0.0005000000,0.0063000000,0.0063000000
2024-02-08,0.0041000000,0.0093000000,0.0034000000,0.0116000000,-0.0020000000,0.0025000000,0.0069000000,-0.0054000000,0.0006000000,0.0004000000,0.0019000000,0.0000000000
2024-02-09,-0.0109000000,0.0136000000,0.0084000000,-0.0150000000,-0.0026000000,0.0128000000,0.0019000000,0.0037000000,0.0109000000,0.0020000000,0.0042000000,0.0012000000
2024-02-12,0.0114000000,-0.0134000000,0.0059000000,0.0102000000,0.0051000000,-0.0057000000,0.0108000000,0.0120000000,-0.0009000000,0.0034000000,0.0068000000,0.0035000000
2024-02-13,-0.0120000000,-0.0234000000,-0.0196000000,-0.0095000000,-0.0084000000,-0.0169000000,-0.0088000000,-0.0165000000,-0.0175000000,-0.0129000000,-0.0150000000,-0.0158000000
2024-02-14,-0.0005000000,0.0209000000,0.0137000000,-0.0002000000,0.0003000000,0.0139000000,0.0039000000,0.0034000000,0.0086000000,0.0091000000,0.0110000000,0.0197000000
2024-02-15,0.0047000000,0.0458000000,0.0071000000,0.0273000000,0.0129000000,-0.0026000000,0.0062000000,0.0198000000,0.0034000000,0.0094000000,0.0174000000,0.0127000000
2024-02-16,-0.0032000000,-0.0053000000,-0.0017000000,-0.0009000000,0.0005000000,-0.0108000000,-0.0114000000,0.0011000000,-0.0002000000,0.0044000000,-0.0031000000,-0.0056000000
2024-02-20,0.0092000000,-0.0214000000,-0.0098000000,-0.0100000000,0.0003000000,-0.0103000000,-0.0016000000,-0.0013000000,-0.0030000000,-0.0063000000,-0.0061000000,-0.0049000000
2024-02-21,0.0037000000,0.0039000000,0.0045000000,0.0191000000,0.0083000000,-0.0065000000,-0.0004000000,0.0145000000,0.0027000000,0.0004000000,0.0015000000,0.0038000000
2024-02-22,0.0012000000,0.0067000000,0.0116000000,0.0002000000,0.0088000000,0.0359000000,-0.0034000000,-0.0059000000,0.0205000000,0.0143000000,0.0108000000,0.0159000000
2024-02-23,0.0028000000,-0.0182000000,0.0032000000,-0.0053000000,0.0046000000,-0.0024000000,0.0001000000,0.0047000000,0.0052000000,0.0044000000,0.0020000000,0.0015000000
2024-02-26,-0.0045000000,0.0262000000,0.0013000000,0.0042000000,-0.0053000000,-0.0041000000,-0.0060000000,-0.0168000000,0.0019000000,-0.0023000000,-0.0021000000,-0.0066000000
2024-02-27,-0.0003000000,0.0043000000,0.0026000000,-0.0046000000,0.0012000000,0.0028000000,0.0073000000,0.0174000000,0.0022000000,0.0029000000,0.0026000000,0.0031000000
2024-02-28,-0.0004000000,0.0097000000,0.0019000000,-0.0036000000,0.0026000000,-0.0060000000,0.0000000000,0.0033000000,0.0015000000,-0.0057000000,-0.0008000000,0.0007000000
2024-02-29,0.0049000000,0.0026000000,0.0051000000,0.0047000000,0.0015000000,0.0108000000,0.0056000000,0.0033000000,0.0063000000,-0.0090000000,0.0021000000,0.0065000000
2024-03-01,-0.0052000000,0.0049000000,0.0063000000,0.0125000000,0.0021000000,0.0134000000,0.0000000000,-0.0043000000,0.0057000000,0.0143000000,-0.0023000000,0.0046000000
2024-03-04,-0.0020000000,-0.0459000000,-0.0002000000,-0.0128000000,0.0025000000,-0.0017000000,-0.0073000000,0.0161000000,-0.0005000000,-0.0023000000,0.0033000000,-0.0013000000
2024-03-05,-0.0038000000,-0.0264000000,-0.0074000000,0.0064000000,-0.0061000000,-0.0198000000,0.0054000000,-0.0005000000,-0.0053000000,-0.0082000000,0.0011000000,-0.0103000000
2024-03-06,0.0042000000,-0.0137000000,0.0063000000,0.0033000000,0.0066000000,0.0080000000,-0.0048000000,0.0089000000,0.0014000000,0.0077000000,0.0036000000,0.0057000000
2024-03-07,0.0015000000,0.0087000000,0.0097000000,0.0087000000,0.0121000000,0.0183000000,-0.0053000000,0.0072000000,0.0089000000,0.0023000000,0.0014000000,0.0090000000
2024-03-08,0.0048000000,-0.0131000000,-0.0061000000,0.0041000000,-0.0034000000,-0.0130000000,0.0054000000,0.0014000000,-0.0098000000,-0.0025000000,0.0015000000,-0.0009000000
2024-03-11,0.0084000000,0.0070000000,-0.0066000000,0.0093000000,0.0076000000,-0.0037000000,0.0166000000,0.0039000000,-0.0078000000,-0.0067000000,0.0022000000,-0.0016000000
2024-03-12,0.0026000000,0.0001000000,0.0035000000,-0.0023000000,0.0008000000,0.0210000000,-0.0052000000,-0.0070000000,0.0133000000,0.0058000000,0.0033000000,0.0054000000
2024-03-13,0.0057000000,-0.0242000000,0.0017000000,0.0164000000,0.0048000000,-0.0070000000,0.0023000000,0.0049000000,0.0021000000,-0.0038000000,0.0040000000,0.0046000000
2024-03-14,-0.0065000000,-0.0306000000,-0.0048000000,0.0108000000,-0.0103000000,-0.0010000000,-0.0101000000,-0.0070000000,0.0014000000,-0.0067000000,-0.0079000000,-0.0085000000
2024-03-15,-0.0002000000,0.0086000000,0.0031000000,0.0039000000,0.0018000000,-0.0123000000,-0.0036000000,0.0007000000,-0.0101000000,-0.0036000000,0.0006000000,-0.0011000000
2024-03-18,0.0094000000,0.0393000000,0.0018000000,0.0029000000,-0.0003000000,0.0097000000,0.0075000000,0.0044000000,0.0002000000,0.0000000000,0.0023000000,0.0024000000
2024-03-19,0.0047000000,-0.0055000000,0.0088000000,0.0108000000,0.0013000000,0.0044000000,-0.0001000000,0.0093000000,0.0086000000,0.0068000000,0.0050000000,0.0069000000
2024-03-20,0.0037000000,0.0237000000,0.0118000000,0.0002000000,0.0058000000,0.0121000000,0.0064000000,0.0035000000,0.0117000000,-0.0007000000,0.0142000000,0.0137000000
2024-03-21,0.0016000000,-0.0039000000,0.0134000000,0.0046000000,0.0025000000,0.0019000000,0.0000000000,0.0006000000,0.0055000000,0.0007000000,0.0106000000,0.0060000000
2024-03-22,-0.0100000000,-0.0091000000,-0.0072000000,-0.0024000000,-0.0039000000,0.0046000000,-0.0071000000,0.0003000000,-0.0039000000,-0.0021000000,-0.0126000000,-0.0041000000
2024-03-25,-0.0014000000,0.0058000000,-0.0030000000,0.0096000000,-0.0062000000,-0.0053000000,0.0102000000,0.0042000000,-0.0035000000,0.0012000000,-0.0019000000,-0.0045000000
2024-03-26,-0.0001000000,0.0158000000,-0.0019000000,-0.0087000000,0.0005000000,-0.0056000000,-0.0001000000,-0.0110000000,-0.0025000000,0.0033000000,0.0014000000,-0.0006000000
2024-03-27,0.0095000000,0.0157000000,0.0156000000,0.0098000000,0.0181000000,0.0019000000,0.0140000000,0.0249000000,0.0107000000,0.0149000000,0.0131000000,0.0107000000
2024-03-28,0.0026000000,-0.0109000000,0.0018000000,0.0114000000,0.0027000000,-0.0018000000,0.0069000000,0.0083000000,0.0008000000,0.0017000000,0.0045000000,0.0034000000
2024-04-01,-0.0062000000,-0.0028000000,-0.0039000000,0.0080000000,-0.0086000000,0.0038000000,-0.0079000000,-0.0051000000,-0.0054000000,-0.0103000000,-0.0084000000,-0.0052000000
2024-04-02,-0.0081000000,-0.0338000000,-0.0074000000,0.0136000000,-0.0055000000,-0.0081000000,-0.0015000000,0.0019000000,-0.0084000000,-0.0111000000,-0.0127000000,-0.0079000000
2024-04-03,-0.0096000000,0.0091000000,0.0045000000,0.0078000000,-0.0116000000,0.0024000000,-0.0036000000,-0.0017000000,0.0003000000,-0.0010000000,0.0006000000,0.0097000000
2024-04-04,-0.0052000000,0.0021000000,-0.0084000000,-0.0006000000,-0.0097000000,-0.0157000000,-0.0118000000,-0.0037000000,-0.0119000000,-0.0145000000,-0.0103000000,-0.0114000000
2024-04-05,-0.0006000000,-0.0175000000,0.0119000000,0.0114000000,0.0037000000,0.0142000000,-0.0033000000,0.0041000000,0.0130000000,0.0098000000,0.0082000000,0.0141000000
2024-04-08,0.0012000000,0.0303000000,-0.0005000000,-0.0057000000,0.0001000000,-0.0012000000,-0.0050000000,0.0051000000,0.0006000000,-0.0038000000,0.0059000000,-0.0016000000
2024-04-09,0.0047000000,0.0122000000,-0.0006000000,-0.0001000000,0.0068000000,0.0030000000,-0.0010000000,0.0037000000,0.0019000000,0.0019000000,-0.0043000000,0.0005000000
2024-04-10,-0.0131000000,-0.0251000000,-0.0101000000,0.0046000000,-0.0126000000,-0.0073000000,-0.0114000000,-0.0157000000,-0.0042000000,-0.0100000000,-0.0165000000,-0.0154000000
2024-04-11,-0.0031000000,0.0083000000,0.0040000000,-0.0024000000,-0.0058000000,0.0198000000,0.0006000000,-0.0012000000,0.0038000000,-0.0016000000,-0.0062000000,0.0055000000
2024-04-12,-0.0136000000,-0.0198000000,-0.0159000000,-0.0143000000,-0.0125000000,-0.0162000000,-0.0161000000,-0.0080000000,-0.0117000000,-0.0165000000,-0.0144000000,-0.0144000000
2024-04-15,-0.0049000000,-0.0380000000,-0.0057000000,-0.0095000000,-0.0032000000,-0.0203000000,-0.0020000000,-0.0086000000,-0.0105000000,-0.0052000000,-0.0040000000,-0.0105000000
2024-04-16,0.0018000000,-0.0180000000,0.0007000000,-0.0080000000,-0.0025000000,0.0003000000,-0.0037000000,-0.0126000000,-0.0017000000,-0.0051000000,-0.0016000000,-0.0050000000
2024-04-17,0.0053000000,-0.0098000000,-0.0091000000,-0.0041000000,0.0031000000,-0.0126000000,-0.0017000000,0.0169000000,-0.0053000000,-0.0043000000,0.0023000000,-0.0054000000
2024-04-18,0.0070000000,-0.0222000000,-0.0041000000,-0.0031000000,0.0064000000,-0.0055000000,0.0068000000,0.0055000000,-0.0049000000,-0.0046000000,0.0067000000,-0.0024000000
2024-04-19,0.0142000000,-0.0124000000,-0.0017000000,0.0111000000,0.0013000000,-0.0259000000,0.0102000000,0.0162000000,-0.0068000000,-0.0004000000,0.0142000000,-0.0060000000
2024-04-22,0.0094000000,-0.0113000000,0.0036000000,0.0067000000,0.0104000000,0.0119000000,-0.0083000000,0.0087000000,0.0085000000,0.0073000000,0.0105000000,0.0078000000
2024-04-23,0.0034000000,0.0178000000,0.0087000000,0.0056000000,0.0027000000,0.0189000000,0.0112000000,0.0049000000,0.0074000000,0.0118000000,0.0082000000,0.0155000000
2024-04-24,0.0123000000,0.0674000000,-0.0027000000,0.0007000000,0.0031000000,0.0004000000,0.0019000000,0.0072000000,-0.0053000000,-0.0035000000,0.0003000000,-0.0088000000
2024-04-25,-0.0054000000,0.0257000000,-0.0033000000,0.0054000000,-0.0035000000,-0.0080000000,-0.0173000000,0.0033000000,-0.0058000000,-0.0096000000,-0.0048000000,0.0041000000
2024-04-26,-0.0020000000,-0.0052000000,0.0077000000,-0.0084000000,0.0017000000,0.0250000000,0.0038000000,-0.0099000000,0.0148000000,0.0012000000,-0.0007000000,-0.0005000000
2024-04-29,0.0072000000,0.0942000000,0.0094000000,0.0071000000,0.0051000000,-0.0017000000,0.0075000000,0.0135000000,0.0034000000,0.0074000000,-0.0031000000,0.0026000000
2024-04-30,-0.0079000000,-0.0495000000,-0.0190000000,-0.0311000000,-0.0022000000,-0.0200000000,-0.0142000000,-0.0079000000,-0.0195000000,0.0021000000,-0.0117000000,-0.0175000000
2024-05-01,-0.0042000000,-0.0110000000,-0.0051000000,-0.0166000000,-0.0044000000,-0.0059000000,0.0032000000,0.0077000000,-0.0004000000,0.0057000000,0.0027000000,-0.0002000000
2024-05-02,0.0081000000,0.0043000000,0.0120000000,0.0056000000,0.0094000000,0.0142000000,0.0054000000,0.0063000000,0.0172000000,-0.0011000000,0.0057000000,0.0093000000
2024-05-03,0.0025000000,0.0048000000,0.0082000000,0.0001000000,0.0050000000,0.0235000000,0.0035000000,0.0084000000,0.0077000000,0.0034000000,0.0034000000,0.0080000000
2024-05-06,-0.0017000000,0.0163000000,0.0107000000,0.0087000000,0.0040000000,0.0142000000,0.0073000000,0.0056000000,0.0087000000,0.0055000000,0.0117000000,0.0127000000
2024-05-07,0.0088000000,-0.0232000000,0.0022000000,-0.0013000000,0.0133000000,-0.0018000000,-0.0216000000,0.0088000000,0.0025000000,0.0076000000,0.0031000000,0.0012000000
2024-05-08,-0.0001000000,-0.0096000000,0.0019000000,-0.0019000000,-0.0025000000,0.0000000000,0.0049000000,0.0083000000,-0.0045000000,-0.0067000000,0.0042000000,-0.0028000000
2024-05-09,0.0076000000,-0.0055000000,0.0089000000,0.0132000000,0.0079000000,0.0003000000,0.0036000000,0.0144000000,0.0118000000,0.0068000000,0.0083000000,0.0071000000
2024-05-10,0.0059000000,-0.0138000000,0.0014000000,-0.0074000000,0.0018000000,0.0029000000,0.0064000000,-0.0010000000,-0.0019000000,-0.0038000000,0.0039000000,0.0016000000
2024-05-13,0.0029000000,0.0122000000,-0.0050000000,-0.0035000000,-0.0043000000,0.0030000000,0.0033000000,0.0006000000,-0.0047000000,0.0008000000,-0.0046000000,-0.0021000000
2024-05-14,-0.0002000000,0.0223000000,0.0052000000,0.0015000000,0.0004000000,0.0091000000,-0.0001000000,0.0041000000,0.0018000000,0.0042000000,0.0066000000,0.0004000000
2024-05-15,-0.0034000000,-0.0118000000,0.0067000000,0.0016000000,0.0020000000,0.0206000000,-0.0092000000,0.0121000000,0.0013000000,0.0180000000,0.0085000000,0.0084000000
2024-05-16,0.0061000000,-0.0008000000,-0.0083000000,-0.0037000000,0.0038000000,-0.0023000000,0.0024000000,-0.0014000000,0.0000000000,-0.0034000000,-0.0020000000,-0.0052000000
2024-05-17,-0.0044000000,0.0081000000,0.0013000000,0.0147000000,-0.0001000000,-0.0014000000,-0.0017000000,0.0013000000,0.0036000000,-0.0002000000,0.0054000000,0.0025000000
2024-05-20,-0.0057000000,-0.0098000000,0.0075000000,-0.0055000000,-0.0021000000,0.0096000000,-0.0002000000,-0.0010000000,-0.0068000000,0.0015000000,-0.0107000000,0.0006000000
2024-05-21,0.0030000000,0.0396000000,-0.0001000000,-0.0053000000,0.0021000000,0.0014000000,-0.0053000000,0.0080000000,-0.0012000000,0.0010000000,0.0066000000,-0.0033000000
2024-05-22,-0.0027000000,-0.0229000000,-0.0030000000,-0.0165000000,-0.0052000000,-0.0005000000,0.0014000000,-0.0128000000,-0.0032000000,0.0029000000,-0.0058000000,-0.0068000000
2024-05-23,-0.0136000000,-0.0246000000,-0.0141000000,-0.0095000000,-0.0120000000,-0.0004000000,-0.0112000000,-0.0170000000,-0.0102000000,-0.0117000000,-0.0144000000,-0.0122000000
2024-05-24,0.0003000000,0.0237000000,0.0079000000,0.0019000000,0.0038000000,0.0107000000,0.0059000000,0.0084000000,0.0045000000,-0.0005000000,0.0053000000,0.0080000000
2024-05-28,-0.0112000000,-0.0153000000,-0.0080000000,0.0109000000,-0.0096000000,0.0093000000,0.0002000000,-0.0005000000,-0.0008000000,-0.0101000000,-0.0099000000,-0.0066000000
2024-05-29,-0.0076000000,-0.0079000000,-0.0130000000,-0.0184000000,-0.0142000000,-0.0043000000,-0.0065000000,-0.0131000000,-0.0047000000,-0.0041000000,-0.0131000000,-0.0096000000
2024-05-30,0.0018000000,0.0151000000,0.0086000000,0.0029000000,0.0072000000,-0.0225000000,0.0201000000,0.0133000000,0.0010000000,0.0074000000,0.0059000000,0.0059000000
2024-05-31,0.0178000000,0.0050000000,0.0101000000,0.0253000000,0.0139000000,-0.0001000000,0.0258000000,0.0177000000,0.0030000000,0.0088000000,0.0146000000,0.0100000000
2024-06-03,-0.0030000000,-0.0068000000,-0.0077000000,-0.0263000000,-0.0029000000,0.0080000000,-0.0074000000,-0.0104000000,0.0029000000,0.0086000000,-0.0058000000,-0.0065000000
2024-06-04,0.0044000000,-0.0112000000,-0.0077000000,-0.0124000000,0.0037000000,0.0028000000,0.0080000000,0.0003000000,0.0020000000,0.0016000000,-0.0038000000,-0.0068000000
2024-06-05,-0.0013000000,0.0065000000,0.0137000000,0.0001000000,0.0009000000,0.0234000000,-0.0039000000,-0.0042000000,0.0078000000,0.0072000000,0.0028000000,0.0100000000
2024-06-06,0.0025000000,0.0069000000,-0.0056000000,0.0059000000,0.0035000000,-0.0024000000,-0.0018000000,-0.0094000000,0.0075000000,0.0017000000,-0.0021000000,-0.0001000000
2024-06-07,-0.0051000000,-0.0028000000,-0.0023000000,-0.0053000000,-0.0080000000,-0.0005000000,-0.0043000000,-0.0096000000,-0.0065000000,0.0035000000,-0.0005000000,-0.0040000000
2024-06-10,-0.0104000000,-0.0086000000,0.0042000000,0.0070000000,0.0004000000,0.0029000000,-0.0031000000,0.0121000000,0.0079000000,0.0045000000,0.0000000000,0.0024000000
2024-06-11,-0.0010000000,-0.0137000000,-0.0046000000,-0.0024000000,0.0022000000,0.0133000000,-0.0085000000,-0.0046000000,0.0004000000,-0.0031000000,-0.0106000000,-0.0057000000
2024-06-12,-0.0103000000,0.0284000000,0.0116000000,-0.0115000000,-0.0039000000,0.0205000000,-0.0125000000,-0.0047000000,0.0032000000,0.0003000000,0.0025000000,0.0092000000
2024-06-13,-0.0030000000,0.0138000000,-0.0024000000,-0.0091000000,0.0024000000,0.0057000000,-0.0040000000,0.0002000000,-0.0046000000,-0.0002000000,-0.0020000000,-0.0077000000
2024-06-14,-0.0029000000,-0.0222000000,-0.0126000000,-0.0091000000,-0.0077000000,0.0039000000,-0.0005000000,-0.0033000000,-0.0030000000,-0.0022000000,-0.0038000000,-0.0032000000
2024-06-17,0.0088000000,0.0375000000,0.0115000000,0.0016000000,0.0077000000,0.0093000000,0.0044000000,-0.0081000000,0.0095000000,-0.0008000000,0.0078000000,0.0095000000
2024-06-18,-0.0011000000,-0.0090000000,0.0050000000,0.0041000000,0.0029000000,0.0025000000,0.0024000000,0.0014000000,-0.0001000000,0.0023000000,0.0043000000,0.0024000000
2024-06-20,-0.0015000000,-0.0126000000,-0.0037000000,0.0173000000,-0.0041000000,-0.0118000000,0.0072000000,0.0086000000,0.0039000000,0.0044000000,0.0054000000,0.0027000000
2024-06-21,0.0063000000,0.0039000000,-0.0030000000,-0.0068000000,0.0014000000,-0.0041000000,0.0078000000,-0.0053000000,0.0065000000,0.0042000000,-0.0041000000,0.0020000000
2024-06-24,0.0126000000,0.0035000000,0.0002000000,0.0265000000,0.0045000000,-0.0141000000,0.0050000000,0.0139000000,-0.0048000000,0.0063000000,0.0097000000,0.0022000000
2024-06-25,-0.0062000000,0.0109000000,-0.0088000000,0.0008000000,-0.0131000000,0.0166000000,-0.0002000000,-0.0082000000,-0.0068000000,0.0001000000,-0.0085000000,-0.0057000000
2024-06-26,-0.0037000000,0.0309000000,-0.0009000000,-0.0070000000,0.0021000000,0.0030000000,-0.0009000000,-0.0051000000,0.0143000000,-0.0044000000,-0.0039000000,-0.0005000000
2024-06-27,-0.0027000000,0.0027000000,0.0016000000,0.0015000000,-0.0040000000,0.0022000000,0.0025000000,0.0019000000,0.0048000000,0.0005000000,-0.0002000000,0.0002000000
2024-06-28,-0.0032000000,0.0038000000,-0.0068000000,0.0045000000,-0.0081000000,-0.0067000000,0.0042000000,-0.0072000000,-0.0095000000,-0.0055000000,0.0102000000,0.0005000000
2024-07-01,-0.0057000000,0.0384000000,-0.0101000000,0.0009000000,-0.0140000000,0.0099000000,-0.0031000000,-0.0060000000,-0.0008000000,0.0002000000,0.0006000000,-0.0095000000
2024-07-02,0.0021000000,0.0700000000,0.0048000000,-0.0012000000,0.0047000000,0.0055000000,0.0000000000,0.0037000000,0.0074000000,-0.0063000000,0.0101000000,0.0055000000
2024-07-03,-0.0023000000,0.0456000000,0.0047000000,0.0042000000,0.0017000000,0.0116000000,0.0017000000,0.0062000000,-0.0051000000,-0.0065000000,-0.0035000000,0.0048000000
2024-07-05,0.0044000000,0.0116000000,-0.0054000000,-0.0167000000,0.0019000000,0.0100000000,0.0015000000,0.0003000000,0.0106000000,0.0105000000,-0.0070000000,0.0017000000
2024-07-08,-0.0045000000,0.0070000000,0.0033000000,-0.0052000000,0.0084000000,0.0033000000,-0.0056000000,0.0003000000,-0.0011000000,0.0004000000,-0.0006000000,-0.0008000000
2024-07-09,-0.0061000000,0.0239000000,-0.0042000000,-0.0099000000,-0.0078000000,-0.0013000000,0.0013000000,0.0028000000,-0.0030000000,0.0066000000,0.0084000000,-0.0023000000
2024-07-10,0.0066000000,0.0060000000,0.0103000000,0.0076000000,0.0065000000,0.0139000000,0.0051000000,0.0086000000,0.0053000000,0.0095000000,0.0093000000,0.0041000000
2024-07-11,0.0095000000,-0.0520000000,0.0067000000,0.0119000000,0.0080000000,-0.0229000000,0.0043000000,0.0170000000,-0.0038000000,0.0104000000,0.0105000000,0.0123000000
2024-07-12,0.0076000000,0.0262000000,0.0077000000,0.0016000000,0.0090000000,0.0059000000,0.0061000000,0.0077000000,0.0030000000,0.0063000000,0.0019000000,0.0088000000
2024-07-15,-0.0093000000,0.0147000000,0.0068000000,0.0167000000,-0.0091000000,0.0043000000,0.0040000000,-0.0188000000,-0.0047000000,-0.0021000000,0.0146000000,0.0102000000
2024-07-16,0.0128000000,0.0204000000,0.0253000000,0.0038000000,0.0180000000,-0.0027000000,0.0154000000,0.0073000000,0.0125000000,0.0074000000,0.0219000000,0.0197000000
2024-07-17,0.0176000000,-0.0250000000,-0.0210000000,0.0097000000,0.0053000000,-0.0329000000,0.0079000000,0.0020000000,-0.0111000000,-0.0025000000,0.0064000000,-0.0080000000
2024-07-18,-0.0033000000,0.0006000000,-0.0098000000,0.0016000000,-0.0094000000,-0.0045000000,-0.0077000000,-0.0001000000,-0.0154000000,-0.0261000000,-0.0154000000,-0.0088000000
2024-07-19,-0.0067000000,-0.0347000000,-0.0129000000,-0.0160000000,-0.0041000000,-0.0089000000,-0.0054000000,0.0026000000,-0.0028000000,0.0078000000,-0.0058000000,-0.0060000000
2024-07-22,-0.0019000000,0.0400000000,0.0179000000,-0.0084000000,0.0011000000,0.0186000000,-0.0251000000,0.0090000000,0.0024000000,0.0076000000,0.0057000000,0.0103000000
2024-07-23,-0.0014000000,-0.0241000000,0.0017000000,-0.0154000000,0.0017000000,0.0010000000,-0.0105000000,-0.0069000000,0.0054000000,0.0011000000,0.0034000000,-0.0054000000
2024-07-24,0.0032000000,-0.0912000000,-0.0260000000,0.0033000000,-0.0037000000,-0.0410000000,0.0041000000,0.0059000000,-0.0206000000,0.0025000000,-0.0110000000,-0.0173000000
2024-07-25,0.0074000000,0.0028000000,0.0141000000,0.0172000000,0.0016000000,-0.0104000000,-0.0009000000,-0.0076000000,-0.0017000000,-0.0082000000,0.0081000000,-0.0028000000
2024-07-26,0.0124000000,0.0037000000,0.0165000000,0.0035000000,0.0140000000,0.0109000000,0.0175000000,0.0094000000,0.0116000000,0.0012000000,0.0147000000,0.0160000000
2024-07-29,0.0013000000,0.0361000000,-0.0030000000,-0.0099000000,0.0050000000,-0.0012000000,0.0097000000,0.0031000000,0.0035000000,-0.0009000000,-0.0053000000,0.0015000000
2024-07-30,0.0040000000,-0.0285000000,-0.0013000000,0.0159000000,-0.0221000000,-0.0157000000,0.0049000000,0.0064000000,0.0004000000,-0.0072000000,0.0119000000,0.0055000000
2024-07-31,-0.0006000000,0.0327000000,0.0171000000,0.0058000000,0.0003000000,0.0314000000,0.0136000000,0.0097000000,0.0143000000,-0.0030000000,-0.0037000000,0.0061000000
2024-08-01,0.0062000000,-0.0536000000,-0.0309000000,-0.0285000000,0.0133000000,-0.0241000000,-0.0002000000,0.0148000000,-0.0106000000,0.0111000000,-0.0189000000,-0.0145000000
2024-08-02,0.0069000000,-0.0409000000,-0.0302000000,-0.0260000000,-0.0019000000,-0.0204000000,-0.0100000000,-0.0024000000,-0.0354000000,-0.0095000000,-0.0266000000,-0.0203000000
2024-08-05,-0.0206000000,-0.0360000000,-0.0175000000,-0.0216000000,-0.0187000000,-0.0372000000,-0.0220000000,-0.0266000000,-0.0270000000,-0.0272000000,-0.0286000000,-0.0261000000
2024-08-06,0.0019000000,0.0074000000,0.0081000000,0.0014000000,0.0128000000,0.0106000000,0.0137000000,0.0109000000,0.0082000000,0.0082000000,0.0109000000,0.0170000000
2024-08-07,0.0023000000,-0.0331000000,-0.0086000000,0.0050000000,-0.0026000000,-0.0114000000,-0.0056000000,0.0052000000,-0.0061000000,-0.0122000000,-0.0034000000,-0.0073000000
2024-08-08,0.0050000000,0.0348000000,0.0269000000,0.0217000000,0.0117000000,0.0320000000,0.0085000000,0.0043000000,0.0159000000,0.0322000000,0.0165000000,0.0200000000
2024-08-09,-0.0003000000,0.0032000000,0.0004000000,0.0040000000,-0.0039000000,0.0072000000,0.0009000000,0.0012000000,0.0047000000,0.0088000000,0.0032000000,-0.0003000000
2024-08-12,-0.0079000000,-0.0132000000,-0.0045000000,0.0058000000,-0.0142000000,0.0050000000,-0.0087000000,0.0014000000,0.0001000000,-0.0045000000,-0.0046000000,-0.0044000000
2024-08-13,0.0111000000,0.0402000000,0.0167000000,-0.0104000000,0.0089000000,0.0262000000,0.0074000000,0.0046000000,0.0136000000,0.0128000000,0.0111000000,0.0117000000
2024-08-14,0.0036000000,-0.0208000000,0.0012000000,0.0054000000,0.0037000000,0.0021000000,0.0023000000,0.0008000000,0.0004000000,0.0034000000,0.0115000000,0.0056000000
2024-08-15,0.0025000000,0.0501000000,0.0241000000,0.0122000000,0.0066000000,0.0222000000,0.0015000000,0.0017000000,0.0319000000,0.0086000000,0.0106000000,0.0126000000
2024-08-16,0.0028000000,0.0057000000,-0.0010000000,-0.0019000000,0.0016000000,0.0024000000,0.0086000000,0.0044000000,0.0011000000,-0.0001000000,0.0067000000,0.0016000000
2024-08-19,0.0051000000,0.0240000000,0.0054000000,0.0046000000,0.0027000000,0.0139000000,0.0112000000,0.0077000000,0.0053000000,0.0098000000,0.0058000000,0.0104000000
2024-08-20,0.0015000000,-0.0068000000,-0.0083000000,-0.0265000000,0.0016000000,-0.0025000000,-0.0045000000,-0.0046000000,0.0015000000,0.0034000000,-0.0066000000,-0.0011000000
2024-08-21,0.0056000000,0.0107000000,0.0093000000,0.0002000000,0.0073000000,0.0048000000,0.0024000000,0.0062000000,0.0125000000,0.0050000000,0.0001000000,0.0050000000
2024-08-22,-0.0023000000,-0.0398000000,-0.0062000000,0.0018000000,-0.0019000000,-0.0181000000,-0.0058000000,-0.0014000000,-0.0114000000,-0.0014000000,0.0036000000,-0.0025000000
2024-08-23,0.0076000000,0.0412000000,0.0143000000,0.0162000000,0.0058000000,0.0149000000,0.0133000000,0.0046000000,0.0091000000,0.0067000000,0.0155000000,0.0125000000
2024-08-26,0.0051000000,-0.0222000000,-0.0041000000,0.0107000000,0.0042000000,-0.0086000000,0.0083000000,0.0058000000,-0.0011000000,-0.0014000000,0.0014000000,-0.0009000000
2024-08-27,0.0012000000,-0.0132000000,-0.0016000000,-0.0099000000,-0.0034000000,0.0036000000,0.0002000000,-0.0067000000,-0.0030000000,0.0007000000,0.0011000000,0.0039000000
2024-08-28,-0.0023000000,-0.0133000000,-0.0046000000,-0.0059000000,-0.0011000000,-0.0116000000,-0.0068000000,-0.0007000000,-0.0093000000,-0.0007000000,0.0027000000,-0.0030000000
2024-08-29,-0.0016000000,0.0037000000,0.0066000000,0.0127000000,0.0041000000,-0.0043000000,-0.0051000000,0.0063000000,-0.0003000000,0.0014000000,0.0063000000,0.0072000000
2024-08-30,0.0069000000,0.0285000000,0.0106000000,0.0015000000,0.0097000000,0.0099000000,0.0036000000,0.0080000000,0.0158000000,0.0084000000,0.0080000000,0.0103000000
2024-09-03,0.0095000000,-0.0203000000,-0.0339000000,-0.0285000000,-0.0037000000,-0.0396000000,0.0046000000,-0.0013000000,-0.0111000000,-0.0077000000,-0.0094000000,-0.0164000000
2024-09-04,0.0036000000,0.0270000000,-0.0024000000,-0.0140000000,0.0030000000,-0.0036000000,-0.0089000000,0.0047000000,-0.0057000000,-0.0018000000,-0.0021000000,0.0022000000
2024-09-05,-0.0051000000,0.0296000000,-0.0089000000,-0.0094000000,-0.0057000000,0.0012000000,0.0004000000,-0.0013000000,0.0043000000,-0.0122000000,-0.0084000000,-0.0107000000
2024-09-06,-0.0015000000,-0.0625000000,-0.0126000000,-0.0117000000,-0.0065000000,-0.0248000000,-0.0076000000,-0.0099000000,-0.0178000000,-0.0073000000,-0.0159000000,-0.0131000000
2024-09-09,0.0073000000,0.0196000000,0.0116000000,0.0065000000,0.0052000000,0.0113000000,0.0127000000,0.0080000000,0.0145000000,0.0096000000,0.0119000000,0.0100000000
2024-09-10,-0.0061000000,0.0257000000,-0.0019000000,-0.0196000000,0.0037000000,0.0105000000,0.0034000000,0.0045000000,0.0110000000,0.0040000000,-0.0100000000,0.0008000000
2024-09-11,-0.0089000000,0.0081000000,0.0069000000,-0.0080000000,-0.0069000000,0.0264000000,0.0005000000,0.0006000000,0.0116000000,0.0013000000,-0.0026000000,-0.0005000000
2024-09-12,0.0034000000,0.0093000000,0.0059000000,0.0092000000,0.0020000000,0.0107000000,0.0129000000,0.0024000000,0.0130000000,0.0055000000,0.0028000000,0.0067000000
2024-09-13,0.0102000000,0.0053000000,0.0120000000,0.0055000000,0.0074000000,0.0056000000,0.0101000000,0.0141000000,0.0064000000,0.0037000000,0.0094000000,0.0094000000
2024-09-16,0.0030000000,-0.0083000000,0.0043000000,0.0117000000,0.0103000000,-0.0048000000,0.0119000000,0.0086000000,-0.0021000000,0.0064000000,0.0108000000,0.0071000000
2024-09-17,-0.0039000000,0.0075000000,0.0056000000,0.0144000000,-0.0010000000,0.0006000000,-0.0096000000,0.0000000000,0.0002000000,-0.0080000000,0.0025000000,0.0068000000
2024-09-18,-0.0019000000,-0.0018000000,-0.0017000000,0.0031000000,-0.0074000000,-0.0030000000,-0.0040000000,-0.0068000000,-0.0018000000,-0.0021000000,-0.0009000000,-0.0015000000
2024-09-19,-0.0049000000,0.0559000000,0.0232000000,0.0138000000,0.0004000000,0.0285000000,0.0019000000,-0.0046000000,0.0111000000,0.0056000000,0.0131000000,0.0144000000
2024-09-20,-0.0031000000,-0.0190000000,-0.0050000000,-0.0039000000,0.0012000000,-0.0029000000,0.0014000000,0.0220000000,0.0033000000,-0.0028000000,-0.0032000000,-0.0080000000
2024-09-23,0.0038000000,0.0336000000,0.0073000000,0.0120000000,0.0048000000,-0.0012000000,0.0043000000,0.0108000000,0.0084000000,-0.0053000000,0.0001000000,0.0031000000
2024-09-24,-0.0028000000,0.0135000000,0.0075000000,-0.0036000000,0.0060000000,0.0063000000,0.0062000000,-0.0064000000,0.0018000000,-0.0020000000,-0.0077000000,0.0062000000
2024-09-25,-0.0042000000,0.0007000000,-0.0061000000,-0.0202000000,-0.0059000000,0.0025000000,-0.0035000000,0.0030000000,-0.0026000000,-0.0091000000,-0.0068000000,-0.0055000000
2024-09-26,0.0064000000,-0.0045000000,0.0159000000,-0.0174000000,0.0147000000,0.0075000000,0.0056000000,-0.0104000000,-0.0011000000,0.0002000000,0.0050000000,0.0057000000
2024-09-27,0.0056000000,0.0203000000,0.0017000000,0.0222000000,0.0020000000,-0.0059000000,0.0117000000,0.0098000000,-0.0069000000,-0.0034000000,0.0041000000,0.0023000000
2024-09-30,-0.0004000000,0.0001000000,-0.0015000000,0.0077000000,-0.0034000000,0.0065000000,0.0009000000,0.0049000000,0.0001000000,0.0072000000,0.0030000000,0.0017000000
2024-10-01,-0.0020000000,-0.0107000000,0.0000000000,0.0212000000,-0.0064000000,-0.0197000000,-0.0027000000,0.0080000000,-0.0033000000,-0.0050000000,-0.0092000000,-0.0046000000
2024-10-02,-0.0099000000,-0.0260000000,-0.0012000000,0.0098000000,-0.0032000000,0.0036000000,0.0015000000,0.0029000000,-0.0039000000,-0.0017000000,0.0015000000,-0.0019000000
2024-10-03,-0.0104000000,-0.0235000000,-0.0076000000,0.0172000000,-0.0127000000,0.0047000000,-0.0077000000,0.0019000000,-0.0085000000,-0.0102000000,-0.0036000000,-0.0056000000
2024-10-04,0.0045000000,0.0307000000,0.0092000000,0.0099000000,0.0002000000,0.0113000000,0.0030000000,0.0008000000,0.0115000000,0.0036000000,0.0169000000,0.0094000000
2024-10-07,-0.0088000000,-0.0264000000,-0.0036000000,0.0046000000,-0.0031000000,-0.0092000000,-0.0101000000,-0.0188000000,-0.0168000000,-0.0050000000,-0.0106000000,-0.0085000000
2024-10-08,0.0022000000,0.0099000000,-0.0044000000,-0.0278000000,0.0007000000,0.0178000000,0.0070000000,-0.0010000000,0.0108000000,0.0076000000,0.0027000000,0.0064000000
2024-10-09,0.0049000000,-0.0059000000,0.0084000000,0.0040000000,0.0066000000,0.0068000000,0.0067000000,-0.0049000000,0.0089000000,0.0081000000,0.0107000000,0.0080000000
2024-10-10,-0.0004000000,-0.0083000000,-0.0074000000,0.0087000000,-0.0018000000,0.0003000000,-0.0089000000,-0.0024000000,-0.0035000000,-0.0059000000,-0.0014000000,-0.0032000000
2024-10-11,0.0053000000,-0.0566000000,0.0149000000,0.0030000000,0.0088000000,0.0029000000,0.0057000000,0.0117000000,0.0102000000,0.0114000000,0.0219000000,0.0131000000
2024-10-14,0.0065000000,0.0070000000,0.0067000000,-0.0033000000,0.0067000000,0.0111000000,0.0087000000,0.0116000000,0.0008000000,0.0036000000,0.0081000000,0.0038000000
2024-10-15,0.0024000000,-0.0026000000,-0.0162000000,-0.0327000000,0.0009000000,-0.0127000000,0.0054000000,0.0020000000,0.0039000000,-0.0017000000,-0.0053000000,-0.0010000000
2024-10-16,0.0032000000,0.0097000000,0.0056000000,0.0036000000,0.0007000000,0.0018000000,0.0113000000,0.0177000000,0.0009000000,0.0037000000,0.0156000000,0.0089000000
2024-10-17,-0.0047000000,-0.0001000000,0.0004000000,0.0050000000,-0.0018000000,0.0020000000,0.0013000000,-0.0076000000,-0.0008000000,-0.0043000000,0.0014000000,-0.0054000000
2024-10-18,0.0038000000,0.0010000000,0.0012000000,-0.0039000000,0.0014000000,0.0043000000,0.0038000000,0.0057000000,0.0046000000,0.0061000000,-0.0021000000,0.0096000000
2024-10-21,-0.0103000000,-0.0097000000,-0.0052000000,-0.0028000000,-0.0079000000,0.0068000000,-0.0128000000,-0.0040000000,-0.0059000000,-0.0133000000,-0.0125000000,-0.0056000000
2024-10-22,0.0111000000,-0.0008000000,-0.0133000000,0.0015000000,-0.0066000000,0.0013000000,-0.0080000000,-0.0021000000,-0.0014000000,0.0016000000,0.0007000000,-0.0082000000
2024-10-23,-0.0071000000,-0.0164000000,-0.0039000000,-0.0060000000,-0.0027000000,-0.0172000000,0.0121000000,0.0078000000,-0.0105000000,-0.0047000000,-0.0036000000,-0.0047000000
2024-10-24,-0.0028000000,0.1475000000,-0.0025000000,-0.0008000000,-0.0005000000,0.0019000000,0.0069000000,-0.0044000000,0.0032000000,-0.0057000000,0.0051000000,-0.0064000000
2024-10-25,-0.0064000000,0.0233000000,0.0006000000,-0.0002000000,-0.0117000000,0.0061000000,-0.0110000000,-0.0126000000,-0.0012000000,-0.0073000000,-0.0104000000,-0.0048000000
2024-10-28,0.0014000000,-0.0127000000,0.0052000000,-0.0070000000,0.0074000000,0.0015000000,0.0070000000,0.0058000000,0.0052000000,0.0049000000,0.0128000000,0.0055000000
2024-10-29,-0.0070000000,-0.0141000000,-0.0039000000,-0.0148000000,-0.0093000000,0.0116000000,-0.0018000000,-0.0179000000,-0.0019000000,0.0003000000,-0.0047000000,-0.0015000000
2024-10-30,0.0005000000,-0.0070000000,-0.0058000000,-0.0002000000,-0.0027000000,-0.0064000000,-0.0048000000,0.0000000000,-0.0015000000,-0.0064000000,0.0051000000,0.0002000000
2024-10-31,-0.0017000000,-0.0258000000,-0.0139000000,0.0071000000,-0.0124000000,-0.0312000000,0.0115000000,0.0075000000,-0.0118000000,-0.0113000000,-0.0120000000,-0.0113000000
2024-11-01,-0.0012000000,-0.0022000000,0.0047000000,-0.0057000000,-0.0005000000,0.0057000000,0.0014000000,-0.0202000000,0.0239000000,0.0034000000,0.0001000000,0.0040000000
2024-11-04,0.0037000000,-0.0151000000,-0.0006000000,0.0184000000,0.0041000000,-0.0025000000,-0.0028000000,-0.0066000000,-0.0012000000,-0.0050000000,-0.0061000000,-0.0034000000
2024-11-05,0.0080000000,0.0326000000,0.0157000000,0.0048000000,0.0036000000,0.0145000000,0.0084000000,0.0166000000,0.0142000000,0.0070000000,0.0142000000,0.0118000000
2024-11-06,-0.0168000000,0.1149000000,0.0342000000,0.0352000000,-0.0138000000,0.0262000000,0.0282000000,0.0026000000,0.0189000000,-0.0030000000,0.0742000000,0.0332000000
2024-11-07,-0.0035000000,0.0203000000,-0.0037000000,-0.0046000000,0.0105000000,0.0197000000,-0.0085000000,0.0020000000,0.0094000000,0.0059000000,-0.0161000000,-0.0031000000
2024-11-08,0.0054000000,0.0608000000,0.0044000000,0.0032000000,0.0098000000,-0.0028000000,0.0040000000,0.0183000000,0.0038000000,0.0108000000,0.0080000000,0.0064000000
2024-11-11,-0.0029000000,0.0710000000,0.0062000000,0.0039000000,-0.0008000000,-0.0040000000,0.0099000000,0.0063000000,0.0001000000,-0.0079000000,0.0194000000,0.0073000000
2024-11-12,-0.0011000000,-0.0484000000,-0.0122000000,-0.0059000000,-0.0104000000,0.0040000000,-0.0034000000,-0.0097000000,0.0019000000,-0.0157000000,-0.0062000000,-0.0056000000
2024-11-13,0.0026000000,0.0056000000,-0.0020000000,0.0104000000,0.0027000000,-0.0050000000,0.0090000000,-0.0036000000,0.0105000000,-0.0040000000,-0.0036000000,0.0004000000
2024-11-14,0.0007000000,-0.0464000000,-0.0135000000,0.0053000000,0.0012000000,-0.0040000000,0.0029000000,-0.0038000000,-0.0105000000,-0.0165000000,-0.0048000000,-0.0060000000
2024-11-15,-0.0180000000,0.0194000000,-0.0101000000,-0.0070000000,0.0024000000,-0.0242000000,0.0058000000,0.0155000000,-0.0196000000,-0.0243000000,0.0047000000,-0.0063000000
2024-11-18,0.0031000000,0.0415000000,0.0026000000,0.0118000000,0.0062000000,0.0036000000,0.0033000000,0.0104000000,0.0016000000,0.0002000000,0.0027000000,0.0027000000
2024-11-19,-0.0016000000,0.0137000000,-0.0021000000,-0.0082000000,-0.0029000000,0.0135000000,-0.0106000000,0.0071000000,0.0056000000,0.0008000000,-0.0060000000,0.0013000000
2024-11-20,0.0068000000,-0.0101000000,0.0039000000,0.0116000000,0.0013000000,-0.0013000000,0.0098000000,0.0010000000,-0.0050000000,0.0083000000,0.0013000000,0.0013000000
2024-11-21,0.0100000000,-0.0008000000,0.0179000000,0.0080000000,0.0127000000,0.0021000000,0.0070000000,0.0184000000,0.0025000000,0.0080000000,0.0131000000,0.0096000000
2024-11-22,0.0055000000,0.0342000000,0.0134000000,0.0021000000,0.0134000000,-0.0011000000,0.0073000000,-0.0036000000,0.0095000000,0.0045000000,0.0114000000,0.0097000000
2024-11-25,0.0099000000,-0.0238000000,0.0083000000,-0.0170000000,0.0096000000,-0.0004000000,0.0039000000,-0.0028000000,0.0162000000,0.0086000000,0.0097000000,0.0096000000
2024-11-26,0.0000000000,-0.0079000000,-0.0042000000,-0.0035000000,-0.0008000000,0.0070000000,0.0027000000,0.0129000000,0.0128000000,0.0084000000,-0.0005000000,-0.0004000000
2024-11-27,-0.0002000000,-0.0112000000,-0.0032000000,-0.0012000000,-0.0004000000,-0.0095000000,0.0069000000,-0.0009000000,-0.0038000000,0.0047000000,0.0012000000,0.0007000000
2024-11-29,0.0051000000,0.0284000000,0.0084000000,0.0029000000,0.0019000000,0.0081000000,0.0034000000,0.0014000000,0.0053000000,0.0015000000,0.0002000000,0.0031000000
2024-12-02,-0.0017000000,0.0250000000,0.0007000000,-0.0036000000,0.0047000000,0.0106000000,-0.0060000000,-0.0222000000,0.0035000000,-0.0017000000,-0.0086000000,-0.0045000000
2024-12-03,-0.0050000000,-0.0141000000,-0.0039000000,-0.0020000000,-0.0149000000,0.0071000000,0.0033000000,-0.0065000000,0.0063000000,-0.0030000000,-0.0049000000,-0.0079000000
2024-12-04,-0.0078000000,0.0154000000,0.0011000000,-0.0249000000,-0.0039000000,0.0177000000,-0.0060000000,-0.0017000000,0.0110000000,0.0015000000,-0.0020000000,0.0004000000
2024-12-05,0.0050000000,0.0222000000,-0.0123000000,0.0023000000,-0.0050000000,-0.0040000000,0.0026000000,0.0044000000,0.0028000000,-0.0056000000,-0.0033000000,-0.0072000000
2024-12-06,-0.0032000000,0.0410000000,-0.0031000000,-0.0177000000,-0.0048000000,0.0055000000,0.0029000000,-0.0115000000,0.0135000000,0.0022000000,-0.0030000000,0.0025000000
2024-12-09,0.0040000000,0.0016000000,-0.0029000000,0.0028000000,-0.0077000000,-0.0058000000,-0.0399000000,-0.0158000000,-0.0076000000,-0.0043000000,-0.0116000000,-0.0096000000
2024-12-10,-0.0005000000,0.0219000000,-0.0070000000,-0.0050000000,-0.0016000000,-0.0060000000,0.0079000000,-0.0068000000,-0.0019000000,-0.0049000000,-0.0025000000,-0.0020000000
2024-12-11,-0.0066000000,0.0459000000,0.0035000000,0.0018000000,-0.0087000000,0.0185000000,-0.0002000000,-0.0025000000,0.0092000000,-0.0066000000,-0.0014000000,0.0025000000
2024-12-12,0.0050000000,-0.0134000000,-0.0103000000,-0.0077000000,-0.0006000000,-0.0058000000,0.0057000000,-0.0016000000,-0.0061000000,-0.0090000000,-0.0067000000,-0.0066000000
2024-12-13,-0.0040000000,0.0339000000,-0.0019000000,-0.0065000000,-0.0013000000,0.0013000000,-0.0049000000,-0.0002000000,-0.0037000000,-0.0018000000,-0.0015000000,-0.0067000000
2024-12-16,-0.0085000000,0.0473000000,0.0009000000,-0.0245000000,-0.0048000000,0.0125000000,-0.0188000000,-0.0081000000,0.0065000000,-0.0052000000,-0.0013000000,-0.0020000000
2024-12-17,0.0002000000,0.0264000000,-0.0079000000,-0.0070000000,-0.0053000000,-0.0056000000,-0.0099000000,-0.0043000000,-0.0059000000,0.0039000000,-0.0134000000,-0.0038000000
2024-12-18,-0.0192000000,-0.0741000000,-0.0316000000,-0.0241000000,-0.0208000000,-0.0324000000,-0.0154000000,-0.0266000000,-0.0327000000,-0.0250000000,-0.0319000000,-0.0292000000
2024-12-19,-0.0105000000,-0.0074000000,-0.0053000000,-0.0122000000,-0.0045000000,0.0009000000,-0.0059000000,0.0058000000,-0.0002000000,-0.0056000000,0.0004000000,0.0015000000
2024-12-20,0.0076000000,-0.0255000000,0.0102000000,0.0064000000,0.0006000000,0.0143000000,0.0093000000,0.0155000000,0.0059000000,0.0115000000,0.0160000000,0.0108000000
2024-12-23,-0.0036000000,0.0182000000,0.0019000000,0.0056000000,-0.0011000000,0.0117000000,-0.0014000000,0.0047000000,-0.0035000000,0.0108000000,0.0031000000,0.0010000000
2024-12-24,0.0045000000,0.0611000000,0.0065000000,0.0064000000,0.0053000000,0.0104000000,0.0063000000,0.0068000000,0.0145000000,0.0043000000,0.0114000000,0.0101000000
2024-12-26,-0.0003000000,-0.0134000000,0.0022000000,0.0002000000,0.0026000000,0.0003000000,0.0014000000,-0.0036000000,-0.0020000000,0.0021000000,0.0035000000,0.0010000000
2024-12-27,-0.0018000000,-0.0414000000,-0.0081000000,0.0003000000,-0.0061000000,-0.0144000000,-0.0058000000,-0.0030000000,-0.0114000000,-0.0074000000,-0.0091000000,-0.0087000000
2024-12-30,-0.0090000000,-0.0282000000,-0.0115000000,0.0017000000,-0.0124000000,-0.0109000000,-0.0103000000,-0.0017000000,-0.0119000000,-0.0138000000,-0.0084000000,-0.0093000000
2024-12-31,0.0042000000,-0.0259000000,0.0006000000,0.0151000000,0.0043000000,-0.0100000000,0.0038000000,-0.0011000000,-0.0041000000,0.0030000000,-0.0003000000,-0.0010000000
