date,SPX,FTSE,DAX,N225,HSI,CAC
2005-01-05,-0.0036278426,-0.0084588405,-0.0075188826,-0.0069658109,-0.0200442856,-0.0087852201
2005-01-06,0.0035058581,0.0038076997,0.0100275477,0.0047860232,-0.0038011438,0.0070820900
2005-01-07,-0.0014311706,0.0061771229,0.0035945540,-0.0051355897,-0.0100043237,0.0055698410
2005-01-11,-0.0026976718,-0.0072927838,-0.0135275086,0.0093368107,-0.0048332248,-0.0074704151
2005-01-12,0.0039814039,-0.0072841422,-0.0115523317,-0.0075043899,0.0041497174,-0.0085347319
2005-01-13,-0.0086301258,0.0034910333,0.0007888940,-0.0083093237,0.0005875799,0.0047090032
2005-01-14,0.0060045596,0.0042705666,0.0048003452,0.0070583176,-0.0057834214,0.0053441319
2005-01-18,0.0096747718,0.0006430671,0.0043356657,-0.0013227284,0.0081097618,0.0052975461
2005-01-19,-0.0094901050,-0.0011609067,-0.0012139516,-0.0015687223,0.0054696379,-0.0015509622
2005-01-20,-0.0077829961,-0.0036319865,-0.0059166963,-0.0105713915,-0.0098723366,-0.0068674075
2005-01-21,-0.0064148160,0.0005207466,-0.0015946196,-0.0041116847,-0.0046199208,0.0030579528
2005-01-24,-0.0035277857,0.0019153906,-0.0028027762,0.0045487127,-0.0069749396,-0.0014218242
2005-01-25,0.0040043258,0.0063792614,0.0076299136,-0.0011143176,0.0147209591,0.0086600649
2005-01-26,0.0048441146,0.0008052325,-0.0046835880,0.0088375410,0.0029166625,-0.0005718567
2005-01-27,0.0004089216,0.0012997059,0.0005434205,-0.0030994176,0.0003839248,0.0029846317
2005-01-28,-0.0027159877,-0.0042444674,-0.0034626844,-0.0018277865,0.0015518052,-0.0054093142
2005-01-31,0.0084602806,0.0040349282,0.0126231406,0.0059192873,0.0052476591,0.0111979130
2005-02-01,0.0068909009,0.0111082152,0.0059038783,-0.0002800815,-0.0104528421,0.0065130326
2005-02-02,0.0031779682,0.0020382373,0.0038177471,0.0019974050,-0.0016541119,0.0031834136
2005-02-03,-0.0027656341,-0.0016070116,-0.0034145398,-0.0015595530,-0.0029854178,-0.0057645859
2005-02-04,0.0110430498,0.0067640928,0.0134620488,-0.0025417798,0.0051674538,0.0073989597
2005-02-07,-0.0010889658,0.0077506435,0.0062384345,0.0122759723,0.0154455247,0.0060358343
2005-02-08,0.0004827066,0.0031527764,0.0011542911,-0.0008200677,0.0036701619,-0.0002837547
2005-02-14,0.0031938498,0.0092683024,0.0034336367,0.0123381381,0.0123938447,0.0078728708
2005-02-15,0.0032997665,0.0033916653,0.0035632599,0.0012284898,-0.0015267203,0.0045711217
2005-02-16,0.0001817759,-0.0011266693,-0.0075555522,-0.0038475580,0.0014047153,-0.0053170073
2005-02-17,-0.0079233654,0.0008310985,0.0002083324,-0.0016342428,-0.0034012311,-0.0008780249
2005-02-18,0.0006995343,-0.0000394881,-0.0023365465,0.0066824021,0.0085947415,0.0058719310
2005-02-22,-0.0145057234,-0.0048050882,-0.0083175827,-0.0053524454,0.0001880635,-0.0066244251
2005-02-23,0.0056073626,-0.0088219323,-0.0029028904,-0.0084094424,-0.0094090996,-0.0062813752
2005-02-24,0.0078937705,-0.0032875418,-0.0014777591,0.0026930625,0.0073771433,0.0001206833
2005-02-25,0.0093068192,0.0069788834,0.0103036964,0.0110222836,0.0068402178,0.0143048940
2005-02-28,-0.0064142414,-0.0076495578,0.0004254428,0.0070636339,0.0027025163,-0.0018366656
2005-03-01,0.0056580747,0.0064405756,0.0076152068,0.0034010754,-0.0094537452,0.0069081112
2005-03-02,-0.0002726994,-0.0015398851,0.0022378898,0.0028164851,-0.0149610886,0.0019087616
2005-03-03,0.0003223049,0.0044063453,-0.0045887053,0.0036186770,0.0030027076,-0.0003371813
2005-03-04,0.0096243812,0.0042873097,0.0114902578,0.0013992240,-0.0116315533,0.0074433328
2005-03-07,0.0026102703,-0.0018068045,0.0010330742,0.0044058222,0.0029983672,0.0040131005
2005-03-08,-0.0047987894,-0.0032424197,-0.0071339663,-0.0032242376,0.0079698056,-0.0055063576
2005-03-09,-0.0101851221,-0.0029535223,-0.0047537592,0.0067116073,0.0043049283,-0.0045748356
2005-03-10,0.0018558174,-0.0068053080,-0.0086662220,-0.0085052984,-0.0061292100,-0.0070032338
2005-03-11,-0.0075832491,0.0040305515,0.0052585847,0.0049709177,0.0025194939,0.0027165429
2005-03-14,0.0056246252,-0.0014251214,0.0015616525,-0.0061758076,0.0011460660,-0.0001555581
2005-03-15,-0.0075238073,0.0050653659,0.0046688200,-0.0024607208,-0.0064787937,0.0072099742
2005-03-16,-0.0080818649,-0.0125195183,-0.0179092140,0.0044065179,0.0011413343,-0.0143069661
2005-03-17,0.0018012531,-0.0031391769,0.0015803864,-0.0082269190,-0.0010503724,0.0031522532
2005-03-18,-0.0004704519,0.0002437389,0.0026090044,0.0088581861,0.0007511861,0.0046378041
2005-03-22,-0.0150801186,0.0028436213,-0.0014998762,-0.0031852231,-0.0037531821,-0.0008862729
2005-03-23,0.0006998902,-0.0054483024,-0.0008076826,-0.0086851775,-0.0125474362,-0.0036494596
2005-03-24,-0.0009466584,0.0024641776,0.0061150517,0.0005834858,-0.0004786040,0.0113828077
2005-03-29,-0.0051732584,-0.0007110208,0.0019085641,-0.0124425158,-0.0136220026,0.0008189284
2005-03-30,0.0137726102,-0.0037202286,-0.0010041883,-0.0029259444,0.0010341665,-0.0041747321
2005-03-31,-0.0006941437,-0.0012855904,0.0002875202,0.0089115842,0.0067876940,0.0007798834
2005-04-01,-0.0064966856,0.0040045967,0.0056935100,0.0046859132,-0.0018887697,0.0030237743
2005-04-04,0.0027281921,-0.0035205138,-0.0073486749,-0.0047843411,0.0016351623,-0.0068037904
2005-04-06,0.0067594728,0.0103538516,0.0087045941,0.0136807002,0.0036148987,0.0134910780
2005-04-07,0.0059709888,0.0059829604,0.0023611369,-0.0013671855,0.0029559855,0.0042317809
2005-04-08,-0.0083450000,0.0013462317,0.0025424548,0.0053983421,0.0047322793,-0.0000194158
2005-04-11,0.0000084742,-0.0020868813,-0.0010430960,-0.0108726796,-0.0004968302,-0.0016172291
2005-04-12,0.0055452028,-0.0054490199,-0.0054525106,-0.0064142819,-0.0001376202,-0.0050539044
2005-04-13,-0.0117616106,0.0029516819,0.0076781569,-0.0028088630,0.0103653387,0.0048916203
2005-04-14,-0.0100017804,-0.0031043184,-0.0008262353,-0.0063887849,-0.0019724983,-0.0013943268
2005-04-15,-0.0167204964,-0.0108787572,-0.0203995431,-0.0166459105,-0.0097042191,-0.0191748303
2005-04-18,0.0029405974,-0.0131858694,-0.0255202747,-0.0380144023,-0.0207877944,-0.0205069938
2005-04-19,0.0059338286,0.0059041659,0.0005734301,0.0116488198,0.0066535261,0.0032407932
2005-04-20,-0.0132549393,-0.0069198651,-0.0061812503,0.0020531369,0.0042799505,-0.0031218213
2005-04-21,0.0197362208,-0.0004976985,0.0036088655,-0.0093961922,0.0070865287,0.0002531633
2005-04-22,-0.0067502534,0.0061622762,0.0069961710,0.0056043666,0.0070778880,0.0073803504
2005-04-25,0.0086622752,0.0032169794,0.0056641475,0.0025185100,0.0041392236,0.0032385814
2005-04-26,-0.0088374664,-0.0039877290,-0.0031081516,-0.0034260649,0.0079525656,-0.0000075204
2005-04-27,0.0039502783,-0.0115777727,-0.0105673795,-0.0027555840,-0.0014387470,-0.0163685079
2005-04-28,-0.0113803716,0.0001670967,-0.0026067963,0.0003162504,0.0050420586,-0.0041322055
2005-05-06,0.0246059425,0.0268672919,0.0318230674,0.0166473966,0.0089536472,0.0311930387
2005-05-09,0.0063943231,-0.0017483783,-0.0043260595,-0.0018628746,0.0036432969,-0.0032899842
2005-05-10,-0.0107054354,-0.0036453787,-0.0096170384,-0.0010616786,-0.0047362112,-0.0049599501
2005-05-11,0.0041930466,-0.0034747773,-0.0016394998,-0.0034732654,-0.0056055035,-0.0051796689
2005-05-12,-0.0100332165,0.0036714737,0.0053932103,-0.0038450606,0.0020431046,0.0090764168
2005-05-13,-0.0045800585,-0.0013896154,0.0020272533,-0.0026024764,-0.0072643662,0.0005578151
2005-05-17,0.0171136425,0.0024557454,-0.0055967852,-0.0202478477,-0.0144070124,-0.0029119641
2005-05-18,0.0100187504,0.0103909161,0.0171293550,0.0009256487,-0.0029282519,0.0167141254
2005-05-19,0.0046559408,0.0026872537,0.0082828061,0.0223111074,0.0052777479,0.0031499155
2005-05-20,-0.0015111721,0.0018336005,0.0000596855,-0.0035993085,0.0013497576,0.0024963890
2005-05-23,0.0038510325,0.0036204193,0.0106107345,0.0109954845,-0.0013333440,0.0054172279
2005-05-24,0.0001758673,-0.0014629454,-0.0023394997,-0.0022404143,0.0014738476,-0.0039603188
2005-05-25,-0.0034000827,-0.0022077270,-0.0016148917,-0.0107081414,-0.0114627211,-0.0004363756
2005-05-26,0.0063948919,0.0047068093,0.0107209544,0.0012266402,0.0005847684,0.0090261777
2005-05-27,0.0009686162,-0.0017217758,0.0018279455,0.0149066500,0.0106698705,-0.0013172198
2005-05-31,-0.0060728650,-0.0044722150,0.0035817684,0.0075283489,0.0111040816,-0.0026864845
2005-06-01,0.0089970379,0.0094681708,0.0149171845,0.0047071037,0.0004326797,0.0139586966
2005-06-02,0.0017218715,-0.0011973658,0.0011044428,-0.0043796613,-0.0042160987,0.0013092120
2005-06-03,-0.0068671327,-0.0011189006,-0.0048055977,0.0017730418,0.0002801473,-0.0050792115
2005-06-06,0.0012457904,-0.0038004561,-0.0029111387,-0.0026043856,0.0030466231,-0.0038438713
2005-06-07,-0.0002087665,0.0090153207,0.0152870867,-0.0047175684,-0.0016781272,0.0082648657
2005-06-08,-0.0021632442,-0.0042981733,-0.0019097039,0.0056679617,0.0044271505,-0.0022460464
2005-06-09,0.0052399487,0.0010991866,0.0011980719,-0.0106506576,-0.0000172849,-0.0042288795
2005-06-10,-0.0023482370,0.0042321541,0.0051175492,0.0128440219,0.0026226352,0.0073163839
2005-06-13,0.0022618632,0.0039758270,0.0028586082,0.0006439445,0.0012386124,0.0046342430
2005-06-14,0.0025733149,-0.0007128342,-0.0016350677,0.0021579928,-0.0033837367,-0.0013679109
2005-06-15,0.0022177088,-0.0054093298,-0.0094235500,0.0070536808,0.0006825145,-0.0031875177
2005-06-16,0.0036300992,0.0050801873,0.0069145320,0.0000437986,-0.0058047859,0.0001888076
2005-06-17,0.0049547468,0.0064618628,0.0053931021,0.0085535337,0.0056746180,0.0085445575
2005-06-20,-0.0007066669,-0.0011029025,-0.0038461706,-0.0026646329,0.0024251858,-0.0065176118
2005-06-21,-0.0020475210,0.0019913442,0.0046327990,0.0004694297,0.0024079043,0.0068250388
2005-06-22,0.0002224928,0.0033843700,0.0024934810,0.0050954272,0.0129955919,0.0017834556
2005-06-23,-0.0108330513,0.0029612100,0.0017057500,0.0025520924,0.0020775975,0.0025133576
2005-06-24,-0.0076287211,-0.0069216141,-0.0131821208,-0.0034309911,0.0028082010,-0.0095066853
2005-06-27,-0.0007385256,-0.0069895649,-0.0093420220,-0.0106396531,-0.0038122905,-0.0100455348
2005-06-28,0.0091375634,0.0092990785,0.0074362238,0.0087215140,0.0078583575,0.0088149884
2005-06-29,-0.0014314362,0.0036736201,0.0057422165,0.0055246908,-0.0007111250,0.0089525154
2005-06-30,-0.0071009040,0.0008025088,0.0005781231,0.0005674256,-0.0053386010,-0.0005977923
2005-07-05,0.0114662056,0.0150394859,0.0037874090,0.0028220306,-0.0053700053,0.0055327419
2005-07-06,-0.0083403588,0.0076106432,0.0025719445,-0.0011337059,0.0017791320,0.0063959074
2005-07-07,0.0024520510,-0.0136339857,-0.0184834231,-0.0011540130,-0.0084184247,-0.0138623291
2005-07-08,0.0116790556,0.0143265016,0.0149640934,-0.0020836172,-0.0047281551,0.0188810978
2005-07-11,0.0062548117,0.0019494107,0.0142257703,0.0094068733,0.0138043557,0.0049415041
2005-07-12,0.0022715506,-0.0048069028,-0.0022194412,0.0014860746,-0.0007268393,-0.0018003391
2005-07-13,0.0008837091,0.0055009787,0.0057726584,-0.0027625230,0.0113345709,0.0069174444
2005-07-14,0.0026240391,0.0026306817,0.0041410978,0.0089555194,0.0128773589,0.0062758172
2005-07-15,0.0011578018,-0.0054756530,0.0029004255,-0.0004743246,0.0008798237,0.0006612254
2005-07-19,0.0011645153,-0.0056012933,0.0122302909,0.0005238816,0.0043745813,0.0115415260
2005-07-20,0.0047585925,0.0026145989,0.0029262852,0.0020833064,0.0023998205,-0.0013244874
2005-07-21,-0.0066061467,0.0012271633,0.0094827291,-0.0002221616,0.0011942622,0.0016454001
2005-07-22,0.0054114083,0.0038684899,0.0014554812,-0.0077782948,0.0113761097,-0.0022912145
2005-07-25,-0.0037692304,0.0055134480,0.0011991757,0.0057802735,0.0005119760,0.0014947498
2005-07-26,0.0017330780,-0.0027510576,0.0001631402,-0.0020990533,-0.0016290751,-0.0003030972
2005-07-27,0.0045729269,0.0014078426,0.0024486192,0.0082740201,0.0021618697,0.0027936469
2005-07-28,0.0056031593,0.0012728374,0.0076513334,0.0019627659,0.0007742244,0.0065709518
2005-07-29,-0.0076704702,0.0022769103,-0.0012263669,0.0034819498,0.0045675213,-0.0023574448
2005-08-01,0.0009479345,0.0016280972,0.0008902277,0.0039766306,0.0065788282,0.0011523320
2005-08-02,0.0070992186,0.0069175562,0.0085915574,-0.0005624652,0.0105615504,0.0104243471
2005-08-03,0.0007395138,0.0009009488,-0.0019765369,0.0034839960,-0.0012274546,-0.0017431762
2005-08-04,-0.0073733000,-0.0031505739,-0.0099652370,-0.0082199866,-0.0004603605,-0.0081214388
2005-08-05,-0.0076383583,-0.0001317271,-0.0096182407,-0.0098313606,-0.0039850158,-0.0083584365
2005-08-08,-0.0026826364,0.0055505383,0.0022124071,0.0010623398,0.0038282434,0.0043670013
2005-08-09,0.0067449903,0.0036301090,0.0148040909,0.0103013876,-0.0040440020,0.0114118587
2005-08-10,-0.0018272182,0.0025728143,0.0165169924,0.0166180204,0.0198414068,0.0078856560
2005-08-11,0.0070619492,-0.0035146262,-0.0073417765,0.0136583849,0.0064373386,-0.0039782038
2005-08-12,-0.0059944932,-0.0023887382,-0.0033508946,-0.0001337831,0.0003722839,-0.0072342854
2005-08-15,0.0028283556,-0.0002992273,-0.0030361013,-0.0004183671,0.0009778929,-0.0022115373
2005-08-16,-0.0117759807,-0.0040792433,-0.0078275345,0.0048235530,-0.0014508837,-0.0049277643
2005-08-17,0.0007381243,-0.0055801344,-0.0025287834,-0.0034549322,0.0003859173,-0.0011114555
2005-08-18,-0.0009997793,-0.0044212575,-0.0041445360,0.0027906514,-0.0195144614,-0.0021533459
2005-08-19,0.0005659804,0.0082174662,0.0162102164,-0.0012707547,-0.0072272804,0.0130539880
2005-08-22,0.0016561474,0.0010917074,0.0023894523,0.0130802817,0.0119704898,-0.0004367212
2005-08-23,-0.0033886495,-0.0034220268,-0.0048464609,0.0016398238,-0.0160816208,-0.0110077004
2005-08-24,-0.0065703564,-0.0047168030,-0.0003639963,0.0023514987,-0.0066809654,-0.0027340738
2005-08-25,0.0022983237,-0.0036965422,-0.0121930506,-0.0077665647,0.0010252894,-0.0103788303
2005-08-26,-0.0059965353,-0.0052514597,-0.0148702256,0.0027666158,0.0062992418,-0.0081784836
2005-08-30,0.0027467087,0.0052982358,0.0016556734,0.0010980507,-0.0040492804,0.0032145809
2005-08-31,0.0098641368,0.0078199511,0.0079240283,-0.0031751061,-0.0012511491,0.0098010186
2005-09-01,0.0010325156,0.0059657721,0.0027434473,0.0075215989,0.0161169787,0.0056349196
2005-09-02,-0.0029223769,-0.0003002904,-0.0010592497,0.0074382745,0.0051598612,-0.0043397506
2005-09-06,0.0126188362,0.0060636193,0.0269687576,-0.0000452629,-0.0040145722,0.0153462823
2005-09-07,0.0024079737,0.0012501319,0.0039974302,0.0006476608,0.0042075697,0.0030497451
2005-09-08,-0.0037933462,-0.0046777052,0.0009241647,-0.0058457006,-0.0038359303,-0.0045138526
2005-09-09,0.0079647439,0.0034639007,0.0026398630,0.0126178222,-0.0000264002,0.0057636768
2005-09-12,-0.0007409881,0.0029482010,-0.0031862600,0.0161037664,0.0022432431,0.0000310905
2005-09-13,-0.0075450659,-0.0069022152,-0.0176554010,0.0004280648,-0.0085021220,-0.0085510260
2005-09-14,-0.0032812842,0.0017609409,0.0018951992,-0.0052472839,0.0010656901,0.0038217947
2005-09-15,0.0004644433,0.0067509628,-0.0010567627,0.0118846270,-0.0030225846,0.0020042727
2005-09-16,0.0082917693,0.0045323493,0.0164126270,-0.0021637839,-0.0038441102,0.0067196866
2005-09-20,-0.0133855191,0.0015717747,-0.0047408276,0.0146535472,0.0172633451,0.0049472488
2005-09-21,-0.0091211415,-0.0086219090,-0.0176591020,0.0036505870,-0.0011967197,-0.0140649960
2005-09-22,0.0036523253,0.0029796822,-0.0053762595,-0.0028196691,-0.0028685636,-0.0044561076
2005-09-26,0.0008315438,0.0125146035,0.0307589380,0.0177265099,0.0062160530,0.0267009930
2005-09-27,0.0000247027,-0.0010636689,-0.0064584312,-0.0061668130,-0.0055275616,-0.0044056208
2005-09-28,0.0010117800,0.0087199166,0.0166859355,0.0094567798,0.0020790209,0.0116191784
2005-09-29,0.0088668975,-0.0030209671,-0.0054608301,0.0134959282,0.0137825176,-0.0045155850
2005-09-30,0.0009204392,-0.0000912709,0.0045706868,-0.0031533871,-0.0001769441,0.0046212719
2005-10-03,-0.0017171958,0.0043631271,0.0075235534,-0.0036112015,-0.0022121295,0.0048956351
2005-10-04,-0.0099698223,-0.0013087457,0.0110093323,0.0157896595,-0.0007911770,0.0059924187
2005-10-05,-0.0148871166,-0.0121214507,-0.0133514656,-0.0035629060,-0.0143789279,-0.0120704239
2005-10-06,-0.0040956748,-0.0102066960,-0.0102871538,-0.0241331297,-0.0212208843,-0.0124528935
2005-10-07,0.0037012767,-0.0018799974,-0.0018934600,-0.0098633508,0.0005721452,-0.0017875341
2005-10-12,-0.0152353628,-0.0037483188,-0.0051919317,0.0178412938,-0.0183711183,-0.0030339747
2005-10-13,-0.0007133414,-0.0144135370,-0.0063632394,-0.0010769667,0.0032116970,-0.0099489316
2005-10-14,0.0082678875,0.0018612407,0.0051494697,-0.0021339641,-0.0092977551,0.0026844858
2005-10-17,0.0029749863,0.0021800948,0.0006572164,-0.0015088812,0.0038292273,0.0015796236
2005-10-18,-0.0100495430,-0.0042750587,-0.0063568955,-0.0035857287,0.0038545790,-0.0062527314
2005-10-19,0.0149557734,-0.0182374289,-0.0204561370,-0.0166825938,-0.0153890843,-0.0192888567
2005-10-20,-0.0150197036,-0.0007352706,0.0037701393,0.0046437238,0.0025173081,0.0035588555
2005-10-21,0.0015197121,-0.0042601808,-0.0053143029,0.0007194771,0.0054764040,-0.0054980654
2005-10-24,0.0167770493,0.0127379862,0.0131014670,-0.0071038532,-0.0059014969,0.0126989445
2005-10-25,-0.0023678616,-0.0048966894,-0.0058794489,0.0133097847,0.0015643471,-0.0056490612
2005-10-26,-0.0043124626,0.0088187619,0.0057090076,0.0086140115,0.0023057222,0.0035728897
2005-10-27,-0.0104752308,-0.0086078277,-0.0193316248,0.0016469216,-0.0053312584,-0.0172887429
2005-10-28,0.0165493336,0.0059041635,0.0040761817,-0.0052574807,-0.0114893824,-0.0022369183
2005-10-31,0.0071761545,0.0199293943,0.0214333611,0.0194777043,0.0119964883,0.0253634367
2005-11-01,-0.0035210976,0.0050777652,-0.0013227688,0.0192084924,0.0129212336,-0.0003832333
2005-11-02,0.0099770527,0.0026758029,0.0065576327,0.0019411734,0.0017307338,-0.0011500305
2005-11-04,0.0044288624,0.0121300337,0.0081557098,0.0130394064,-0.0008008526,0.0155882055
2005-11-07,0.0021883095,0.0068588588,0.0057975111,-0.0010202041,-0.0150831734,0.0011002527
2005-11-08,-0.0034511433,0.0000183302,-0.0030592167,-0.0017685855,0.0026041141,-0.0000066136
2005-11-09,0.0016905265,-0.0038638499,0.0005090619,0.0025269223,0.0134935019,-0.0051936300
2005-11-10,0.0084462674,-0.0029963979,0.0008320906,0.0006167968,0.0024511150,-0.0001629337
2005-11-11,0.0030545346,0.0076703416,0.0149934101,0.0052681145,0.0073304935,0.0127224544
2005-11-14,-0.0007774726,0.0008965805,0.0003300448,-0.0027565784,-0.0075376428,0.0026363908
2005-11-15,-0.0038500194,-0.0055575690,0.0035699434,-0.0017193567,-0.0001421839,-0.0011652965
2005-11-16,0.0017900189,-0.0017648536,-0.0057038011,0.0056132472,0.0015812699,-0.0068278662
2005-11-17,0.0094135755,0.0055248619,0.0035935054,0.0170010677,0.0093812535,0.0024490193
2005-11-18,0.0044013280,0.0071245242,0.0046629588,0.0146636939,0.0064471172,0.0073067628
2005-11-21,0.0052712602,-0.0001818546,0.0091948596,0.0039191069,0.0001511759,0.0066172916
2005-11-22,0.0050842770,0.0035104846,0.0007949452,0.0018998507,0.0000053796,-0.0012144271
2005-11-25,0.0055660107,0.0011961881,0.0037779443,0.0051650851,0.0131549063,0.0042939833
2005-11-28,-0.0085078171,-0.0083999971,-0.0034037845,0.0137071439,0.0012286782,-0.0054711513
2005-11-29,0.0000159206,0.0024829477,0.0044218564,-0.0039527904,-0.0047178963,0.0029331175
2005-11-30,-0.0063619303,-0.0123474421,-0.0011693627,-0.0037212567,-0.0060963192,-0.0046461274
2005-12-01,0.0121571083,0.0115982999,0.0140851665,0.0173713688,0.0087627637,0.0151179339
2005-12-02,0.0003241257,0.0076557116,0.0078686106,0.0192392591,0.0087834712,0.0056163623
2005-12-05,-0.0023634793,-0.0032018587,-0.0077487654,0.0084109278,-0.0027341139,-0.0025651391
2005-12-06,0.0012756502,0.0051538732,0.0064536052,-0.0082262968,-0.0110965073,0.0057327012
2005-12-07,-0.0050090657,-0.0018054453,-0.0064329489,0.0039732065,0.0096286836,-0.0035534329
2005-12-08,-0.0012168489,0.0004160565,0.0037974083,-0.0194579540,-0.0169006198,0.0020062090
2005-12-09,0.0028108910,-0.0024769386,-0.0008739050,0.0145349546,0.0021069475,-0.0019101806
2005-12-12,0.0008417372,-0.0028817745,0.0036121940,0.0217248318,0.0049556069,0.0026003201
2005-12-13,0.0055536600,0.0010361166,0.0017108970,0.0025516819,-0.0027882513,0.0043375682
2005-12-14,0.0041895302,0.0025239508,-0.0044291488,-0.0199178056,0.0022512550,-0.0039523171
2005-12-15,-0.0014143099,-0.0046730348,0.0017137262,-0.0135884484,0.0055260637,-0.0003657788
2005-12-16,-0.0028482818,0.0066056984,0.0109218844,-0.0053341922,-0.0019396987,0.0066914363
2005-12-19,-0.0058390167,0.0014823391,-0.0006500189,0.0143945920,0.0101850976,-0.0020300723
2005-12-20,-0.0002381491,0.0014621643,0.0011999450,0.0162284127,-0.0009036308,0.0018360755
2005-12-21,0.0025166669,0.0071198112,0.0075850133,0.0202228306,0.0034444864,0.0104029731
2005-12-22,0.0042207777,0.0017181691,0.0001945081,-0.0010152044,-0.0025549291,-0.0000947299
2005-12-28,-0.0078462221,0.0046095774,0.0090529056,0.0158857258,-0.0053344359,0.0010459294
2005-12-29,-0.0029805192,0.0027566338,0.0020983773,0.0092370141,-0.0037049331,0.0033635137
2005-12-30,-0.0048867243,-0.0034584894,-0.0092185718,-0.0142417803,-0.0112431721,-0.0120890508
2006-01-04,0.0201635206,0.0170499566,0.0213304014,0.0155237838,0.0217545399,0.0261471953
2006-01-05,0.0000157206,-0.0040947576,-0.0012836386,0.0039011671,0.0046756601,-0.0007089308
2006-01-06,0.0093994180,0.0071337518,0.0035874073,0.0001730127,0.0048005974,0.0066307059
2006-01-10,0.0032984483,-0.0075020066,-0.0075157983,-0.0184963128,0.0146939035,-0.0010724401
2006-01-11,0.0034815440,0.0075060112,0.0069485334,0.0148372021,0.0052003978,0.0058742223
2006-01-12,-0.0062742391,0.0006455893,0.0016699674,0.0049866570,0.0043761268,-0.0000511196
2006-01-13,0.0012051745,-0.0042195903,-0.0106529512,0.0005934724,0.0043640177,-0.0081203473
2006-01-17,-0.0036345879,-0.0021012082,-0.0041818916,-0.0394409618,-0.0134133479,-0.0089453421
2006-01-18,-0.0038973286,-0.0061940349,-0.0118220512,-0.0294047812,-0.0060984215,-0.0072912984
2006-01-19,0.0055636733,0.0052086090,0.0065293788,0.0231468892,0.0122219104,0.0088011755
2006-01-20,-0.0183263152,-0.0036535327,-0.0150657774,0.0000261308,-0.0005322030,-0.0084356264
2006-01-23,0.0018469874,-0.0020273606,-0.0000560485,-0.0214083370,-0.0125979784,-0.0045019035
2006-01-24,0.0024054368,-0.0047872420,-0.0026960487,0.0187647821,0.0042548828,-0.0007723943
2006-01-25,-0.0017207360,0.0125315240,0.0173949801,0.0001348563,-0.0006555242,0.0089884796
2006-01-26,0.0072349543,0.0031905539,0.0224467101,0.0153357313,-0.0000205753,0.0178501397
2006-01-27,0.0077639991,0.0112186254,0.0177529934,0.0358479300,0.0150172861,0.0164215625
2006-02-01,-0.0009815301,0.0025575955,0.0140081425,0.0011791832,-0.0006881069,0.0086329416
2006-02-02,-0.0090607079,-0.0093595374,-0.0134339103,0.0139842040,-0.0032148654,-0.0143017444
2006-02-03,-0.0053586106,0.0020879370,0.0013310711,-0.0030465876,-0.0166941836,0.0019622844
2006-02-06,0.0007832015,0.0022745990,0.0017075239,0.0052893782,0.0076689027,-0.0006015552
2006-02-07,-0.0080947258,-0.0044349141,0.0010835319,-0.0015983947,-0.0019970212,0.0001641593
2006-02-08,0.0086628691,-0.0037759636,-0.0011475159,-0.0268112439,-0.0092523842,-0.0081695151
2006-02-09,-0.0014774978,0.0146197805,0.0136365031,0.0102619997,0.0026011912,0.0123920662
2006-02-10,0.0025399681,-0.0076951709,-0.0073489400,-0.0110610398,0.0008123116,-0.0090643190
2006-02-13,-0.0032596981,0.0051005190,0.0096220556,-0.0233838046,-0.0073810916,0.0094770406
2006-02-14,0.0100328176,-0.0002071624,0.0012281826,0.0193485663,0.0070683016,0.0008028428
2006-02-15,0.0035044026,-0.0001380807,0.0001683407,-0.0155725710,0.0001906221,-0.0054924679
2006-02-16,0.0073281288,0.0064577229,0.0043161494,0.0069566953,0.0017908093,0.0079041933
2006-02-17,-0.0016597238,0.0029680203,0.0010761291,-0.0205825555,0.0016057692,0.0054111543
2006-02-21,-0.0032705331,0.0019670897,0.0009593784,0.0115499927,0.0097927653,-0.0016139648
2006-02-22,0.0075134755,0.0025094673,0.0105188068,-0.0071192564,0.0005426097,0.0099500434
2006-02-23,-0.0037751357,-0.0061984713,-0.0007130899,0.0199165956,0.0113081169,-0.0002399954
2006-02-24,0.0012735109,0.0041980809,0.0022038957,0.0003609910,0.0027522181,0.0066582264
2006-02-27,0.0036372205,0.0026277455,0.0075560296,0.0056539900,0.0059182359,0.0012948145
2006-02-28,-0.0104008600,-0.0143637407,-0.0201364066,0.0007706744,-0.0019692412,-0.0157601631
2006-03-01,0.0082613307,0.0090822926,0.0121755239,-0.0148696907,-0.0063065457,0.0114309044
2006-03-02,-0.0016263248,-0.0018993682,-0.0141682557,-0.0034263730,0.0040687815,-0.0095934682
2006-03-03,-0.0014816344,0.0044059995,-0.0107254047,-0.0154886011,-0.0050653517,-0.0039807514
2006-03-06,-0.0069684290,0.0066737686,0.0056978635,0.0151832441,0.0006220781,0.0043234445
2006-03-07,-0.0018619098,-0.0068499955,-0.0025686686,-0.0110143300,-0.0132476586,-0.0036941304
2006-03-08,0.0020299447,-0.0075972276,-0.0114857481,-0.0062653678,-0.0070034601,-0.0045471235
2006-03-09,-0.0048808266,0.0073973405,0.0103748666,0.0261986996,0.0010998477,0.0077130502
2006-03-10,0.0072235866,0.0088799332,0.0126826438,0.0049086592,-0.0041959725,0.0122668012
2006-03-13,0.0021148108,0.0075999768,0.0086547679,0.0152572307,0.0062816572,0.0075356403
2006-03-14,0.0103961246,-0.0003695248,0.0026847646,-0.0075267757,-0.0014354939,0.0018972096
2006-03-15,0.0042698455,0.0024367290,0.0047011859,0.0049684627,0.0129254956,0.0021046868
2006-03-16,0.0017727560,0.0047274491,-0.0001169694,-0.0136546070,0.0005521303,-0.0003745001
2006-03-17,0.0014709261,0.0010178195,-0.0026128696,0.0151290589,0.0046169453,0.0029399695
2006-03-20,-0.0016600068,-0.0012834129,0.0034697107,0.0174464513,0.0081187697,-0.0004999557
2006-03-22,-0.0000305859,0.0026369485,0.0050010282,-0.0077787586,-0.0180252054,0.0109506495
2006-03-23,-0.0025822925,-0.0028963633,0.0024947794,-0.0003704850,0.0082057095,0.0000000000
2006-03-24,0.0009832808,0.0077126770,0.0043769619,0.0043361271,-0.0034689856,0.0046065814
2006-03-27,-0.0010284093,-0.0106190235,-0.0101923561,0.0053880305,0.0063252257,-0.0107823619
2006-03-28,-0.0064381842,-0.0061116504,-0.0036584798,0.0024108339,0.0025739944,-0.0024115936
2006-03-29,0.0074696955,0.0039590948,0.0040997148,0.0148691642,-0.0070298719,0.0058756938
2006-03-30,-0.0020262759,0.0094139494,0.0117350364,0.0063128527,0.0086109322,0.0115535153
2006-03-31,-0.0041376696,-0.0084284589,-0.0023578569,0.0008401307,-0.0047636714,-0.0036735939
2006-04-03,0.0022705472,0.0100090041,0.0090400339,0.0160407879,0.0163688267,0.0065908171
2006-04-04,0.0062566899,-0.0032534253,-0.0016931645,-0.0023307948,0.0022622267,-0.0094095647
2006-04-06,0.0023814333,0.0068279845,0.0029166073,0.0113584076,0.0193192099,0.0031791027
2006-04-07,-0.0103434873,-0.0032419897,-0.0130103033,0.0042333847,0.0036955672,-0.0090763378
2006-04-10,0.0008645273,0.0067871263,0.0084798689,-0.0060802151,0.0030239931,0.0029584883
2006-04-11,-0.0077509593,-0.0083237185,-0.0158126543,-0.0022025631,-0.0027708772,-0.0149645243
2006-04-12,0.0012047917,-0.0026095230,-0.0012220109,-0.0146732207,-0.0100177640,-0.0053769577
2006-04-13,0.0007763252,0.0047660476,0.0029349416,0.0021325274,0.0072767581,0.0034434367
2006-04-18,0.0140871558,0.0024380860,-0.0027016233,0.0019599215,0.0126650672,-0.0013032329
2006-04-19,0.0020271284,0.0075610440,0.0154474291,0.0068044289,0.0115948800,0.0121998205
2006-04-20,0.0011679305,-0.0013793397,0.0115987331,-0.0018783643,0.0067675233,0.0094316752
2006-04-21,-0.0001371995,0.0084356059,0.0051902957,0.0049909914,-0.0018997172,0.0087558445
2006-04-24,-0.0024175187,-0.0055440506,-0.0025694501,-0.0281292603,-0.0122090015,-0.0058906519
2006-04-25,-0.0048696174,-0.0019840453,-0.0000477109,0.0033042065,-0.0076561067,0.0026620822
2006-04-26,0.0028193372,0.0029079793,0.0046588658,0.0050465036,0.0057239682,0.0032433387
2006-04-27,0.0033015960,-0.0072571476,-0.0064481920,0.0034363049,0.0042098533,-0.0073815040
2006-04-28,0.0006795458,-0.0060890928,-0.0095340432,-0.0121714405,-0.0048706660,-0.0048239498
2006-05-02,0.0019837905,0.0097956200,0.0068886288,0.0146418838,0.0124082918,0.0101746280
2006-05-08,0.0087191489,-0.0024662534,0.0126733210,0.0080390721,0.0257143109,0.0078627108
2006-05-09,0.0003623424,0.0063457005,0.0020790268,-0.0058270697,-0.0096983513,0.0056376408
2006-05-10,-0.0017281488,-0.0036360382,-0.0036380638,-0.0139015600,-0.0031166348,-0.0063834725
2006-05-11,-0.0127980738,-0.0068053889,-0.0104046609,-0.0052966868,0.0035238510,-0.0029043755
2006-05-12,-0.0112411581,-0.0214994873,-0.0228648765,-0.0154405857,-0.0139392546,-0.0213739369
2006-05-15,0.0025247125,-0.0119754896,-0.0100147394,-0.0069190861,-0.0240807826,-0.0166199253
2006-05-16,-0.0018694816,0.0008389213,-0.0008724325,-0.0199243055,-0.0061674117,0.0033248454
2006-05-17,-0.0168410706,-0.0291984861,-0.0340400603,0.0092366705,0.0135692016,-0.0317571290
2006-05-18,-0.0066990113,-0.0006871469,0.0023616257,-0.0135206461,-0.0210063003,-0.0023616636
2006-05-19,0.0041368910,-0.0025037371,0.0010959909,0.0042437835,0.0028795847,0.0073094620
2006-05-22,-0.0039147320,-0.0220418760,-0.0222202634,-0.0184197948,-0.0311303624,-0.0265078316
2006-05-23,-0.0043499889,0.0263885616,0.0238449823,-0.0163117695,0.0037354064,0.0245205745
2006-05-24,0.0015836559,-0.0161304690,-0.0160712179,0.0197446020,-0.0026423628,-0.0124727556
2006-05-25,0.0113700940,0.0162159432,0.0212681559,-0.0134184641,-0.0079474729,0.0163263735
2006-05-26,0.0057193367,0.0199552285,0.0144232279,0.0176509608,0.0126273399,0.0193068964
2006-05-30,-0.0158496114,-0.0240027629,-0.0286660974,-0.0069695852,-0.0023409706,-0.0299736439
2006-06-01,0.0205100256,0.0172859510,0.0151464163,-0.0224288961,-0.0134078444,0.0109156804
2006-06-02,0.0019522364,0.0025914225,-0.0036004347,0.0184193834,0.0170940123,0.0025084756
2006-06-05,-0.0177997020,-0.0004336814,-0.0115789756,-0.0076634130,0.0065055235,-0.0088029829
2006-06-06,-0.0011381291,-0.0160185161,-0.0210595771,-0.0180906062,-0.0026922763,-0.0240274929
2006-06-07,-0.0060924566,0.0064376171,0.0074725671,-0.0187749891,-0.0098015066,0.0055961955
2006-06-08,0.0014170515,-0.0251301031,-0.0289777081,-0.0306689979,-0.0231681029,-0.0291060870
2006-06-09,-0.0044756104,0.0165921182,0.0150094916,0.0080509346,0.0115584986,0.0178980037
2006-06-12,-0.0118662516,-0.0060652659,-0.0125419599,0.0055705250,-0.0004638904,-0.0094375628
2006-06-13,-0.0111116504,-0.0180219905,-0.0191657332,-0.0414218130,-0.0247749565,-0.0223557705
2006-06-14,0.0051893028,-0.0023190617,0.0026171071,0.0063972517,0.0008861512,-0.0004655897
2006-06-15,0.0212350771,0.0204292882,0.0219054268,0.0112652101,0.0122744714,0.0236467462
2006-06-16,-0.0036778714,-0.0038972653,-0.0085224221,0.0282348740,0.0264054550,-0.0062841440
2006-06-19,-0.0091167952,0.0051274156,0.0117596912,-0.0012762821,-0.0046576827,0.0072695807
2006-06-20,-0.0000080715,0.0057055682,0.0099977171,-0.0142620772,-0.0101396437,0.0087544358
2006-06-21,0.0097409574,0.0012017611,0.0017839441,-0.0002833339,0.0032283120,0.0009034967
2006-06-22,-0.0052707042,0.0033715971,0.0054529400,0.0335579040,0.0106862503,0.0059815023
2006-06-23,-0.0008830890,0.0014074348,-0.0006649934,-0.0007697297,-0.0011304078,0.0029854212
2006-06-26,0.0048694726,-0.0019149175,-0.0027325608,0.0018751836,-0.0002530235,-0.0033501221
2006-06-27,-0.0090840159,-0.0050870220,-0.0100605084,0.0012809310,-0.0019050767,-0.0063001274
2006-06-28,0.0054874509,0.0046530251,-0.0004176081,-0.0188309257,-0.0020311029,0.0005784168
2006-06-29,0.0215650041,0.0198816434,0.0228702172,0.0157892178,0.0077851881,0.0222831761
2006-06-30,-0.0020976564,0.0072347237,0.0182096287,0.0253968307,0.0253636822,0.0175355362
2006-07-03,0.0078648958,0.0087427574,0.0051695020,0.0042850474,0.0036292979,0.0029521294
2006-07-05,-0.0072488519,-0.0098055380,-0.0152397661,-0.0030619606,-0.0036431498,-0.0119102263
2006-07-06,0.0024942142,0.0108637484,0.0124146688,-0.0130469477,0.0106847376,0.0091744849
2006-07-07,-0.0067499497,-0.0001867738,-0.0023913947,-0.0009000508,0.0011428182,-0.0025652597
2006-07-10,0.0014697865,0.0013584880,0.0043066477,0.0160181252,0.0087504970,0.0058077723
2006-07-11,0.0040163555,-0.0067154095,-0.0158210174,-0.0050787774,-0.0068466023,-0.0136658540
2006-07-12,-0.0108690282,0.0005634496,0.0038781392,-0.0145083758,0.0019454108,0.0055632221
2006-07-13,-0.0129667461,-0.0163123394,-0.0196050581,-0.0099263517,-0.0131175222,-0.0180523746
2006-07-14,-0.0048942895,-0.0099566179,-0.0190092837,-0.0167380312,-0.0104118678,-0.0147820061
2006-07-18,0.0005339219,-0.0045377920,-0.0046789168,-0.0274835566,-0.0056873563,-0.0096741333
2006-07-19,0.0185551101,0.0169491176,0.0263931625,0.0043650677,0.0033408008,0.0236559410
2006-07-20,-0.0084775111,-0.0012288158,0.0011788126,0.0307980743,0.0233003987,0.0038171561
2006-07-21,-0.0070768981,-0.0088720491,-0.0170957697,-0.0084017812,-0.0005123322,-0.0095559819
2006-07-24,0.0166251397,0.0199660302,0.0233057809,-0.0018054987,0.0009967187,0.0200019456
2006-07-25,0.0063208084,0.0029654765,-0.0022032860,0.0142444986,0.0062661308,0.0037009562
2006-07-26,-0.0003782710,0.0044264256,0.0031155373,-0.0080751737,0.0020128523,0.0020027655
2006-07-27,-0.0040997108,0.0089159452,0.0136070866,0.0198675466,0.0180252131,0.0117762413
2006-07-28,0.0121517561,0.0076566156,0.0081904092,0.0107438870,0.0022622245,0.0054586400
2006-07-31,-0.0014782485,-0.0077993102,-0.0041100756,0.0074262151,0.0009614122,-0.0037963223
2006-08-01,-0.0044960993,-0.0080124153,-0.0150000752,-0.0010286349,-0.0035336458,-0.0122149755
2006-08-02,0.0051065291,0.0087233531,0.0150229574,0.0015141519,0.0071774709,0.0157672582
2006-08-03,0.0022388938,-0.0157954508,-0.0071803085,0.0003931689,0.0009199878,-0.0084695000
2006-08-04,-0.0007108143,0.0087352701,0.0147162343,0.0018622418,-0.0094213506,0.0114915118
2006-08-07,-0.0028060639,-0.0102896897,-0.0168372116,-0.0222669925,0.0038933429,-0.0167846038
2006-08-08,-0.0033627057,-0.0018356621,0.0044875566,0.0204961967,0.0055828091,0.0023425253
2006-08-09,-0.0043492854,0.0072875856,0.0090040442,0.0124108571,0.0175021922,0.0115137441
2006-08-10,0.0046290198,-0.0063305345,-0.0125990690,-0.0016401840,-0.0071737168,-0.0096533967
2006-08-11,-0.0039864981,-0.0005666457,-0.0004599293,-0.0042154055,0.0016147002,0.0017843128
2006-08-14,0.0011604360,0.0087283387,0.0113052059,0.0187658499,0.0023223574,0.0123177033
2006-08-15,0.0136964664,0.0045989542,0.0148980683,-0.0025805409,-0.0009218880,0.0134913386
2006-08-16,0.0076619876,-0.0002203843,0.0062560826,0.0161334629,0.0102441973,0.0043577618
2006-08-17,0.0015824295,0.0006444060,0.0035386267,-0.0031435116,-0.0044684193,0.0014657058
2006-08-18,0.0037149462,0.0005084401,-0.0028267281,0.0053143672,-0.0024377735,-0.0017784620
2006-08-21,-0.0036704516,0.0019988978,-0.0038146579,-0.0085024584,-0.0186269668,-0.0060439862
2006-08-22,0.0010018549,-0.0021301219,0.0040691578,0.0132838218,0.0083413767,0.0046389422
2006-08-23,-0.0044886561,-0.0072171750,-0.0073680122,-0.0011210344,-0.0035778583,-0.0088918024
2006-08-24,0.0023743945,0.0015529177,0.0066729758,-0.0125230327,-0.0120170218,0.0059259723
2006-08-25,-0.0007484937,0.0016186468,-0.0004488867,-0.0013758839,0.0042889290,-0.0003364493
2006-08-29,0.0070960811,0.0016500029,0.0061171792,-0.0030178563,0.0075391738,0.0096240836
2006-08-30,0.0008356839,0.0069629607,0.0035077297,-0.0011667329,0.0117911577,0.0043544229
2006-08-31,-0.0011874402,-0.0039127229,-0.0013566119,0.0169316976,0.0062227592,-0.0034247963
2006-09-01,0.0055146138,0.0072975562,0.0028961537,-0.0004033122,0.0018083420,0.0035643782
2006-09-05,0.0017085989,0.0054629192,0.0012813297,0.0156010312,0.0008654913,-0.0020449888
2006-09-06,-0.0098914831,-0.0087601165,-0.0120681378,-0.0062169740,-0.0103384985,-0.0110828802
2006-09-07,-0.0047990326,-0.0120081138,-0.0067674931,-0.0166837502,-0.0093907478,-0.0108356874
2006-09-08,0.0037866682,0.0036188707,0.0037306191,0.0042498165,0.0028848295,0.0026639805
2006-09-11,0.0004773158,-0.0048475160,0.0005522091,-0.0177905407,-0.0114996317,-0.0030076980
2006-09-12,0.0103574807,0.0076400145,0.0130017517,-0.0047510595,0.0074820707,0.0133760397
2006-09-13,0.0038613452,-0.0005597158,0.0054938446,0.0019536419,0.0078849496,0.0023332092
2006-09-14,-0.0013579833,-0.0025457383,0.0002116449,0.0122120150,-0.0015450194,-0.0027404183
2006-09-15,0.0025678464,-0.0000340630,0.0051630420,-0.0047332905,0.0031542661,0.0041042936
2006-09-19,-0.0015307121,-0.0076910320,-0.0108473501,0.0004632645,0.0063262002,-0.0056152231
2006-09-20,0.0057223817,0.0058987606,0.0137772152,-0.0098026713,0.0095846314,0.0150019833
2006-09-21,-0.0053955116,0.0051992770,0.0012847521,0.0073518019,0.0061103183,0.0030002637
2006-09-22,-0.0024658012,-0.0126172924,-0.0132018731,-0.0126031099,-0.0010965008,-0.0127430018
2006-09-25,0.0088151368,-0.0041220825,0.0031173440,-0.0000550284,-0.0031028017,0.0008829411
2006-09-26,0.0075242809,0.0129866160,0.0099920573,-0.0048842462,-0.0135619774,0.0142037789
2006-09-27,0.0001795864,0.0096193134,0.0048786921,0.0250953670,0.0123312168,0.0045042340
2006-09-28,0.0017133445,0.0069475568,-0.0000917915,0.0048269450,0.0005171099,0.0013178593
2006-09-29,-0.0022631074,-0.0017584111,0.0025328963,0.0064106978,0.0007119260,0.0000000000
2006-10-03,-0.0013025342,-0.0039759274,-0.0020168550,0.0071002447,0.0036184422,-0.0057561277
2006-10-04,0.0120604493,0.0049518960,0.0090367010,-0.0098226300,0.0012882517,0.0070423840
2006-10-05,0.0022367202,0.0063688930,0.0047813262,0.0228061021,0.0157953175,0.0060838348
2006-10-06,-0.0026824943,-0.0005495553,0.0017349060,-0.0008066913,-0.0002389645,-0.0012233507
2006-10-10,0.0028379569,0.0119142834,0.0052400724,0.0025060417,-0.0044511907,0.0052498419
2006-10-11,-0.0025639437,0.0001317050,0.0002844585,-0.0046536702,0.0021931387,0.0006403082
2006-10-12,0.0095410981,0.0078702239,0.0066721010,-0.0019365633,0.0005766614,0.0090943152
2006-10-13,0.0020472393,0.0058811039,0.0021752893,0.0102468962,0.0064773093,-0.0015443010
2006-10-16,0.0025190488,0.0024523895,0.0020830142,0.0094470011,0.0011862811,0.0016327029
2006-10-17,-0.0036594521,-0.0103363045,-0.0115476407,-0.0048625825,0.0002576665,-0.0109996845
2006-10-18,0.0012829441,0.0068427797,0.0110676336,0.0024928473,0.0018457006,0.0109937605
2006-10-19,0.0008492547,0.0009105258,-0.0008669019,-0.0061034423,-0.0033864603,-0.0002890731
2006-10-20,0.0011997532,-0.0001299228,0.0041117332,0.0060582024,0.0070373205,0.0029124291
2006-10-23,0.0061523046,0.0017708445,0.0064632430,0.0082387998,-0.0013084774,0.0067828068
2006-10-24,0.0002614235,0.0026596880,0.0007384158,-0.0004973315,0.0035136028,-0.0013433619
2006-10-25,0.0035138929,0.0051920902,0.0027850895,-0.0048371660,0.0002495012,0.0032823785
2006-10-26,0.0049630200,-0.0047952069,0.0030758605,0.0067247623,0.0107832049,0.0021227702
2006-10-27,-0.0084516303,-0.0038642968,-0.0034451381,-0.0084780330,-0.0030614715,-0.0069491559
2006-10-31,0.0004356046,-0.0051453047,0.0010187372,-0.0161784480,0.0014646129,-0.0087656678
2006-11-01,-0.0073514690,0.0033283139,0.0036657001,-0.0014714485,0.0070562276,0.0041374089
2006-11-02,-0.0003436828,-0.0000488313,-0.0108981111,-0.0015413639,0.0141505285,-0.0113184929
2006-11-06,0.0090980033,0.0122290663,0.0172447585,0.0009015423,0.0118500721,0.0173801931
2006-11-07,0.0022176988,0.0031327817,0.0049457890,0.0017507370,0.0001457375,0.0065563796
2006-11-08,0.0020826740,-0.0008007687,-0.0019962709,-0.0108378867,-0.0067621423,-0.0001139489
2006-11-09,-0.0053329784,-0.0012021157,0.0014837021,-0.0010588429,0.0075284319,0.0021040288
2006-11-10,0.0018646249,-0.0037069883,-0.0001431360,-0.0053177918,-0.0032564348,-0.0002019046
2006-11-13,0.0025490763,-0.0022871766,0.0056560651,-0.0055819920,-0.0011964107,0.0079045541
2006-11-14,0.0063563994,-0.0012269700,-0.0009931758,0.0166677942,0.0005236685,-0.0026008774
2006-11-15,0.0024044843,0.0069827864,0.0068119095,-0.0028288123,0.0113664215,0.0064368515
2006-11-16,0.0022842132,0.0040290376,0.0018861903,-0.0049004068,0.0031985708,-0.0010540758
2006-11-17,0.0010287059,-0.0100561005,-0.0047586623,-0.0044630183,0.0014952762,-0.0119893949
2006-11-20,-0.0004995370,0.0020187339,0.0062333081,-0.0227315539,-0.0118898772,0.0027630652
2006-11-21,0.0016494528,-0.0003062136,0.0012491702,0.0005213818,0.0028314939,0.0008451114
2006-11-22,0.0023380979,-0.0068197679,0.0024363461,0.0114458639,0.0127569678,-0.0012565348
2006-11-24,-0.0036555375,-0.0062009493,-0.0099086836,-0.0112874361,0.0004940950,-0.0115599058
2006-11-27,-0.0135550811,-0.0117606702,-0.0177465299,0.0095827207,-0.0029226447,-0.0149940920
2006-11-28,0.0034443905,-0.0039999661,-0.0026181806,-0.0018960905,-0.0293938857,-0.0004539135
2006-11-29,0.0092015764,0.0097080936,0.0130728765,0.0139348351,0.0075860494,0.0141361420
2006-11-30,0.0008217512,-0.0058345935,-0.0085813295,0.0123244225,0.0095602712,-0.0099623439
2006-12-01,-0.0027987719,-0.0045297331,-0.0107874480,0.0029156466,-0.0142222217,-0.0138129322
2006-12-04,0.0088851906,0.0047994524,0.0086683179,-0.0011144881,0.0006372196,0.0079995956
2006-12-05,0.0040025084,0.0059500199,0.0123220001,-0.0023203527,0.0129103601,0.0120107442
2006-12-06,-0.0013147003,0.0006572030,-0.0005162627,0.0064872781,0.0043374736,-0.0016922293
2006-12-07,-0.0039705466,0.0067483414,0.0068325540,0.0062352547,-0.0096376368,0.0053432767
2006-12-08,0.0018119412,0.0034086117,0.0022423677,-0.0033714473,-0.0054662237,0.0009202458
2006-12-11,0.0022698131,0.0012027668,0.0065360331,0.0067103866,0.0098543233,0.0080606633
2006-12-12,-0.0010473733,-0.0005519501,0.0010433702,0.0066426142,-0.0009242034,-0.0001363844
2006-12-13,0.0011688503,0.0058638325,0.0068868016,0.0033147687,-0.0099951748,0.0090348077
2006-12-14,0.0086894585,0.0057327412,0.0048782672,0.0081633083,0.0107494872,0.0061597706
2006-12-15,0.0011224039,0.0051380861,0.0055321720,0.0050573605,0.0101086713,0.0058153323
2006-12-18,-0.0032303397,-0.0020127952,0.0012779085,0.0028259401,0.0043043938,-0.0020391677
2006-12-19,0.0021582507,-0.0069468744,-0.0066300708,-0.0109201345,-0.0118981110,-0.0082382322
2006-12-20,-0.0014170106,-0.0008703904,0.0050965653,0.0139571953,0.0145307085,0.0054077403
2006-12-21,-0.0036739516,-0.0024037528,-0.0019660501,0.0021627730,-0.0008980868,-0.0007307723
2006-12-22,-0.0053162510,0.0010187759,-0.0107743398,0.0033512100,0.0050814390,-0.0102443192
2006-12-27,0.0113980804,0.0089176406,0.0162583221,0.0069096593,0.0209730870,0.0157812197
2006-12-28,-0.0014787821,-0.0006725477,0.0004464000,0.0000963910,0.0140009866,-0.0012003413
2006-12-29,-0.0045130879,-0.0032366921,-0.0022520515,0.0000591897,-0.0018592951,0.0015180474
2007-01-04,0.0000281443,0.0106417498,0.0117448721,0.0074214040,0.0030483459,0.0059187504
2007-01-05,-0.0060845813,-0.0106409897,-0.0121823774,-0.0151022855,0.0092731006,-0.0102626863
2007-01-09,0.0017024952,-0.0038584588,0.0032276632,0.0085527262,-0.0154962590,0.0028418874
2007-01-10,0.0019403519,-0.0057132554,-0.0072282104,-0.0171349977,-0.0165714598,-0.0056171015
2007-01-11,0.0063398741,0.0112649374,0.0183870619,-0.0061520485,-0.0093503437,0.0196020694
2007-01-12,0.0048531657,0.0014285328,0.0026722471,0.0129966525,0.0117635632,0.0013940448
2007-01-16,0.0008177951,-0.0037345415,0.0017374507,0.0085273547,0.0211354914,-0.0046425493
2007-01-17,-0.0008939376,-0.0018019201,-0.0022510100,0.0034232702,0.0018284994,-0.0053223716
2007-01-18,-0.0029707400,0.0009347739,-0.0018025393,0.0063482914,0.0106127094,-0.0012117966
2007-01-19,0.0028954653,0.0043315768,0.0086028509,-0.0034822681,0.0024761885,0.0107398247
2007-01-22,-0.0052779090,-0.0030142199,-0.0088718476,0.0065706151,0.0218666916,-0.0062194612
2007-01-23,0.0035419651,0.0014795117,-0.0012531022,-0.0008958456,-0.0001213873,-0.0008441123
2007-01-24,0.0085014704,0.0140021366,0.0103968659,0.0056770933,0.0024724269,0.0113021461
2007-01-25,-0.0112698023,-0.0072052957,-0.0042662211,-0.0028045060,-0.0072628757,-0.0051222903
2007-01-26,-0.0012079294,-0.0065876264,-0.0043514973,-0.0020833124,-0.0188051482,-0.0047957623
2007-01-29,-0.0010969487,0.0019107101,0.0053315561,0.0027856415,-0.0021917502,0.0066998176
2007-01-30,0.0057720933,0.0003365595,0.0092506876,0.0011292499,0.0110581999,0.0046069448
2007-01-31,0.0065928838,-0.0062319613,0.0001296189,-0.0061045383,-0.0173036676,-0.0066033464
2007-02-01,0.0053537318,0.0127517042,0.0091573009,0.0078281534,0.0161013366,0.0096178601
2007-02-02,0.0016944502,0.0045684165,0.0050326335,0.0015759225,0.0065354129,0.0026579195
2007-02-05,-0.0009666073,0.0011091920,-0.0016991164,-0.0115294542,-0.0052549227,0.0006711040
2007-02-06,0.0006980074,0.0044951491,0.0002385980,0.0035779364,0.0097567361,-0.0007621888
2007-02-07,0.0013950411,0.0036557043,0.0057972079,-0.0065801108,0.0011856692,0.0046188536
2007-02-08,-0.0011792671,-0.0036266736,-0.0056148855,0.0000092617,0.0026770870,-0.0066456080
2007-02-09,-0.0070772138,0.0057355198,0.0049994522,0.0122509671,-0.0027678073,0.0048278225
2007-02-13,0.0043113298,-0.0001566711,-0.0022818360,0.0066908668,-0.0263767831,-0.0017145963
2007-02-14,0.0076440800,0.0061738682,0.0095485260,0.0074449839,0.0038575001,0.0075932178
2007-02-15,0.0010375934,0.0018843221,-0.0003677622,0.0081446950,0.0162548850,-0.0008662416
2007-02-16,-0.0008717811,-0.0021450585,-0.0002227874,-0.0012057775,0.0014358570,-0.0012742863
2007-02-21,0.0014358697,-0.0097203680,-0.0022149653,0.0021012129,0.0040601969,-0.0033306180
2007-02-22,-0.0008575564,0.0037438147,0.0046199070,0.0109180942,0.0076416318,0.0023355280
2007-02-23,-0.0035636739,0.0032284001,0.0027030151,0.0043973597,-0.0046892689,0.0014926820
2007-02-26,-0.0012541062,0.0051863150,0.0050067021,0.0014805952,-0.0098351009,0.0080750680
2007-02-27,-0.0347254022,-0.0230935542,-0.0295890833,-0.0052389710,-0.0175580734,-0.0302210312
2007-02-28,0.0055608896,-0.0182307147,-0.0152808373,-0.0284659526,-0.0246358248,-0.0128964354
2007-03-01,-0.0025944346,-0.0089929515,-0.0111980314,-0.0085553485,-0.0155158642,-0.0104997396
2007-03-02,-0.0114027520,0.0000327330,-0.0055601016,-0.0134975762,0.0049316241,-0.0061739168
2007-03-05,-0.0094076778,-0.0094012619,-0.0104114297,-0.0334348959,-0.0399716344,-0.0073129221
2007-03-06,0.0154935807,0.0131711097,0.0092477665,0.0121528039,0.0210920011,0.0096749878
2007-03-07,-0.0024652707,0.0029323125,0.0034495830,-0.0047422517,-0.0073415787,0.0032995242
2007-03-08,0.0071266221,0.0115650443,0.0144278615,0.0194273072,0.0135596052,0.0126836033
2007-03-09,0.0006776218,0.0028100261,0.0004900829,0.0043140536,-0.0021011059,0.0024582620
2007-03-12,0.0026802842,-0.0019055259,-0.0001533212,0.0074779347,0.0160721702,-0.0075426557
2007-03-13,-0.0203682816,-0.0115668445,-0.0136252153,-0.0065665172,-0.0056206633,-0.0114863684
2007-03-14,0.0066911667,-0.0260501193,-0.0266138736,-0.0292190406,-0.0256663388,-0.0251649619
2007-03-15,0.0036837483,0.0220807565,0.0213673117,0.0110032502,0.0070345735,0.0176786234
2007-03-16,-0.0038283090,-0.0004239382,-0.0008503717,-0.0068942788,-0.0008402701,-0.0014267449
2007-03-19,0.0108944864,0.0095911989,0.0139121347,0.0158503349,0.0165267752,0.0142675128
2007-03-20,0.0063334539,0.0049923907,0.0043289023,0.0090330685,0.0046795750,0.0081187449
2007-03-22,0.0167265076,0.0157066698,0.0233825582,0.0149156341,0.0172212287,0.0172806527
2007-03-23,0.0010943900,0.0033871324,0.0061397613,0.0035254294,0.0001214116,0.0064982990
2007-03-26,0.0009679026,-0.0074928228,-0.0101811310,0.0023655676,0.0037175809,-0.0103731657
2007-03-27,-0.0061843580,0.0001112852,0.0043228582,-0.0089550568,-0.0029880095,0.0019296405
2007-03-28,-0.0079657884,-0.0040364717,-0.0060436940,-0.0063530083,-0.0077597584,-0.0061517358
2007-03-29,0.0037397239,0.0090949704,0.0117634199,0.0005337078,0.0137011327,0.0141984956
2007-03-30,-0.0011739956,-0.0025616196,0.0028924859,0.0013734372,-0.0010518536,0.0004670793
2007-04-02,0.0025970634,0.0011889664,0.0029116741,-0.0149956893,0.0004428848,0.0020233543
2007-04-03,0.0092801027,0.0080120493,0.0156245469,0.0126635795,0.0097427022,0.0117526157
2007-04-04,0.0011128175,-0.0002198995,0.0040238246,0.0173995696,0.0103491892,0.0047444040
2007-04-10,0.0062666441,0.0083428296,0.0131129409,0.0068740875,0.0068362286,0.0047499926
2007-04-11,-0.0065728288,-0.0007011749,-0.0019311401,0.0003046110,0.0049912129,-0.0024886274
2007-04-12,0.0062062964,0.0004833857,-0.0013812551,-0.0073372878,-0.0033848743,-0.0005180845
2007-04-13,0.0034880001,0.0071691292,0.0096766220,-0.0100608026,-0.0019254086,0.0070273655
2007-04-16,0.0106549064,0.0083251259,0.0174693587,0.0152241612,0.0204787962,0.0125455359
2007-04-17,0.0021453110,-0.0028237915,0.0014676930,-0.0057210030,0.0014972918,-0.0006533773
2007-04-18,0.0006931929,-0.0074486601,-0.0090477305,0.0079806741,-0.0005541271,-0.0037878816
2007-04-19,-0.0012020506,-0.0013644377,-0.0054391671,-0.0167178274,-0.0229762161,-0.0011840670
2007-04-20,0.0092607041,0.0071731991,0.0137807234,0.0046424461,0.0131469314,0.0188469907
2007-04-23,-0.0023039862,-0.0010944702,-0.0009424425,0.0001575695,-0.0004871751,-0.0036336827
2007-04-24,-0.0003511439,-0.0077473022,-0.0089018095,-0.0002062179,0.0007895514,-0.0052878736
2007-04-25,0.0101390895,0.0050548254,0.0100078478,-0.0123545853,-0.0017509276,0.0104145401
2007-04-26,-0.0007824183,0.0011451412,0.0059838570,0.0111979562,0.0063549286,-0.0004859553
2007-04-27,-0.0001204977,-0.0078368485,-0.0012048028,-0.0016500938,-0.0068121688,-0.0022996148
2007-05-02,0.0012382939,0.0102512663,0.0105460547,-0.0003155233,-0.0067234923,0.0100087953
2007-05-08,0.0078880732,0.0101626806,-0.0018414846,0.0150572652,0.0155901379,0.0073654692
2007-05-09,0.0032234005,-0.0001221001,0.0045403292,0.0051696282,0.0066853738,0.0028802060
2007-05-10,-0.0139562773,-0.0038933675,-0.0081139962,-0.0006286978,-0.0047258723,-0.0064230824
2007-05-11,0.0096414981,0.0063763733,0.0086320858,-0.0103309826,-0.0134028237,0.0062982921
2007-05-14,-0.0017929749,-0.0015535579,-0.0026379307,0.0070764912,0.0249669743,-0.0040012299
2007-05-15,-0.0013039836,0.0020136062,0.0061317194,-0.0093313468,-0.0052952272,0.0038729202
2007-05-16,0.0086265388,-0.0014006112,-0.0032110558,0.0009147233,0.0033117154,-0.0052646073
2007-05-17,-0.0009180225,0.0030184930,0.0024394319,-0.0017342912,0.0027391172,0.0015104652
2007-05-18,0.0066104776,0.0093627133,0.0144062990,-0.0056587118,-0.0042758372,0.0123013335
2007-05-21,0.0015432445,-0.0006174009,0.0015471518,0.0090398195,0.0010959259,-0.0018406364
2007-05-22,-0.0006425680,-0.0045503417,0.0052603291,0.0070161508,-0.0040056900,-0.0000311895
2007-05-23,-0.0012072316,0.0014833355,0.0099864016,0.0014178896,-0.0021564667,0.0050051528
2007-05-25,-0.0043027884,-0.0069221639,0.0004292094,-0.0126465234,-0.0133809769,-0.0102463905
2007-05-29,0.0015702037,0.0054637174,0.0054062232,0.0109460157,-0.0024887266,-0.0001816095
2007-05-30,0.0079836081,-0.0006659960,-0.0020652540,-0.0047701509,-0.0085898193,-0.0023512743
2007-05-31,0.0002548732,0.0029384441,0.0152054446,0.0163455759,0.0167889510,0.0102364388
2007-06-01,0.0037370286,0.0083365091,0.0132956395,0.0046504823,-0.0015314937,0.0105094860
2007-06-04,0.0018486064,-0.0018871744,-0.0013846102,0.0008095751,0.0061506338,-0.0068642696
2007-06-05,-0.0053470694,-0.0046968522,-0.0071407121,0.0044727506,0.0054299457,-0.0077165337
2007-06-06,-0.0088637426,-0.0165992662,-0.0239626699,-0.0007134704,-0.0011294907,-0.0165615298
2007-06-07,-0.0175697809,-0.0026982840,-0.0144164584,0.0006901624,-0.0008861888,-0.0146172267
2007-06-08,0.0113703939,0.0000000000,-0.0036896315,-0.0151933324,-0.0139907464,-0.0012223423
2007-06-11,0.0009617165,0.0095924584,0.0152295761,0.0031154927,0.0051849951,0.0096544288
2007-06-12,-0.0106817186,-0.0071564522,-0.0036127654,-0.0041251727,0.0010138197,-0.0070587632
2007-06-13,0.0151842223,0.0059964876,0.0003255946,-0.0015844135,-0.0027931544,0.0061222250
2007-06-14,0.0048163034,0.0137660533,0.0219249652,0.0061761098,0.0140197906,0.0190351906
2007-06-15,0.0065267626,0.0124062018,0.0231209425,0.0072412890,0.0071782791,0.0095994042
2007-06-18,-0.0012133689,-0.0042926598,0.0006823840,0.0099062067,0.0269228946,-0.0029695417
2007-06-20,-0.0118938522,-0.0080853577,0.0067657173,0.0034248927,0.0047157398,0.0010087047
2007-06-21,0.0061804129,-0.0080158522,-0.0155466813,0.0015715790,0.0124511925,-0.0104212994
2007-06-22,-0.0128958169,-0.0043359760,-0.0018933619,-0.0028327341,0.0020606201,-0.0010846214
2007-06-25,-0.0032079040,0.0031976125,-0.0023925667,-0.0055611877,-0.0080709669,-0.0033868596
2007-06-26,-0.0032381960,-0.0044168688,-0.0088378883,-0.0011815407,-0.0008605534,-0.0082444561
2007-06-27,0.0090093383,-0.0048327883,-0.0075427629,-0.0120020351,-0.0044951246,-0.0019635872
2007-06-28,-0.0004182355,0.0066946054,0.0153988388,0.0046495006,0.0107189195,0.0108791194
2007-06-29,-0.0015673572,0.0055696892,0.0108516672,0.0114926805,-0.0075434666,0.0080948397
2007-07-03,0.0143147104,0.0048275402,0.0054150893,0.0006362767,0.0173800046,0.0024624013
2007-07-05,0.0003475898,-0.0006927331,-0.0078937794,0.0039438276,0.0045979397,-0.0016985718
2007-07-06,0.0033039969,0.0082740386,0.0076610675,-0.0044201137,0.0125264064,0.0071226907
2007-07-09,0.0009213260,0.0033781404,0.0036119728,0.0066722573,0.0126794225,0.0003228437
2007-07-10,-0.0141854495,-0.0121858999,-0.0139439063,-0.0005098323,0.0029981535,-0.0139958555
2007-07-11,0.0057214093,-0.0023827542,-0.0083140896,-0.0111304350,-0.0121830929,-0.0030120797
2007-07-12,0.0190549799,0.0124865983,0.0196099704,-0.0036216574,0.0089352778,0.0169902407
2007-07-13,0.0031014079,0.0028367946,0.0048848556,0.0141685165,0.0127260854,0.0024430665
2007-07-17,-0.0020161062,-0.0085607513,-0.0067418274,-0.0011886478,-0.0018177305,-0.0030647471
2007-07-18,-0.0020653241,-0.0138305044,-0.0179890919,-0.0110713328,-0.0093411133,-0.0169267408
2007-07-19,0.0044690506,0.0111312599,0.0123644441,0.0056057165,0.0076298007,0.0115960858
2007-07-20,-0.0122208650,-0.0082828828,-0.0145609819,0.0022829583,0.0119785708,-0.0178616509
2007-07-23,0.0048692855,0.0059526978,0.0088077693,-0.0106999568,0.0031624794,0.0087289914
2007-07-24,-0.0198044255,-0.0189752595,-0.0172981231,0.0021370207,0.0045930981,-0.0169224881
2007-07-25,0.0046656121,-0.0068321956,-0.0146334452,-0.0079773992,-0.0047161306,-0.0119104031
2007-07-26,-0.0233384927,-0.0314673343,-0.0238659285,-0.0087538583,-0.0064416179,-0.0277637499
2007-07-27,-0.0159915844,-0.0057588941,-0.0076281916,-0.0236288088,-0.0276274288,-0.0054783385
2007-07-30,0.0102540070,-0.0014641681,0.0006213207,0.0003176518,0.0075093998,0.0004252160
2007-07-31,-0.0126466434,0.0248142952,0.0171438791,-0.0023372927,0.0195708449,0.0185465003
2007-08-01,0.0072426690,-0.0172167102,-0.0145316356,-0.0219092442,-0.0314678449,-0.0168281909
2007-08-02,0.0043592910,0.0079511897,0.0080546253,0.0067055324,-0.0005392644,0.0049113101
2007-08-03,-0.0265859896,-0.0120629180,-0.0130685245,-0.0002502339,0.0042413400,-0.0148149689
2007-08-06,0.0241511060,-0.0056552075,0.0011808315,-0.0038515300,-0.0266970118,-0.0115936363
2007-08-07,0.0061593660,0.0193404057,0.0092968532,0.0004320914,-0.0013101421,0.0157979075
2007-08-08,0.0140718420,0.0134891105,0.0122816022,0.0063533406,0.0286963652,0.0229325562
2007-08-09,-0.0296496302,-0.0191901201,-0.0200304103,0.0082986667,-0.0043178760,-0.0216566312
2007-08-10,0.0003785374,-0.0371380889,-0.0148022739,-0.0236747566,-0.0288175980,-0.0313167642
2007-08-13,-0.0004952882,0.0299256746,0.0178490639,0.0021451172,0.0045147514,0.0221431635
2007-08-14,-0.0181565427,-0.0121402155,-0.0065905912,0.0026522892,0.0053090391,-0.0162713371
2007-08-15,-0.0139078381,-0.0055668911,0.0028053713,-0.0219061180,-0.0286995236,-0.0065599874
2007-08-16,0.0032487869,-0.0409866777,-0.0236143489,-0.0198547521,-0.0329032217,-0.0325664361
2007-08-17,0.0245664695,0.0350407579,0.0148857188,-0.0541729000,-0.0137990700,0.0186421467
2007-08-20,-0.0002696465,0.0023910820,0.0039629434,0.0300386541,0.0592775908,0.0066652623
2007-08-21,0.0010860546,0.0012173495,0.0023246906,0.0107331692,0.0061919353,0.0035929871
2007-08-22,0.0117128858,0.0180575246,0.0101996674,-0.0000440337,0.0284192238,0.0183417929
2007-08-23,-0.0010723165,0.0001452392,0.0015305661,0.0261423863,0.0277483846,0.0009351209
2007-08-24,0.0115350394,0.0037438390,-0.0006243299,-0.0041278048,-0.0019628221,0.0083373262
2007-08-28,-0.0317770469,-0.0189546632,-0.0102606920,0.0023706431,0.0192771682,-0.0170952535
2007-08-29,0.0219218805,0.0049162596,0.0012031834,-0.0168632584,-0.0146877112,0.0083757169
2007-08-30,-0.0041810099,0.0130132419,0.0108560034,0.0088048292,0.0201532306,0.0131357795
2007-08-31,0.0112167445,0.0146973285,0.0157221974,0.0257072026,0.0212736371,0.0125471679
2007-09-04,0.0104682215,0.0116605591,0.0109450429,-0.0089696623,-0.0040889650,0.0017694773
2007-09-05,-0.0115011242,-0.0166383786,-0.0173198935,-0.0159569426,0.0076655392,-0.0213601950
2007-09-06,0.0042518862,0.0067934374,0.0044399443,0.0060989639,-0.0007798163,0.0045159124
2007-09-07,-0.0169084571,-0.0193400620,-0.0242845876,-0.0082942636,-0.0028187063,-0.0262739825
2007-09-10,-0.0012728132,-0.0092227833,-0.0082281816,-0.0221552463,0.0007125932,-0.0080421946
2007-09-11,0.0136323205,0.0238992021,0.0111803447,0.0071487733,-0.0019774825,0.0171745966
2007-09-12,0.0000476173,0.0040600569,0.0020234023,-0.0050429511,0.0149422512,0.0053057388
2007-09-13,0.0084195630,0.0091496789,0.0084276814,0.0014933168,0.0093326859,0.0105229387
2007-09-14,0.0002021961,-0.0117223870,-0.0050730005,0.0193556543,0.0147161249,-0.0048599421
2007-09-18,0.0239380356,-0.0009540013,0.0103324101,-0.0201904656,-0.0129029783,0.0018830703
2007-09-19,0.0060864071,0.0281221971,0.0231848204,0.0366882407,0.0397850429,0.0327010773
2007-09-20,-0.0067232357,-0.0047987616,-0.0020320379,0.0019686198,0.0057324318,-0.0073392743
2007-09-21,0.0046090535,0.0043086320,0.0076715763,-0.0061642507,0.0055502786,0.0020901105
2007-09-25,-0.0055972729,-0.0092617422,-0.0032061657,0.0054632652,0.0226944271,-0.0103602325
2007-09-27,0.0093395405,0.0139911522,0.0108566510,0.0262466351,0.0240202189,0.0162685122
2007-09-28,-0.0030234200,-0.0030217221,0.0009829301,-0.0027644154,0.0028568218,-0.0030837318
2007-10-02,0.0130211265,0.0051957844,0.0108478239,0.0155543116,0.0389529497,0.0146229202
2007-10-03,-0.0045518573,0.0053535619,0.0010708431,0.0089818332,-0.0255254230,0.0011915562
2007-10-04,0.0021109517,0.0019432774,-0.0012959374,-0.0062442485,-0.0184119396,-0.0003082989
2007-10-05,0.0095602916,0.0073153077,0.0071982394,-0.0016060370,0.0317913429,0.0066932265
2007-10-09,0.0048536898,0.0029716029,-0.0027167889,0.0055588111,0.0142471391,0.0031985578
2007-10-10,-0.0017123302,0.0026604737,0.0007681134,0.0010483880,0.0120904968,-0.0039986729
2007-10-11,-0.0051584585,0.0137946630,0.0058999193,0.0163634668,0.0197305800,0.0041688592
2007-10-12,0.0047542247,0.0009220307,0.0009422599,-0.0073206192,-0.0101139667,-0.0032202678
2007-10-15,-0.0083814109,-0.0128070175,-0.0089276498,0.0015567598,0.0243567919,-0.0062475300
2007-10-16,-0.0065731686,-0.0045451419,-0.0008570304,-0.0126874387,-0.0198447207,-0.0056961550
2007-10-17,0.0017613962,0.0095853518,0.0028596068,-0.0106552823,0.0118862199,0.0076960810
2007-10-18,-0.0007526629,-0.0102281161,-0.0080159006,0.0088927476,0.0056773776,-0.0088608600
2007-10-22,-0.0219144466,-0.0227100947,-0.0159643450,-0.0390281559,-0.0370411689,-0.0183745103
2007-10-23,0.0088028587,0.0084684404,0.0061386102,0.0007366485,0.0353577771,0.0077332092
2007-10-24,-0.0024414224,-0.0049124962,-0.0017634130,-0.0056040838,-0.0014749731,-0.0053250863
2007-10-25,-0.0009763177,0.0145479489,0.0132175897,-0.0045371047,0.0177599133,0.0150898438
2007-10-26,0.0137876417,0.0129252015,0.0021090586,0.0135997683,0.0184471570,0.0060014780
2007-10-29,0.0037126459,0.0067104314,0.0076108576,0.0116596100,0.0388643680,0.0071304142
2007-10-30,-0.0064633941,-0.0070086490,-0.0039614592,-0.0028189057,0.0016247340,-0.0055275387
2007-10-31,0.0119919956,0.0094008256,0.0051743024,0.0052021526,-0.0090283404,0.0075845191
2007-11-01,-0.0264235135,-0.0201588904,-0.0172548095,0.0079323969,0.0044749357,-0.0200121871
2007-11-02,0.0008022083,-0.0084268382,-0.0039792488,-0.0209194752,-0.0325324641,-0.0018321666
2007-11-05,-0.0049547778,-0.0105962996,-0.0053430769,-0.0150483330,-0.0500854178,-0.0062582477
2007-11-06,0.0120492188,0.0020893305,0.0025155314,-0.0011856988,0.0171309882,0.0043626142
2007-11-07,-0.0293697987,-0.0138689101,-0.0035223144,-0.0094125341,0.0091989138,-0.0045888562
2007-11-08,-0.0005760125,-0.0005011974,0.0025450083,-0.0201972942,-0.0319334622,-0.0090776585
2007-11-09,-0.0142870197,-0.0120653726,-0.0009041933,-0.0119297183,0.0008063030,-0.0190796820
2007-11-12,-0.0099882355,0.0052340244,-0.0007116966,-0.0247910972,-0.0388306904,0.0020600130
2007-11-13,0.0290929512,0.0038656338,-0.0037505298,-0.0046364114,0.0049743541,0.0006051958
2007-11-14,-0.0070693713,0.0109550164,0.0007135663,0.0246538515,0.0490106471,0.0134845916
2007-11-15,-0.0132124279,-0.0112715908,-0.0149143569,-0.0066621097,-0.0142219944,-0.0093469812
2007-11-16,0.0052303109,-0.0107553779,-0.0071435772,-0.0156978921,-0.0395385520,-0.0067432340
2007-11-19,-0.0174602540,-0.0270855139,-0.0131747410,-0.0073938411,-0.0055862014,-0.0164855467
2007-11-20,0.0044861970,0.0172690169,0.0157535028,0.0112321284,0.0113269880,0.0136418590
2007-11-21,-0.0159268823,-0.0249899779,-0.0146639043,-0.0245773852,-0.0415185887,-0.0227687767
2007-11-26,-0.0067407192,0.0180533528,0.0065093387,0.0200536878,0.0378849842,0.0143255969
2007-11-27,0.0149301532,-0.0064395768,-0.0047585639,0.0057904481,-0.0150727167,-0.0044372451
2007-11-28,0.0285598535,0.0269513239,0.0255346062,-0.0045372146,0.0059179731,0.0233780027
2007-11-29,0.0004764749,0.0068028133,0.0053769566,0.0237538063,0.0406009672,0.0066352291
2007-11-30,0.0077702176,0.0131357044,0.0135643917,0.0107601188,0.0056550546,0.0129436475
2007-12-03,-0.0058873372,-0.0071356241,-0.0042259284,-0.0032970655,0.0005170629,-0.0072496882
2007-12-04,-0.0065402566,-0.0111796419,-0.0036134855,-0.0095194565,0.0077174500,-0.0146106377
2007-12-05,0.0151901299,0.0282809102,0.0173941763,0.0083131699,0.0161310939,0.0201650675
2007-12-06,0.0150369061,-0.0012626978,-0.0005273836,0.0169903412,0.0072744057,0.0025958226
2007-12-07,-0.0017779212,0.0106851800,0.0067362517,0.0051839249,-0.0242380040,0.0079295276
2007-12-10,0.0075099534,0.0016018551,0.0049148982,-0.0020042446,-0.0118357091,0.0056253415
2007-12-11,-0.0252710741,-0.0043409389,-0.0029800659,0.0075563385,0.0254635872,-0.0045488646
2007-12-12,0.0060501074,0.0035031747,0.0083277186,-0.0070091571,-0.0241483274,0.0032420677
2007-12-13,0.0012243244,-0.0298179236,-0.0183021125,-0.0248389268,-0.0272293987,-0.0265368589
2007-12-14,-0.0137462679,0.0051537984,0.0025288876,-0.0014166471,-0.0065169286,0.0025845000
2007-12-17,-0.0150208982,-0.0186337651,-0.0154648159,-0.0170627194,-0.0350846450,-0.0161416899
2007-12-18,0.0062797952,0.0002389372,0.0032330825,-0.0027495256,0.0051243078,-0.0009990726
2007-12-19,-0.0013608300,0.0008281489,-0.0017094452,-0.0116617711,0.0110871236,-0.0021690674
2007-12-20,0.0049002031,0.0097223483,0.0040664561,0.0000725088,-0.0004502499,0.0025521560
2007-12-21,0.0166698394,0.0139466715,0.0169623534,0.0149951034,0.0225720121,0.0165691099
2007-12-27,-0.0055171184,0.0099003289,0.0044897736,0.0201671646,0.0078188146,0.0044103115
2007-12-28,0.0015037701,-0.0032164583,0.0035727274,-0.0165059599,-0.0169640941,-0.0000408674
2008-01-04,-0.0452218045,-0.0198242839,-0.0320589599,-0.0402651532,0.0054470799,-0.0320689433
2008-01-07,0.0032232588,-0.0020161935,0.0010859671,-0.0129912888,-0.0123620297,0.0011089172
2008-01-08,-0.0183522655,0.0032829528,0.0041984904,0.0019392449,-0.0024500034,0.0078564421
2008-01-09,0.0136240832,-0.0131833249,-0.0085707461,0.0048518023,0.0185501813,-0.0109631766
2008-01-10,0.0079481319,-0.0079710489,-0.0089454853,-0.0144562977,-0.0139409158,-0.0064373584
2008-01-11,-0.0135953878,-0.0033265616,0.0006301433,-0.0192742692,-0.0133616646,-0.0053736496
2008-01-15,-0.0143253259,-0.0284424222,-0.0196386746,-0.0097911000,-0.0383083372,-0.0224504047
2008-01-16,-0.0056120788,-0.0137248065,-0.0125304386,-0.0335026492,-0.0536783627,-0.0048429937
2008-01-17,-0.0290925958,-0.0068148548,-0.0077681184,0.0206553540,0.0271618725,-0.0130708504
2008-01-18,-0.0060454218,-0.0001185462,-0.0134025041,0.0056473410,0.0034596353,-0.0125438849
2008-01-22,-0.0110851592,-0.0273819564,-0.0744718420,-0.0929379755,-0.1366659854,-0.0490652478
2008-01-23,0.0214421790,-0.0227696718,-0.0487867209,0.0203617873,0.1072055628,-0.0424942844
2008-01-24,0.0100627304,0.0474916938,0.0593022848,0.0205565109,-0.0228682650,0.0600700247
2008-01-25,-0.0158719310,-0.0011572560,-0.0006347377,0.0409676075,0.0672535572,-0.0075621014
2008-01-28,0.0175483243,-0.0136479976,0.0003095121,-0.0397126451,-0.0425421567,-0.0061130747
2008-01-29,0.0061597744,0.0166353357,0.0108683814,0.0298710941,0.0099025224,0.0192130013
2008-01-30,-0.0047639947,-0.0081391268,-0.0025547607,-0.0099288868,-0.0262685889,-0.0137369332
2008-01-31,0.0167722537,0.0072807636,-0.0034325667,0.0185416929,-0.0083686403,-0.0007755681
2008-02-01,0.0122374919,0.0254090948,0.0170642423,-0.0070119391,0.0284723414,0.0222329954
2008-02-04,-0.0104628694,-0.0004975784,0.0045661960,0.0268604680,0.0376602477,-0.0008878804
2008-02-05,-0.0319954327,-0.0262520643,-0.0336033944,-0.0082397306,-0.0089237833,-0.0395646384
2008-02-06,-0.0076236409,0.0012610604,0.0121591612,-0.0470160973,-0.0539826079,0.0082837499
2008-02-12,0.0168947454,0.0058889775,0.0175728231,-0.0058995997,-0.0233405879,0.0050410334
2008-02-13,0.0136040625,-0.0050592051,0.0008367124,0.0035585921,0.0108142583,0.0030346667
2008-02-14,-0.0134214759,-0.0001361019,-0.0016333060,0.0427102530,0.0367779641,0.0006693578
2008-02-15,0.0008377481,-0.0155970456,-0.0186504440,-0.0002855201,0.0052764836,-0.0178773661
2008-02-19,-0.0008962740,0.0309799920,0.0248608268,0.0099357676,-0.0010460210,0.0238987965
2008-02-20,0.0083408708,-0.0122844033,-0.0146537579,-0.0325296527,-0.0220779377,-0.0149452638
2008-02-21,-0.0128673629,0.0065494939,0.0007492988,0.0283921599,0.0013742740,0.0095661450
2008-02-22,0.0078806104,-0.0073666083,-0.0142740331,-0.0137212498,-0.0134598035,-0.0070593437
2008-02-25,0.0138126713,0.0188503014,0.0112058139,0.0306737958,-0.0015403723,0.0196308391
2008-02-26,0.0069179107,0.0146512047,0.0150249552,-0.0064573022,0.0191502291,0.0109386495
2008-02-27,-0.0009194445,-0.0017905678,0.0017005344,0.0149428041,0.0324308645,-0.0008546029
2008-02-28,-0.0089418745,-0.0182341487,-0.0193388078,-0.0075395751,0.0044049304,-0.0208479775
2008-02-29,-0.0270897047,-0.0136447337,-0.0166688238,-0.0231582355,-0.0105734716,-0.0153270913
2008-03-03,0.0005335525,-0.0111652549,-0.0086216016,-0.0449047245,-0.0306883671,-0.0100194959
2008-03-04,-0.0034476287,-0.0087477918,-0.0216608722,0.0000077420,-0.0197202519,-0.0140743797
2008-03-05,0.0052383276,0.0148759127,0.0211870242,-0.0015563629,-0.0002391578,0.0172179881
2008-03-06,-0.0220139360,-0.0148800030,-0.0138246427,0.0187603480,0.0098809062,-0.0164767027
2008-03-07,-0.0084103616,-0.0115323254,-0.0117305700,-0.0327360099,-0.0360455000,-0.0126312986
2008-03-10,-0.0154634792,-0.0124212365,-0.0101182461,-0.0196099388,0.0090537183,-0.0112513914
2008-03-11,0.0371298440,0.0108898054,0.0118624064,0.0100661573,0.0127856498,0.0132909649
2008-03-12,-0.0089955739,0.0151131733,0.0114644022,0.0160250528,0.0185868084,0.0149988779
2008-03-13,0.0051269213,-0.0145419295,-0.0149726499,-0.0332544230,-0.0478645195,-0.0142449926
2008-03-14,-0.0207832626,-0.0106632893,-0.0074855329,-0.0154294237,-0.0028935651,-0.0082156541
2008-03-17,-0.0089586838,-0.0385852026,-0.0417861563,-0.0370939957,-0.0518277794,-0.0350837553
2008-03-18,0.0424095376,0.0353501599,0.0341443053,0.0149862349,0.0142283879,0.0342018586
2008-03-19,-0.0242871985,-0.0107388257,-0.0050317470,0.0247639842,0.0225550100,-0.0058132299
2008-03-25,0.0420279605,0.0258763700,0.0257010040,0.0395401209,0.0273280163,0.0298620044
2008-03-26,-0.0087657599,-0.0050447689,-0.0054332216,-0.0030277896,0.0067880479,-0.0032650947
2008-03-27,-0.0114604811,0.0100876437,0.0136841945,-0.0080312251,0.0020874085,0.0091623989
2008-03-28,-0.0079501863,-0.0043025969,-0.0027607161,0.0171278731,0.0274321594,-0.0050025880
2008-03-31,0.0056872467,0.0016160824,-0.0038003152,-0.0230045930,-0.0187559457,0.0023743809
2008-04-01,0.0358963516,0.0263937843,0.0283643012,0.0104490411,0.0126158346,0.0337641424
2008-04-02,-0.0019340702,0.0108156723,0.0084980741,0.0421083081,0.0317653156,0.0094472287
2008-04-03,0.0013016382,-0.0041583019,-0.0052703863,0.0152046827,0.0164290429,-0.0049064014
2008-04-07,0.0023588379,0.0209631158,0.0117639961,0.0045056405,0.0129459586,0.0116062782
2008-04-08,-0.0051000334,-0.0040898467,-0.0071909677,-0.0148548221,-0.0108658986,-0.0064535363
2008-04-09,-0.0080920724,-0.0010517667,-0.0074749360,-0.0104555129,-0.0134552204,-0.0076780190
2008-04-10,0.0044740520,-0.0031417311,-0.0025352071,-0.0127052506,0.0084441495,-0.0031898232
2008-04-11,-0.0203741809,-0.0116678843,-0.0150276244,0.0292330552,0.0198737947,-0.0126537214
2008-04-14,-0.0033837848,-0.0108387588,-0.0074322815,-0.0304885110,-0.0347250352,-0.0065528135
2008-04-15,0.0045998763,0.0129123746,0.0046623870,0.0056566872,0.0037852297,0.0029770210
2008-04-16,0.0226912659,0.0235826398,0.0178874940,0.0119740461,-0.0009614724,0.0155668062
2008-04-17,0.0006229145,-0.0108829167,-0.0031374441,0.0191820653,0.0159395994,0.0014500296
2008-04-18,0.0181390026,0.0127416555,0.0241356785,0.0058328588,-0.0025220223,0.0204744828
2008-04-21,-0.0015535248,-0.0005944090,-0.0082609399,0.0163321651,0.0216503597,-0.0103472495
2008-04-22,-0.0088102337,-0.0030232620,-0.0085831537,-0.0108589020,0.0087971593,-0.0076796889
2008-04-23,0.0028999175,0.0081031204,0.0099178072,0.0023132757,0.0140377614,0.0147783878
2008-04-24,0.0064422777,-0.0054079660,0.0038690101,-0.0028197649,0.0154824368,-0.0030538254
2008-04-25,0.0064947365,0.0067264458,0.0110330927,0.0238241418,-0.0063860990,0.0098711157
2008-04-28,-0.0010516016,-0.0001641659,0.0041687329,0.0022289074,0.0058592726,0.0069382447
2008-04-30,-0.0077200379,-0.0005090138,0.0033918594,-0.0031940910,0.0034699425,-0.0032337461
2008-05-02,0.0204317722,0.0210602729,0.0135865023,0.0143877019,0.0188570503,0.0146441180
2008-05-07,-0.0150859875,0.0073204087,0.0046881927,0.0037881500,-0.0240390276,0.0011046189
2008-05-08,0.0036695517,0.0015652140,-0.0006147462,-0.0112902623,-0.0062639810,-0.0038874434
2008-05-09,-0.0067254479,-0.0105408579,-0.0097187434,-0.0206493981,-0.0151914477,-0.0187950775
2008-05-13,0.0106318678,0.0011603634,0.0081420300,0.0218515708,0.0195346243,0.0076825727
2008-05-14,0.0040055843,0.0006600392,0.0032648262,0.0118118475,-0.0007548717,0.0113170730
2008-05-15,0.0105844645,0.0057592993,-0.0003092412,0.0094337189,-0.0007742592,0.0004489463
2008-05-16,0.0012503982,0.0083975818,0.0106622608,-0.0022635668,0.0041212522,0.0040593641
2008-05-19,0.0008980456,0.0114525320,0.0096960321,0.0035254370,0.0048156357,0.0126151149
2008-05-20,-0.0092735891,-0.0289970834,-0.0148686458,-0.0076750875,-0.0222501905,-0.0169619831
2008-05-21,-0.0160535327,0.0010498094,-0.0109109956,-0.0165104912,0.0115548015,-0.0054066721
2008-05-22,0.0026173787,-0.0026621061,0.0041898469,0.0037454426,-0.0163851212,0.0002367813
2008-05-23,-0.0132104007,-0.0152549973,-0.0178605910,0.0024137304,-0.0131392909,-0.0188854883
2008-05-27,0.0068462215,-0.0047311297,0.0021040102,-0.0084847935,-0.0174811856,-0.0055150444
2008-05-28,0.0039628905,0.0018321528,0.0108037590,-0.0132343658,-0.0013396444,0.0131558167
2008-05-29,0.0053349373,-0.0002471333,0.0030125709,0.0302732485,0.0055456985,0.0009635754
2008-05-30,0.0015161666,-0.0024060410,0.0059192172,0.0151559893,0.0061158533,0.0077131541
2008-06-02,-0.0105042638,-0.0075823742,-0.0124027932,0.0070857709,0.0121566374,-0.0157689295
2008-06-03,-0.0057878277,0.0083394528,0.0014781286,-0.0159949787,-0.0183477514,0.0098273428
2008-06-04,-0.0003266964,-0.0144609497,-0.0076504792,0.0159334002,-0.0103590521,-0.0137728996
2008-06-05,0.0194961506,0.0042209857,-0.0033881752,-0.0065428794,0.0054735188,-0.0016296341
2008-06-06,-0.0308892088,-0.0147615637,-0.0198823679,0.0103423102,0.0060560245,-0.0227713199
2008-06-10,-0.0016463182,-0.0134590646,-0.0048075947,-0.0323180533,-0.0420724775,-0.0071402424
2008-06-11,-0.0168943436,-0.0178470310,-0.0178464844,0.0115761058,-0.0020500046,-0.0210393273
2008-06-12,0.0032796988,0.0117415123,0.0096628186,-0.0207904442,-0.0130206382,0.0024436533
2008-06-13,0.0150462614,0.0021241352,0.0075656643,0.0061295495,-0.0187439728,0.0021402736
2008-06-16,0.0000808698,-0.0014130605,-0.0052384724,0.0272396587,0.0193600765,-0.0052451939
2008-06-17,-0.0067713330,0.0116142277,0.0098486562,-0.0004179912,0.0012288825,0.0061381362
2008-06-18,-0.0097118241,-0.0179122813,-0.0098952936,0.0072795861,0.0116146526,-0.0144206825
2008-06-19,0.0037523245,-0.0084246731,-0.0011502954,-0.0223243895,-0.0226440846,-0.0059236510
2008-06-20,-0.0185428559,-0.0153458236,-0.0212358834,-0.0133112231,-0.0022813693,-0.0178856762
2008-06-23,0.0000530728,0.0082551224,0.0016751722,-0.0060687036,-0.0013470154,0.0004657290
2008-06-24,-0.0028148414,-0.0057347542,-0.0081038359,-0.0005708226,-0.0113995973,-0.0083367914
2008-06-25,0.0058434070,0.0055725950,0.0125120921,-0.0014180703,0.0079773989,0.0139771192
2008-06-26,-0.0293652255,-0.0261025926,-0.0239110873,-0.0005495049,-0.0079297091,-0.0242709564
2008-06-27,-0.0037174293,0.0021383430,-0.0058347174,-0.0201095008,-0.0184060558,-0.0065225663
2008-06-30,0.0012672250,0.0173417545,-0.0005590754,-0.0046499404,0.0027066151,0.0085348064
2008-07-02,-0.0144374847,-0.0354787858,-0.0175902581,-0.0144651191,-0.0179875292,-0.0312006300
2008-07-03,0.0010939223,0.0092697224,0.0076632981,-0.0015782886,-0.0212707504,0.0110579484
2008-07-07,-0.0083854348,0.0065916987,0.0066118167,0.0071343228,0.0315533688,-0.0003223743
2008-07-08,0.0170803488,-0.0130970655,-0.0142813343,-0.0244715157,-0.0315907492,-0.0154239712
2008-07-09,-0.0227761725,0.0163771892,0.0130146679,0.0014601495,0.0275672788,0.0149803876
2008-07-10,0.0069897514,-0.0222078072,-0.0127551040,0.0011553730,0.0007323163,-0.0249098072
2008-07-11,-0.0110899435,-0.0268550182,-0.0240603006,-0.0021059990,0.0166242853,-0.0309389256
2008-07-14,-0.0090278594,0.0073741455,0.0076300842,-0.0022646453,-0.0076670402,0.0102153925
2008-07-15,-0.0109012571,-0.0242434538,-0.0191201653,-0.0196462290,-0.0381427194,-0.0196449723
2008-07-16,0.0250635441,-0.0041183714,0.0121133761,0.0004892552,0.0023013459,0.0126319624
2008-07-17,0.0120125595,0.0263463877,0.0188290712,0.0099641396,0.0240874834,0.0276088545
2008-07-18,0.0002857270,0.0170440764,0.0177603392,-0.0065371140,0.0064168641,0.0173615235
2008-07-22,0.0129453514,-0.0022691220,0.0094224402,0.0297773112,0.0298658388,0.0064893154
2008-07-23,0.0040641671,0.0159762320,0.0144812735,0.0097057349,0.0269479897,0.0188295765
2008-07-24,-0.0231244228,-0.0160737076,-0.0145942988,0.0218118693,-0.0020242484,-0.0137794465
2008-07-25,0.0041675081,-0.0018088707,-0.0006195343,-0.0197415051,-0.0150300573,0.0067134331
2008-07-28,-0.0185965641,-0.0074730036,-0.0132925142,0.0014263855,-0.0023526089,-0.0120465638
2008-07-29,0.0233560085,0.0012423479,0.0075025630,-0.0145524394,-0.0189186295,-0.0009157143
2008-07-30,0.0166719913,0.0190818161,0.0095830960,0.0158319566,0.0194356910,0.0185302051
2008-07-31,-0.0131437596,-0.0016234606,0.0030092229,0.0006747212,0.0017848801,-0.0018611178
2008-08-01,-0.0055783950,-0.0105692470,-0.0128249599,-0.0210976859,0.0057850259,-0.0177626656
2008-08-04,-0.0089660864,-0.0064429377,-0.0072930813,-0.0123264767,-0.0152073558,-0.0078134691
2008-08-05,0.0287187411,0.0252433743,0.0265976675,-0.0014319395,-0.0251020179,0.0246973501
2008-08-07,-0.0146395450,0.0042167018,0.0038029114,0.0162861489,0.0070364910,0.0162048347
2008-08-08,0.0238928347,0.0021360466,0.0027752266,0.0033081870,-0.0099070896,0.0077219206
2008-08-11,0.0069427305,0.0095823813,0.0073121823,0.0199340693,-0.0011821268,0.0103832799
2008-08-12,-0.0120506704,-0.0013172263,-0.0035947195,-0.0094789218,-0.0099934042,-0.0044090111
2008-08-13,-0.0029156630,-0.0155208063,-0.0248532347,-0.0210882628,-0.0160608137,-0.0255638547
2008-08-14,0.0055218014,0.0089747644,0.0031173197,-0.0050871340,0.0046676903,0.0040745089
2008-08-15,0.0040759339,-0.0077672024,0.0005914211,0.0048322389,-0.0108509324,0.0073989201
2008-08-18,-0.0150978095,-0.0008432224,-0.0020384884,0.0112171010,-0.0108650214,-0.0010733456
2008-08-19,-0.0093149026,-0.0238156927,-0.0233876133,-0.0228173276,-0.0213228140,-0.0260854085
2008-08-20,0.0061973316,0.0096609096,0.0056299279,-0.0010384239,0.0218161771,0.0076348214
2008-08-21,0.0024949641,-0.0002977790,-0.0127955691,-0.0077406524,-0.0257604762,-0.0140316254
2008-08-26,-0.0048601893,0.0187143861,0.0166042526,0.0020780712,0.0325910963,0.0148538296
2008-08-27,0.0079826540,0.0105105376,-0.0030739173,-0.0020150704,0.0193791676,0.0010370200
2008-08-28,0.0148401441,0.0132050211,0.0157427282,0.0011989404,-0.0229414418,0.0202169077
2008-08-29,-0.0137236653,0.0063200566,0.0002740837,0.0238576247,0.0138087722,0.0047315722
2008-09-02,-0.0040925143,-0.0028208321,0.0149744504,-0.0354474868,-0.0103203281,0.0125975383
2008-09-03,-0.0020350786,-0.0215275670,-0.0078208504,0.0063539640,-0.0217370198,-0.0202552384
2008-09-04,-0.0299220576,-0.0250195634,-0.0290561568,-0.0103966865,-0.0095010689,-0.0321825809
2008-09-05,0.0044307647,-0.0226403648,-0.0242261631,-0.0275074881,-0.0223743402,-0.0249417671
2008-09-08,0.0205101619,0.0392313244,0.0222442479,0.0337554629,0.0431936071,0.0341986280
2008-09-09,-0.0341381680,-0.0056368008,-0.0048421673,-0.0177282491,-0.0145790241,-0.0107922552
2008-09-10,0.0061494224,-0.0091217781,-0.0037042857,-0.0043562641,-0.0239777198,-0.0022545822
2008-09-11,0.0138063774,-0.0089076611,-0.0050593082,-0.0197729976,-0.0305532668,-0.0080749478
2008-09-12,0.0021215342,0.0184830578,0.0090615215,0.0092757501,-0.0018474820,0.0196726191
2008-09-16,-0.0304385852,-0.0722026480,-0.0432598184,-0.0495335193,-0.0543738145,-0.0566073140
2008-09-17,-0.0471407071,-0.0225247121,-0.0174663828,0.0120649177,-0.0362512476,-0.0213558245
2008-09-18,0.0433417744,-0.0065955344,0.0004163026,-0.0221697778,-0.0002680992,-0.0105622093
2008-09-19,0.0402565631,0.0883811075,0.0556176886,0.0375619537,0.0961448057,0.0927294042
2008-09-22,-0.0382366000,-0.0141208372,-0.0132126006,0.0142380237,0.0157529489,-0.0234366233
2008-09-24,-0.0175794442,-0.0268700633,-0.0089852864,0.0020214423,-0.0341382530,-0.0258007517
2008-09-25,0.0196565042,0.0198995016,0.0198516845,-0.0089558175,-0.0014534628,0.0272861653
2008-09-26,0.0033824291,-0.0208774293,-0.0177432783,-0.0094423713,-0.0133270369,-0.0150066303
2008-09-29,-0.0880677622,-0.0530019053,-0.0422890941,-0.0125744380,-0.0428972435,-0.0504157459
2008-09-30,0.0541746706,0.0173695108,0.0041225437,-0.0411926133,0.0075797594,0.0198863071
2008-10-02,-0.0446516999,-0.0065681174,-0.0292213260,-0.0093340932,0.0108179482,-0.0170680456
2008-10-03,-0.0135065230,0.0225858786,0.0240962411,-0.0194195233,-0.0290322228,0.0296395838
2008-10-06,-0.0385178412,-0.0785293305,-0.0707293277,-0.0425163528,-0.0496901216,-0.0903681969
2008-10-08,-0.0680771047,-0.0484833937,-0.0693129704,-0.1212411571,-0.0816501376,-0.0579448405
2008-10-09,-0.0761670958,-0.0121145003,-0.0252552276,-0.0049797330,0.0331466239,-0.0154966107
2008-10-10,-0.0117592892,-0.0884834077,-0.0701227627,-0.0962120105,-0.0719032079,-0.0773259258
2008-10-14,0.1098619273,0.1175199222,0.1441098592,0.1415031202,0.1375973923,0.1423048808
2008-10-15,-0.0903497781,-0.0715943934,-0.0649255100,0.0105740853,-0.0495804053,-0.0681958346
2008-10-16,0.0425074514,-0.0534856824,-0.0491234072,-0.1140636800,-0.0479913668,-0.0591735943
2008-10-17,-0.0062128260,0.0522090700,0.0342908356,0.0278266245,-0.0444048917,0.0468154423
2008-10-20,0.0476849048,0.0540733929,0.0112269362,0.0358610507,0.0528231905,0.0356134954
2008-10-21,-0.0307997117,-0.0123753701,-0.0104652548,0.0333859482,-0.0183932431,0.0077975394
2008-10-22,-0.0610124698,-0.0446368027,-0.0445907280,-0.0678640237,-0.0514966799,-0.0509926845
2008-10-23,0.0126340414,0.0116063619,-0.0112379882,-0.0246360331,-0.0354751229,0.0038476329
2008-10-24,-0.0345112005,-0.0500024815,-0.0495675075,-0.0959581923,-0.0829992487,-0.0353623289
2008-10-27,-0.0317643578,-0.0079311442,0.0090719761,-0.0635606074,-0.1270004592,-0.0395893092
2008-10-28,0.1078900588,0.0191558435,0.1127683137,0.0640829867,0.1434706947,0.0155084430
2008-10-29,-0.0110790771,0.0805063431,-0.0030601029,0.0774057553,0.0083977324,0.0923459202
2008-10-30,0.0258039537,0.0115969818,0.0126042361,0.0995944101,0.1281507075,0.0015429513
2008-10-31,0.0153653982,0.0199453842,0.0243711447,-0.0501430059,-0.0252047089,0.0232553358
2008-11-04,0.0381935484,0.0598999856,0.0581538806,0.0626816328,0.0297573015,0.0585075767
2008-11-05,-0.0526770872,-0.0234507608,-0.0210627280,0.0446142060,0.0316886501,-0.0197719315
2008-11-06,-0.0502639815,-0.0570111201,-0.0683780093,-0.0653381882,-0.0707620475,-0.0638068220
2008-11-07,0.0288546384,0.0216740239,0.0259454295,-0.0355247429,0.0328780516,0.0241700840
2008-11-10,-0.0126531632,0.0089117760,0.0176309669,0.0580717334,0.0351881679,0.0105588396
2008-11-11,-0.0220406755,-0.0356955677,-0.0525217675,-0.0299655332,-0.0477278506,-0.0483035265
2008-11-12,-0.0518939026,-0.0152354045,-0.0295658733,-0.0129170356,-0.0072509984,-0.0307066439
2008-11-13,0.0692127081,-0.0030606898,0.0062154207,-0.0525409239,-0.0514911836,0.0109772540
2008-11-14,-0.0416991308,0.0153026484,0.0130594587,0.0271586099,0.0243024015,0.0067320016
2008-11-17,-0.0258104165,-0.0238128525,-0.0324760962,0.0071126989,-0.0009695202,-0.0332495640
2008-11-18,0.0098383722,0.0184889160,0.0048713803,-0.0227829976,-0.0453556489,0.0111155057
2008-11-19,-0.0611555759,-0.0482108401,-0.0492153809,-0.0066267665,-0.0077493573,-0.0402530036
2008-11-20,-0.0671229308,-0.0326284926,-0.0307503183,-0.0689187168,-0.0403595751,-0.0348036926
2008-11-21,0.0632476034,-0.0242580645,-0.0219871179,0.0269698715,0.0293238101,-0.0332704500
2008-11-25,0.0716972904,0.1032266080,0.1049107671,0.0522248279,0.0173312224,0.1139432220
2008-11-26,0.0353281208,-0.0044589481,0.0000175594,-0.0133002038,0.0381136615,-0.0123724000
2008-11-28,0.0096431120,0.0325811637,0.0238877188,0.0364107883,0.0388041416,0.0292852441
2008-12-01,-0.0892952436,-0.0518889925,-0.0588185962,-0.0135157615,0.0158839137,-0.0558589883
2008-12-02,0.0399406705,0.0141187806,0.0311732754,-0.0635364802,-0.0498262254,0.0235259273
2008-12-03,0.0258361621,0.0114240216,0.0078225591,0.0178555052,0.0136366252,0.0043610646
2008-12-04,-0.0293084271,-0.0015347488,-0.0006590969,-0.0099773694,-0.0058048315,-0.0017336903
2008-12-05,0.0364994175,-0.0274282334,-0.0400417521,-0.0008493519,0.0248937854,-0.0547741674
2008-12-08,0.0383873487,0.0619104562,0.0763236201,0.0519784694,0.0865789755,0.0868370487
2008-12-09,-0.0231175432,0.0188832132,0.0134078861,0.0080225613,-0.0193853711,0.0154951127
2008-12-10,0.0118941874,-0.0031953988,0.0053922216,0.0314881142,0.0558874960,0.0068257655
2008-12-11,-0.0285240466,0.0049001423,-0.0078419624,0.0069639604,0.0023212710,-0.0042707384
2008-12-12,0.0070284154,-0.0246770771,-0.0217800960,-0.0555790287,-0.0547916101,-0.0279873412
2008-12-15,-0.0126856801,-0.0006540989,-0.0018335008,0.0520637204,0.0195523058,-0.0086943567
2008-12-16,0.0513602645,0.0073639422,0.0161317376,-0.0111534236,0.0055333316,0.0207178424
2008-12-17,-0.0095928621,0.0035042346,-0.0045519413,0.0051937323,0.0218311293,-0.0029953902
2008-12-18,-0.0211626832,0.0015031681,0.0101988414,0.0063524892,0.0024119525,-0.0023967339
2008-12-19,0.0029368962,-0.0101139056,-0.0125514482,-0.0090814405,-0.0238936866,-0.0025509022
2008-12-22,-0.0183020227,-0.0087941655,-0.0122810001,0.0157490172,-0.0333908307,-0.0231066670
2008-12-29,-0.0025355047,0.0165206871,0.0141926190,0.0026811368,-0.0200999417,-0.0065495964
2008-12-30,0.0244071130,0.0169700177,0.0223896854,0.0128486870,-0.0064892065,0.0276006519
2009-01-05,0.0413298268,0.0425478394,0.0361294815,0.0207189246,0.0932745299,0.0443842942
2009-01-06,0.0078171329,0.0129486862,0.0084911531,0.0041710965,-0.0034568357,0.0108038434
2009-01-07,-0.0300096153,-0.0283256602,-0.0176749629,0.0174433635,-0.0336599810,-0.0147604935
2009-01-08,0.0033970727,-0.0004659118,-0.0116578037,-0.0392694965,-0.0381352014,-0.0065031153
2009-01-09,-0.0213030298,-0.0126292679,-0.0196765958,-0.0044635244,-0.0026685604,-0.0074691976
2009-01-13,-0.0208457327,-0.0110823434,-0.0307177195,-0.0478555198,-0.0493405365,-0.0307956076
2009-01-14,-0.0334598741,-0.0496908729,-0.0462783315,0.0029166034,0.0026748913,-0.0456206741
2009-01-15,0.0013291817,-0.0142324065,-0.0193607732,-0.0491962537,-0.0336857728,-0.0183879807
2009-01-16,0.0075615770,0.0063089950,0.0068138447,0.0257799251,0.0009476586,0.0069662730
2009-01-20,-0.0528161020,-0.0134311191,-0.0289559290,-0.0199705162,-0.0223107402,-0.0303206997
2009-01-21,0.0434912456,-0.0076990763,0.0050237165,-0.0203513731,-0.0290236372,-0.0067378031
2009-01-22,-0.0151623231,-0.0018965865,-0.0097931266,0.0189960685,0.0059092926,-0.0123727703
2009-01-23,0.0053776583,0.0000740459,-0.0095937312,-0.0380650922,-0.0062719771,-0.0071369114
2009-01-29,0.0158543209,0.0339543733,0.0596251502,0.0653291029,0.0457785521,0.0563714361
2009-01-30,-0.0227891349,-0.0096656402,-0.0202704468,-0.0311699117,0.0094097788,-0.0119046692
2009-02-02,-0.0005327680,-0.0173028839,-0.0155151284,-0.0150198994,-0.0313837278,-0.0147515314
2009-02-03,0.0158339883,0.0212614523,0.0243312919,-0.0061557452,-0.0065778214,0.0178631228
2009-02-04,-0.0074895102,0.0153920273,0.0269328358,0.0272736451,0.0224624308,0.0290371483
2009-02-05,0.0163656627,0.0000708993,0.0039396890,-0.0111071907,0.0088037135,-0.0008797524
2009-02-06,0.0268960225,0.0148974914,0.0297394832,0.0159717996,0.0361289360,0.0184261760
2009-02-09,0.0014851935,0.0036580991,0.0047775478,-0.0133212074,0.0083499961,0.0038683607
2009-02-10,-0.0491212001,-0.0219379696,-0.0345588198,-0.0028974473,0.0081036818,-0.0364034594
2009-02-12,0.0097079520,-0.0025871454,-0.0217465564,-0.0302771075,-0.0469963820,-0.0186741412
2009-02-13,-0.0099976958,-0.0029984525,0.0013227450,0.0096089009,0.0246721137,0.0113077510
2009-02-17,-0.0455590474,-0.0371157142,-0.0445893141,-0.0172108567,-0.0449490496,-0.0409058871
2009-02-18,-0.0009503656,-0.0067673206,-0.0027605503,-0.0145274583,0.0054536443,-0.0004034154
2009-02-19,-0.0120240236,0.0028950418,0.0024375975,0.0030805158,0.0005654849,-0.0005114596
2009-02-20,-0.0114129646,-0.0321769380,-0.0475777128,-0.0186923212,-0.0248929939,-0.0424876574
2009-02-23,-0.0346990080,-0.0098737871,-0.0194810925,-0.0054230942,0.0374772281,-0.0082455986
2009-02-24,0.0401033146,-0.0089074842,-0.0103392528,-0.0145875490,-0.0285827120,-0.0072657669
2009-02-25,-0.0106578240,0.0085421073,-0.0127164318,0.0265059592,0.0161394094,-0.0041100152
2009-02-26,-0.0157798496,0.0173032210,0.0250662749,-0.0004409519,-0.0084689712,0.0177684794
2009-02-27,-0.0235644034,-0.0218357334,-0.0250798007,0.0148150685,-0.0064653356,-0.0154326322
2009-03-02,-0.0466201666,-0.0533406552,-0.0347760052,-0.0380885340,-0.0385675089,-0.0447810975
2009-03-03,-0.0064067666,-0.0313585828,-0.0052155612,-0.0069270122,-0.0230226101,-0.0104242996
2009-03-04,0.0237530734,0.0380968085,0.0542495698,0.0084705555,0.0247027983,0.0474173066
2009-03-05,-0.0425323096,-0.0318165619,-0.0502320658,0.0195489036,-0.0097241662,-0.0396348037
2009-03-06,0.0012160532,0.0002266492,-0.0078690724,-0.0350293238,-0.0237257394,-0.0136906610
2009-03-09,-0.0100236699,0.0033137767,0.0069877940,-0.0121384494,-0.0483947916,-0.0059815393
2009-03-10,0.0636630222,0.0487805029,0.0528029159,-0.0043818338,0.0308049945,0.0573137234
2009-03-11,0.0024458169,-0.0057600944,0.0069771692,0.0455196383,0.0202333969,0.0039494308
2009-03-12,0.0407286313,0.0049542608,0.0107610618,-0.0241143195,0.0059401673,0.0074975878
2009-03-13,0.0077390277,0.0112065549,-0.0006622162,0.0515444428,0.0436835570,0.0042237665
2009-03-16,-0.0035159252,0.0293843542,0.0230018057,0.0178180912,0.0359985121,0.0317966732
2009-03-17,0.0321399408,-0.0017856890,-0.0140362115,0.0317984442,-0.0075997782,-0.0087331135
2009-03-18,0.0208579404,-0.0135075825,0.0021440677,0.0028984354,0.0185648711,-0.0025078566
2009-03-19,-0.0129791627,0.0031274382,0.0117958251,-0.0032876822,0.0010482444,0.0060318301
2009-03-23,0.0495893143,0.0356048495,0.0328704025,0.0339254557,0.0241034141,0.0333382830
2009-03-24,-0.0204150928,-0.0104483020,0.0026314110,0.0332016951,0.0344244416,0.0016796329
2009-03-25,0.0096263705,-0.0028633392,0.0085806276,-0.0009789440,-0.0207205212,0.0066309928
2009-03-26,0.0233203671,0.0063840992,0.0085431211,0.0184363236,0.0357411667,-0.0004768988
2009-03-27,-0.0203155191,-0.0067003080,-0.0131052975,-0.0010838344,0.0007455912,-0.0177900085
2009-03-30,-0.0348187037,-0.0348816342,-0.0509854371,-0.0453101913,-0.0469683715,-0.0426949132
2009-03-31,0.0131296147,0.0433708575,0.0239469847,-0.0153653548,0.0088946579,0.0323607924
2009-04-01,0.0165566095,0.0075138176,0.0113372179,0.0298883385,-0.0041602395,0.0114948736
2009-04-02,0.0287271136,0.0428253358,0.0607227930,0.0440462254,0.0741467302,0.0536869307
2009-04-03,0.0097317710,-0.0231030421,0.0007006775,0.0034472853,0.0016334357,-0.0111361629
2009-04-06,-0.0083323674,-0.0089832870,-0.0080228630,0.0123533511,0.0310985313,-0.0097980865
2009-04-07,-0.0238545425,-0.0157756354,-0.0062784485,-0.0028313702,-0.0046052892,-0.0093659669
2009-04-08,0.0117834412,-0.0012721028,0.0081943139,-0.0269267399,-0.0304179982,0.0064603711
2009-04-09,0.0380532569,0.0148261244,0.0305650856,0.0373530471,0.0294683192,0.0181851355
2009-04-14,-0.0175819529,0.0013304337,0.0146710947,-0.0082300799,0.0455493804,0.0087553678
2009-04-15,0.0125490167,-0.0051642260,-0.0015843123,-0.0112770936,0.0057419154,-0.0048263063
2009-04-16,0.0155388004,0.0213184406,0.0131148737,0.0014068239,-0.0055285248,0.0175634655
2009-04-17,0.0049693607,0.0098198986,0.0146177390,0.0173975778,0.0011730288,0.0177013971
2009-04-20,-0.0427897447,-0.0248974163,-0.0407411939,0.0019275630,0.0095915672,-0.0396383071
2009-04-21,0.0212520599,-0.0008519137,0.0034170873,-0.0239132661,-0.0295234055,0.0015289416
2009-04-22,-0.0076816643,0.0108338436,0.0206125429,0.0018332133,-0.0266546117,0.0172498604
2009-04-23,0.0099223463,-0.0031011983,-0.0122343978,0.0137167238,0.0225836536,-0.0054937371
2009-04-24,0.0167973493,0.0342939750,0.0299919714,-0.0157137310,0.0029175961,0.0313199995
2009-04-27,-0.0100665769,0.0026467757,0.0042252137,0.0021072152,-0.0274220992,-0.0001354129
2009-04-28,-0.0027405355,-0.0169426680,-0.0184594404,-0.0266515305,-0.0192251683,-0.0165708536
2009-04-30,0.0206394417,0.0359584749,0.0351672468,0.0393806582,0.0663601896,0.0356700636
2009-05-07,0.0396191808,0.0365247291,0.0072649679,0.0631427308,0.1093293897,0.0290108451
2009-05-08,0.0240689951,0.0144133266,0.0228554365,0.0050214562,0.0099883615,0.0187820060
2009-05-11,-0.0215124250,-0.0059613404,-0.0095626177,0.0020301851,-0.0173618283,-0.0192961291
2009-05-12,-0.0009788556,-0.0022545373,-0.0026300656,-0.0162262414,0.0038443119,-0.0054083131
2009-05-13,-0.0268949120,-0.0212631562,-0.0260603908,0.0045038862,-0.0054811388,-0.0242023438
2009-05-14,0.0103516434,0.0072032590,0.0022972182,-0.0264182885,-0.0303599795,0.0010752440
2009-05-15,-0.0114100825,-0.0033237060,-0.0002047528,0.0188359511,0.0150534664,0.0040427241
2009-05-18,0.0303892001,0.0226305513,0.0241604139,-0.0244283459,0.0138297360,0.0240891884
2009-05-19,-0.0017368360,0.0080512324,0.0221890034,0.0278358476,0.0306128115,0.0091114071
2009-05-20,-0.0051314615,-0.0031010648,0.0159931249,0.0058501521,-0.0038867612,0.0086749629
2009-05-21,-0.0167575615,-0.0275042308,-0.0274402992,-0.0086134148,-0.0158132377,-0.0260219721
2009-05-22,-0.0014972106,0.0045563927,0.0036893075,-0.0041386224,-0.0079636490,0.0032821614
2009-05-26,0.0263021613,0.0106293709,0.0135908712,0.0092132836,-0.0041587636,0.0130484848
2009-05-27,-0.0189711634,0.0010200149,0.0030427474,0.0137431616,0.0525972280,0.0075747208
2009-05-29,0.0292029843,0.0003848800,-0.0119881928,0.0088709093,0.0159757430,-0.0052233493
2009-06-01,0.0258175905,0.0199869383,0.0408313279,0.0163034917,0.0394909385,0.0310710695
2009-06-02,0.0019833011,-0.0064800040,0.0002916835,0.0027443952,-0.0264450533,-0.0004290444
2009-06-03,-0.0137392093,-0.0209068791,-0.0174045933,0.0038498722,0.0101903208,-0.0202455080
2009-06-04,0.0114836568,0.0007984670,0.0020318447,-0.0074638087,-0.0039674475,0.0007191477
2009-06-05,-0.0025146903,0.0117851322,0.0024147017,0.0102441012,0.0095531518,0.0081581445
2009-06-08,-0.0010105545,-0.0075248731,-0.0142424948,0.0099938595,-0.0228131376,-0.0147916731
2009-06-09,0.0035031816,-0.0000908904,-0.0013707762,-0.0079882959,-0.0106774897,0.0021491791
2009-06-10,-0.0034803309,0.0072648024,0.0106686290,0.0209128108,0.0402674815,0.0056237663
2009-06-11,0.0061118991,0.0056572527,0.0111022747,-0.0010168810,0.0002858106,0.0059331281
2009-06-12,0.0013969957,-0.0044599616,-0.0074442133,0.0154779206,0.0052498663,-0.0026387428
2009-06-15,-0.0237685617,-0.0261143629,-0.0353702497,-0.0094861972,-0.0206842443,-0.0320370814
2009-06-16,-0.0127203053,0.0006010397,0.0001595671,-0.0285656841,-0.0180259280,-0.0017487147
2009-06-17,-0.0013815682,-0.0115742033,-0.0185535525,0.0090198718,-0.0044535185,-0.0164315124
2009-06-18,0.0084109903,0.0005609214,0.0078125326,-0.0139347605,-0.0170277175,0.0104140175
2009-06-19,0.0031141973,0.0151837234,0.0004093000,0.0085060205,0.0081156713,0.0085189259
2009-06-22,-0.0306003963,-0.0257253520,-0.0301810656,0.0040883613,0.0077351508,-0.0304289982
2009-06-23,0.0023067249,-0.0009683516,0.0029296459,-0.0281550571,-0.0288590590,-0.0020587310
2009-06-24,0.0065244409,0.0118203310,0.0273753473,0.0042629971,0.0201718442,0.0217978388
2009-06-25,0.0214442774,-0.0064018463,-0.0073303630,0.0214549420,0.0213992672,-0.0068011128
2009-06-26,-0.0014778273,-0.0027277659,-0.0050181319,0.0083002149,0.0177964403,-0.0105498138
2009-06-29,0.0090651386,0.0124970526,0.0227405645,-0.0095085772,-0.0038574730,0.0204330570
2009-06-30,-0.0085307565,-0.0104331171,-0.0156496010,0.0178843200,-0.0080837206,-0.0166704214
2009-07-02,-0.0249097422,-0.0035066342,-0.0187474837,-0.0082633460,-0.0109191268,-0.0076518035
2009-07-06,0.0025657480,-0.0093049392,-0.0141296065,-0.0197729141,-0.0109274986,-0.0109902102
2009-07-07,-0.0196834854,-0.0018832159,-0.0115287962,-0.0034170563,-0.0065152652,-0.0108981509
2009-07-08,-0.0016685376,-0.0111774074,-0.0055543680,-0.0235328545,-0.0079048868,-0.0127469950
2009-07-09,0.0035472226,0.0044683830,0.0125572530,-0.0137664655,0.0039229872,0.0053925397
2009-07-10,-0.0040218288,-0.0075744821,-0.0116110054,-0.0004067670,-0.0046187295,-0.0141575327
2009-07-13,0.0249337217,0.0181478724,0.0319099413,-0.0255134106,-0.0256256100,0.0231235890
2009-07-14,0.0053160636,0.0084719775,0.0125679429,0.0233670474,0.0365756657,0.0097605693
2009-07-15,0.0296299181,0.0256742572,0.0306899866,0.0008033451,0.0208506825,0.0290083290
2009-07-16,0.0086417610,0.0035200287,0.0058334890,0.0080815769,0.0056526045,0.0089585283
2009-07-17,-0.0003826619,0.0061901053,0.0042786258,0.0054750941,0.0241691634,0.0058693462
2009-07-21,0.0151002915,0.0210536809,0.0232143489,0.0273220295,0.0370138728,0.0262330222
2009-07-22,-0.0005342766,0.0027894313,0.0054161769,0.0073705430,-0.0130019511,0.0006600813
2009-07-23,0.0232896648,0.0147093946,0.0245471546,0.0071767072,0.0295887505,0.0207710883
2009-07-24,0.0030421615,0.0036844365,-0.0034150879,0.0154814967,0.0083304243,-0.0021548971
2009-07-27,0.0029818260,0.0020757767,0.0042433380,0.0144913902,0.0134530809,0.0017556050
2009-07-28,-0.0026064444,-0.0124943398,-0.0146260767,-0.0001388084,0.0184143262,-0.0122733443
2009-07-29,-0.0045629639,0.0041291724,0.0184704131,0.0025755725,-0.0237115148,0.0104024194
2009-07-30,0.0118955805,0.0184936993,0.0171413377,0.0051387810,0.0048958346,0.0207598810
2009-07-31,0.0007397826,-0.0050091102,-0.0053202439,0.0188505813,0.0167662675,-0.0026837426
2009-08-03,0.0153421079,0.0160793549,0.0177620915,-0.0004210122,0.0113705310,0.0150396872
2009-08-04,0.0030120977,-0.0023705494,-0.0018113782,0.0021772620,-0.0005204952,-0.0004111598
2009-08-05,-0.0029135918,-0.0052018250,-0.0118165068,-0.0118052411,-0.0145053820,-0.0051318149
2009-08-06,-0.0056246547,0.0093391365,0.0031702193,0.0132220600,0.0197353136,0.0055804196
2009-08-07,0.0134392056,0.0087624129,0.0165698905,0.0023103381,-0.0250665138,0.0124531140
2009-08-10,-0.0033449499,-0.0019866223,-0.0074812499,0.0107730459,0.0271970724,-0.0047143408
2009-08-11,-0.0126601135,-0.0107789565,-0.0244199198,0.0058151544,0.0069132694,-0.0137992738
2009-08-12,0.0115251393,0.0097403297,0.0121608201,-0.0142138331,-0.0303200298,0.0147735533
2009-08-13,0.0068800101,0.0082047568,0.0095362921,0.0078764188,0.0208493045,0.0048898571
2009-08-14,-0.0085313497,-0.0087267375,-0.0170335361,0.0076198723,0.0015353451,-0.0082623869
2009-08-17,-0.0242608190,-0.0146372507,-0.0202482154,-0.0310191080,-0.0361684655,-0.0216235306
2009-08-18,0.0101456551,0.0087835963,0.0094452241,0.0015921930,0.0083733274,0.0090651493
2009-08-19,0.0068609124,0.0008323852,-0.0035728779,-0.0078716846,-0.0173364715,-0.0001013865
2009-08-20,0.0109487314,0.0142652834,0.0151147517,0.0175823360,0.0187744101,0.0159346554
2009-08-21,0.0186227601,0.0198250437,0.0285593034,-0.0139848045,-0.0063869714,0.0315206566
2009-08-24,-0.0005457969,0.0093385339,0.0104361114,0.0334872930,0.0166800137,0.0100558001
2009-08-25,0.0023694666,0.0042072645,0.0067647708,-0.0079093714,-0.0049035604,0.0077872022
2009-08-26,0.0001167268,-0.0053286097,-0.0063197879,0.0135605147,0.0010315552,-0.0033336917
2009-08-27,0.0027817622,-0.0043348863,-0.0093517594,-0.0155775143,-0.0104403094,-0.0054002786
2009-08-28,-0.0019883284,0.0081118825,0.0085954630,0.0057447103,-0.0071201225,0.0122268045
2009-09-02,-0.0332190255,-0.0185988320,-0.0357980281,-0.0240816712,-0.0286894904,-0.0324953869
2009-09-03,0.0085347979,-0.0043175632,-0.0034624956,-0.0064024677,0.0122774146,-0.0054909487
2009-09-04,0.0131175335,0.0114452120,0.0156581171,-0.0026950825,0.0281827993,0.0127338884
2009-09-08,0.0088449331,0.0197043522,0.0180705853,0.0202334234,0.0369705934,0.0172837174
2009-09-09,0.0077823856,0.0115214364,0.0168796686,-0.0078022729,-0.0103831728,0.0127644063
2009-09-10,0.0104222298,-0.0033170693,0.0036794579,0.0195430124,0.0104801245,-0.0004908243
2009-09-11,-0.0013504263,0.0047716991,0.0052280969,-0.0065952084,0.0043598145,0.0078307589
2009-09-14,0.0063391151,0.0014765843,-0.0006720789,-0.0231963664,-0.0108320096,-0.0011458933
2009-09-15,0.0031353414,0.0046225659,0.0015550485,0.0015252358,-0.0031449193,0.0057898984
2009-09-16,0.0153235276,0.0162630647,0.0126630021,0.0052017411,0.0257136629,0.0164116824
2009-09-17,-0.0030596387,0.0077867141,0.0054173621,0.0168468656,0.0170813069,0.0056321875
2009-09-18,0.0026373393,0.0017234513,-0.0047652052,-0.0070146658,-0.0066637794,-0.0019372643
2009-09-24,-0.0163999052,-0.0180943184,-0.0172901569,0.0167474101,-0.0264860034,-0.0181512234
2009-09-25,-0.0060907366,0.0005710217,-0.0042460148,-0.0263878471,-0.0012507917,-0.0051139897
2009-09-28,0.0178095861,0.0164298919,0.0277528255,-0.0249816312,-0.0207373445,0.0229625288
2009-09-29,-0.0022295764,-0.0011615076,-0.0039729441,0.0090594422,0.0206310134,-0.0028496477
2009-09-30,-0.0033283010,-0.0050003473,-0.0067138757,0.0032702593,-0.0027563629,-0.0049002871
2009-10-02,-0.0301490866,-0.0282825357,-0.0365206000,-0.0396083315,-0.0276665640,-0.0383384175
2009-10-05,0.0148750018,0.0071360491,0.0074891999,-0.0058960798,0.0026296338,0.0068796702
2009-10-06,0.0137054863,0.0226300579,0.0270092735,0.0017891971,0.0187213113,0.0259046781
2009-10-07,0.0027116063,-0.0056637014,-0.0029853678,0.0111227849,0.0206645336,-0.0036602866
2009-10-08,0.0074699075,0.0089452125,0.0134361635,0.0033542306,0.0118310611,0.0134171051
2009-10-09,0.0056406595,0.0014161728,-0.0008152057,0.0187053637,0.0003042429,-0.0018913345
2009-10-13,0.0015865301,-0.0014916421,0.0004254599,0.0060071467,-0.0014921356,0.0004684126
2009-10-14,0.0175458951,0.0197702647,0.0244701594,-0.0016225388,0.0195236445,0.0213816608
2009-10-15,0.0041574687,-0.0062974633,-0.0039920666,0.0177372471,0.0051447107,0.0002988037
2009-10-16,-0.0080980561,-0.0062798784,-0.0149859937,0.0018468430,-0.0031446627,-0.0144779713
2009-10-19,0.0094053214,0.0175908060,0.0190079238,-0.0020521260,0.0123375183,0.0169192204
2009-10-20,-0.0062391046,-0.0072138782,-0.0069696062,0.0098011999,0.0083106383,-0.0053721022
2009-10-21,-0.0088538061,0.0027653813,0.0037372805,-0.0003337766,-0.0029864498,0.0004571981
2009-10-22,0.0106436189,-0.0096045952,-0.0120956847,-0.0064083257,-0.0048207418,-0.0135210170
2009-10-23,-0.0121785492,0.0067596490,-0.0039355285,0.0015408640,0.0170734834,-0.0033003408
2009-10-27,-0.0149962410,-0.0079350126,-0.0183319508,-0.0068589264,-0.0185987445,-0.0168818245
2009-10-28,-0.0195409378,-0.0231878673,-0.0246228052,-0.0134551476,-0.0184040286,-0.0214131927
2009-10-29,0.0225199547,0.0112786974,0.0165894644,-0.0182579936,-0.0228195674,0.0137126110
2009-10-30,-0.0280646878,-0.0181209674,-0.0308710106,0.0145222099,0.0229428230,-0.0286293767
2009-11-02,0.0064564065,0.0118740636,0.0029288976,-0.0230987583,-0.0060994109,0.0088061946
2009-11-04,0.0034711521,0.0006660598,0.0024692692,0.0042190743,-0.0002506880,0.0084820598
2009-11-05,0.0192355517,0.0034652588,0.0067392343,-0.0128875611,-0.0062776266,0.0104622477
2009-11-06,0.0025032522,0.0033362138,0.0013373810,0.0074000124,0.0163247506,-0.0003882573
2009-11-09,0.0222387601,0.0179866600,0.0239548517,0.0020063258,0.0173080583,0.0210935617
2009-11-10,-0.0000639901,-0.0008786861,-0.0011602036,0.0062942498,0.0027292237,0.0000264425
2009-11-11,0.0050319759,0.0069207560,0.0098250375,0.0000961650,0.0161239536,0.0076077452
2009-11-12,-0.0102593690,0.0018417627,-0.0007744999,-0.0068062838,-0.0101488701,-0.0016568375
2009-11-13,0.0057392943,0.0037714209,0.0040378317,-0.0034862255,0.0069677445,-0.0005409718
2009-11-16,0.0144676342,0.0162941422,0.0207478937,0.0021360753,0.0173076172,0.0150156994
2009-11-17,0.0009194063,-0.0068367718,-0.0045461615,-0.0062556303,-0.0013001265,-0.0088269329
2009-11-18,-0.0004682411,-0.0007107886,0.0015886127,-0.0054604591,-0.0032216037,-0.0002350829
2009-11-19,-0.0134258639,-0.0139270888,-0.0147607889,-0.0131582838,-0.0086325338,-0.0177474147
2009-11-20,-0.0032149232,-0.0030943851,-0.0068447983,-0.0054233419,-0.0082727107,-0.0082069303
2009-11-24,0.0130752070,0.0138249036,0.0187457790,-0.0101182197,-0.0014561566,0.0148175580
2009-11-25,0.0045041201,0.0076633743,0.0058429796,0.0042609402,0.0084136366,0.0064840840
2009-11-27,-0.0172334752,-0.0222001964,-0.0202325954,-0.0381416926,-0.0653331769,-0.0230260643
2009-11-30,0.0037929937,-0.0104847776,-0.0104930991,0.0290733585,0.0325060919,-0.0110978380
2009-12-01,0.0120752265,0.0234072467,0.0267794173,0.0242522265,0.0133652769,0.0259745093
2009-12-02,0.0003426987,0.0028612828,0.0008777315,0.0038382225,0.0079780546,0.0053446296
2009-12-03,-0.0084021009,-0.0027029888,-0.0019596515,0.0383735850,0.0118575111,0.0008404249
2009-12-04,0.0055094337,0.0017692269,0.0081970424,0.0045020453,-0.0024704741,0.0125055627
2009-12-07,-0.0024683815,-0.0021982014,-0.0056551877,0.0144682929,-0.0076979418,-0.0017080107
2009-12-08,-0.0102515827,-0.0164950184,-0.0166247326,-0.0026682682,-0.0118451005,-0.0142576267
2009-12-09,0.0036723721,-0.0036760152,-0.0071617581,-0.0133869538,-0.0144493318,-0.0073733009
2009-12-10,0.0058397050,0.0077826247,0.0108324913,-0.0141832473,-0.0019189203,0.0109091660
2009-12-11,0.0036830940,0.0032797261,0.0082798833,0.0248458146,0.0093119792,0.0014058857
2009-12-14,0.0069594011,0.0102059651,0.0079859990,-0.0002167054,0.0083846091,0.0070246945
2009-12-15,-0.0055469673,-0.0055500162,0.0015649210,-0.0021967071,-0.0123079397,0.0009529314
2009-12-16,0.0011282301,0.0065269214,0.0158466609,0.0093152050,-0.0092683795,0.0108839332
2009-12-17,-0.0118106142,-0.0193033684,-0.0099925353,-0.0013373099,-0.0122206436,-0.0116104461
2009-12-18,0.0058298800,-0.0039865633,-0.0022636866,-0.0021399477,-0.0080453893,-0.0094966943
2009-12-21,0.0105037583,0.0187038560,0.0170324555,0.0040839793,-0.0107566364,0.0204562777
2009-12-22,0.0035635479,0.0065546270,0.0025562904,0.0191055261,0.0068712416,0.0067973698
2009-12-29,0.0073164447,0.0204364851,0.0110769085,0.0250557466,0.0193153630,0.0158014610
2009-12-30,0.0001954296,-0.0073010509,-0.0090026084,-0.0086123921,-0.0001311807,-0.0061818445
2010-01-04,0.0058325900,0.0189703226,0.0152531589,0.0102735715,0.0151958852,0.0199390092
2010-01-05,0.0031156756,0.0040361791,-0.0027181095,0.0025378294,0.0209089008,-0.0002640923
2010-01-06,0.0005455206,0.0013580806,0.0004095279,0.0046452824,0.0061531610,0.0011861741
2010-01-07,0.0040012019,-0.0005967097,-0.0024808412,-0.0046396375,-0.0065674654,0.0017746921
2010-01-08,0.0028817273,0.0013570485,0.0030318839,0.0109215379,0.0012259298,0.0050536284
2010-01-12,-0.0076507973,-0.0064146577,-0.0156700856,0.0074844359,0.0013405821,-0.0111466711
2010-01-13,0.0083259257,-0.0045829368,0.0033888838,-0.0132463944,-0.0258901921,0.0002025121
2010-01-14,0.0024264254,0.0045126876,0.0043164751,0.0160828064,-0.0014552841,0.0037266767
2010-01-15,-0.0108231302,-0.0077844188,-0.0188532197,0.0068227088,-0.0028912469,-0.0152872641
2010-01-19,0.0124996266,0.0105767123,0.0171052204,-0.0197775677,0.0011000340,0.0139819746
2010-01-20,-0.0105978297,-0.0167419948,-0.0209069880,-0.0025435311,-0.0180741258,-0.0201313256
2010-01-21,-0.0189449034,-0.0158094211,-0.0178687581,0.0121900244,-0.0198955473,-0.0169994629
2010-01-22,-0.0221409888,-0.0060167751,-0.0089874123,-0.0255658691,-0.0065423186,-0.0107141816
2010-01-25,0.0045980980,-0.0080520828,-0.0112284664,-0.0073517784,-0.0061578597,-0.0101890010
2010-01-26,-0.0042031996,0.0031557322,0.0066697904,-0.0178270403,-0.0237502487,0.0066607456
2010-01-27,0.0048801522,-0.0112565907,-0.0045387718,-0.0070894149,-0.0037922579,-0.0124085877
2010-01-28,-0.0118177410,-0.0137613425,-0.0182290391,0.0158221512,0.0161382565,-0.0188866453
2010-01-29,-0.0098291738,0.0083175862,0.0123566575,-0.0207647376,-0.0115137874,0.0137361903
2010-02-01,0.0142661089,0.0113520097,0.0081461315,0.0006843954,0.0060510797,0.0060302956
2010-02-02,0.0129729484,0.0068414649,0.0097586650,0.0162733949,0.0014043686,0.0133226315
2010-02-03,-0.0054743114,-0.0056971231,-0.0065801311,0.0032050860,0.0221929954,-0.0048948784
2010-02-04,-0.0311406779,-0.0216820959,-0.0244794446,-0.0046470661,-0.0183591344,-0.0274735194
2010-02-05,0.0028971189,-0.0152549774,-0.0178738653,-0.0288616443,-0.0332598810,-0.0340150411
2010-02-08,-0.0088632905,0.0062044109,0.0092946439,-0.0104671961,-0.0058067118,0.0122090179
2010-02-09,0.0130401323,0.0038293111,0.0024448559,-0.0019011519,0.0122443870,0.0015219238
2010-02-10,-0.0022325735,0.0039516797,0.0069313480,0.0031299865,0.0066669805,0.0063248313
2010-02-12,0.0069092759,0.0020459860,-0.0064988394,0.0128663510,0.0173910708,-0.0100505934
2010-02-17,0.0223149945,0.0260768299,0.0268980387,0.0212678952,0.0130901563,0.0350479124
2010-02-18,0.0065847424,0.0091915247,0.0056778298,0.0028001191,-0.0054475174,0.0060721724
2010-02-19,0.0021866220,0.0062158639,0.0073303947,-0.0205221270,-0.0258606880,0.0057926748
2010-02-22,-0.0010458578,-0.0011384602,-0.0058737453,0.0273509614,0.0242912197,-0.0034062744
2010-02-23,-0.0121028096,-0.0069131741,-0.0148318551,-0.0046507628,0.0120590479,-0.0132136964
2010-02-24,0.0097204594,0.0052303445,0.0020413631,-0.0148056469,-0.0075284762,0.0023252585
2010-02-25,-0.0020810402,-0.0121094739,-0.0148124909,-0.0094981597,-0.0033306032,-0.0201604857
2010-02-26,0.0014053792,0.0144556481,0.0119533509,0.0023827369,0.0102516329,0.0186856157
2010-03-01,0.0101585083,0.0095993841,0.0205502594,0.0045456409,0.0217495759,0.0163772620
2010-03-02,0.0023304423,0.0144657128,0.0110352998,0.0048938244,-0.0071625025,0.0112427199
2010-03-03,0.0004292016,0.0089531731,0.0071530156,0.0030620520,-0.0014024758,0.0080274765
2010-03-04,0.0037361180,-0.0010843634,-0.0038777113,-0.0104767833,-0.0144183938,-0.0036720973
2010-03-05,0.0140074809,0.0131349701,0.0141562574,0.0220033906,0.0103126790,0.0214214286
2010-03-08,-0.0001755960,0.0012322567,-0.0002466596,0.0209239848,0.0196699545,-0.0017593719
2010-03-09,0.0017127371,-0.0007848450,0.0016984570,-0.0017258331,0.0005039254,0.0016574624
2010-03-10,0.0045245600,0.0068365304,0.0086359203,-0.0003530083,0.0000348122,0.0085779931
2010-03-11,0.0040415193,-0.0041308181,-0.0013627612,0.0095637106,0.0009387913,-0.0037022727
2010-03-12,-0.0002173459,0.0014954499,0.0027797283,0.0080928245,-0.0008695502,-0.0003945199
2010-03-15,0.0004521948,-0.0056526818,-0.0069889044,0.0000670343,-0.0061594637,-0.0092911318
2010-03-16,0.0077791163,0.0047373032,0.0114219514,-0.0028153425,-0.0026647211,0.0123467364
2010-03-17,0.0058216758,0.0043057782,0.0089247426,0.0116838180,0.0171983902,0.0048083732
2010-03-18,-0.0003258460,-0.0003543209,-0.0019869141,-0.0094911386,-0.0025167919,-0.0049799164
2010-03-19,-0.0050864464,0.0013291745,-0.0049697841,0.0075101662,0.0018822846,-0.0032349945
2010-03-23,0.0123028013,0.0041592183,0.0058236942,-0.0046716531,-0.0179235523,0.0069062596
2010-03-24,-0.0054933042,0.0007578618,0.0036112690,0.0037942558,0.0009929513,-0.0006932209
2010-03-25,-0.0017041673,0.0087709001,0.0155572438,0.0012777899,-0.0109511414,0.0128284452
2010-03-26,0.0007377226,-0.0043124106,-0.0021034560,0.0154698342,0.0132135584,-0.0028871658
2010-03-29,0.0056832350,0.0013502008,0.0060130708,-0.0009003326,0.0087550161,0.0029406334
2010-03-30,0.0000426594,-0.0067242876,-0.0023388424,0.0100732924,0.0064677966,-0.0033119536
2010-03-31,-0.0032728747,0.0012870076,0.0018070329,-0.0006487454,-0.0063364112,-0.0033605530
2010-04-01,0.0074138011,0.0114972540,0.0133273081,0.0139279342,0.0140141010,0.0151534522
2010-04-07,0.0036923654,0.0029939939,-0.0021088567,0.0043070049,0.0181905340,-0.0017996024
2010-04-08,0.0033743417,-0.0085732461,-0.0081286956,-0.0110361957,-0.0028150448,-0.0120462805
2010-04-09,0.0066839066,0.0102052974,0.0126170222,0.0032359420,0.0156153257,0.0181175829
2010-04-12,0.0017666095,0.0011610111,0.0001583670,0.0042448326,-0.0031668090,-0.0000098849
2010-04-13,0.0006854008,-0.0027692680,-0.0031772274,-0.0080581874,-0.0015647465,-0.0045698086
2010-04-14,0.0111500669,0.0060051041,0.0076345886,0.0039126440,0.0008098431,0.0063764942
2010-04-15,0.0008425387,0.0049514684,0.0020786017,0.0061481714,0.0016450395,0.0019592260
2010-04-16,-0.0161265347,-0.0139055794,-0.0175715121,-0.0152220638,-0.0132034895,-0.0194360118
2010-04-19,0.0045213313,-0.0028029418,-0.0029866138,-0.0174209175,-0.0210420479,-0.0040535271
2010-04-20,0.0080583408,0.0097418415,0.0165178144,-0.0007415909,0.0101943100,0.0141494413
2010-04-21,-0.0010189969,-0.0104259023,-0.0054037125,0.0173723220,-0.0052004436,-0.0121639531
2010-04-22,0.0022638794,-0.0101513259,-0.0098966145,-0.0127104894,-0.0026028738,-0.0133294166
2010-04-23,0.0071235201,0.0103084378,0.0147209741,-0.0031628093,-0.0098088936,0.0067904519
2010-04-26,-0.0042964481,0.0052762559,0.0115935725,0.0230272573,0.0161251369,0.0116644758
2010-04-27,-0.0233819453,-0.0261387763,-0.0272564125,0.0041976535,-0.0150678914,-0.0382223899
2010-04-28,0.0064627524,-0.0030159547,-0.0122038806,-0.0256736683,-0.0146924923,-0.0149820778
2010-04-30,-0.0039199268,-0.0059607440,0.0084414009,0.0121384806,0.0075987594,0.0079191947
2010-05-06,-0.0493304232,-0.0526353366,-0.0370683740,-0.0327120253,-0.0461982394,-0.0683470178
2010-05-07,-0.0153082650,-0.0262307546,-0.0326948932,-0.0309564481,-0.0105854444,-0.0459828337
2010-05-10,0.0439741245,0.0516103655,0.0529860983,0.0160267173,0.0254188863,0.0965928517
2010-05-11,-0.0033972920,-0.0098748391,0.0032901463,-0.0113573251,-0.0137139956,-0.0072817140
2010-05-12,0.0137395239,0.0092422112,0.0241449613,-0.0016395325,0.0032750322,0.0110121755
2010-05-13,-0.0121451450,0.0093248250,0.0110746484,0.0217932337,0.0103881660,-0.0006240383
2010-05-14,-0.0188000145,-0.0314335143,-0.0312317953,-0.0148805892,-0.0135650278,-0.0458738027
2010-05-17,0.0011093685,-0.0000759852,0.0016857272,-0.0216726202,-0.0213562319,-0.0047214490
2010-05-18,-0.0141959060,0.0085130270,0.0146714074,0.0006721419,0.0116529502,0.0208181114
2010-05-19,-0.0051302639,-0.0281121686,-0.0271705898,-0.0054477954,-0.0183484630,-0.0292067455
2010-05-20,-0.0389759034,-0.0164789357,-0.0201697607,-0.0153659305,-0.0016931623,-0.0225391065
2010-05-24,0.0019224318,-0.0006899135,-0.0106000307,-0.0271087525,0.0062381432,-0.0004632421
2010-05-25,0.0003539374,-0.0254260494,-0.0233633498,-0.0305901306,-0.0346892464,-0.0290416577
2010-05-26,-0.0056609945,0.0197137852,0.0155166418,0.0066354376,0.0111110700,0.0232042386
2010-05-27,0.0328761731,0.0311824090,0.0311079358,0.0122927384,0.0122376758,0.0342428886
2010-05-28,-0.0123746883,-0.0013089569,0.0015226252,0.0127867558,0.0172577544,-0.0029075457
2010-06-01,-0.0171653213,-0.0048377338,0.0059012413,-0.0052392188,-0.0136472739,-0.0034081866
2010-06-02,0.0258427071,-0.0023240951,-0.0000116738,-0.0111811927,-0.0012898653,-0.0004510540
2010-06-03,0.0040513767,0.0116282090,0.0122767480,0.0323797164,0.0161726262,0.0159474762
2010-06-04,-0.0344114258,-0.0163494382,-0.0191176013,-0.0013112518,-0.0003356104,-0.0285972041
2010-06-07,-0.0135320732,-0.0111002541,-0.0057131459,-0.0384186758,-0.0203194385,-0.0121223562
2010-06-08,0.0109760675,-0.0080684740,-0.0061643857,0.0018003346,0.0056419254,-0.0097722905
2010-06-09,-0.0059416748,0.0114752207,0.0198004957,-0.0103597362,0.0068638820,0.0196458099
2010-06-10,0.0295067928,0.0091626061,0.0120038170,0.0109671664,0.0005840092,0.0202711155
2010-06-11,0.0043796786,0.0060789470,-0.0014463198,0.0170392504,0.0122082877,0.0110560444
2010-06-14,-0.0018046636,0.0074365089,0.0127599355,0.0179902228,0.0090341111,0.0198339537
2010-06-15,0.0234941911,0.0030179556,0.0081713967,0.0008137815,0.0005106862,0.0097820130
2010-06-17,0.0007263601,0.0069186437,0.0078526062,0.0112775067,0.0038006893,0.0058910308
2010-06-18,0.0013171308,-0.0005900565,-0.0010540719,-0.0004381122,0.0073645644,0.0011213123
2010-06-21,-0.0038568412,0.0091986544,0.0122230142,0.0243111315,0.0308314518,0.0132728925
2010-06-22,-0.0160706911,-0.0098318765,-0.0038026838,-0.0122211367,-0.0044519324,-0.0082517658
2010-06-23,-0.0029854738,-0.0130550791,-0.0102918500,-0.0187077541,0.0018026395,-0.0171456252
2010-06-24,-0.0168035026,-0.0151201708,-0.0143508344,0.0004675321,-0.0059031235,-0.0237328157
2010-06-25,0.0028593621,-0.0105290368,-0.0073387343,-0.0192236948,-0.0020595265,-0.0100215241
2010-06-28,-0.0020339383,0.0049935986,0.0142687899,-0.0044713865,0.0017346185,0.0161148642
2010-06-29,-0.0310170186,-0.0310546748,-0.0333251731,-0.0127162436,-0.0230514151,-0.0401123916
2010-06-30,-0.0101129705,0.0005493685,0.0022664931,-0.0196465112,-0.0059218108,0.0028837551
2010-07-02,-0.0078877125,-0.0160263187,-0.0220215701,-0.0190702930,-0.0111118302,-0.0274536155
2010-07-06,0.0053590344,0.0262292842,0.0183111644,0.0145952098,0.0089824643,0.0223959681
2010-07-07,0.0313308164,0.0100301721,0.0087325463,-0.0062528805,-0.0113048935,0.0175499603
2010-07-08,0.0094126782,0.0180865037,0.0071418812,0.0275969280,0.0097441481,0.0157344635
2010-07-09,0.0072038878,0.0053667422,0.0049008853,0.0051993948,0.0163636128,0.0045870078
2010-07-12,0.0007329020,0.0066434371,0.0019701952,-0.0038819737,0.0043560043,0.0037079775
2010-07-13,0.0153788791,0.0201277337,0.0187487873,-0.0011394802,-0.0017769276,0.0196487612
2010-07-14,-0.0001551316,-0.0033200531,0.0030091249,0.0270529025,0.0063506248,-0.0013140035
2010-07-15,0.0011961033,-0.0080327773,-0.0097266085,-0.0112003339,-0.0148433548,-0.0140820793
2010-07-16,-0.0288194734,-0.0100550543,-0.0177400325,-0.0286169073,-0.0002695047,-0.0227985088
2010-07-21,0.0044229969,0.0107969134,-0.0082595872,-0.0137675715,0.0117070833,-0.0017827729
2010-07-22,0.0225133733,0.0190234544,0.0253356252,-0.0062454205,0.0050015911,0.0305244965
2010-07-23,0.0082200205,-0.0002257720,0.0039383509,0.0227830837,0.0109584340,0.0017997096
2010-07-26,0.0112001661,0.0072469223,0.0045197180,0.0077086739,0.0011808642,0.0080758189
2010-07-27,-0.0010493573,0.0027284292,0.0021148940,-0.0007166236,0.0064050405,0.0083109118
2010-07-28,-0.0069219647,-0.0085729725,-0.0045704366,0.0270005246,0.0056161192,0.0010801345
2010-07-29,-0.0041586211,-0.0010715257,-0.0071597631,-0.0058698265,0.0001252004,-0.0050268079
2010-07-30,0.0000634992,-0.0105382010,0.0021631081,-0.0163695758,-0.0030345269,-0.0024014885
2010-08-02,0.0220225221,0.0264549444,0.0234483355,0.0034611228,0.0182112204,0.0298890902
2010-08-03,-0.0047963552,-0.0001111889,0.0025079383,0.0129254121,0.0020955278,-0.0012046864
2010-08-04,0.0060511125,-0.0019086083,0.0037127862,-0.0211130303,0.0042977987,0.0035249968
2010-08-05,-0.0012685246,-0.0037875292,0.0003553756,0.0173436805,0.0000853761,0.0009226879
2010-08-06,-0.0037040386,-0.0062245897,-0.0116758917,-0.0012222812,0.0058965166,-0.0127889116
2010-08-09,0.0054830644,0.0146463317,0.0146925963,-0.0072214287,0.0056640154,0.0165014108
2010-08-10,-0.0059674055,-0.0063025779,-0.0102887614,-0.0022397965,-0.0150443264,-0.0123869353
2010-08-11,-0.0281787650,-0.0244028922,-0.0210268723,-0.0270336979,-0.0083386368,-0.0274193388
2010-08-12,-0.0053787488,0.0039845767,-0.0030711225,-0.0086367227,-0.0088674436,-0.0019899100
2010-08-13,-0.0040235744,0.0017659757,-0.0040357098,0.0044363331,-0.0016176013,-0.0028058436
2010-08-16,0.0001204585,0.0001327284,0.0000261305,-0.0061371681,0.0019243382,-0.0036860001
2010-08-17,0.0121922160,0.0141202780,0.0156826746,-0.0038046635,0.0011988634,0.0182148608
2010-08-18,0.0014827787,-0.0089149244,-0.0032369561,0.0086076303,-0.0054263560,-0.0041494437
2010-08-19,-0.0169353922,-0.0172735860,-0.0179719695,0.0132178041,0.0023655571,-0.0207049013
2010-08-20,-0.0036630286,-0.0030702513,-0.0115174042,-0.0195777075,-0.0043013782,-0.0129548165
2010-08-23,-0.0040403067,0.0076030261,0.0009575098,-0.0068293778,-0.0044233792,0.0076882983
2010-08-24,-0.0145124330,-0.0150530694,-0.0125555387,-0.0133327749,-0.0110248801,-0.0174826491
2010-08-25,0.0032893427,-0.0090380329,-0.0060551436,-0.0166478794,-0.0011486907,-0.0117212476
2010-08-26,-0.0076847865,0.0090812822,0.0022171503,0.0069065155,-0.0011107315,0.0071996291
2010-08-27,0.0165867684,0.0088832567,0.0065267351,0.0094963551,-0.0007137053,0.0093265128
2010-08-31,-0.0143341664,0.0045370842,-0.0043604379,-0.0185740066,-0.0029547187,-0.0047470242
2010-09-01,0.0295046213,0.0270228320,0.0267803865,0.0116680945,0.0042529100,0.0381145951
2010-09-02,0.0090808359,0.0008572037,-0.0000081863,0.0152145195,0.0118838180,0.0020944202
2010-09-03,0.0132190024,0.0106498223,0.0083450477,0.0056593783,0.0049154474,0.0112269878
2010-09-07,-0.0114711898,-0.0037582237,-0.0027271420,0.0122743606,0.0205178009,-0.0077310312
2010-09-08,0.0064386994,0.0040497784,0.0076088004,-0.0218296543,-0.0146216602,0.0091662029
2010-09-09,0.0048322901,0.0118791089,0.0092595724,0.0081765444,0.0037180843,0.0122212063
2010-09-10,0.0048633328,0.0013468571,-0.0010849439,0.0154730979,0.0042575682,0.0009860339
2010-09-13,0.0111306161,0.0116147850,0.0075481725,0.0089456511,0.0188620980,0.0110928153
2010-09-14,-0.0007131195,0.0003413714,0.0021926991,-0.0024148440,0.0017401812,0.0019245319
2010-09-16,0.0031755050,-0.0049035106,-0.0041049514,0.0226027995,-0.0002115522,-0.0100942811
2010-09-17,0.0008268558,-0.0057038857,-0.0063827794,0.0122603548,0.0128811198,-0.0038219707
2010-09-21,0.0126067786,0.0122901326,0.0106638932,-0.0024910937,0.0014442070,0.0167596849
2010-09-22,-0.0048254925,-0.0043578588,-0.0107791775,-0.0037273097,0.0020507174,-0.0130403379
2010-09-24,0.0126864745,0.0083935407,0.0144917756,-0.0098941273,0.0032528887,0.0126986067
2010-09-27,-0.0056674323,-0.0044833612,-0.0030817314,0.0138803112,0.0100097588,-0.0043146477
2010-09-28,0.0048503860,0.0008971185,-0.0004459853,-0.0111817475,-0.0103349125,-0.0010115913
2010-09-29,-0.0025877588,-0.0016313097,-0.0046477859,0.0066998449,0.0121538363,-0.0067059098
2010-09-30,-0.0030837222,-0.0037167522,-0.0028653965,-0.0198789331,-0.0009160509,-0.0058708805
2010-10-04,-0.0036539801,0.0013336521,-0.0152207022,0.0012498158,0.0116507852,-0.0175953451
2010-10-05,0.0208613406,0.0143628158,0.0133057260,0.0146785333,0.0009054678,0.0224997662
2010-10-06,-0.0006720046,0.0080911493,0.0088322721,0.0181399601,0.0106571859,0.0088372454
2010-10-07,-0.0016465186,-0.0033970157,0.0008802834,-0.0006830898,0.0001708954,0.0014768105
2010-10-08,0.0061222782,-0.0007947581,0.0024568687,-0.0099051702,0.0026157375,-0.0019334563
2010-10-12,0.0039651504,0.0007070136,0.0020503145,-0.0208825470,0.0077370180,-0.0038052457
2010-10-13,0.0071210203,0.0151546918,0.0206120638,0.0015838415,0.0145313816,0.0212011060
2010-10-14,-0.0036413862,-0.0035145818,0.0032247938,0.0191417890,0.0168166805,-0.0023953374
2010-10-15,0.0020274854,-0.0041556593,0.0057363650,-0.0086878156,-0.0039635414,0.0021471146
2010-10-18,0.0072437446,0.0068555771,0.0037475284,-0.0001852336,-0.0121329438,0.0018628673
2010-10-19,-0.0158772502,-0.0067218281,-0.0039805761,0.0043122602,0.0125418566,-0.0071274164
2010-10-20,0.0105240752,0.0043829661,0.0052166817,-0.0165471366,-0.0087204519,0.0055106499
2010-10-21,0.0017739085,0.0050620539,0.0132514830,-0.0005456575,0.0039471258,0.0130925169
2010-10-22,0.0023892585,-0.0028656281,-0.0007820170,0.0053569665,-0.0055790404,-0.0025088455
2010-10-25,0.0021469716,0.0018462566,0.0050516086,-0.0027103629,0.0046931396,0.0003773933
2010-10-26,0.0000168853,-0.0077712440,-0.0038272861,-0.0025295041,-0.0011287465,-0.0044806429
2010-10-27,-0.0026905835,-0.0107405966,-0.0069248852,0.0010291138,-0.0185015767,-0.0095751749
2010-10-28,0.0011248494,0.0056500004,0.0041534387,-0.0022371293,0.0019978474,0.0049976986
2010-10-29,-0.0004392873,-0.0004754763,0.0009234380,-0.0174652519,-0.0049347187,-0.0003494508
2010-11-01,0.0009465334,0.0034183644,0.0005286397,-0.0051867131,0.0240999057,0.0019851591
2010-11-02,0.0077592845,0.0110279569,0.0074869409,0.0005746481,0.0007813181,0.0064069664
2010-11-04,0.0230318402,0.0183068580,0.0120793714,0.0217030817,0.0365086226,0.0132084215
2010-11-05,0.0039227530,0.0021491605,0.0028969788,0.0285517934,0.0139058765,-0.0000127781
2010-11-08,-0.0021209574,-0.0043230934,-0.0005478362,0.0111084351,0.0035192933,-0.0007736120
2010-11-09,-0.0080522997,0.0043077257,0.0055270067,-0.0039484233,-0.0101652691,0.0081789637
2010-11-10,0.0043760808,-0.0099231160,-0.0100135705,0.0140316090,-0.0084979821,-0.0145119662
2010-11-11,-0.0042421265,-0.0002922015,0.0005313092,0.0031473850,0.0081504669,-0.0054262891
2010-11-12,-0.0118084922,-0.0031469756,0.0016657777,-0.0138570142,-0.0193406836,-0.0093681667
2010-11-15,-0.0012174356,0.0040538909,0.0082499298,0.0105606382,-0.0080668694,0.0086449581
2010-11-16,-0.0162054136,-0.0237956158,-0.0186931533,-0.0030943908,-0.0139075897,-0.0263363610
2010-11-17,0.0002121629,0.0018832073,0.0055272793,0.0014862099,-0.0201982948,0.0079416254
2010-11-18,0.0153573135,0.0133682494,0.0197072631,0.0205846639,0.0182183721,0.0199401087
2010-11-19,0.0025403732,-0.0062233067,0.0016744376,0.0008747842,-0.0013402362,-0.0020191622
2010-11-22,-0.0015753667,-0.0090706115,-0.0031416444,0.0092593468,-0.0034606628,-0.0106912720
2010-11-24,0.0004257745,-0.0041718962,0.0002565211,-0.0084111198,-0.0212616792,-0.0186650538
2010-11-26,-0.0074685621,0.0020505378,0.0036900520,0.0009420852,-0.0063677150,-0.0050592790
2010-11-29,-0.0013788588,-0.0207631717,-0.0220485045,0.0086090095,0.0126313566,-0.0245906545
2010-11-30,-0.0060702169,-0.0040893885,-0.0014153512,-0.0186599227,-0.0068302237,-0.0072918096
2010-12-01,0.0216169552,0.0206573810,0.0266337607,0.0051332958,0.0105098509,0.0162999797
2010-12-02,0.0128185625,0.0221710408,0.0132495827,0.0180685649,0.0085582891,0.0211893852
2010-12-03,0.0026032366,-0.0038664770,-0.0014214146,0.0009638356,-0.0054697843,0.0009367420
2010-12-06,-0.0012982387,0.0043513830,0.0009585400,-0.0010895554,-0.0035518110,-0.0003519666
2010-12-07,0.0005150802,0.0066201405,0.0068345811,-0.0025701059,0.0081962081,0.0163420275
2010-12-08,0.0037017604,-0.0024102608,-0.0037189907,0.0089961121,-0.0143259649,0.0056370504
2010-12-09,0.0038427481,0.0023297955,-0.0016786380,0.0052333930,0.0034332005,0.0068032893
2010-12-10,0.0060016419,0.0008608815,0.0060322802,-0.0071874928,-0.0003836830,-0.0001814262
2010-12-13,0.0000483203,0.0082229150,0.0033142523,0.0080238790,0.0066787471,0.0090968781
2010-12-14,0.0009109564,0.0051870720,-0.0002831304,0.0022226664,0.0048710001,0.0026795984
2010-12-15,-0.0051224523,-0.0015277023,-0.0015695400,-0.0006774657,-0.0194544048,-0.0058111531
2010-12-16,0.0061850949,-0.0001870215,0.0011444358,0.0001464401,-0.0133434449,0.0021056098
2010-12-17,0.0008368044,-0.0015813866,-0.0059719987,-0.0007234750,0.0020323244,-0.0054033086
2010-12-20,0.0025483530,0.0033720995,0.0051772517,-0.0084842162,-0.0033356827,0.0045845295
2010-12-21,0.0060301022,0.0102178875,0.0084618209,0.0150855452,0.0156711004,0.0109160973
2010-12-22,0.0033795555,0.0053261528,-0.0014227644,-0.0023190526,0.0022323385,-0.0019809164
2010-12-29,0.0007467696,0.0021559125,-0.0102504991,-0.0001875449,-0.0032930374,-0.0074138288
2010-12-30,-0.0015082192,-0.0042358586,-0.0116189864,-0.0111769220,0.0013077918,-0.0102527582
2011-01-04,0.0097942143,0.0071847098,0.0088455997,0.0165393501,0.0290939057,0.0169499058
2011-01-05,0.0050071703,0.0049884435,-0.0050936903,-0.0016666582,0.0037746337,-0.0029161987
2011-01-06,-0.0021229577,-0.0040371123,0.0059901141,0.0143525231,0.0011987829,-0.0000487079
2011-01-07,-0.0018447821,-0.0058476942,-0.0048056751,0.0010712755,-0.0041902237,-0.0099476605
2011-01-11,0.0023436732,0.0049630193,-0.0009024416,-0.0028802046,0.0031118391,-0.0009468582
2011-01-12,0.0090075801,0.0061024601,0.0183258203,0.0002017108,0.0153730769,0.0215307796
2011-01-13,-0.0017107462,-0.0044292879,0.0008954980,0.0073205961,0.0046992013,0.0075435947
2011-01-14,0.0073845426,-0.0036188856,0.0000834379,-0.0085667408,0.0018255718,0.0021258648
2011-01-18,0.0013764107,0.0090468009,0.0095750241,0.0018992622,-0.0053226032,0.0073808274
2011-01-19,-0.0101156549,-0.0131595846,-0.0084959548,0.0036238437,0.0109977183,-0.0089640767
2011-01-20,-0.0012949592,-0.0182040741,-0.0082580446,-0.0113468702,-0.0170322035,-0.0029848476
2011-01-21,0.0024135455,0.0048398751,0.0054311554,-0.0155969350,-0.0052841790,0.0132691009
2011-01-24,0.0058362803,0.0080728761,0.0007575445,0.0068704741,-0.0031444704,0.0039228889
2011-01-25,0.0002634625,-0.0044078311,-0.0012394650,0.0115329432,-0.0005440441,-0.0033694858
2011-01-26,0.0042209072,0.0087027052,0.0096812916,-0.0059744861,0.0022872145,0.0073265508
2011-01-27,0.0022443058,-0.0006868755,0.0039607961,0.0073793983,-0.0026683074,0.0025931880
2011-01-28,-0.0178525267,-0.0140316498,-0.0073760999,-0.0112915498,-0.0068377718,-0.0141024786
2011-01-31,0.0076625582,-0.0031455096,-0.0035647667,-0.0118162072,-0.0071846359,0.0007945221
2011-02-01,0.0166935984,0.0161865125,0.0150887094,0.0035729990,0.0015186957,0.0167569884
2011-02-02,-0.0027225175,0.0070999856,-0.0000835294,0.0177974939,0.0181413210,-0.0014953734
2011-02-07,0.0115181546,0.0084831755,0.0139135284,0.0128789372,-0.0148635106,0.0059682381
2011-02-08,0.0041847521,0.0066600239,0.0054396188,0.0041484388,-0.0029417623,0.0042705511
2011-02-09,-0.0027857656,-0.0064025744,-0.0003195760,-0.0017065085,-0.0136376845,-0.0042670100
2011-02-10,0.0007494929,-0.0053367820,0.0026471995,-0.0011470976,-0.0196602305,0.0010755761
2011-02-14,0.0079054303,0.0066611458,0.0076768324,0.0113043184,0.0181623287,0.0003614589
2011-02-15,-0.0032349111,-0.0037953168,0.0004610419,0.0019700530,-0.0095705493,0.0033490356
2011-02-16,0.0062574352,0.0079839172,0.0019269849,0.0057338801,0.0112311740,0.0099553622
2011-02-17,0.0030756911,0.0003451100,-0.0011855521,0.0026229505,0.0062559625,0.0002530058
2011-02-18,0.0019247226,-0.0007227885,0.0028762764,0.0005684563,0.0125912972,0.0011632267
2011-02-22,-0.0205285651,-0.0141706716,-0.0146038420,-0.0164256108,-0.0256165939,-0.0257076051
2011-02-23,-0.0061119605,-0.0122231535,-0.0169095491,-0.0080265347,-0.0036497259,-0.0091722039
2011-02-24,-0.0009943772,-0.0005908669,-0.0089094733,-0.0119471083,-0.0133523664,-0.0008672117
2011-02-25,0.0105505165,0.0137162492,0.0076670531,0.0070842686,0.0181996092,0.0151484901
2011-02-28,0.0055610857,-0.0011997926,0.0121291359,0.0092459674,0.0141511023,0.0098197751
2011-03-01,-0.0157396778,-0.0097097423,-0.0067406303,0.0122307352,0.0025023713,-0.0105101012
2011-03-02,0.0016152009,-0.0035209918,-0.0058393932,-0.0243304495,-0.0148638025,-0.0080719508
2011-03-03,0.0172190015,0.0152496571,0.0062441295,0.0089245385,0.0032001759,0.0065537540
2011-03-04,-0.0073780375,-0.0024479518,-0.0065126376,0.0101681869,0.0123879531,-0.0099858275
2011-03-07,-0.0083412325,-0.0027711168,-0.0023638338,-0.0176404171,-0.0040869109,-0.0074125603
2011-03-08,0.0089227339,0.0001673976,0.0003937241,0.0019201200,0.0170937471,0.0063903209
2011-03-09,-0.0013617034,-0.0062763609,-0.0045989316,0.0061100624,0.0041502785,-0.0055030750
2011-03-10,-0.0188709518,-0.0154952593,-0.0096343087,-0.0146484836,-0.0081989859,-0.0074665715
2011-03-11,0.0070805137,-0.0028398217,-0.0115529621,-0.0172458926,-0.0154610637,-0.0089077063
2011-03-14,-0.0060493257,-0.0091787188,-0.0164521252,-0.0618210347,0.0041334398,-0.0128897985
2011-03-15,-0.0112003482,-0.0138350859,-0.0318889660,-0.1055393040,-0.0285973728,-0.0250616137
2011-03-16,-0.0194949490,-0.0170490778,-0.0201304383,0.0567763855,0.0009979103,-0.0222939384
2011-03-17,0.0133982288,0.0174877459,0.0219594037,-0.0144110231,-0.0183451547,0.0242522510
2011-03-18,0.0043102019,0.0038622917,0.0011296613,0.0272329652,0.0007090503,0.0063414364
2011-03-22,0.0113820710,0.0077998106,0.0174914942,0.0436169454,0.0250073614,0.0216496661
2011-03-23,0.0029139797,0.0057611373,0.0034626285,-0.0165326072,-0.0014218279,0.0053998422
2011-03-24,0.0093407485,0.0146655397,0.0189772692,-0.0015302405,0.0039376705,0.0140812237
2011-03-25,0.0031611369,0.0033838193,0.0018431726,0.0107175424,0.0106213248,0.0008918966
2011-03-28,-0.0027478363,0.0006270667,-0.0011128103,-0.0060401452,-0.0039069804,0.0011504611
2011-03-29,0.0070600450,0.0046913702,-0.0006038572,-0.0020520265,-0.0003394318,0.0027282460
2011-03-30,0.0066847062,0.0027139356,0.0176957277,0.0263989689,0.0169585524,0.0091879964
2011-03-31,-0.0018295015,-0.0066405530,-0.0022445100,0.0047698601,0.0032445716,-0.0087614700
2011-04-01,0.0049629880,0.0171100902,0.0196696352,-0.0047882608,0.0116621244,0.0164394886
2011-04-04,0.0003452098,0.0011814003,-0.0006239692,0.0010815388,0.0146492373,-0.0029200465
2011-04-06,0.0020032291,0.0040053345,0.0055439659,-0.0138410391,0.0055680113,0.0012960905
2011-04-07,-0.0015200063,-0.0055784865,-0.0050352772,0.0006844029,-0.0001338272,-0.0049058989
2011-04-08,-0.0040044437,0.0080567139,0.0053268432,0.0184706172,0.0047059743,0.0083434359
2011-04-11,-0.0027933795,-0.0003962982,-0.0016849276,-0.0049528549,-0.0038120894,-0.0057140511
2011-04-12,-0.0077766992,-0.0146859457,-0.0141501305,-0.0169182615,-0.0134427942,-0.0153761988
2011-04-13,0.0001902356,0.0076955155,0.0105675078,0.0089918981,0.0066173554,0.0074510592
2011-04-14,0.0000836766,-0.0077532441,-0.0043759106,0.0013214394,-0.0050146737,-0.0089460885
2011-04-15,0.0039254132,0.0053992750,0.0044398956,-0.0064637361,-0.0002469263,0.0010301477
2011-04-18,-0.0110178517,-0.0209973153,-0.0210969382,-0.0036354136,-0.0074041672,-0.0234596704
2011-04-19,0.0057311709,0.0045654766,0.0017731929,-0.0120983935,-0.0129956933,0.0070441632
2011-04-20,0.0135149474,0.0212653944,0.0298154054,0.0175605876,0.0159638854,0.0245715930
2011-04-21,0.0052767819,-0.0006641981,0.0063869609,0.0082180385,0.0101360030,0.0043099633
2011-04-26,0.0073726131,0.0084907863,0.0083640070,-0.0131201864,-0.0054241446,0.0058207000
2011-04-27,0.0062498471,-0.0001976649,0.0065847027,0.0139296711,-0.0047710750,0.0055447030
2011-04-28,0.0035554240,0.0002801007,0.0094896006,0.0162920966,-0.0036500050,0.0091402387
2011-05-06,-0.0149065253,-0.0153379955,0.0022781650,0.0009604275,-0.0271570301,-0.0114229077
2011-05-09,0.0045441636,-0.0057053290,-0.0109086030,-0.0065746015,0.0076366985,-0.0125061298
2011-05-11,-0.0031271739,0.0056034805,0.0114067279,0.0071346919,-0.0018940358,0.0126819992
2011-05-12,0.0048954374,-0.0051874163,-0.0068177812,-0.0149640600,-0.0093612777,-0.0085730292
2011-05-13,-0.0080673301,-0.0032128003,-0.0054594853,-0.0069860350,0.0087766262,-0.0011035599
2011-05-16,-0.0062043914,-0.0003712022,-0.0021301309,-0.0093762968,-0.0135605352,-0.0072234666
2011-05-17,-0.0003685606,-0.0105846335,-0.0177176890,0.0009122675,-0.0025936039,-0.0120907684
2011-05-18,0.0088037995,0.0106637093,0.0064602652,0.0099362760,0.0048059107,0.0092399295
2011-05-19,0.0021779409,0.0054866211,0.0074895560,-0.0042702778,0.0066159360,0.0125037683
2011-05-20,-0.0076882675,-0.0012592344,-0.0124228458,-0.0014281770,0.0015545989,-0.0091589558
2011-05-23,-0.0119255846,-0.0189291582,-0.0199949645,-0.0152439861,-0.0210510311,-0.0210156020
2011-05-24,-0.0008273802,0.0038554465,0.0040918423,0.0017483021,0.0008700519,0.0025339015
2011-05-25,0.0031831687,0.0019971657,0.0028360717,-0.0057285075,0.0007258880,0.0030917740
2011-05-26,0.0039531158,0.0018568512,-0.0079278446,0.0147693618,0.0067484891,-0.0029956858
2011-05-27,0.0040809197,0.0098452478,0.0069412071,-0.0041946419,0.0094879373,0.0086183595
2011-05-31,0.0105927247,0.0086043036,0.0181783022,0.0180414948,0.0244856313,0.0141635648
2011-06-01,-0.0227846443,-0.0102504011,-0.0104555810,0.0026697547,-0.0024362799,-0.0105142287
2011-06-02,-0.0012248354,-0.0136120153,-0.0198561060,-0.0169317809,-0.0157700443,-0.0189012690
2011-06-03,-0.0097338095,0.0012141278,0.0049348424,-0.0065755955,-0.0130851205,0.0002081855
2011-06-07,-0.0117063226,0.0016567370,-0.0008130202,-0.0051894939,-0.0035247135,-0.0048217818
2011-06-08,-0.0041868749,-0.0095146028,-0.0060563854,0.0006893784,-0.0090533933,-0.0087656620
2011-06-09,0.0073774899,0.0081598759,0.0140831355,0.0018721101,-0.0022858364,0.0105966998
2011-06-10,-0.0139798445,-0.0154534438,-0.0125369434,0.0049951714,-0.0083795825,-0.0189653143
2011-06-13,0.0006687561,0.0013354947,0.0021556507,-0.0069610472,0.0039121094,0.0006622759
2011-06-14,0.0126117796,0.0051268897,0.0168874433,0.0105395708,-0.0005366996,0.0149621335
2011-06-15,-0.0174318458,-0.0104254621,-0.0124514331,0.0027786821,-0.0067670016,-0.0149382286
2011-06-16,0.0017543350,-0.0076272581,-0.0006858507,-0.0170288891,-0.0174840756,-0.0038194409
2011-06-17,0.0030450170,0.0028251734,0.0075735715,-0.0063625650,-0.0117454710,0.0082878064
2011-06-20,0.0053951910,-0.0037620956,-0.0019318464,0.0003122443,-0.0044134065,-0.0062975198
2011-06-21,0.0134234757,0.0143850606,0.0189224939,0.0112610901,0.0116243415,0.0203729171
2011-06-22,-0.0064684488,-0.0003982139,-0.0010047100,0.0179466840,0.0004293184,-0.0014701698
2011-06-23,-0.0028279865,-0.0170795250,-0.0176898379,-0.0033947445,-0.0046125441,-0.0215892760
2011-06-24,-0.0117257879,0.0041062127,-0.0039247911,0.0085414135,0.0189717324,-0.0007893759
2011-06-27,0.0091844573,0.0043174629,-0.0018928888,-0.0103733236,-0.0058713686,0.0031045233
2011-06-28,0.0129443549,0.0077940862,0.0087972924,0.0073782224,0.0009078112,0.0145763504
2011-06-29,0.0082827472,0.0154502591,0.0172527949,0.0153673538,-0.0000271786,0.0187804143
2011-06-30,0.0101192282,0.0153176563,0.0112556238,0.0019219740,0.0152720719,0.0147748681
2011-07-05,0.0130542692,0.0131691478,0.0085680109,0.0159299802,0.0156196113,-0.0008487455
2011-07-06,0.0010015590,-0.0035026723,-0.0011089544,0.0110324341,-0.0101283169,-0.0043957620
2011-07-07,0.0104538465,0.0086125366,0.0054163600,-0.0011248046,0.0005608472,0.0047003975
2011-07-08,-0.0069611165,-0.0105704752,-0.0091963479,0.0066120442,0.0087105386,-0.0166860754
2011-07-11,-0.0180905326,-0.0102493742,-0.0232995099,-0.0067273632,-0.0166853845,-0.0270956134
2011-07-12,-0.0044335127,-0.0101531730,-0.0077604320,-0.0142618720,-0.0306109660,-0.0087694825
2011-07-13,0.0031058403,0.0063724489,0.0130649776,0.0037497508,0.0121736949,0.0050740045
2011-07-14,-0.0067161277,-0.0100568711,-0.0073102411,-0.0027119495,0.0006073987,-0.0110827963
2011-07-15,0.0055544245,-0.0005643586,0.0007456794,0.0038596161,-0.0029543195,-0.0065684836
2011-07-19,0.0080462304,-0.0091894166,-0.0038019029,-0.0084966923,0.0012351571,-0.0084903722
2011-07-20,-0.0006708333,0.0110189645,0.0039887749,0.0117476195,0.0046245645,0.0161436954
2011-07-21,0.0135461922,0.0078752433,0.0095245597,0.0004486611,-0.0007453473,0.0165530018
2011-07-22,0.0009078514,0.0059492700,0.0049724696,0.0121594371,0.0208080095,0.0067989654
2011-07-25,-0.0056430133,-0.0016344053,0.0024773322,-0.0081030095,-0.0067504150,-0.0077367426
2011-07-26,-0.0041049715,0.0007426444,0.0006685451,0.0047472552,0.0125056027,-0.0065801955
2011-07-27,-0.0203086685,-0.0123277898,-0.0131669740,-0.0050040304,-0.0013463812,-0.0142057869
2011-07-28,-0.0032339666,0.0028344257,-0.0086340657,-0.0145155824,0.0012887579,-0.0057337318
2011-07-29,-0.0064505327,-0.0098753657,-0.0043518467,-0.0069000024,-0.0057813892,-0.0107442894
2011-08-01,-0.0041322993,-0.0070161459,-0.0286068750,0.0134220569,0.0099428099,-0.0230670503
2011-08-02,-0.0255566647,-0.0096979774,-0.0226100709,-0.0120842754,-0.0106739736,-0.0181881548
2011-08-03,0.0050156826,-0.0234156241,-0.0229757099,-0.0210725077,-0.0191218688,-0.0192603297
2011-08-04,-0.0478204462,-0.0342734179,-0.0340075330,0.0022869897,-0.0049098277,-0.0389557694
2011-08-05,-0.0005749177,-0.0270901884,-0.0278419794,-0.0371977555,-0.0428883139,-0.0125860340
2011-08-08,-0.0666344642,-0.0339241471,-0.0501735249,-0.0217551533,-0.0217496063,-0.0467797187
2011-08-09,0.0474068481,0.0189188997,-0.0010450210,-0.0168263918,-0.0566051152,0.0163190081
2011-08-10,-0.0441524040,-0.0305329648,-0.0513192575,0.0105383164,0.0234327118,-0.0545307284
2011-08-11,0.0462900214,0.0310751724,0.0328213882,-0.0062840399,-0.0095295412,0.0288612090
2011-08-12,0.0052616693,0.0304486328,0.0345104875,-0.0020285932,0.0012691484,0.0402050628
2011-08-15,0.0217846221,0.0057518981,0.0040848718,0.0136874460,0.0326243387,0.0078348217
2011-08-16,-0.0097385454,0.0013082645,-0.0045398940,0.0023132932,-0.0023701528,-0.0025192976
2011-08-17,0.0009473866,-0.0048529191,-0.0076665101,-0.0055086807,0.0038070905,0.0072550021
2011-08-18,-0.0445937143,-0.0449020740,-0.0581851792,-0.0125313840,-0.0134437070,-0.0547883884
2011-08-19,-0.0150089815,-0.0100939454,-0.0219175785,-0.0251034841,-0.0307924315,-0.0191967751
2011-08-22,0.0002580412,0.0108117763,-0.0011350757,-0.0104493453,0.0044819370,0.0113921880
2011-08-23,0.0342848776,0.0066924615,0.0107056001,0.0121555753,0.0199447204,0.0108181298
2011-08-24,0.0131199727,0.0149140253,0.0268781607,-0.0106949856,-0.0205649987,0.0178901784
2011-08-25,-0.0155655201,-0.0143682756,-0.0170636464,0.0153652763,0.0146758361,-0.0065455395
2011-08-26,0.0151216102,-0.0002339060,-0.0083558355,0.0028977289,-0.0085862436,-0.0100545391
2011-08-30,0.0306934004,0.0270571153,0.0192217293,0.0177453985,0.0317261320,0.0233512003
2011-08-31,0.0049219821,0.0238768197,0.0249702649,0.0001451663,0.0163669029,0.0307050643
2011-09-01,-0.0118714326,0.0044860868,-0.0093727951,0.0117919876,0.0024582829,0.0027849975
2011-09-02,-0.0252819383,-0.0233820272,-0.0335564866,-0.0121467831,-0.0180915205,-0.0359173766
2011-09-06,-0.0074362894,-0.0255480339,-0.0621775623,-0.0402391213,-0.0248559041,-0.0580874678
2011-09-07,0.0286464635,0.0313761052,0.0407317642,0.0201197170,0.0171228533,0.0362620018
2011-09-08,-0.0106121796,0.0040987862,0.0005420700,0.0033902283,-0.0067428017,0.0041163052
2011-09-09,-0.0267054923,-0.0235375083,-0.0404051776,-0.0063071993,-0.0023195837,-0.0360486441
2011-09-12,0.0069657167,-0.0163192695,-0.0226592832,-0.0231171997,-0.0420852334,-0.0402677430
2011-09-14,0.0227228043,0.0189878159,0.0528080506,-0.0020033119,0.0007829726,0.0330424204
2011-09-15,0.0171870737,0.0211402334,0.0314689730,0.0176426364,0.0071439962,0.0327146992
2011-09-16,0.0057066971,0.0057892089,0.0118494344,0.0225288904,0.0142747203,-0.0047740816
2011-09-20,-0.0114473103,-0.0008754391,-0.0003282653,-0.0161233461,-0.0226421349,-0.0155159310
2011-09-21,-0.0293904425,-0.0140388706,-0.0247466414,0.0022840699,-0.0100253935,-0.0161625910
2011-09-22,-0.0318831215,-0.0466681433,-0.0496135032,-0.0206952381,-0.0484600759,-0.0525032642
2011-09-26,0.0295600861,0.0094810782,0.0351167166,-0.0217434854,-0.0281459282,0.0279184371
2011-09-27,0.0106883823,0.0402208903,0.0529186614,0.0281605750,0.0415187426,0.0573698091
2011-09-28,-0.0206911349,-0.0144500479,-0.0088870131,0.0006620474,-0.0065905463,-0.0091816995
2011-09-30,-0.0170625455,-0.0170768353,-0.0136956169,0.0098239419,-0.0232440721,-0.0045600429
2011-10-04,-0.0066024045,-0.0358974549,-0.0518555108,-0.0280645726,-0.0762908898,-0.0440683020
2011-10-06,0.0364963044,0.0701601628,0.0821475685,0.0077931029,0.0567381214,0.0788690128
2011-10-07,-0.0081633089,0.0022867912,0.0053939498,0.0098099501,0.0311391668,0.0065650444
2011-10-11,0.0346875526,0.0174039851,0.0333543992,0.0195290482,0.0245428270,0.0187235782
2011-10-12,0.0097947041,0.0085437678,0.0220733561,-0.0039640491,0.0103558230,0.0241761555
2011-10-13,-0.0029736722,-0.0070564710,-0.0132839714,0.0096521994,0.0233694603,-0.0132579722
2011-10-14,0.0173802579,0.0116593258,0.0088523701,-0.0085331413,-0.0136487936,0.0097114950
2011-10-17,-0.0193698832,-0.0054331384,-0.0180603995,0.0150480397,0.0201170368,-0.0161067767
2011-10-18,0.0204187164,-0.0048375470,0.0030685544,-0.0155062682,-0.0422554683,-0.0078836031
2011-10-19,-0.0126491374,0.0074116698,0.0061455008,0.0035037975,0.0128764013,0.0051701600
2011-10-20,0.0045541787,-0.0120722511,-0.0248666719,-0.0103037032,-0.0178118501,-0.0232062488
2011-10-21,0.0188087652,0.0193139815,0.0354601041,-0.0003755685,0.0023700638,0.0282970288
2011-10-24,0.0128729589,0.0108222166,0.0141200174,0.0190221131,0.0413908338,0.0154886804
2011-10-25,-0.0200447251,-0.0040734841,-0.0014070420,-0.0092346313,0.0104613673,-0.0143364372
2011-10-26,0.0105365532,0.0050131563,-0.0050738290,-0.0015794744,0.0051844586,-0.0014711705
2011-10-27,0.0342914379,0.0289201908,0.0534850873,0.0203544526,0.0326309958,0.0627835490
2011-10-28,0.0003892293,-0.0020301043,0.0013174990,0.0138832837,0.0167883623,-0.0059342501
2011-10-31,-0.0247375031,-0.0277086027,-0.0322792257,-0.0068593211,-0.0077111365,-0.0315919641
2011-11-01,-0.0279422470,-0.0221132162,-0.0499614231,-0.0170075089,-0.0249137409,-0.0538139424
2011-11-02,0.0161046678,0.0115279620,0.0224732021,-0.0220812832,0.0187790776,0.0137729673
2011-11-04,0.0123838402,0.0078591012,0.0000888881,0.0186310932,0.0055275019,0.0041663995
2011-11-07,0.0062957436,-0.0029672149,-0.0062820943,-0.0038983054,-0.0083102449,-0.0063869478
2011-11-08,0.0117356389,0.0102525953,0.0055256422,-0.0127271512,0.0000294787,0.0127915807
2011-11-09,-0.0366951429,-0.0192013914,-0.0221255106,0.0115453239,0.0170724133,-0.0216778976
2011-11-10,0.0086241769,-0.0028569515,0.0065648438,-0.0290837025,-0.0524890831,-0.0033558659
2011-11-11,0.0194805399,0.0184763630,0.0322470776,0.0016080748,0.0091373284,0.0275837540
2011-11-14,-0.0095501416,-0.0047606850,-0.0118886266,0.0104798621,0.0193868669,-0.0128374261
2011-11-15,0.0048171637,-0.0002899253,-0.0086682889,-0.0071795282,-0.0081883721,-0.0192412452
2011-11-16,-0.0166162007,-0.0015224386,-0.0033338625,-0.0092215148,-0.0200294739,0.0051719737
2011-11-17,-0.0167999521,-0.0155926488,-0.0106859624,0.0019460493,-0.0075644977,-0.0178178293
2011-11-18,-0.0003946786,-0.0111006978,-0.0085347414,-0.0123495634,-0.0173370927,-0.0044115448
2011-11-21,-0.0186484954,-0.0261611828,-0.0334883085,-0.0031810043,-0.0143517144,-0.0340572998
2011-11-22,-0.0041408418,-0.0030253691,-0.0122386485,-0.0040163170,0.0014122927,-0.0083801427
2011-11-25,-0.0247213849,-0.0080855057,-0.0080398922,-0.0186091765,-0.0307978308,-0.0047758584
2011-11-28,0.0292404253,0.0286753546,0.0459613928,0.0156225878,0.0196913685,0.0545892895
2011-11-29,0.0022136535,0.0045550738,0.0094999029,0.0229659490,0.0121072716,0.0045902422
2011-11-30,0.0433153072,0.0315532888,0.0498162350,-0.0050968243,-0.0146169313,0.0422432261
2011-12-01,-0.0019086458,-0.0029244193,-0.0086978739,0.0192978128,0.0563061021,-0.0078203286
2011-12-02,-0.0002409863,0.0114768736,0.0074223301,0.0053935173,0.0020066487,0.0111822874
2011-12-05,0.0102870145,0.0028276923,0.0041787542,0.0060425705,0.0073159648,0.0114788792
2011-12-06,0.0011057488,0.0001257535,-0.0126545828,-0.0138938114,-0.0123807523,-0.0067629655
2011-12-07,0.0020183549,-0.0039147902,-0.0056544804,0.0171436758,0.0157505004,-0.0011479016
2011-12-08,-0.0211418101,-0.0113757412,-0.0200659645,-0.0066026968,-0.0069004952,-0.0253433557
2011-12-09,0.0168833526,0.0082790022,0.0191116125,-0.0147866505,-0.0272966951,0.0248297063
2011-12-12,-0.0149140541,-0.0183209668,-0.0336211018,0.0137481289,-0.0005687174,-0.0260879182
2011-12-13,-0.0086860098,0.0114777896,-0.0019307830,-0.0116723873,-0.0069171288,-0.0035183040
2011-12-14,-0.0113483674,-0.0224764829,-0.0171657724,-0.0039378507,-0.0050273421,-0.0333093135
2011-12-15,0.0032431004,0.0063538978,0.0097759666,-0.0166401695,-0.0178479991,0.0075802320
2011-12-16,0.0032161498,-0.0025181170,-0.0050326721,0.0029065935,0.0143425461,-0.0088137084
2011-12-19,-0.0117328257,-0.0041393287,-0.0054491449,-0.0125688089,-0.0117678475,0.0006392027
2011-12-20,0.0298254233,0.0101770918,0.0310930775,0.0048649671,0.0005527485,0.0272980777
2011-12-21,0.0019495060,-0.0055169942,-0.0094919989,0.0148144052,0.0185976933,-0.0081560530
2011-12-22,0.0082655498,0.0124867436,0.0104722574,-0.0076619932,-0.0020752507,0.0136381744
2011-12-28,-0.0034768623,0.0092358260,-0.0138256434,0.0033900438,0.0076416200,-0.0002343807
2011-12-29,0.0107070874,0.0107854711,0.0134302788,-0.0029358481,-0.0065204467,0.0183909175
2011-12-30,-0.0042913365,0.0009880003,0.0084753255,0.0067223125,0.0019823275,0.0103115526
2012-01-04,0.0156648168,0.0172640021,0.0361456515,0.0123898771,0.0158898619,0.0107094550
2012-01-05,0.0029437169,-0.0077975117,-0.0025459287,-0.0083410596,0.0045975427,-0.0152615320
2012-01-06,-0.0025369615,0.0045161872,-0.0062451400,-0.0115871966,-0.0117123694,-0.0024006426
2012-01-10,0.0111674637,0.0083190255,0.0173425961,0.0038031975,0.0221167865,0.0234050058
2012-01-11,0.0003095973,-0.0045465602,-0.0017264597,0.0030419529,0.0077698372,-0.0018562288
2012-01-12,0.0023366084,-0.0014812553,0.0043674631,-0.0073734523,-0.0029531523,-0.0015133712
2012-01-13,-0.0049479229,-0.0045563374,-0.0058470068,0.0136459915,0.0057102324,-0.0010906288
2012-01-17,0.0035529546,0.0101834264,0.0309047083,-0.0039551839,0.0220433671,0.0229939716
2012-01-18,0.0111079291,0.0014752199,0.0034170041,0.0099427955,0.0030146054,-0.0015474233
2012-01-19,0.0049386569,0.0068042041,0.0097079650,0.0104203000,0.0130050459,0.0196053242
2012-01-20,0.0006694598,-0.0021946801,-0.0018499296,0.0146626575,0.0083949430,-0.0022349281
2012-01-26,0.0023187587,0.0116258940,0.0211511101,0.0094804881,0.0163483565,0.0125635949
2012-01-27,-0.0015928776,-0.0106467755,-0.0042615835,-0.0009322592,0.0030592919,-0.0132223996
2012-01-30,-0.0025221232,-0.0108833875,-0.0103700849,-0.0054483344,-0.0166454619,-0.0160060134
2012-01-31,-0.0004569467,0.0018514926,0.0022437850,0.0010758453,0.0114124701,0.0100777052
2012-02-01,0.0088996056,0.0192023542,0.0244205255,0.0008270679,-0.0028013595,0.0208909706
2012-02-02,0.0010951471,0.0009325129,0.0058926805,0.0076086119,0.0199711162,0.0027320150
2012-02-03,0.0146053569,0.0181156292,0.0166836259,-0.0050570614,0.0008453093,0.0151806848
2012-02-06,-0.0004238742,-0.0015081768,-0.0002718980,0.0110135057,-0.0022662745,-0.0066074771
2012-02-07,0.0020233818,-0.0003225265,-0.0015713451,-0.0013081423,-0.0005190744,0.0018412694
2012-02-08,0.0021602108,-0.0024446807,-0.0008054884,0.0109974878,0.0154243472,-0.0004514205
2012-02-09,0.0014741106,0.0033356759,0.0059329477,-0.0014807250,-0.0004020833,0.0043137715
2012-02-10,-0.0068863026,-0.0073106772,-0.0141173472,-0.0061174009,-0.0107639355,-0.0150582294
2012-02-13,0.0068000393,0.0091074250,0.0067997200,0.0058129851,0.0049817993,0.0033826514
2012-02-14,-0.0009395234,-0.0009821516,-0.0015256094,0.0058772718,0.0014568442,-0.0026325970
2012-02-15,-0.0053832059,-0.0013050572,0.0044216944,0.0230079445,0.0213884705,0.0043577531
2012-02-16,0.0110257058,-0.0011541178,-0.0008848822,-0.0024016650,-0.0041165562,0.0008553401
2012-02-17,0.0023489303,0.0033472994,0.0142284351,0.0158117274,0.0100736490,0.0136653996
2012-02-21,0.0007199228,0.0039118893,0.0087836053,0.0084024064,-0.0006001613,0.0074484601
2012-02-22,-0.0033401068,-0.0019567655,-0.0093092619,0.0096143169,0.0032850464,-0.0051568933
2012-02-23,0.0042720023,0.0036000075,-0.0050278798,0.0043510899,-0.0078094984,-0.0000174216
2012-02-24,0.0016722378,-0.0004715143,0.0080726247,0.0053993216,0.0012099131,0.0057203937
2012-02-27,0.0013545591,-0.0032855385,-0.0021604238,-0.0013941812,-0.0088289457,-0.0073780953
2012-02-28,0.0033563334,0.0020792150,0.0055521176,0.0091956083,0.0165365925,0.0036438243
2012-02-29,-0.0047369877,-0.0095143142,-0.0045806475,0.0000741272,0.0051625481,-0.0004458725
2012-03-01,0.0061580398,0.0101847577,0.0124983869,-0.0016321840,-0.0134740803,0.0136946313
2012-03-02,-0.0032457561,-0.0034056122,-0.0029387177,0.0071760070,0.0081493897,0.0004114436
2012-03-05,-0.0038696939,-0.0061410384,-0.0079334229,-0.0080229300,-0.0137717114,-0.0038929510
2012-03-06,-0.0153701607,-0.0185538237,-0.0339840469,-0.0062854458,-0.0215872957,-0.0358361421
2012-03-07,0.0069006220,0.0044399907,0.0057288362,-0.0063885326,-0.0085777448,0.0088533793
2012-03-08,0.0098179319,0.0117933995,0.0244981988,0.0201440258,0.0132322131,0.0253601587
2012-03-09,0.0036312501,0.0047442367,0.0066822232,0.0164582795,0.0088642611,0.0026218887
2012-03-12,0.0001604607,0.0009001791,0.0030726005,-0.0040162061,0.0022849136,0.0007398116
2012-03-13,0.0181315493,0.0107079995,0.0137016754,0.0009322403,0.0097245095,0.0172202921
2012-03-14,-0.0011962620,-0.0017629578,0.0119369408,0.0152983360,-0.0014905830,0.0040420990
2012-03-15,0.0059671989,-0.0007904779,0.0091858195,0.0072395006,0.0021418672,0.0044045187
2012-03-16,0.0011193985,0.0041914087,0.0018713307,0.0006470042,-0.0016709035,0.0040835921
2012-03-21,-0.0009115914,-0.0123374173,-0.0120846853,-0.0042784374,-0.0216353318,-0.0187658274
2012-03-22,-0.0072065417,-0.0078580795,-0.0127359617,0.0040241792,0.0021542160,-0.0155668825
2012-03-23,0.0031088585,0.0015737562,0.0020569857,-0.0114159610,-0.0111359994,0.0010712782
2012-03-26,0.0138858248,0.0081641520,0.0119517444,0.0006762751,0.0000028349,0.0074219544
2012-03-27,-0.0028167752,-0.0056076197,-0.0000466263,0.0236478813,0.0182908391,-0.0092490228
2012-03-28,-0.0049415091,-0.0103243997,-0.0113153313,-0.0070774270,-0.0076728714,-0.0113673905
2012-03-29,-0.0016079298,-0.0115338268,-0.0176673009,-0.0066564994,-0.0132163633,-0.0142937733
2012-03-30,0.0036984360,0.0046151167,0.0104259801,-0.0030876043,-0.0026109722,0.0126259760
2012-04-02,0.0075046459,0.0184449861,0.0158086239,0.0026092519,-0.0016209862,0.0114199832
2012-04-03,-0.0039886360,-0.0062299100,-0.0105390119,-0.0058834058,0.0130941088,-0.0162088776
2012-04-05,-0.0108251488,-0.0196289353,-0.0296493446,-0.0281361526,-0.0095224210,-0.0255284961
2012-04-10,-0.0282458740,-0.0223806442,-0.0249185412,-0.0235053214,-0.0114970993,-0.0307878942
2012-04-11,0.0074488958,0.0069876505,0.0103383829,-0.0083119244,-0.0105898884,0.0062437354
2012-04-12,0.0137793878,0.0134523226,0.0102641237,0.0069829389,0.0092673377,0.0099145064
2012-04-13,-0.0124750010,-0.0102793442,-0.0236296389,0.0118847969,0.0183850475,-0.0246804688
2012-04-16,-0.0005036004,0.0025655544,0.0062713649,-0.0173636393,-0.0043668551,0.0050766648
2012-04-17,0.0154866738,0.0177717733,0.0265366065,-0.0006261127,-0.0023449091,0.0272144648
2012-04-18,-0.0040552888,-0.0037628221,-0.0101411873,0.0214005295,0.0106223433,-0.0158602314
2012-04-19,-0.0059343970,-0.0001217877,-0.0090328730,-0.0081594873,0.0103114420,-0.0204518789
2012-04-20,0.0011692657,0.0048045290,0.0118269072,-0.0028179454,0.0007445036,0.0045872611
2012-04-23,-0.0084075701,-0.0184678449,-0.0336468260,-0.0020070815,-0.0183835423,-0.0282915777
2012-04-24,0.0036797734,0.0077485000,0.0103342260,-0.0077686609,0.0025585983,0.0228991207
2012-04-25,0.0136445922,0.0016463617,0.0173114937,0.0098193212,-0.0014930045,0.0202377454
2012-04-26,0.0066801656,0.0052108436,0.0052800212,0.0000857977,0.0079153147,-0.0012803290
2012-04-27,0.0024143237,0.0049402302,0.0091128834,-0.0042816521,-0.0032802819,0.0114420220
2012-05-02,-0.0007481521,-0.0032888473,-0.0133135637,-0.0147716919,0.0273669816,-0.0122279974
2012-05-08,-0.0275189411,-0.0353415183,-0.0396422146,-0.0211721020,-0.0386844517,-0.0314692009
2012-05-09,-0.0067022665,-0.0044107586,0.0047433757,-0.0148764998,-0.0075231270,-0.0019681728
2012-05-10,0.0025174108,0.0025134992,0.0065927254,-0.0039147536,-0.0050840173,0.0036939124
2012-05-11,-0.0033873413,0.0056818182,0.0095014078,-0.0062533859,-0.0129848624,-0.0001277574
2012-05-14,-0.0111128639,-0.0197291723,-0.0194470089,0.0022930374,-0.0114999270,-0.0229346019
2012-05-15,-0.0057458374,-0.0051047301,-0.0078906372,-0.0081458562,0.0080704925,-0.0061216586
2012-05-16,-0.0044038186,-0.0059401744,-0.0026246111,-0.0111867451,-0.0318925588,0.0030928158
2012-05-17,-0.0150513759,-0.0123767237,-0.0117946023,0.0085693064,-0.0030581989,-0.0120314539
2012-05-18,-0.0073877770,-0.0132623644,-0.0059819283,-0.0298853814,-0.0129722926,-0.0013247024
2012-05-21,0.0160359012,0.0070050690,0.0095387855,0.0026221422,-0.0015581222,0.0063663239
2012-05-22,0.0004863370,0.0186256583,0.0165154632,0.0110495263,0.0061741941,0.0188098335
2012-05-23,0.0016937032,-0.0253363514,-0.0232845571,-0.0197828723,-0.0132863564,-0.0262054823
2012-05-24,0.0013800315,0.0158932472,0.0047949945,0.0007924028,-0.0063764428,0.0116472979
2012-05-25,-0.0021656323,0.0002616591,0.0038078251,0.0019863379,0.0025184162,0.0031893167
2012-05-29,0.0110789776,0.0073998127,0.0089748330,0.0089378726,0.0182783778,0.0120606083
2012-05-30,-0.0143348922,-0.0173991006,-0.0181402133,-0.0027595504,-0.0191672212,-0.0224073246
2012-05-31,-0.0022766655,0.0044551184,-0.0026143043,-0.0104781612,-0.0032477504,0.0004741813
2012-06-01,-0.0246425847,-0.0114077897,-0.0341757441,-0.0119962194,-0.0038208010,-0.0220549613
2012-06-06,0.0290209733,0.0235542180,0.0072228265,0.0110518377,-0.0020373884,0.0365941602
2012-06-07,-0.0001064645,0.0118310778,0.0082425436,0.0124437893,0.0085181024,0.0041589735
2012-06-08,0.0081141636,-0.0023311626,-0.0021809750,-0.0208872471,-0.0094199859,-0.0063396148
2012-06-11,-0.0126201138,-0.0004968069,0.0016686154,0.0195809834,0.0243910240,-0.0029262251
2012-06-12,0.0116507371,0.0076025870,0.0032877815,-0.0102239632,-0.0042772972,0.0013638612
2012-06-13,-0.0070232510,0.0018451156,-0.0014201686,0.0059882623,0.0081578217,-0.0055367154
2012-06-14,0.0108146528,-0.0030452802,-0.0022560574,-0.0022066312,-0.0114639538,0.0007953400
2012-06-15,0.0103378154,0.0021400206,0.0147916703,0.0000502590,0.0226249470,0.0181932651
2012-06-18,0.0014447466,0.0022450707,0.0030163432,0.0177025964,0.0100796352,-0.0069406776
2012-06-19,0.0098156954,0.0173370919,0.0184308544,-0.0074703897,-0.0005734370,0.0168710946
2012-06-20,-0.0016863570,0.0064443373,0.0045211995,0.0111415088,0.0052624723,0.0027582805
2012-06-21,-0.0222616770,-0.0099425332,-0.0076656765,0.0081990635,-0.0130017548,-0.0039341021
2012-06-22,0.0071746043,-0.0094674669,-0.0125931337,-0.0029148343,-0.0140118592,-0.0074882534
2012-06-25,-0.0159548535,-0.0114260837,-0.0208932844,-0.0072433462,-0.0051424568,-0.0224077168
2012-06-26,0.0047727215,-0.0006788477,0.0007011629,-0.0080861997,0.0044657151,-0.0029553262
2012-06-27,0.0089849055,0.0141178451,0.0150407294,0.0076754472,0.0102787389,0.0167324956
2012-06-28,-0.0021097996,-0.0055757355,-0.0126954892,0.0164504069,-0.0079094795,-0.0037348145
2012-06-29,0.0249202388,0.0142178544,0.0433127675,0.0149502222,0.0218757167,0.0475049723
2012-07-03,0.0087067489,0.0209111136,0.0252373932,0.0066405051,0.0151258365,0.0233213055
2012-07-05,-0.0046870230,0.0008614910,-0.0064835119,0.0014569933,0.0037293939,-0.0127903657
2012-07-06,-0.0094326495,-0.0052699996,-0.0191950184,-0.0065034258,-0.0004286021,-0.0187560589
2012-07-09,-0.0016388318,-0.0062339371,-0.0035163265,-0.0137316872,-0.0188150873,-0.0037837755
2012-07-10,-0.0081259265,0.0065396006,0.0079467239,-0.0044003532,-0.0016332264,0.0058951669
2012-07-11,-0.0000149236,0.0000706030,0.0024105660,-0.0007598412,0.0012120710,-0.0057189190
2012-07-12,-0.0049870973,-0.0099214750,-0.0053456463,-0.0147994842,-0.0203276223,-0.0069902822
2012-07-13,0.0164973623,0.0103062060,0.0214585586,0.0004713701,0.0035490721,0.0145542291
2012-07-17,0.0050782105,-0.0065300647,0.0031324883,0.0035395985,0.0189968172,-0.0012072673
2012-07-18,0.0066804909,0.0100726059,0.0162337530,-0.0032278430,-0.0110740459,0.0183917167
2012-07-19,0.0027170999,0.0049949684,0.0110660634,0.0078849110,0.0165889760,0.0087284389
2012-07-20,-0.0100616599,-0.0109202318,-0.0189941857,-0.0142890087,0.0041796507,-0.0213718432
2012-07-23,-0.0089090561,-0.0208605942,-0.0317781757,-0.0186334746,-0.0299035709,-0.0289176729
2012-07-24,-0.0090409329,-0.0062703894,-0.0045051308,-0.0023777277,-0.0078868300,-0.0086570491
2012-07-25,-0.0003138615,-0.0001637312,0.0025209436,-0.0143954005,-0.0013685060,0.0022961930
2012-07-26,0.0165409747,0.0136224639,0.0275406837,0.0092278434,0.0008189179,0.0406848493
2012-07-27,0.0190805656,0.0096892267,0.0161690094,0.0146320717,0.0202284519,0.0227836257
2012-07-30,-0.0004833596,0.0117998116,0.0126558671,0.0080312449,0.0161058408,0.0123529491
2012-07-31,-0.0043168284,-0.0102396185,-0.0002657628,0.0069040069,0.0107942729,-0.0087481440
2012-08-01,-0.0028999798,0.0137525957,-0.0026283405,-0.0061195626,0.0011906116,0.0090836074
2012-08-02,-0.0075036695,-0.0088397986,-0.0219662442,0.0013110710,-0.0065680696,-0.0268247739
2012-08-03,0.0190402859,0.0220758357,0.0392925798,-0.0113333294,-0.0012198724,0.0438458580
2012-08-06,0.0023292693,0.0037150313,0.0077283258,0.0200090566,0.0169092839,0.0081116113
2012-08-07,0.0051067580,0.0055778115,0.0071154750,0.0088261484,0.0036917400,0.0152047795
2012-08-08,0.0006208264,0.0008045790,-0.0002583677,0.0088433316,-0.0003502918,-0.0043494936
2012-08-09,0.0004136855,0.0009579531,-0.0001664719,0.0109714780,0.0101642607,0.0053660721
2012-08-10,0.0021884418,-0.0007519273,-0.0029332670,-0.0097074358,-0.0065789366,-0.0061011320
2012-08-13,-0.0012519008,-0.0025996126,-0.0050226195,-0.0007074263,-0.0027194796,-0.0026807984
2012-08-14,-0.0001281464,0.0056413695,0.0093651167,0.0050341852,0.0104734101,0.0069635881
2012-08-15,0.0011396405,-0.0054221467,-0.0039559490,-0.0005419831,-0.0117974770,-0.0003101405
2012-08-16,0.0071005103,0.0002571576,0.0071241774,0.0187920419,-0.0044553439,0.0090716802
2012-08-17,0.0018721340,0.0030679411,0.0063733555,0.0076698644,0.0076702642,0.0022668913
2012-08-20,-0.0000211748,-0.0047843621,-0.0010225579,0.0009451739,-0.0005866345,-0.0022359390
2012-08-21,-0.0034975361,0.0056830057,0.0079104604,-0.0015527190,-0.0002079005,0.0093949717
2012-08-22,0.0002264032,-0.0142210507,-0.0100954430,-0.0027497988,-0.0105626666,-0.0146957050
2012-08-23,-0.0080722426,0.0004156251,-0.0097153897,0.0050789753,0.0122920178,-0.0084034621
2012-08-24,0.0064547309,0.0000000000,0.0030937167,-0.0116974228,-0.0125277135,0.0001893346
2012-08-28,-0.0012968019,-0.0001557841,0.0045345051,-0.0041308256,-0.0034320128,-0.0004834869
2012-08-29,0.0008443492,-0.0055751154,0.0011266613,0.0040427719,-0.0011756133,-0.0051464079
2012-08-30,-0.0078058050,-0.0041786367,-0.0164151549,-0.0094852374,-0.0119058793,-0.0101877290
2012-08-31,0.0050732956,-0.0013987237,0.0109201525,-0.0160144297,-0.0035974105,0.0100499717
2012-09-04,-0.0011659591,-0.0069158715,-0.0054814391,-0.0072851861,-0.0027029368,-0.0041106772
2012-09-05,-0.0010676613,-0.0024859128,0.0046317335,-0.0109041475,-0.0146598642,0.0019858548
2012-09-06,0.0204355405,0.0211032193,0.0290953565,0.0000864073,0.0033549351,0.0305626132
2012-09-07,0.0040499741,0.0030290967,0.0065812403,0.0220123876,0.0308631419,0.0026126723
2012-09-10,-0.0061478299,-0.0002760422,-0.0001108607,-0.0002570292,0.0012629817,-0.0036941788
2012-09-11,0.0031349558,-0.0001726162,0.0133648011,-0.0069892488,0.0015489320,0.0089131643
2012-09-12,0.0020926922,-0.0017437411,0.0045717400,0.0173241168,0.0109533221,0.0018347299
2012-09-13,0.0163097474,0.0065373833,-0.0045223431,0.0039275209,-0.0013827759,-0.0117670490
2012-09-14,0.0039589513,0.0164436153,0.0139268953,0.0182586450,0.0290382660,0.0226978713
2012-09-18,-0.0044004674,-0.0080126955,-0.0086938495,-0.0038889182,-0.0013499713,-0.0192345655
2012-09-19,0.0011855540,0.0034592897,0.0058616823,0.0118854854,0.0116484462,0.0054460050
2012-09-20,-0.0005407337,-0.0057569674,-0.0001717728,-0.0157307397,-0.0120425735,-0.0062008104
2012-09-21,-0.0000753190,-0.0003416117,0.0084078713,0.0025332432,0.0069943223,0.0059260750
2012-09-24,-0.0022326540,-0.0023579764,-0.0051612885,-0.0044687114,-0.0019406970,-0.0094881498
2012-09-25,-0.0105018558,0.0035795697,0.0016119586,0.0024533343,0.0001923424,0.0047437931
2012-09-26,-0.0057367349,-0.0156322157,-0.0200131850,-0.0203309718,-0.0082589431,-0.0281659990
2012-09-27,0.0096489818,0.0019590167,0.0018566943,0.0048469041,0.0114264260,0.0071687048
2012-09-28,-0.0044777531,-0.0064539235,-0.0101330472,-0.0089062701,0.0037612325,-0.0245688096
2012-10-04,0.0143891244,0.0149248020,0.0123417695,-0.0051374847,0.0032421845,0.0138248496
2012-10-05,-0.0003215894,0.0074127796,0.0126841195,0.0043866017,0.0049948295,0.0164177610
2012-10-09,-0.0133134870,-0.0103389874,-0.0220793728,-0.0105728073,-0.0035741577,-0.0214808070
2012-10-10,-0.0061880304,-0.0057827669,-0.0040499943,-0.0197682421,-0.0008444119,-0.0049988211
2012-10-11,0.0001953895,0.0091920314,0.0106131539,-0.0057525442,0.0037979299,0.0142161913
2012-10-12,-0.0029661373,-0.0062609354,-0.0067580317,-0.0014812778,0.0065421484,-0.0072179009
2012-10-15,0.0080779225,0.0021231929,0.0039764680,0.0051334607,0.0005592388,0.0092060236
2012-10-16,0.0102699333,0.0111788448,0.0158402506,0.0143834104,0.0027813324,0.0235828387
2012-10-17,0.0041170580,0.0068818503,0.0024781882,0.0120947581,0.0098820964,0.0075865508
2012-10-18,-0.0024437291,0.0010489427,0.0057718424,0.0200203883,0.0047659348,0.0021771599
2012-10-19,-0.0165713046,-0.0035321191,-0.0076089947,0.0022063502,0.0015358182,-0.0086614751
2012-10-22,0.0004395823,-0.0022557397,-0.0071254432,0.0008919870,0.0067646919,-0.0060806658
2012-10-24,-0.0174847242,-0.0132757822,-0.0184496163,-0.0062603454,0.0030523498,-0.0162951295
2012-10-25,0.0029955426,0.0000517318,0.0010260026,0.0112683731,0.0021343339,-0.0043659725
2012-10-26,-0.0007289817,0.0002756365,0.0043915427,-0.0134884511,-0.0121346795,0.0069060094
2012-10-31,0.0001558797,-0.0041331564,0.0039795882,-0.0005339191,0.0044672756,-0.0016942986
2012-11-01,0.0109264752,0.0136959732,0.0103351968,0.0020810343,0.0083194863,0.0134518083
2012-11-02,-0.0093794542,0.0011430075,0.0038415272,0.0116632530,0.0132647179,0.0049088045
2012-11-05,0.0021638090,-0.0050267525,-0.0050761330,-0.0048368395,-0.0047455168,-0.0125871052
2012-11-06,0.0078531849,0.0078436410,0.0070005814,-0.0035848185,-0.0028160309,0.0087458060
2012-11-07,-0.0237050000,-0.0158541022,-0.0196441321,-0.0002518891,0.0070824316,-0.0198552966
2012-11-08,-0.0122048426,-0.0026762898,-0.0038532797,-0.0151277084,-0.0241150715,-0.0005602305
2012-11-09,0.0016986924,-0.0011079971,-0.0057543638,-0.0090018589,-0.0084633958,0.0046630367
2012-11-12,0.0001304879,-0.0004160339,0.0007342452,-0.0092672859,0.0021473580,-0.0034817941
2012-11-13,-0.0039854205,0.0032944360,0.0000502669,-0.0017738409,-0.0112761082,0.0055545545
2012-11-14,-0.0138520357,-0.0111124219,-0.0093735625,0.0004249674,0.0119563936,-0.0089139151
2012-11-15,-0.0015935449,-0.0077246060,-0.0082372092,0.0190414761,-0.0155330985,-0.0051823569
2012-11-16,0.0048399496,-0.0127161417,-0.0131882151,0.0220211327,0.0023724594,-0.0120860584
2012-11-19,0.0198620538,0.0235657370,0.0249347983,0.0142993959,0.0048703026,0.0293459438
2012-11-20,0.0006633864,0.0018125559,0.0068994239,-0.0011537546,-0.0015888041,0.0065356759
2012-11-21,0.0023201811,0.0006784681,0.0016338690,0.0087370700,0.0139474365,0.0044193482
2012-11-26,0.0109702950,0.0060327182,0.0149372521,0.0180450578,0.0156776407,0.0067809583
2012-11-27,-0.0052265873,0.0022465308,0.0055266221,0.0036595583,-0.0008133475,0.0003398920
2012-11-28,0.0078560287,0.0006206544,0.0015111265,-0.0121985077,-0.0061824138,0.0037291760
2012-11-29,0.0042696426,0.0115451557,0.0078369318,0.0099405671,0.0098535330,0.0152736957
2012-11-30,0.0001625075,-0.0005962217,0.0006134392,0.0048006020,0.0049035504,-0.0032502785
2012-12-03,-0.0047452248,0.0007500496,0.0040118778,0.0012883664,-0.0119172202,0.0026171846
2012-12-04,-0.0017098124,-0.0003747437,-0.0000120836,-0.0027193104,0.0014756209,0.0038944460
2012-12-05,0.0015848622,0.0039359512,0.0026132312,0.0038568818,0.0216027562,0.0027985129
2012-12-06,0.0033065906,0.0015783514,0.0107303910,0.0080601545,-0.0009474067,0.0031053899
2012-12-07,0.0029209196,0.0022028672,-0.0022217991,-0.0018617297,-0.0026355561,0.0010995530
2012-12-10,0.0003385605,0.0012174008,0.0017452070,0.0006675860,0.0038551722,0.0017999701
2012-12-11,0.0065488821,0.0005741526,0.0078118050,-0.0008841943,0.0021196455,0.0094265950
2012-12-12,0.0004482398,0.0035274097,0.0032991915,0.0058937281,0.0080366710,0.0001398762
2012-12-13,-0.0063214252,-0.0027413520,-0.0043087279,0.0168315172,-0.0025671525,-0.0009680171
2012-12-14,-0.0041354013,-0.0013154838,0.0019111412,-0.0005307443,0.0071461905,0.0000412136
2012-12-17,0.0118705909,-0.0016210628,0.0011149555,0.0093781519,-0.0040861353,-0.0014217770
2012-12-18,0.0114866564,0.0040086104,0.0063958607,0.0095768678,-0.0008385553,0.0028943088
2012-12-19,-0.0075892010,0.0043296207,0.0019494043,0.0239232481,0.0057186136,0.0043743009
2012-12-20,0.0054881095,-0.0005535918,0.0004694657,-0.0119158998,0.0016094047,0.0005839378
2012-12-21,-0.0093786876,-0.0030713132,-0.0046753974,-0.0098881606,-0.0067736862,-0.0014536326
2012-12-27,-0.0084257236,0.0024073745,0.0025732465,0.0385229984,0.0050426009,0.0035123471
2012-12-28,-0.0110499416,-0.0048536189,-0.0056805680,0.0069940284,0.0020694520,-0.0146995612
2013-01-04,0.0456635372,0.0277449463,0.0215411950,0.0281794710,0.0293162758,0.0303211158
2013-01-07,-0.0031231162,-0.0041380190,-0.0056208694,-0.0083364208,-0.0000574274,-0.0068042871
2013-01-08,-0.0032423713,-0.0018138047,-0.0047629247,-0.0085810087,-0.0093683193,0.0003347128
2013-01-09,0.0026558659,0.0074501283,0.0032017517,0.0067101582,0.0046419614,0.0031220840
2013-01-10,0.0075974151,0.0004590822,-0.0015543095,0.0070018286,0.0058505078,-0.0038547483
2013-01-11,-0.0000475140,0.0032942879,0.0009158199,0.0139806348,-0.0038639648,0.0007830970
2013-01-15,0.0001969478,-0.0007024786,-0.0051350497,0.0071757868,0.0050481043,-0.0023394158
2013-01-16,0.0001969919,-0.0021741299,0.0019827911,-0.0256124274,-0.0010486719,0.0030129396
2013-01-17,0.0056429222,0.0046526708,0.0057637927,0.0008678148,-0.0007377007,0.0096050191
2013-01-18,0.0034032704,0.0035875025,-0.0042957989,0.0286211564,0.0112263165,-0.0006757358
2013-01-22,0.0044281068,0.0040296850,-0.0007815944,-0.0186350710,0.0024240095,-0.0001523603
2013-01-23,0.0015074770,0.0029777158,0.0014721633,-0.0208161454,-0.0010097906,-0.0039668667
2013-01-24,0.0000066147,0.0108590105,0.0052662514,0.0127662828,-0.0015315873,0.0069776743
2013-01-25,0.0054454817,0.0031285572,0.0141763669,0.0287905106,-0.0007826934,0.0069266560
2013-01-28,-0.0018496216,0.0015752888,-0.0031776927,-0.0093661659,0.0038782657,0.0007225688
2013-01-29,0.0051059952,0.0071174844,0.0019877217,0.0039180472,-0.0007059404,0.0013039723
2013-01-30,-0.0038996213,-0.0025397680,-0.0047473319,0.0227511590,0.0070551438,-0.0053621272
2013-01-31,-0.0025633011,-0.0073065735,-0.0045140000,0.0022233284,-0.0038842673,-0.0087424636
2013-02-01,0.0100527056,0.0111998429,0.0073739667,0.0047294456,-0.0003240458,0.0109655282
2013-02-04,-0.0115387448,-0.0158180595,-0.0249138818,0.0061663542,-0.0015525810,-0.0301097689
2013-02-05,0.0104165102,0.0057629508,0.0034602488,-0.0189540907,-0.0226506332,0.0095057091
2013-02-06,0.0005491706,0.0019895589,-0.0108915436,0.0377326966,0.0046828198,-0.0140200962
2013-02-07,-0.0018053994,-0.0106269605,0.0012755167,-0.0093058282,-0.0034368117,-0.0114880602
2013-02-08,0.0056579406,0.0056996982,0.0080741996,-0.0179544681,0.0016464666,0.0134543954
2013-02-14,0.0022727998,0.0101374545,-0.0027378217,0.0138185156,0.0085327795,0.0055076305
2013-02-15,-0.0010450813,0.0001422231,-0.0049376540,-0.0118021480,0.0013373003,-0.0025152551
2013-02-19,0.0073364755,0.0080274789,0.0209310891,0.0177655973,-0.0128238868,0.0206126563
2013-02-20,-0.0124041380,0.0025551887,-0.0030377871,0.0084362964,0.0070644934,-0.0069436389
2013-02-21,-0.0063030573,-0.0162460368,-0.0188034623,-0.0138774417,-0.0171936835,-0.0229333123
2013-02-22,0.0087724679,0.0070253827,0.0103302711,0.0067919060,-0.0054233317,0.0224784759
2013-02-25,-0.0183095807,0.0031093181,0.0145237653,0.0242912830,0.0016521771,0.0040606885
2013-02-26,0.0061094640,-0.0133744534,-0.0226522289,-0.0226117487,-0.0131634343,-0.0267136089
2013-02-27,0.0127259941,0.0088511101,0.0103618634,-0.0127065763,0.0025453420,0.0192080636
2013-02-28,-0.0008640799,0.0055169862,0.0085814976,0.0271362579,0.0196332362,0.0085358513
2013-03-01,0.0023238554,0.0027984363,-0.0043323867,0.0040676586,-0.0060837180,-0.0062020113
2013-03-04,0.0046107234,-0.0051735490,-0.0021379914,0.0039555966,-0.0149653345,0.0026622534
2013-03-05,0.0095660165,0.0136157181,0.0232237793,0.0026741659,0.0010067284,0.0208719517
2013-03-06,0.0010845127,-0.0006840644,0.0062284737,0.0212967344,0.0096336448,-0.0035461468
2013-03-07,0.0018164914,0.0018047323,0.0025810190,0.0030011514,-0.0002809920,0.0053050590
2013-03-08,0.0044811391,0.0068952511,0.0058818071,0.0263651343,0.0140750771,0.0122226045
2013-03-11,0.0032490857,0.0030847060,-0.0002729836,0.0053265802,-0.0000488874,-0.0010103467
2013-03-12,-0.0024032529,0.0010763269,-0.0022757091,-0.0027727019,-0.0086710087,0.0009644658
2013-03-13,0.0013140518,-0.0044696491,0.0006013014,-0.0061023610,-0.0145889240,-0.0010234277
2013-03-14,0.0056029905,0.0073902495,0.0109723933,0.0115632519,0.0027721003,0.0092647727
2013-03-15,-0.0016184626,-0.0060801464,-0.0019259502,0.0145187788,-0.0038051916,-0.0071159703
2013-03-18,-0.0055103325,-0.0049001174,-0.0039973271,-0.0270935166,-0.0199595179,-0.0048282814
2013-03-19,-0.0024225307,-0.0025705102,-0.0078532656,0.0202608694,-0.0018792431,-0.0129970882
2013-03-21,-0.0016404130,-0.0081815330,-0.0019225814,0.0134309324,0.0083487278,-0.0002383374
2013-03-22,0.0071742564,0.0006573752,-0.0026674620,-0.0235175243,-0.0049752844,-0.0012080105
2013-03-25,-0.0033400389,-0.0022525189,-0.0051129320,0.0168520628,0.0061427882,-0.0112219639
2013-03-26,0.0077851108,0.0032923618,0.0011142334,-0.0059650167,0.0026933298,0.0055418517
2013-03-27,-0.0005883499,-0.0018438924,-0.0114954153,0.0017776297,0.0068907571,-0.0098702466
2013-03-28,0.0040566695,0.0037729503,0.0007985804,-0.0126326821,-0.0073532506,0.0053291887
2013-04-02,0.0006755451,0.0123212249,0.0190576202,-0.0269561732,0.0030578736,0.0198182453
2013-04-03,-0.0105461287,-0.0108463476,-0.0087010634,0.0298889998,-0.0013559693,-0.0132471099
2013-04-05,-0.0002638313,-0.0265563923,-0.0274294422,0.0381355621,-0.0273347559,-0.0243624383
2013-04-08,0.0063027380,0.0043361545,0.0005079336,0.0279694775,-0.0004073112,0.0009007962
2013-04-09,0.0035443321,0.0057831563,-0.0032795969,-0.0000182098,0.0070120963,0.0010744963
2013-04-10,0.0121891326,0.0117531054,0.0226670895,0.0072602892,0.0075088318,0.0198843799
2013-04-11,0.0035522505,0.0044932517,0.0078098695,0.0196438683,0.0030274706,0.0085343019
2013-04-12,-0.0028367671,-0.0049407264,-0.0161160859,-0.0047250536,-0.0005528529,-0.0122786120
2013-04-15,-0.0229662906,-0.0063905465,-0.0041499149,-0.0155340988,-0.0143229722,-0.0050465417
2013-04-16,0.0143072233,-0.0061479285,-0.0038961813,-0.0040841454,-0.0046223373,-0.0066541099
2013-04-17,-0.0143276814,-0.0095802908,-0.0233710929,0.0122111671,-0.0047231098,-0.0234848045
2013-04-18,-0.0067010034,-0.0000800743,-0.0039050631,-0.0121662317,-0.0026495719,0.0000361541
2013-04-19,0.0088479024,0.0068709100,-0.0018424561,0.0072927113,0.0232911250,0.0146136680
2013-04-22,0.0046616300,-0.0009544110,0.0024329758,0.0189156323,0.0013990837,0.0000465290
2013-04-23,0.0104192188,0.0199821670,0.0240836389,-0.0028536756,-0.0107855101,0.0358476205
2013-04-24,0.0000063402,0.0040117555,0.0131649334,0.0231942113,0.0172627207,0.0158311129
2013-04-25,0.0040347323,0.0016792023,0.0095153750,0.0059681696,0.0098358632,-0.0006427295
2013-04-26,-0.0018421130,-0.0025145431,-0.0023107904,-0.0030123477,0.0065385087,-0.0079208852
2013-04-30,0.0096887679,0.0005757804,0.0126619625,-0.0016759805,0.0083954788,0.0122570440
2013-05-02,0.0000125312,0.0047588836,0.0060654232,-0.0120353505,-0.0030219006,0.0005211667
2013-05-07,0.0177579953,0.0149518793,0.0276410250,0.0355045110,0.0167100775,0.0162124772
2013-05-08,0.0041390813,0.0039955769,0.0083026160,0.0074364181,0.0085589880,0.0089153551
2013-05-09,-0.0036871039,0.0013974626,0.0015563994,-0.0065947083,-0.0014140701,-0.0070015143
2013-05-10,0.0043216553,0.0048993286,0.0019412941,0.0293175593,0.0047278430,0.0064272586
2013-05-13,0.0000428894,0.0010263856,0.0000845791,0.0119575179,-0.0142106693,-0.0021827258
2013-05-14,0.0101421535,0.0081878667,0.0072252949,-0.0016093696,-0.0025894624,0.0052874652
2013-05-15,0.0051141363,0.0011217301,0.0027952107,0.0228757789,0.0049698888,0.0040770744
2013-05-16,-0.0050097412,-0.0008665431,0.0008909138,-0.0038944039,0.0016680721,-0.0007935032
2013-05-20,0.0095851901,0.0101379071,0.0102701666,0.0215178670,0.0177773818,0.0110025781
2013-05-21,0.0017223863,0.0071495950,0.0019359563,0.0013156833,-0.0053913931,0.0033135299
2013-05-22,-0.0082736576,0.0053498586,0.0069272977,0.0160093571,-0.0045060087,0.0036990858
2013-05-23,-0.0029238324,-0.0209786126,-0.0209719252,-0.0731592943,-0.0254244596,-0.0207252340
2013-05-24,-0.0005513654,-0.0063463148,-0.0055867176,0.0088697804,-0.0022501317,-0.0026114121
2013-05-28,0.0063409815,0.0161850530,0.0211370300,-0.0205625835,0.0135100817,0.0236985078
2013-05-29,-0.0070479819,-0.0199349016,-0.0170135891,0.0010117043,-0.0161104644,-0.0188714499
2013-05-30,0.0036703444,0.0044965904,0.0076314408,-0.0514732662,-0.0031309847,0.0055836112
2013-05-31,-0.0143072415,-0.0111010819,-0.0061141818,0.0136514352,-0.0040984308,-0.0119410081
2013-06-03,0.0059359884,-0.0088104387,-0.0075507544,-0.0372222757,-0.0049111252,-0.0070709204
2013-06-04,-0.0055108075,0.0051340209,0.0012262131,0.0205054394,0.0001494502,0.0013161415
2013-06-05,-0.0137797327,-0.0212393332,-0.0120275741,-0.0383403915,-0.0097049251,-0.0186941705
2013-06-06,0.0084902940,-0.0129608695,-0.0118798797,-0.0085172257,-0.0104584727,-0.0099053879
2013-06-07,0.0128315412,0.0119789620,0.0192459914,-0.0020527912,-0.0120507713,0.0152873041
2013-06-10,-0.0003468134,-0.0017935122,0.0064219018,0.0494403747,0.0018460996,-0.0021251876
2013-06-11,-0.0101533672,-0.0094367475,-0.0102592254,-0.0145461866,-0.0120485128,-0.0139221106
2013-06-13,0.0062909979,-0.0055992807,-0.0154539912,-0.0654952031,-0.0218978476,-0.0033013725
2013-06-14,-0.0058850161,0.0005868266,0.0040232557,0.0193758367,0.0039307420,0.0018904606
2013-06-17,0.0075673644,0.0035192042,0.0107985901,0.0273203841,0.0122446489,0.0153738611
2013-06-18,0.0077911578,0.0069031191,0.0016771846,-0.0019826291,-0.0000009202,-0.0008049009
2013-06-19,-0.0138514745,-0.0039848749,-0.0039406585,0.0182927905,-0.0112593789,-0.0054940256
2013-06-20,-0.0250103509,-0.0298166284,-0.0327677777,-0.0174130481,-0.0287808945,-0.0365714297
2013-06-21,0.0026697766,-0.0070297597,-0.0175619723,0.0165621790,-0.0058656410,-0.0110545194
2013-06-24,-0.0121450156,-0.0142408840,-0.0124261207,-0.0126491282,-0.0221745641,-0.0170610916
2013-06-25,0.0094972721,0.0120747381,0.0154501630,-0.0071531808,0.0021066052,0.0150711245
2013-06-26,0.0095904864,0.0104229992,0.0166029256,-0.0104346158,0.0243169254,0.0208832132
2013-06-27,0.0061998312,0.0126348070,0.0062661915,0.0295729897,0.0049919632,0.0097019629
2013-06-28,-0.0042895624,-0.0044687034,-0.0039457855,0.0350981012,0.0177694502,-0.0061878931
2013-07-02,0.0048558947,0.0142224925,-0.0060873043,0.0308115853,-0.0069526829,0.0009789367
2013-07-03,0.0008240472,-0.0117387651,-0.0102961147,-0.0030627321,-0.0247518514,-0.0108374881
2013-07-05,0.0102017321,0.0233711777,-0.0029785249,0.0181003222,0.0351093697,0.0140032274
2013-07-08,0.0052515465,0.0117010584,0.0208224493,-0.0140202870,-0.0130656812,0.0186421883
2013-07-09,0.0072296707,0.0097672903,0.0111952705,0.0257673676,0.0048984251,0.0051597430
2013-07-10,0.0001815925,-0.0012436624,0.0010834266,-0.0038900828,0.0107117283,-0.0007883393
2013-07-11,0.0135542499,0.0059031364,0.0114448712,0.0038830564,0.0254934652,0.0074078190
2013-07-12,0.0030864836,0.0002292386,0.0066149100,0.0023264630,-0.0074733999,-0.0035900658
2013-07-16,-0.0023389806,0.0017570933,-0.0014270127,0.0064020762,0.0016497204,-0.0010531683
2013-07-17,0.0027740472,0.0023641023,0.0065442746,0.0010904713,0.0027912546,0.0054504873
2013-07-18,0.0050329647,0.0095101875,0.0099785480,0.0132370462,-0.0012468932,0.0144033397
2013-07-19,0.0016100503,-0.0005576551,-0.0006620453,-0.0147611064,0.0008057644,-0.0006288449
2013-07-22,0.0020330263,-0.0011311023,-0.0000613020,0.0046696575,0.0025315521,0.0037194046
2013-07-23,-0.0018519369,-0.0038954421,-0.0020200434,0.0082186790,0.0232960531,-0.0042716183
2013-07-24,-0.0038112215,0.0034862219,0.0078034742,-0.0031958224,0.0024416491,0.0101093554
2013-07-25,0.0025564722,-0.0048939494,-0.0095630538,-0.0114281028,-0.0030938581,-0.0016983106
2013-07-26,0.0008282943,-0.0050394953,-0.0065152958,-0.0297295412,0.0031043515,0.0032406480
2013-07-29,-0.0037360378,0.0008390798,0.0017125859,-0.0331812621,-0.0054075790,0.0000175931
2013-07-30,0.0003738169,0.0016310528,0.0014516544,0.0152762203,0.0047510221,0.0044597120
2013-07-31,-0.0001364092,0.0076244251,0.0005984988,-0.0145279460,-0.0032021912,0.0015250636
2013-08-01,0.0125405699,0.0091978525,0.0162833779,0.0246884190,0.0093736105,0.0125329138
2013-08-02,0.0016404582,-0.0051032771,-0.0004506195,0.0328714980,0.0046259503,0.0007222649
2013-08-05,-0.0014798348,-0.0042569541,-0.0010182714,-0.0143866869,0.0013987249,0.0010678305
2013-08-06,-0.0057230335,-0.0023264098,-0.0117462434,0.0100307988,-0.0134241030,-0.0042963040
2013-08-07,-0.0038058649,-0.0140819474,-0.0047290692,-0.0400053300,-0.0152738537,0.0014680270
2013-08-08,0.0038854499,0.0028412581,0.0070019951,-0.0158684850,0.0031053552,0.0063959743
2013-08-09,-0.0035699605,0.0082239162,0.0024030402,0.0007078621,0.0070040876,0.0030091086
2013-08-12,-0.0011529207,-0.0013822793,0.0025113519,-0.0070333752,0.0212641276,-0.0011946664
2013-08-13,0.0027760561,0.0057192551,0.0067601478,0.0257089478,0.0121165722,0.0051133853
2013-08-15,-0.0193842891,-0.0194497950,-0.0046899778,-0.0082252521,-0.0000834412,0.0001710327
2013-08-16,-0.0033045954,0.0025758789,0.0018684156,-0.0074769522,-0.0009512053,0.0074978467
2013-08-19,-0.0059003024,-0.0052768930,-0.0030565506,0.0079134548,-0.0024030457,-0.0096777933
2013-08-20,0.0038211953,-0.0018869101,-0.0079198504,-0.0262935445,-0.0219647775,-0.0134795100
2013-08-21,-0.0057796029,-0.0097156884,-0.0017614535,0.0020863991,-0.0069438592,-0.0034351165
2013-08-22,0.0086193765,0.0087782593,0.0135756094,-0.0044069355,0.0035599451,0.0109661373
2013-08-23,0.0039470109,0.0070111520,0.0022744507,0.0221007203,-0.0014564988,0.0025497776
2013-08-27,-0.0198497262,-0.0078711198,-0.0207236386,-0.0086511663,0.0005150027,-0.0247550642
2013-08-28,0.0027476452,-0.0016922686,-0.0102710411,-0.0150571986,-0.0160056151,-0.0020837950
2013-08-29,0.0019634016,0.0082424844,0.0044925658,0.0090902548,0.0083684939,0.0065371540
2013-08-30,-0.0031743184,-0.0108281832,-0.0111537430,-0.0052638288,0.0012250686,-0.0131875192
2013-09-03,0.0041642216,0.0086544310,0.0095715937,0.0440351204,0.0305185989,0.0102420671
2013-09-04,0.0081169532,0.0009740110,0.0018592471,0.0053961447,-0.0030524964,0.0015978212
2013-09-05,0.0012098628,0.0089115643,0.0047658527,0.0007791587,0.0121717869,0.0066274733
2013-09-06,0.0000544311,0.0022809232,0.0049410503,-0.0145050372,0.0010288534,0.0105794879
2013-09-09,0.0099928808,-0.0025353367,0.0000785907,0.0248485413,0.0057216049,-0.0021880582
2013-09-10,0.0073457894,0.0081614227,0.0205670781,0.0153556032,0.0099337819,0.0188870852
2013-09-11,0.0030522834,0.0006682719,0.0058237372,0.0001185550,-0.0017195616,0.0005999374
2013-09-12,-0.0033804153,0.0000910840,-0.0002036869,-0.0026204920,0.0007228485,-0.0030297761
2013-09-13,0.0027146797,-0.0007892238,0.0018153899,0.0012094297,-0.0016747353,0.0019164418
2013-09-17,0.0099349046,-0.0020656171,0.0102862797,-0.0064562396,0.0115748201,0.0075367033
2013-09-18,0.0121776729,-0.0017351664,0.0045492150,0.0135337407,-0.0027208326,0.0060041197
2013-09-19,-0.0018429538,0.0101543117,0.0067299347,0.0179808932,0.0166567056,0.0085459758
2013-09-24,-0.0144686429,-0.0081353432,-0.0034022851,-0.0022733934,-0.0137632409,-0.0024798090
2013-09-25,-0.0027394660,-0.0030434452,0.0001189061,-0.0076076184,0.0013198044,-0.0000619137
2013-09-26,0.0034854259,0.0021521938,-0.0001765911,0.0122150045,-0.0036451059,-0.0020570114
2013-09-27,-0.0040738011,-0.0080571313,-0.0002989167,-0.0026386572,0.0035463638,0.0000118959
2013-09-30,-0.0060292308,-0.0077540803,-0.0077479997,-0.0206144348,-0.0149601027,-0.0103492855
2013-10-02,0.0073265415,-0.0038222578,0.0040746916,-0.0197366852,0.0054515250,0.0035526555
2013-10-04,-0.0019895241,0.0025475576,-0.0007474657,-0.0103158509,0.0067027225,0.0014645525
2013-10-07,-0.0085063620,-0.0025721034,-0.0036402364,-0.0121923476,-0.0071132340,0.0003194040
2013-10-08,-0.0123320789,-0.0111071415,-0.0041541171,0.0029805157,0.0089188145,-0.0076940768
2013-10-09,0.0005739064,-0.0043827804,-0.0045815480,0.0103082770,-0.0062504787,-0.0015676627
2013-10-10,0.0218304960,0.0146105333,0.0198526767,0.0111748046,-0.0035890435,0.0220642015
2013-10-11,0.0062862718,0.0088173852,0.0044970738,0.0147963765,0.0116341786,0.0004433543
2013-10-15,-0.0030177858,0.0095418517,0.0091245733,0.0025547010,0.0050907739,0.0085403341
2013-10-16,0.0138275324,0.0034355865,0.0047202966,0.0017726371,-0.0046360578,-0.0028899781
2013-10-17,0.0067439531,0.0006999966,-0.0038457530,0.0082511208,-0.0057451060,-0.0009614390
2013-10-18,0.0065487554,0.0070557314,0.0060280593,-0.0017118370,0.0106178833,0.0109418835
2013-10-21,0.0000917364,0.0047715546,0.0002391532,0.0090670542,0.0042009581,-0.0021254783
2013-10-22,0.0057375131,0.0062366624,0.0090490861,0.0013393401,-0.0052120220,0.0043279403
2013-10-23,-0.0047245572,-0.0031662402,-0.0030846307,-0.0195198338,-0.0135546898,-0.0080946536
2013-10-24,0.0032581348,0.0057982164,0.0068128344,0.0041841219,-0.0071360552,0.0035275719
2013-10-25,0.0043948435,0.0012065199,0.0005690416,-0.0274891931,-0.0060203867,-0.0007904883
2013-10-28,0.0013296998,0.0006695134,-0.0007890105,0.0218516076,0.0047686410,-0.0048451997
2013-10-29,0.0055841950,0.0072705689,0.0048325357,-0.0048665862,0.0017520814,0.0062282244
2013-10-30,-0.0048759236,0.0004428240,-0.0013046393,0.0123111393,0.0200240600,-0.0009303172
2013-10-31,-0.0038393812,-0.0068312690,0.0026248261,-0.0120262705,-0.0041902810,0.0060317292
2013-11-01,0.0029034212,0.0004902833,-0.0028879871,-0.0088198383,0.0018710347,-0.0062095064
2013-11-05,0.0007549534,0.0017966070,0.0001421290,0.0016758573,-0.0090684627,-0.0046452645
2013-11-06,0.0042655403,-0.0007558560,0.0035252943,0.0078690011,-0.0000872334,0.0078974014
2013-11-07,-0.0131827720,-0.0066007088,0.0044420676,-0.0075934149,-0.0067678329,-0.0013855932
2013-11-08,0.0134275595,0.0016722969,-0.0003028291,-0.0099547541,-0.0059717013,-0.0048003597
2013-11-11,0.0007229313,0.0029813369,0.0032583350,0.0129937276,0.0143094176,0.0069711569
2013-11-12,-0.0023703916,-0.0002378125,-0.0034453628,0.0223436175,-0.0073012809,-0.0061444034
2013-11-13,0.0080953442,-0.0143901718,-0.0023853288,-0.0014750842,-0.0191071238,-0.0055912465
2013-11-14,0.0048372588,0.0054449619,0.0104728722,0.0212292579,0.0082497202,0.0103704806
2013-11-15,0.0042220341,0.0040953187,0.0020798886,0.0194609965,0.0169101266,0.0019421099
2013-11-18,-0.0036981972,0.0044969818,0.0061883710,-0.0001068262,0.0272623331,0.0066283017
2013-11-19,-0.0020429656,-0.0037926675,-0.0034838105,-0.0024887555,-0.0000950970,-0.0111996572
2013-11-20,-0.0036356111,-0.0025231267,0.0009550741,-0.0033371430,0.0018196455,-0.0009175224
2013-11-21,0.0081285643,0.0000298913,-0.0006509659,0.0192038998,-0.0050871705,-0.0033901031
2013-11-22,0.0049614580,-0.0010477003,0.0024967117,0.0010491043,0.0049189488,0.0057899535
2013-11-25,-0.0012633421,0.0030415614,0.0087764188,0.0154345652,-0.0004992378,0.0054786179
2013-11-26,0.0001498045,-0.0087234340,-0.0010623587,-0.0066514364,-0.0001338398,-0.0056719106
2013-11-27,0.0024850814,0.0020041295,0.0065725628,-0.0042287680,0.0052814002,0.0036212698
2013-11-29,-0.0007856896,0.0001654407,0.0057928745,0.0137375611,0.0031478767,0.0005007855
2013-12-02,-0.0027190203,-0.0083150832,-0.0003551023,-0.0004341630,0.0065851436,-0.0021884617
2013-12-03,-0.0031928480,-0.0095370801,-0.0189917391,0.0060421219,-0.0053281115,-0.0264524362
2013-12-04,-0.0013034932,-0.0034290464,-0.0089739689,-0.0216969587,-0.0076021709,-0.0057328379
2013-12-05,-0.0043395725,-0.0017972650,-0.0060914497,-0.0149565866,-0.0006797215,-0.0117173987
2013-12-06,0.0112378706,0.0082637300,0.0096269059,0.0080626056,0.0012874731,0.0071855138
2013-12-09,0.0018171002,0.0011446886,0.0024813288,0.0228988763,0.0028669514,0.0011454484
2013-12-10,-0.0031796590,-0.0055187431,-0.0087795541,-0.0024856146,-0.0028129852,-0.0103916703
2013-12-11,-0.0113168746,-0.0023913678,-0.0040957071,-0.0061654020,-0.0170967815,-0.0010461107
2013-12-12,-0.0037705619,-0.0095887009,-0.0066221902,-0.0111658777,-0.0051469645,-0.0043407383
2013-12-13,-0.0001014101,-0.0008222743,-0.0011689075,0.0039949653,0.0011991409,-0.0023125777
2013-12-16,0.0063200398,0.0127640055,0.0174429920,-0.0162434852,-0.0056483267,0.0148212366
2013-12-17,-0.0031009879,-0.0055196098,-0.0085599327,0.0082967381,-0.0019654058,-0.0124372534
2013-12-18,0.0166479643,0.0009096084,0.0106360600,0.0202354481,0.0032333044,0.0100450947
2013-12-19,-0.0005799292,0.0142635043,0.0167713382,0.0174123305,-0.0110210980,0.0108918719
2013-12-20,0.0048187283,0.0033258769,0.0069024471,0.0007062261,-0.0033453252,0.0095082890
2013-12-27,0.0126930787,0.0218417647,0.0201283345,0.0194399713,0.0188960701,0.0200010688
2013-12-30,-0.0001792539,-0.0029033311,-0.0038823631,0.0069453955,0.0000700809,-0.0004535064
2014-01-06,-0.0077671828,-0.0000890778,-0.0129981234,-0.0234744595,-0.0241222588,-0.0112659470
2014-01-07,0.0060817647,0.0036845802,0.0082944628,-0.0059406926,0.0012620665,0.0083121949
2014-01-08,-0.0002122090,-0.0049885568,-0.0008794630,0.0194177875,0.0124956327,-0.0004035524
2014-01-09,0.0003483092,-0.0045374752,-0.0080259821,-0.0149564781,-0.0090995999,-0.0084065151
2014-01-10,0.0023066868,0.0072631774,0.0054799425,0.0019980373,0.0025856439,0.0060258264
2014-01-14,-0.0018942939,0.0040059942,0.0071010055,-0.0307728347,-0.0024061149,0.0055521802
2014-01-15,0.0051661881,0.0078322424,0.0202609514,0.0250499318,0.0048580293,0.0135392883
2014-01-16,-0.0013471203,-0.0006598337,-0.0016539885,-0.0038921704,0.0036857111,-0.0029546626
2014-01-17,-0.0038951744,0.0020394845,0.0025983488,-0.0008090476,0.0063924489,0.0019054100
2014-01-21,0.0027737520,0.0007321395,-0.0013178586,0.0039086184,-0.0043327261,-0.0008387944
2014-01-22,0.0005748652,-0.0011705661,-0.0010287402,0.0015826832,0.0021330528,0.0002566828
2014-01-23,-0.0088895767,-0.0077640891,-0.0091635084,-0.0079053555,-0.0150916661,-0.0101780863
2014-01-24,-0.0208754486,-0.0161811248,-0.0248177255,-0.0193891576,-0.0124853122,-0.0279119046
2014-01-27,-0.0048762939,-0.0169575456,-0.0045570396,-0.0250675768,-0.0211117888,-0.0040635053
2014-01-28,0.0061406526,0.0032972978,0.0061706144,-0.0017040365,-0.0007034453,0.0098273351
2014-01-29,-0.0102092323,-0.0042603047,-0.0074604399,0.0269523153,0.0082405952,-0.0067641808
2014-01-30,0.0112670447,-0.0008862376,0.0039360674,-0.0244964110,-0.0047959230,0.0055424946
2014-02-04,-0.0217312500,-0.0136423026,-0.0261984130,-0.0665413394,-0.0289375194,-0.0149687858
2014-02-05,-0.0020282228,0.0013334932,-0.0012697149,0.0122718726,-0.0060000960,0.0000825374
2014-02-06,0.0124397929,0.0155468347,0.0153855680,-0.0017813180,0.0072287012,0.0170747070
2014-02-07,0.0133018868,0.0020432720,0.0048981204,0.0217087553,0.0099760745,0.0095699905
2014-02-10,0.0015692348,0.0030281208,-0.0012964603,0.0176961990,-0.0026616557,0.0021166806
2014-02-12,0.0107898726,0.0126524518,0.0269260935,0.0055522381,0.0327411276,0.0161359503
2014-02-13,0.0058100251,-0.0023370933,0.0059506846,-0.0179269100,-0.0053962534,0.0016954604
2014-02-14,0.0048092167,0.0006307168,0.0068388492,-0.0152537959,0.0059949328,0.0063393464
2014-02-18,0.0011584739,0.0199291378,-0.0002711663,0.0370438650,0.0129744921,-0.0021727814
2014-02-19,-0.0065244843,0.0000441841,0.0000279024,-0.0051680064,0.0034000256,0.0023991763
2014-02-20,0.0060314583,0.0023981939,-0.0042650086,-0.0214912088,-0.0119322826,0.0033148595
2014-02-21,-0.0019187236,0.0036841476,0.0039610335,0.0288244899,0.0077770623,0.0058707110
2014-02-24,0.0061865135,0.0040654282,0.0053837116,-0.0018828774,-0.0079616171,0.0086896376
2014-02-25,-0.0013476817,-0.0051559013,-0.0009878339,0.0144173433,-0.0031874014,-0.0010364208
2014-02-26,0.0000217000,-0.0045823592,-0.0038785220,-0.0053568979,0.0053877834,-0.0039957978
2014-02-27,0.0049480829,0.0016324875,-0.0075970232,-0.0031968120,0.0174146535,-0.0001182693
2014-02-28,0.0027826888,-0.0000880445,0.0108204452,-0.0054975161,0.0003846671,0.0026589864
2014-03-03,-0.0073785103,-0.0148758815,-0.0343775977,-0.0127241391,-0.0147257342,-0.0265897985
2014-03-04,0.0152677011,0.0172022992,0.0246034253,0.0047262429,0.0069758340,0.0244775028
2014-03-05,-0.0000533513,-0.0070928081,-0.0049150193,0.0119654687,-0.0034359975,-0.0010577817
2014-03-06,0.0017184083,0.0019334796,0.0000891411,0.0159166337,0.0054558286,0.0058730519
2014-03-07,0.0005380893,-0.0111659136,-0.0201323202,0.0092053263,-0.0018711414,-0.0114601898
2014-03-10,-0.0004632463,-0.0034561644,-0.0091169158,-0.0100779073,-0.0174559572,0.0010122530
2014-03-11,-0.0050821390,-0.0005979520,0.0045642479,0.0068763057,0.0002101820,-0.0048319384
2014-03-12,0.0003051709,-0.0096627175,-0.0127956914,-0.0258616559,-0.0165095018,-0.0099915505
2014-03-13,-0.0117010951,-0.0101345887,-0.0185989932,-0.0009715982,-0.0066600986,-0.0129462696
2014-03-14,-0.0028217777,-0.0039518910,0.0042826587,-0.0329590278,-0.0099553708,-0.0080318951
2014-03-17,0.0096136346,0.0062041392,0.0137449044,-0.0034890718,-0.0030428304,0.0131842894
2014-03-18,0.0072196189,0.0056177917,0.0067161417,0.0093572418,0.0051015666,0.0096676479
2014-03-19,-0.0061316493,-0.0048748290,0.0037327362,0.0035562446,-0.0006861976,-0.0012055168
2014-03-20,0.0060405048,-0.0046705808,0.0020556441,-0.0164763174,-0.0179208522,0.0046076650
2014-03-24,-0.0077831146,-0.0033626804,-0.0115478914,0.0176508203,0.0313607799,-0.0119157539
2014-03-25,0.0044039398,0.0129593278,0.0162841019,-0.0035998823,-0.0052241399,0.0158500671
2014-03-26,-0.0070003198,0.0000605463,0.0117985611,0.0037418716,0.0071520061,0.0094449012
2014-03-27,-0.0019000839,-0.0025736909,0.0002783363,0.0100661656,-0.0024351878,-0.0013887424
2014-03-28,0.0046402219,0.0041437539,0.0143876254,0.0050017901,0.0105832795,0.0073531093
2014-03-31,0.0079241022,-0.0025999448,-0.0032627154,0.0089683950,0.0038762383,-0.0044793929
2014-04-01,0.0070393486,0.0082141422,0.0050021195,-0.0024170660,0.0134295383,0.0080200876
2014-04-02,0.0028533268,0.0009620152,0.0020461250,0.0104333545,0.0033588106,0.0009351502
2014-04-03,-0.0011264503,-0.0014866951,0.0005673653,0.0084007012,0.0018265288,0.0041685396
2014-04-04,-0.0125372880,0.0069934276,0.0069530032,-0.0005381115,-0.0024373944,0.0079157370
2014-04-07,-0.0107501124,-0.0108728556,-0.0190722275,-0.0169227179,-0.0059053405,-0.0108081588
2014-04-08,0.0037505538,-0.0048468337,-0.0021091250,-0.0136384481,0.0098234274,-0.0025360228
2014-04-09,0.0109182127,0.0068126149,0.0016394389,-0.0210304634,0.0108952311,0.0040340753
2014-04-10,-0.0208847956,0.0009644798,-0.0054499963,0.0000300487,0.0150500573,-0.0065703450
2014-04-11,-0.0094867737,-0.0120897026,-0.0147283738,-0.0237809410,-0.0079061811,-0.0107919965
2014-04-14,0.0082172862,0.0033679700,0.0025635147,-0.0035737443,0.0015284605,0.0042832789
2014-04-15,0.0067573078,-0.0064096279,-0.0177167738,0.0062292176,-0.0159531314,-0.0089427355
2014-04-16,0.0104884906,0.0065121831,0.0157090591,0.0300690036,0.0010916905,0.0138792174
2014-04-17,0.0013638529,0.0062421567,0.0098617107,-0.0000103633,0.0028300335,0.0059355242
2014-04-22,0.0078827109,0.0085279160,0.0202322796,-0.0019948453,-0.0012987801,0.0118235894
2014-04-23,-0.0022133139,-0.0010625295,-0.0058228011,0.0109460367,-0.0097242610,-0.0073881203
2014-04-24,0.0017169606,0.0042398615,0.0004703655,-0.0097124075,0.0023616617,0.0063939449
2014-04-25,-0.0080963910,-0.0025809048,-0.0154084007,0.0016848003,-0.0150367628,-0.0080164829
2014-04-28,0.0032360359,0.0021688080,0.0047662936,-0.0097738414,-0.0040947592,0.0038031751
2014-04-30,0.0077670183,0.0119100627,0.0166064083,0.0011113960,0.0000651261,0.0060217850
2014-05-02,-0.0014915134,0.0062536729,-0.0049161517,0.0107241492,0.0057241975,-0.0065116279
2014-05-07,-0.0015575947,-0.0038109757,-0.0036332833,-0.0293314393,-0.0231084760,-0.0026311201
2014-05-08,-0.0013736249,0.0063121510,0.0090429445,0.0092871016,0.0041781610,0.0136739265
2014-05-09,0.0015194764,-0.0036114380,-0.0027010632,0.0025282495,0.0011847302,-0.0066471827
2014-05-12,0.0096727376,0.0054588247,0.0126295877,-0.0035261802,0.0182325993,0.0036562641
2014-05-13,0.0004217577,0.0031087150,0.0053563454,0.0195003723,0.0040774898,0.0025302632
2014-05-14,-0.0047010051,0.0007856575,-0.0000041047,-0.0013643025,0.0103071200,-0.0008834546
2014-05-15,-0.0093618070,-0.0054663223,-0.0100815989,-0.0074657503,0.0065576476,-0.0124659774
2014-05-16,0.0037469652,0.0021780617,-0.0027910166,-0.0141010740,-0.0007896410,0.0025533831
2014-05-19,0.0038447865,-0.0016336106,0.0031456772,-0.0063951222,-0.0003702809,0.0030249403
2014-05-20,-0.0064983981,-0.0062238987,-0.0021025728,0.0049127093,0.0057336514,-0.0038949896
2014-05-21,0.0081160990,0.0027932961,0.0060991338,-0.0023502302,0.0000805723,0.0037462659
2014-05-22,0.0023622299,-0.0000586281,0.0023757834,0.0210523102,0.0051338924,0.0020541765
2014-05-23,0.0042483919,-0.0007037933,0.0048451851,0.0086749689,0.0005271297,0.0033361413
2014-05-27,0.0059878059,0.0042695059,0.0176914797,0.0120555636,-0.0009387236,0.0081457549
2014-05-28,-0.0011140717,0.0009204361,-0.0001660216,0.0023523806,0.0059155656,0.0004150081
2014-05-29,0.0053671103,0.0029337355,-0.0000271181,0.0007340718,-0.0030281015,-0.0002471776
2014-05-30,0.0018436779,-0.0039002526,0.0004396000,-0.0033606311,0.0031077500,-0.0024147264
2014-06-03,0.0003483335,-0.0011980708,-0.0023663541,0.0274644399,0.0090716508,-0.0035135828
2014-06-04,0.0018916635,-0.0025890771,0.0006985755,0.0022422110,-0.0059820485,-0.0005972750
2014-06-05,0.0065252796,-0.0007479684,0.0021316470,0.0007572463,-0.0018163142,0.0106043058
2014-06-06,0.0046277587,0.0065605335,0.0039566771,-0.0001412448,-0.0068655339,0.0071206989
2014-06-09,0.0009387712,0.0024495938,0.0021466951,0.0031013478,0.0072533094,0.0017462978
2014-06-10,-0.0002459836,-0.0002036222,0.0020152530,-0.0085427265,0.0085766100,0.0012812658
2014-06-11,-0.0035370410,-0.0050483291,-0.0078763397,0.0049804376,-0.0025069404,-0.0086812049
2014-06-12,-0.0070888935,0.0006141624,-0.0011165415,-0.0063671867,-0.0035373655,-0.0001558603
2014-06-13,0.0031345617,-0.0095278740,-0.0025989393,0.0083019547,0.0062200763,-0.0024416207
2014-06-16,0.0008367052,-0.0034376142,-0.0029143576,-0.0108988972,-0.0007933387,-0.0073140951
2014-06-17,0.0021725691,0.0018061331,0.0036766406,0.0028580231,-0.0041664072,0.0057693419
2014-06-18,0.0077188813,0.0017438513,0.0010090164,0.0093369632,-0.0009424895,-0.0012565298
2014-06-19,0.0012774786,0.0043519310,0.0074186781,0.0162320456,-0.0006035028,0.0072113141
2014-06-20,0.0017300583,0.0025117283,-0.0016753064,-0.0007642804,0.0011364979,-0.0047556443
2014-06-23,-0.0001324641,-0.0036043042,-0.0066405044,0.0012938829,-0.0167823137,-0.0056745411
2014-06-24,-0.0064353106,-0.0019851189,0.0017296941,0.0004528489,0.0033251790,0.0006134374
2014-06-25,0.0048975112,-0.0078826007,-0.0070768275,-0.0071298238,-0.0006093101,-0.0127789737
2014-06-26,-0.0011788840,0.0002227635,-0.0063691935,0.0027432339,0.0144809208,-0.0047012093
2014-06-27,0.0019108686,0.0033703593,0.0010473876,-0.0139458713,0.0010211926,-0.0005945650
2014-06-30,-0.0003722567,-0.0020568680,0.0018237474,0.0044451546,-0.0013263055,-0.0031891868
2014-07-02,0.0073409828,0.0107504561,0.0079526756,0.0137098504,0.0154759501,0.0049471317
2014-07-03,0.0054795081,0.0071592474,0.0119217983,-0.0014105225,-0.0007719737,0.0101602949
2014-07-07,-0.0039235219,-0.0060741412,-0.0122997398,0.0020295675,0.0004028852,-0.0187354939
2014-07-08,-0.0070488020,-0.0124569502,-0.0134665298,-0.0042283901,0.0000195803,-0.0143516632
2014-07-09,0.0046442679,-0.0030422201,0.0036356772,-0.0007678889,-0.0155178045,0.0039861692
2014-07-10,-0.0041310719,-0.0067877490,-0.0151985389,-0.0056317476,0.0027148659,-0.0134362913
2014-07-11,0.0014709227,0.0026677497,0.0007464400,-0.0034455881,-0.0002384362,0.0035432025
2014-07-14,0.0048435530,0.0083554902,0.0120697103,0.0087562597,0.0048731767,0.0077701932
2014-07-15,-0.0019320957,-0.0052771375,-0.0065010269,0.0064287768,0.0048525557,-0.0102826595
2014-07-16,0.0042010849,0.0110573274,0.0143896978,-0.0010302167,0.0026989968,0.0148072959
2014-07-17,-0.0118340265,-0.0068389744,-0.0106893972,-0.0005878056,-0.0001024583,-0.0121170093
2014-07-18,0.0102649356,0.0016621693,-0.0034714751,-0.0100551199,-0.0028094233,0.0044461092
2014-07-22,0.0026842609,0.0067856589,0.0014722755,0.0083841183,0.0139553723,0.0078910068
2014-07-23,0.0017544380,0.0004268231,0.0019754305,-0.0009594235,0.0079790973,0.0015561903
2014-07-24,0.0004881559,0.0034273490,0.0041523302,-0.0028795692,0.0070762467,0.0078445085
2014-07-25,-0.0048491508,-0.0043831859,-0.0153204913,0.0113481700,0.0030863768,-0.0181606111
2014-07-28,0.0002881549,-0.0005153425,-0.0047531934,0.0046274340,0.0087801870,0.0032836973
2014-07-29,-0.0045277869,0.0029020944,0.0057781808,0.0057098098,0.0086741839,0.0047896801
2014-07-30,0.0000609128,-0.0050530132,-0.0062101195,0.0018030497,0.0037207659,-0.0122046263
2014-07-31,-0.0199992403,-0.0063926249,-0.0194085299,-0.0016272889,0.0009962179,-0.0153420845
2014-08-01,-0.0028591211,-0.0075630231,-0.0209833431,-0.0062518802,-0.0090649628,-0.0102117100
2014-08-04,0.0071890324,-0.0002545507,-0.0060738266,-0.0031314827,0.0027575903,0.0034359235
2014-08-05,-0.0096854700,0.0007487832,0.0038890149,-0.0099641623,0.0019585175,0.0037132678
2014-08-06,0.0000156385,-0.0069285155,-0.0064963964,-0.0104775645,-0.0026017620,-0.0060809063
2014-08-07,-0.0055566200,-0.0058467635,-0.0099747988,0.0047876704,-0.0079958211,-0.0136220940
2014-08-08,0.0115314024,-0.0045472460,-0.0032801763,-0.0298049480,-0.0023024193,-0.0004867716
2014-08-11,0.0027594253,0.0099582640,0.0190269539,0.0238287045,0.0129301743,0.0120280669
2014-08-12,-0.0016366416,-0.0000602916,-0.0121199930,0.0020349624,0.0017605531,-0.0084665501
2014-08-13,0.0067071600,0.0036638763,0.0142687677,0.0034509098,0.0081382944,0.0078396509
2014-08-14,0.0043458141,0.0042963643,0.0028503173,0.0066348682,-0.0035748997,0.0025365123
2014-08-15,-0.0000613729,0.0005684551,-0.0143629885,0.0002461402,0.0061924057,-0.0073881413
2014-08-18,0.0085316722,0.0078036965,0.0167972280,0.0002780827,0.0000208970,0.0134847116
2014-08-19,0.0050006519,0.0056368951,0.0096210946,0.0083008388,0.0067114882,0.0056256825
2014-08-20,0.0024778130,-0.0035106582,-0.0021115673,0.0003016323,0.0014652160,-0.0032107924
2014-08-21,0.0029498897,0.0032862401,0.0093359069,0.0085250525,-0.0065843298,0.0122949111
2014-08-22,-0.0019925871,-0.0003541600,-0.0066330001,-0.0030161146,0.0047263499,-0.0093480139
2014-08-26,0.0058438921,0.0070107599,0.0266598071,-0.0011564762,-0.0015024738,0.0330630074
2014-08-27,0.0000499873,0.0011579397,-0.0019232520,0.0008762575,-0.0062114898,0.0004209963
2014-08-28,-0.0016899011,-0.0036453643,-0.0111968274,-0.0048252866,-0.0071331828,-0.0066480090
2014-08-29,0.0033204147,0.0020570690,0.0008042593,-0.0022814247,0.0000428660,0.0034356075
2014-09-02,-0.0005440662,0.0013783969,0.0038911244,0.0158195302,0.0002812613,-0.0006185657
2014-09-03,-0.0007791411,0.0065014791,0.0125665781,0.0038133593,0.0229879687,0.0099444396
2014-09-04,-0.0015344208,0.0006401161,0.0101563009,-0.0033169355,-0.0007911106,0.0165246428
2014-09-05,0.0050358854,-0.0033294420,0.0023405139,-0.0004784329,-0.0022835684,-0.0018798265
2014-09-08,-0.0030731141,-0.0029613416,0.0011296522,0.0023250628,-0.0019691314,-0.0025766374
2014-09-10,-0.0029227982,-0.0006876144,-0.0059295114,0.0053275603,-0.0192568953,-0.0053945281
2014-09-11,0.0008819054,-0.0044655275,-0.0009164425,0.0076269300,-0.0017291289,-0.0022221081
2014-09-12,-0.0059625585,0.0010882849,-0.0041429398,0.0024570590,-0.0027296474,0.0001802096
2014-09-16,0.0067689098,-0.0021742037,-0.0018858098,-0.0023049346,-0.0186747130,-0.0073283408
2014-09-17,0.0012956437,-0.0016637161,0.0029659007,-0.0014367161,0.0099602375,0.0050486498
2014-09-18,0.0048911801,0.0056629508,0.0141416843,0.0112596203,-0.0085201000,0.0075122902
2014-09-19,-0.0004772696,0.0027275671,0.0001153162,0.0157833203,0.0056866664,-0.0007794433
2014-09-22,-0.0080133233,-0.0094034434,-0.0050738247,-0.0070625777,-0.0144272036,-0.0041850456
2014-09-24,0.0020107455,-0.0099356756,-0.0089819942,-0.0023726047,-0.0014143254,-0.0064894241
2014-09-25,-0.0161687724,-0.0099309025,-0.0157276379,0.0127842950,-0.0064158942,-0.0132406285
2014-09-26,0.0085758246,0.0014608652,-0.0020462609,-0.0088114124,-0.0037748321,0.0090626129
2014-09-29,-0.0025468022,-0.0004210613,-0.0071270527,0.0049772022,-0.0189708353,-0.0083463623
2014-09-30,-0.0027859286,-0.0035958087,0.0054536919,-0.0084067897,-0.0127524981,0.0133477463
2014-10-06,-0.0037875224,-0.0089087530,-0.0279482436,-0.0174711098,0.0166597880,-0.0293734507
2014-10-07,-0.0151260530,-0.0103752602,-0.0133883136,-0.0067409510,0.0046099202,-0.0180519121
2014-10-08,0.0174616503,-0.0020629198,-0.0100019572,-0.0119013958,-0.0067964274,-0.0097454630
2014-10-09,-0.0206614150,-0.0077597562,0.0010771648,-0.0075051890,0.0116577987,-0.0063985493
2014-10-10,-0.0114510123,-0.0142881425,-0.0240099380,-0.0115240450,-0.0189504633,-0.0163566459
2014-10-14,-0.0149150654,0.0083123336,0.0041416747,-0.0237926116,-0.0017570778,0.0035692377
2014-10-15,-0.0081003149,-0.0283292024,-0.0286973077,0.0091728100,0.0039951490,-0.0363309556
2014-10-16,0.0001449777,-0.0025275605,0.0012774450,-0.0222336693,-0.0103332240,-0.0053556734
2014-10-17,0.0128841074,0.0184638074,0.0311513741,-0.0139683004,0.0053391471,0.0292347334
2014-10-20,0.0091426572,-0.0068459041,-0.0149723989,0.0398224885,0.0020435389,-0.0103987281
2014-10-21,0.0195744872,0.0167860263,0.0194086784,-0.0203127201,0.0007941095,0.0225493832
2014-10-22,-0.0072993302,0.0042999218,0.0059840134,0.0264443290,0.0136600269,0.0058437763
2014-10-23,0.0123033771,0.0030470177,0.0119874998,-0.0037385122,-0.0030247438,0.0128110063
2014-10-24,0.0070534494,-0.0047513707,-0.0065776201,0.0100852164,-0.0013277431,-0.0069221951
2014-10-27,-0.0015015684,-0.0039444949,-0.0094783434,0.0063485722,-0.0068220492,-0.0077889193
2014-10-28,0.0119390731,0.0060815896,0.0185990481,-0.0038216025,0.0162954306,0.0038883811
2014-10-29,-0.0013853555,0.0080753031,0.0016121343,0.0146119578,0.0127340642,-0.0004935444
2014-10-30,0.0062301242,0.0015029975,0.0035264720,0.0067050689,-0.0049467139,0.0074441198
2014-10-31,0.0117313935,0.0128256546,0.0232620953,0.0482532833,0.0124892835,0.0221792517
2014-11-04,-0.0029484270,-0.0141296876,-0.0171976653,0.0273374866,-0.0063505295,-0.0243084617
2014-11-05,0.0057004974,0.0131856365,0.0162560666,0.0044388281,-0.0062921729,0.0189410128
2014-11-06,0.0037755130,0.0018504225,0.0066480401,-0.0085515206,-0.0019543104,0.0045765998
2014-11-07,0.0003495862,0.0024423006,-0.0091261955,0.0052345090,-0.0041891417,-0.0089387176
2014-11-10,0.0031201847,0.0067151310,0.0064615946,-0.0059152435,0.0082571975,0.0078593200
2014-11-11,0.0006966942,0.0024352394,0.0018349438,0.0204749250,0.0026776535,0.0050393515
2014-11-12,-0.0007011167,-0.0024745605,-0.0168715767,0.0042595737,0.0054561016,-0.0151316447
2014-11-13,0.0005298447,0.0037059446,0.0040766440,0.0113820843,0.0034154546,0.0019307523
2014-11-14,0.0002402702,0.0028483012,0.0004790679,0.0056368772,0.0028077259,0.0034646462
2014-11-17,0.0007353590,0.0026448813,0.0057721305,-0.0295600206,-0.0120519862,0.0056253092
2014-11-18,0.0051339833,0.0055605662,0.0161374406,0.0218136038,-0.0112581105,0.0085846961
2014-11-19,-0.0015011590,-0.0018631411,0.0017204546,-0.0031890195,-0.0066240915,0.0008938806
2014-11-20,0.0019670962,-0.0026431615,0.0011791574,0.0007004193,-0.0010126902,-0.0074961455
2014-11-21,0.0052368774,0.0107652313,0.0262105516,0.0032744264,0.0037464609,0.0266921151
2014-11-25,0.0017106999,-0.0029181293,0.0132195734,0.0028868989,0.0173566987,0.0080695243
2014-11-26,0.0028059819,-0.0002822573,0.0055114544,-0.0013809506,0.0112427161,-0.0020286417
2014-11-28,-0.0025424272,-0.0009808146,0.0065846046,0.0043874467,-0.0051647043,0.0038322993
2014-12-01,-0.0068293625,-0.0098474094,-0.0017373114,0.0074599726,-0.0258468499,-0.0029270092
2014-12-02,0.0063844611,0.0128748568,-0.0029537470,0.0041569460,0.0122756900,0.0025060314
2014-12-03,0.0037647427,-0.0037822043,0.0037960194,0.0032388762,-0.0095408291,0.0008112615
2014-12-04,-0.0011618962,-0.0055385455,-0.0120781153,0.0094118062,0.0172413664,-0.0154762968
2014-12-05,0.0016652165,0.0094918560,0.0239328130,0.0018582149,0.0071364585,0.0221073711
2014-12-08,-0.0072565652,-0.0104703701,-0.0071506914,0.0008477135,0.0018760143,-0.0099559225
2014-12-09,-0.0002378235,-0.0213872772,-0.0220949066,-0.0068165820,-0.0233635876,-0.0254920693
2014-12-10,-0.0163509688,-0.0045179570,0.0006147321,-0.0224999838,0.0016473530,-0.0084498810
2014-12-11,0.0045356892,-0.0058922776,0.0064083196,-0.0089119296,-0.0090110435,-0.0004849424
2014-12-12,-0.0162135873,-0.0249315339,-0.0271532555,0.0066162739,-0.0027169861,-0.0276700343
2014-12-15,-0.0063425866,-0.0187124878,-0.0271733223,-0.0156681019,-0.0095207412,-0.0252012783
2014-12-16,-0.0084890229,0.0241156137,0.0246282025,-0.0201223476,-0.0155181493,0.0219255279
2014-12-17,0.0203524157,0.0007423158,-0.0020347329,0.0038441614,-0.0037343753,0.0045710460
2014-12-18,0.0240152047,0.0204371498,0.0279356537,0.0232060979,0.0109082104,0.0334589213
2014-12-19,0.0045700489,0.0122641207,-0.0024563717,0.0239017081,0.0124569593,-0.0018450053
2014-12-22,0.0038104639,0.0047973953,0.0080515099,0.0007797470,0.0126289793,0.0030130430
2014-12-29,0.0057877304,0.0086365203,0.0062205161,0.0053699157,0.0155758925,0.0149256181
2014-12-30,-0.0048886047,-0.0130398734,-0.0122472537,-0.0157401485,-0.0114448333,-0.0167650086
2015-01-05,-0.0287308091,-0.0198258446,-0.0338981143,-0.0024101283,0.0093706553,-0.0316049724
2015-01-06,-0.0088934717,-0.0079006722,-0.0003694649,-0.0301872715,-0.0099450685,-0.0067763135
2015-01-07,0.0116298427,0.0083719162,0.0051236824,0.0001267903,0.0083392033,0.0071580704
2015-01-08,0.0178882806,0.0233963986,0.0335600582,0.0166872386,0.0065144140,0.0358545204
2015-01-09,-0.0084038110,-0.0104870475,-0.0192232000,0.0017842769,0.0035417683,-0.0190414320
2015-01-13,-0.0106513704,0.0063220220,0.0303155931,-0.0063973285,0.0123755064,0.0266111756
2015-01-14,-0.0058130673,-0.0234936552,-0.0124655389,-0.0170736737,-0.0042687157,-0.0156259158
2015-01-15,-0.0092478759,0.0172653682,0.0219546211,0.0186198505,0.0098832374,0.0236690208
2015-01-16,0.0134241994,0.0079245402,0.0134719854,-0.0142932586,-0.0101593995,0.0130504995
2015-01-20,0.0015499524,0.0106560455,0.0087885894,0.0297756082,-0.0063210427,0.0151611100
2015-01-21,0.0047316240,0.0162988325,0.0041045191,-0.0049417728,0.0167599364,0.0087268623
2015-01-22,0.0152697219,0.0101962095,0.0132427028,0.0028088954,0.0069828651,0.0151577952
2015-01-23,-0.0054915224,0.0053261493,0.0205028507,0.0105447667,0.0133679931,0.0193046346
2015-01-26,0.0025684609,0.0028685309,0.0139676869,-0.0024686550,0.0023923580,0.0074212977
2015-01-27,-0.0133878624,-0.0059540898,-0.0157200233,0.0171612282,-0.0041196911,-0.0108916593
2015-01-28,-0.0134956094,0.0020993312,0.0077517079,0.0015437429,0.0021981955,-0.0028696836
2015-01-29,0.0095346853,-0.0022414341,0.0025114804,-0.0106491704,-0.0106975691,0.0044438302
2015-01-30,-0.0129919653,-0.0089860210,-0.0040557209,0.0038719225,-0.0036103176,-0.0058686356
2015-02-02,0.0129624637,0.0049189848,0.0125009771,-0.0065830594,-0.0009103726,0.0050865878
2015-02-03,0.0144394953,0.0131512555,0.0058127422,-0.0126545711,0.0028605189,0.0108542704
2015-02-04,-0.0041560462,-0.0017171345,0.0018703710,0.0197792801,0.0050898632,0.0039333681
2015-02-05,0.0102914067,0.0008600441,-0.0005416536,-0.0098491799,0.0034737157,0.0014905352
2015-02-06,-0.0034181723,-0.0018205916,-0.0054120393,0.0082195938,-0.0034765962,-0.0026088108
2015-02-09,-0.0042471944,-0.0023637475,-0.0168608992,0.0035940554,-0.0064179310,-0.0085161913
2015-02-10,0.0106755610,-0.0011847097,0.0084700361,-0.0033452030,0.0002895318,0.0095826826
2015-02-12,0.0096151928,-0.0001464322,0.0154196515,0.0185264233,-0.0043195038,0.0065060841
2015-02-13,0.0040747385,0.0066489802,0.0040065385,-0.0036908987,0.0106619879,0.0070161370
2015-02-17,0.0015975745,0.0035789769,-0.0061824134,0.0041159487,0.0041463237,-0.0011282250
2015-02-18,-0.0003143092,0.0000000000,0.0060005656,0.0117906832,0.0019043553,0.0094740520
2015-02-23,0.0047530961,0.0020440552,0.0155022281,0.0147122095,0.0001884533,0.0131839189
2015-02-24,0.0027587709,0.0054107088,0.0067218445,0.0073948740,-0.0034903689,0.0049647569
2015-02-25,-0.0007657236,-0.0020433111,0.0004041943,-0.0009826790,0.0011397537,-0.0008635585
2015-02-26,-0.0014760282,0.0020619277,0.0104298026,0.0107929886,0.0049955547,0.0058170056
2015-02-27,-0.0029563045,-0.0004316733,0.0065744217,0.0006467863,-0.0031632517,0.0083207135
2015-03-02,0.0061249193,-0.0008781288,0.0007630639,0.0015396052,0.0025842825,-0.0068989790
2015-03-03,-0.0045385422,-0.0074201077,-0.0113931546,-0.0006225515,-0.0074198134,-0.0097756148
2015-03-04,-0.0043885035,0.0043692351,0.0097531930,-0.0059292903,-0.0096101914,0.0098783381
2015-03-05,0.0011960800,0.0060555991,0.0099759520,0.0025791952,-0.0111317211,0.0093871022
2015-03-06,-0.0141739466,-0.0070822560,0.0040820516,0.0116873948,-0.0012003065,0.0001693020
2015-03-09,0.0039444212,-0.0051071798,0.0026959317,-0.0095118454,-0.0016946374,-0.0054689741
2015-03-10,-0.0169613301,-0.0252599717,-0.0070566129,-0.0066757706,-0.0093715473,-0.0111905529
2015-03-11,-0.0019176796,0.0027899081,0.0265739354,0.0031293766,-0.0074908948,0.0237199890
2015-03-12,0.0126014396,0.0058915566,-0.0005590879,0.0142916423,0.0033725581,-0.0020849226
2015-03-13,-0.0060747110,-0.0030320510,0.0086632196,0.0138559902,0.0010610153,0.0046377285
2015-03-16,0.0135336712,0.0094205262,0.0223591066,-0.0004253322,0.0053032248,0.0101188705
2015-03-17,-0.0033201737,0.0049235019,-0.0153578584,0.0099209629,-0.0020067411,-0.0063681013
2015-03-18,0.0121584214,0.0157365298,-0.0048477429,0.0055296840,0.0091454483,0.0008927835
2015-03-19,-0.0048725794,0.0024620758,-0.0019600430,-0.0034751459,0.0144614174,0.0007470575
2015-03-20,0.0090127547,0.0086465962,0.0117627546,0.0042954276,-0.0038273247,0.0099877425
2015-03-23,-0.0017457310,0.0021644992,-0.0119217428,0.0099251780,0.0048930607,-0.0064806444
2015-03-24,-0.0061394220,-0.0025576537,0.0092343699,-0.0020709432,-0.0038747522,0.0066791239
2015-03-25,-0.0145589057,-0.0040885215,-0.0116919654,0.0016613024,0.0052718430,-0.0132244204
2015-03-26,-0.0023775000,-0.0136890567,-0.0018238551,-0.0139307861,-0.0012699812,-0.0029157867
2015-03-27,0.0023685613,-0.0058445326,0.0020813118,-0.0095263287,-0.0004441696,0.0055349627
2015-03-30,0.0122366452,0.0053099785,0.0183412229,0.0065214113,0.0150664429,0.0098250637
2015-03-31,-0.0087957751,-0.0171808202,-0.0099155839,-0.0105304178,0.0018415315,-0.0098120756
2015-04-01,-0.0039653713,0.0053890447,0.0029424587,-0.0089629030,0.0073033281,0.0056778151
2015-04-02,0.0035296670,0.0035244878,-0.0028321939,0.0146021307,0.0076901705,0.0023546826
2015-04-08,0.0072279781,0.0152044929,0.0057214401,0.0246997719,0.0380294515,0.0123606611
2015-04-09,0.0044574810,0.0112434055,0.0108492517,0.0074740562,0.0269670710,0.0140339301
2015-04-10,0.0052028650,0.0106052261,0.0171200476,-0.0015091918,0.0121732202,0.0060491586
2015-04-13,-0.0045812806,-0.0035967165,-0.0029091543,-0.0001089995,0.0272784747,0.0026066712
2015-04-14,0.0016297589,0.0015571253,-0.0090066689,0.0001617019,-0.0162351546,-0.0068631965
2015-04-15,0.0051481957,0.0030387405,0.0003058846,-0.0019549223,0.0020800790,0.0069546994
2015-04-16,-0.0007784436,-0.0051149540,-0.0190068705,0.0008057352,0.0043771104,-0.0056828842
2015-04-17,-0.0113112455,-0.0093336028,-0.0258491346,-0.0117113231,-0.0031215825,-0.0155480181
2015-04-20,0.0092351317,0.0082206272,0.0173851632,-0.0009357725,-0.0201854066,0.0086190626
2015-04-21,-0.0014806053,0.0015314310,0.0040086009,0.0139855737,0.0278856803,0.0009735336
2015-04-22,0.0050874804,-0.0049129547,-0.0060479481,0.0112918546,0.0029931026,0.0035530494
2015-04-23,0.0023577159,0.0036282404,-0.0121164199,0.0026696268,-0.0038000631,-0.0061752318
2015-04-24,0.0022528006,0.0024100826,0.0074439319,-0.0083026665,0.0083830592,0.0043522746
2015-04-27,-0.0041413142,0.0047095484,0.0193305778,-0.0018340998,0.0132785587,0.0129694524
2015-04-28,0.0027692317,-0.0103462838,-0.0188966670,0.0037846016,0.0003221597,-0.0181309361
2015-04-30,-0.0138313567,-0.0099423800,-0.0302480996,-0.0268677809,-0.0108902972,-0.0245274175
2015-05-07,0.0011939479,-0.0105738150,-0.0040517389,-0.0116813226,-0.0299658514,-0.0157079506
2015-05-08,0.0134579012,0.0232031080,0.0264517482,0.0045199701,0.0105302107,0.0247965495
2015-05-11,-0.0050895605,-0.0023982379,-0.0031068913,0.0124732102,0.0051077941,-0.0122819701
2015-05-12,-0.0029496377,-0.0136701943,-0.0172135214,0.0002002806,-0.0112207697,-0.0105850417
2015-05-13,-0.0003049548,0.0022787351,-0.0105427015,0.0071277453,-0.0057612783,-0.0025710431
2015-05-14,0.0107792866,0.0033670862,0.0183553792,-0.0098397782,0.0013677971,0.0135937324
2015-05-15,0.0007684139,-0.0017926287,-0.0097570755,0.0083126055,0.0196334275,-0.0070566805
2015-05-18,0.0030479480,0.0012067958,0.0128635984,0.0079739648,-0.0083037516,0.0037026234
2015-05-19,-0.0006433745,0.0037595884,0.0223428965,0.0068431113,0.0037073008,0.0209463790
2015-05-20,-0.0009305163,0.0017440361,-0.0004100410,0.0084977754,-0.0039174582,0.0031266489
2015-05-21,0.0023378745,0.0008848195,0.0013605231,0.0003123598,-0.0022233085,0.0026104828
2015-05-22,-0.0022338863,0.0025950232,-0.0041788278,0.0030461523,0.0170438212,-0.0007402915
2015-05-26,-0.0102819802,-0.0117610525,-0.0160710729,0.0085406045,0.0091819690,-0.0115402227
2015-05-27,0.0091626413,0.0121312138,0.0125589995,0.0017174137,-0.0059698859,0.0194726009
2015-05-28,-0.0012667609,0.0010805878,-0.0079482234,0.0038530004,-0.0223245498,-0.0086250748
2015-05-29,-0.0063184692,-0.0080245424,-0.0225860340,0.0005687894,-0.0010971353,-0.0252908211
2015-06-01,0.0020594613,-0.0044097997,0.0019475944,0.0003267374,0.0063072312,0.0034764477
2015-06-02,-0.0010085962,-0.0036384452,-0.0093782383,-0.0012970276,-0.0047265535,-0.0041469852
2015-06-03,0.0021188711,0.0032042775,0.0080167638,-0.0033918632,0.0069447679,0.0059366967
2015-06-04,-0.0086231676,-0.0131357175,-0.0069197142,0.0007170088,-0.0038174163,-0.0093441500
2015-06-05,-0.0014361829,-0.0079601260,-0.0126491741,-0.0013319411,-0.0105884011,-0.0133121956
2015-06-08,-0.0064745098,-0.0021456217,-0.0118092965,-0.0001813673,0.0020586504,-0.0128192254
2015-06-09,0.0004183530,-0.0053313984,-0.0057505959,-0.0176411658,-0.0119620891,-0.0015315895
2015-06-10,0.0120424248,0.0113269570,0.0240062400,-0.0024851044,-0.0111850419,0.0174610508
2015-06-11,0.0017386264,0.0024011231,0.0059820945,0.0167916439,0.0082513470,0.0073881712
2015-06-12,-0.0069942999,-0.0090262888,-0.0120261786,0.0011828195,0.0138505848,-0.0141168680
2015-06-15,-0.0046225725,-0.0109655122,-0.0188916797,-0.0009453099,-0.0153489825,-0.0175120897
2015-06-16,0.0056898566,-0.0000595935,0.0053746201,-0.0063689893,-0.0109862784,0.0050878856
2015-06-17,0.0019796413,-0.0043963577,-0.0059760903,-0.0019088774,0.0070422691,-0.0101737958
2015-06-18,0.0099027106,0.0040864300,0.0111395455,-0.0112985891,-0.0022101133,0.0026843839
2015-06-19,-0.0053035017,0.0003876172,-0.0054232945,0.0091752074,0.0024675025,0.0024753172
2015-06-22,0.0060948666,0.0171671553,0.0380794020,0.0125877959,0.0119698796,0.0380530970
2015-06-23,0.0006358685,0.0013478041,0.0071585043,0.0186619803,0.0093280429,0.0118173480
2015-06-24,-0.0073532970,0.0014484341,-0.0061754409,0.0028164829,0.0026161987,-0.0024378920
2015-06-25,-0.0029735743,-0.0054055635,0.0001630263,-0.0046304759,-0.0094588936,-0.0007214835
2015-06-26,-0.0003900796,-0.0079467098,0.0016821743,-0.0031413385,-0.0177516134,0.0034631030
2015-06-29,-0.0208661939,-0.0197225508,-0.0356086140,-0.0287934339,-0.0261360671,-0.0374271077
2015-06-30,0.0026584899,-0.0150290764,-0.0124720718,0.0062546777,0.0109003366,-0.0163496047
2015-07-02,0.0066258809,0.0167919031,0.0141050991,0.0141714445,0.0012301326,0.0094693043
2015-07-06,-0.0038617569,-0.0142975348,-0.0188046808,-0.0199966310,-0.0398001776,-0.0256474985
2015-07-07,0.0060809751,-0.0158360997,-0.0196361103,0.0131498178,-0.0103410153,-0.0226889513
2015-07-08,-0.0166527491,0.0090948662,0.0066049436,-0.0313570241,-0.0584076821,0.0074663561
2015-07-09,0.0022622026,0.0140046373,0.0231788781,0.0059713001,0.0372600625,0.0254795614
2015-07-10,0.0123384851,0.0139479463,0.0290294489,-0.0038110308,0.0208459243,0.0306585785
2015-07-13,0.0110660492,0.0096802378,0.0149130010,0.0156694700,0.0129603971,0.0193817908
2015-07-14,0.0044531592,0.0023448805,0.0028317165,0.0147119929,-0.0040873600,0.0068766364
2015-07-15,-0.0007349861,0.0000000000,0.0019762058,0.0038262809,-0.0025934725,0.0029349443
2015-07-16,0.0080146804,0.0063223958,0.0153470386,0.0066845944,0.0042712547,0.0147129445
2015-07-17,0.0011061830,-0.0031486651,-0.0036989615,0.0024660431,0.0100342745,0.0005643145
2015-07-21,-0.0034937422,-0.0008855958,-0.0058783217,0.0092514417,0.0047672190,-0.0034775480
2015-07-22,-0.0023877099,-0.0150389700,-0.0072495764,-0.0119134982,-0.0099391556,-0.0046998280
2015-07-23,-0.0056760403,-0.0018447955,-0.0007429751,0.0043838372,0.0045972479,0.0008205318
2015-07-24,-0.0107033280,-0.0112998040,-0.0143032121,-0.0067404885,-0.0106437830,-0.0057758741
2015-07-27,-0.0057750152,-0.0113528845,-0.0256489167,-0.0094638181,-0.0309030991,-0.0256576097
2015-07-28,0.0123861546,0.0077169769,0.0106282118,-0.0010422054,0.0062409149,0.0100900490
2015-07-29,0.0073187953,0.0115479379,0.0033953605,-0.0012780072,0.0047139263,0.0080605865
2015-07-30,0.0000283673,0.0057155636,0.0040404378,0.0108319408,-0.0049338533,0.0057758500
2015-07-31,-0.0022715200,0.0041086090,0.0046050592,0.0030410112,0.0056453155,0.0071714090
2015-08-03,-0.0027568867,-0.0011498450,0.0119134856,-0.0018037613,-0.0091271645,0.0074587972
2015-08-04,-0.0022497048,-0.0002990162,0.0010792458,-0.0013504892,-0.0002171435,-0.0016365296
2015-08-05,0.0031146787,0.0098405473,0.0157322264,0.0045662539,0.0044268003,0.0165468554
2015-08-06,-0.0077529853,-0.0007848772,-0.0044000409,0.0024439099,-0.0056653321,-0.0008890431
2015-08-07,-0.0028748824,-0.0042388726,-0.0081371360,0.0029093987,0.0072693077,-0.0071955071
2015-08-10,0.0128081665,0.0026345457,0.0099166200,0.0040593819,-0.0012769209,0.0078879007
2015-08-11,-0.0095571025,-0.0106440119,-0.0268104932,-0.0042260928,-0.0009342234,-0.0185510611
2015-08-12,0.0009500547,-0.0139995205,-0.0326767720,-0.0158286003,-0.0237646499,-0.0340456159
2015-08-13,-0.0012752121,-0.0004413791,0.0082400679,0.0099437818,0.0042975902,0.0124699609
2015-08-14,0.0039119641,-0.0026794772,-0.0026773695,-0.0036950487,-0.0011562394,-0.0060919984
2015-08-17,0.0052114242,-0.0000611218,-0.0040791079,0.0049129266,-0.0073518691,0.0057217863
2015-08-18,-0.0026255302,-0.0036639544,-0.0022312084,-0.0031905060,-0.0142634757,-0.0027242811
2015-08-19,-0.0082548762,-0.0188161452,-0.0214154678,-0.0161444120,-0.0130829170,-0.0175307825
2015-08-20,-0.0211001701,-0.0055594749,-0.0233997792,-0.0093514701,-0.0177132929,-0.0205872711
2015-08-21,-0.0318509657,-0.0282981375,-0.0294924542,-0.0298344708,-0.0152851592,-0.0318925435
2015-08-24,-0.0394136929,-0.0466732847,-0.0470234506,-0.0460567101,-0.0516764172,-0.0534508304
2015-08-25,-0.0135219950,0.0309210031,0.0497169431,-0.0395875707,0.0072178490,0.0413828127
2015-08-26,0.0390338588,-0.0167891097,-0.0129037204,0.0320177733,-0.0151633219,-0.0139785361
2015-08-27,0.0242977486,0.0355900117,0.0318272236,0.0107531807,0.0359646295,0.0349097162
2015-08-28,0.0006087364,0.0090277620,-0.0016566957,0.0302502189,-0.0103554746,0.0036386972
2015-09-01,-0.0377199212,-0.0303141704,-0.0274757614,-0.0507219175,-0.0197553776,-0.0286558299
2015-09-02,0.0182929750,0.0040933902,0.0032428999,-0.0038693308,-0.0118237033,0.0030300111
2015-09-04,-0.0141826580,-0.0066411164,-0.0009961899,-0.0167578627,-0.0045058682,-0.0069902093
2015-09-08,0.0250830536,0.0170779257,0.0232436125,-0.0205191542,0.0200776129,0.0166213479
2015-09-09,-0.0138975605,0.0134882122,0.0030920700,0.0770886277,0.0410306168,0.0144250394
2015-09-10,0.0052779550,-0.0117515163,-0.0089953030,-0.0250867254,-0.0257016206,-0.0145907917
2015-09-11,0.0044870432,-0.0061730403,-0.0085090217,-0.0019343811,-0.0026959239,-0.0104012315
2015-09-14,-0.0040896557,-0.0054267397,0.0008080818,-0.0163446056,0.0026753284,-0.0067206403
2015-09-15,0.0128313114,0.0087105149,0.0055656429,0.0033831831,-0.0049471484,0.0113365461
2015-09-16,0.0087054143,0.0149244161,0.0038358441,0.0080503313,0.0238370633,0.0167352884
2015-09-17,-0.0025610593,-0.0067745768,0.0002317462,0.0143449078,-0.0050999695,0.0020018540
2015-09-18,-0.0161641657,-0.0133990468,-0.0306385912,-0.0196426486,0.0030290706,-0.0256254453
2015-09-24,-0.0131714216,-0.0233613629,-0.0492650885,-0.0275802458,-0.0376285755,-0.0415820319
2015-09-25,-0.0004657933,0.0247420951,0.0276729526,0.0175667353,0.0042823250,0.0306907175
2015-09-29,-0.0244648797,-0.0327058119,-0.0245785352,-0.0531120161,-0.0297229861,-0.0305602681
2015-09-30,0.0190755559,0.0257902757,0.0222255175,0.0270105057,0.0140928547,0.0256830096
2015-10-02,0.0163174302,0.0112841331,-0.0111144122,0.0193798915,0.0316501747,0.0008057486
2015-10-05,0.0182898408,0.0275530020,0.0273963991,0.0158170553,0.0162005348,0.0354393982
2015-10-06,-0.0035882362,0.0043341367,0.0089701398,0.0100307946,-0.0010469633,0.0094739404
2015-10-07,0.0080356336,0.0016122960,0.0068233335,0.0075266749,0.0313371455,0.0014375079
2015-10-08,0.0088184355,0.0060602082,0.0022737223,-0.0099225422,-0.0071438677,0.0018362307
2015-10-09,0.0007251113,0.0064943829,0.0103601089,0.0163991629,0.0046473291,0.0054492023
2015-10-13,-0.0055586524,-0.0115177813,-0.0063169086,-0.0110598914,0.0063075566,-0.0123389577
2015-10-14,-0.0047162742,-0.0114626727,-0.0116588057,-0.0188508435,-0.0071038720,-0.0073976497
2015-10-15,0.0148527736,0.0110214522,0.0150214254,0.0115086016,0.0199760054,0.0143761826
2015-10-16,0.0045704743,0.0061999785,0.0039374735,0.0107698217,0.0078293380,0.0058819880
2015-10-19,0.0002705455,-0.0040295069,0.0059261022,-0.0087782671,0.0003572247,0.0002721332
2015-10-20,-0.0014210903,-0.0011334016,-0.0016361055,0.0041872460,-0.0037437222,-0.0064326778
2015-10-22,0.0107052941,0.0049171339,0.0339279569,0.0125620289,-0.0062573484,0.0274658396
2015-10-23,0.0110303445,0.0106331721,0.0288382754,0.0211235846,0.0134193635,0.0252926705
2015-10-26,-0.0019131007,-0.0042054123,0.0006299300,0.0064709914,-0.0015415319,-0.0053842793
2015-10-27,-0.0025541185,-0.0080567548,-0.0101051736,-0.0089765667,0.0011455348,-0.0102223261
2015-10-28,0.0118400333,0.0113898799,0.0130721139,0.0067092830,-0.0080440014,0.0089766097
2015-10-29,-0.0004497742,-0.0065239680,-0.0028729904,0.0017294277,-0.0059517104,-0.0009733516
2015-10-30,-0.0048098770,-0.0054253898,0.0045644418,0.0077836355,-0.0078834736,0.0024234074
2015-11-02,0.0118738170,0.0001099978,0.0092653437,-0.0209535863,-0.0119257745,0.0037874830
2015-11-04,-0.0008269719,0.0080323335,-0.0096276929,0.0130421661,0.0305556574,0.0065253678
2015-11-05,-0.0011321484,-0.0074849133,0.0039187698,0.0100121995,-0.0001097986,0.0064163579
2015-11-06,-0.0003476213,-0.0017439548,0.0092112814,0.0078042609,-0.0079696618,0.0008252671
2015-11-09,-0.0098227294,-0.0092227661,-0.0157061888,0.0195758571,-0.0061467844,-0.0146424128
2015-11-10,0.0015105950,-0.0031612006,0.0015782363,0.0014519121,-0.0143034104,0.0002016290
2015-11-11,-0.0032280858,0.0034899354,0.0069559612,0.0010233640,-0.0022109616,0.0082142292
2015-11-12,-0.0139903756,-0.0188178867,-0.0114816397,0.0003239439,0.0240133285,-0.0193558151
2015-11-13,-0.0112073647,-0.0097755820,-0.0068841732,-0.0051203450,-0.0215291634,-0.0100274280
2015-11-16,0.0149032653,0.0045927951,0.0004510551,-0.0103700380,-0.0172047639,-0.0007571078
2015-11-17,-0.0013393792,0.0199140805,0.0240645967,0.0122174487,0.0115138684,0.0276834755
2015-11-18,0.0161624518,0.0016271369,-0.0010108288,0.0009448921,-0.0034131055,-0.0061956497
2015-11-19,-0.0011231092,0.0081063708,0.0114498909,0.0107195752,0.0140597298,0.0017078379
2015-11-20,0.0038101957,0.0007425386,0.0031022356,0.0010070590,0.0113110002,-0.0008402439
2015-11-24,-0.0000143738,-0.0090613301,-0.0167124715,0.0022676312,-0.0073430848,-0.0184669069
2015-11-25,-0.0001291323,0.0096221087,0.0215428951,-0.0038800989,-0.0039681390,0.0150842798
2015-11-27,0.0005936177,0.0059328606,0.0111212929,0.0018319299,-0.0190985727,0.0075924742
2015-11-30,-0.0046409973,-0.0029959997,0.0078335917,-0.0068632652,-0.0032580817,0.0055698135
2015-12-01,0.0106805734,0.0062302508,-0.0106297474,0.0134158795,0.0174996517,-0.0086877343
2015-12-02,-0.0109956932,0.0039401014,-0.0063244102,-0.0037111756,0.0043938299,-0.0017845084
2015-12-03,-0.0143735267,-0.0227226564,-0.0358157817,0.0000887511,-0.0027882808,-0.0357844275
2015-12-04,0.0205256691,-0.0058486367,-0.0034423763,-0.0218366147,-0.0080795406,-0.0032598811
2015-12-07,-0.0069895030,-0.0023724100,0.0124617739,0.0099295094,-0.0014692428,0.0088275654
2015-12-08,-0.0064899017,-0.0141881264,-0.0195194268,-0.0104350295,-0.0134255227,-0.0156736468
2015-12-09,-0.0077389850,-0.0013854479,-0.0075990648,-0.0098257442,-0.0046277329,-0.0094854757
2015-12-10,0.0022513872,-0.0063003079,0.0006079263,-0.0131868092,-0.0045473988,-0.0005153989
2015-12-11,-0.0194227673,-0.0222237300,-0.0244241753,0.0096568502,-0.0110832952,-0.0184463629
2015-12-14,0.0047555600,-0.0132206205,-0.0194118540,-0.0180474194,-0.0071841599,-0.0168126661
2015-12-15,0.0106185611,0.0244632718,0.0306765572,-0.0168147260,-0.0016649798,0.0315957684
2015-12-16,0.0145149694,0.0072120031,0.0018066217,0.0260698245,0.0200636641,0.0022256457
2015-12-17,-0.0150405209,0.0068137998,0.0256809323,0.0159397282,0.0078728146,0.0114321926
2015-12-18,-0.0177972200,-0.0082097661,-0.0120998542,-0.0189505060,-0.0053264300,-0.0111768735
2015-12-21,0.0077784025,-0.0029079535,-0.0104090230,-0.0037279187,0.0016602257,-0.0129916690
2015-12-22,0.0088167361,0.0080036280,-0.0008591855,-0.0015500255,0.0017593799,0.0005323298
2015-12-29,0.0193186448,0.0380562536,0.0354083803,0.0050581231,0.0077691002,0.0292844739
2015-12-30,-0.0072172286,-0.0064137078,-0.0107853017,0.0027120348,-0.0053395811,-0.0051516428
2016-01-04,-0.0245716068,-0.0288009742,-0.0427784528,-0.0306157045,-0.0253645661,-0.0330736170
2016-01-05,0.0020122260,0.0071881534,0.0025924378,-0.0041721614,-0.0064893170,0.0033565184
2016-01-06,-0.0131153967,-0.0103956676,-0.0093190252,-0.0099422928,-0.0098123034,-0.0125968114
2016-01-07,-0.0237004430,-0.0196430017,-0.0229263241,-0.0233067453,-0.0308601377,-0.0171611757
2016-01-08,-0.0108383744,-0.0070036101,-0.0130773279,-0.0039048561,0.0059198880,-0.0158553521
2016-01-12,0.0086627286,0.0028415353,0.0138171538,-0.0270652648,-0.0362746484,0.0103813402
2016-01-13,-0.0249654523,0.0053632537,-0.0024505432,0.0288443608,0.0113191869,0.0030122618
2016-01-14,0.0166959054,-0.0071799706,-0.0167413348,-0.0267945096,-0.0058927216,-0.0179988355
2016-01-15,-0.0215990980,-0.0192795265,-0.0254161299,-0.0054428467,-0.0149686878,-0.0238192899
2016-01-19,0.0005318216,0.0125255777,0.0124606675,-0.0057584186,0.0058932623,0.0147499399
2016-01-20,-0.0116938552,-0.0345765916,-0.0282040967,-0.0370815344,-0.0381705539,-0.0344804807
2016-01-21,0.0051954384,0.0176606926,0.0194343602,-0.0243009919,-0.0182222233,0.0197456219
2016-01-22,0.0202837010,0.0218573902,0.0199202565,0.0587659528,0.0290343549,0.0309742398
2016-01-25,-0.0156379821,-0.0038983051,-0.0029421245,0.0089854997,0.0136071238,-0.0058477465
2016-01-26,0.0141443356,0.0058703420,0.0088946458,-0.0234943531,-0.0247847135,0.0105489442
2016-01-27,-0.0108634838,0.0133468498,0.0059118182,0.0272321649,0.0101612036,0.0054052861
2016-01-28,0.0055285772,-0.0097823348,-0.0244140123,-0.0071353574,0.0075255867,-0.0132865127
2016-01-29,0.0247602174,0.0256246005,0.0164447358,0.0279818668,0.0253846432,0.0219473272
2016-02-01,-0.0004432366,-0.0038955435,-0.0041059416,0.0198038435,-0.0044509926,-0.0055897282
2016-02-02,-0.0187430908,-0.0227884186,-0.0181227732,-0.0064119397,-0.0075864436,-0.0246656881
2016-02-03,0.0049920389,-0.0143363564,-0.0152613626,-0.0315159587,-0.0234099732,-0.0133124191
2016-02-04,0.0015267326,0.0105702671,-0.0043943562,-0.0085078028,0.0100834107,0.0003713837
2016-02-05,-0.0184812463,-0.0085949191,-0.0114048518,-0.0132238498,0.0054777452,-0.0065885461
2016-02-12,-0.0081221346,-0.0240248966,-0.0343218601,-0.1110002984,-0.0502167830,-0.0489469221
2016-02-16,0.0165166541,0.0270867081,0.0186897578,0.0736874238,0.0438055892,0.0289357597
2016-02-17,0.0164804392,0.0286751738,0.0265021001,-0.0135831257,-0.0103288850,0.0298759941
2016-02-18,-0.0046657137,-0.0096678120,0.0092169940,0.0227602457,0.0231714516,0.0014856726
2016-02-19,-0.0000260329,-0.0036503357,-0.0079873967,-0.0141774848,-0.0040065980,-0.0039435552
2016-02-22,0.0144541972,0.0147053876,0.0197634272,0.0090109821,0.0092603170,0.0179160405
2016-02-23,-0.0124543719,-0.0124882634,-0.0163805130,-0.0036620829,-0.0025334114,-0.0140229071
2016-02-24,0.0044397868,-0.0159501556,-0.0264389742,-0.0084886209,-0.0114515893,-0.0196016628
2016-02-25,0.0113482754,0.0248158584,0.0178538654,0.0141086182,-0.0158238907,0.0224073975
2016-02-26,-0.0018701145,0.0138371804,0.0194845112,0.0029782714,0.0251684410,0.0155632350
2016-02-29,-0.0081209763,0.0001804622,-0.0018815148,-0.0099855631,-0.0130251366,0.0090344999
2016-03-01,0.0238687918,0.0091518597,0.0233544407,0.0036657441,0.0154631822,0.0122405948
2016-03-02,0.0040943087,-0.0009426132,0.0061190677,0.0410954347,0.0307113485,0.0040959721
2016-03-03,0.0034987407,-0.0027004762,-0.0025264555,0.0127554251,-0.0030859849,-0.0019910231
2016-03-04,0.0033058923,0.0112388716,0.0074087975,0.0032204378,0.0117812799,0.0091800960
2016-03-07,0.0008850142,-0.0027422009,-0.0046049931,-0.0060805364,-0.0008414912,-0.0032154587
2016-03-08,-0.0112401086,-0.0092197206,-0.0088056032,-0.0075789424,-0.0073483471,-0.0086149304
2016-03-09,0.0050523933,0.0034120062,0.0031228817,-0.0083983739,-0.0007655724,0.0049113952
2016-03-10,0.0001558049,-0.0178318033,-0.0231345649,0.0126275613,-0.0005921029,-0.0170144061
2016-03-11,0.0163955005,0.0170788023,0.0350572984,0.0051339744,0.0107673722,0.0327421790
2016-03-14,-0.0012609729,0.0056679850,0.0161863270,0.0174085328,0.0116705400,0.0030715445
2016-03-15,-0.0018369417,-0.0056036176,-0.0056465155,-0.0067704178,-0.0071723942,-0.0075356227
2016-03-16,0.0056003515,0.0057817590,0.0049890575,-0.0083320972,-0.0015314045,-0.0021530695
2016-03-17,0.0065952365,0.0041454291,-0.0091361528,-0.0022426860,0.0121490267,-0.0045059071
2016-03-18,0.0044056437,-0.0018545097,0.0059238196,-0.0124920616,0.0081848353,0.0044159609
2016-03-22,0.0001073248,0.0005008559,0.0039394015,0.0193568850,-0.0002361139,-0.0068435818
2016-03-23,-0.0063860316,0.0010334591,0.0032962650,-0.0027902848,-0.0024928705,-0.0018028628
2016-03-24,-0.0003780703,-0.0149376678,-0.0171187550,-0.0063908309,-0.0130787329,-0.0213156038
2016-03-29,0.0093667146,-0.0000982719,0.0037142952,0.0125026694,0.0010169961,0.0085432976
2016-03-30,0.0043503153,0.0159354550,0.0160468121,-0.0131299427,0.0214614253,0.0178053302
2016-03-31,-0.0020397592,-0.0045622086,-0.0080724327,-0.0071266837,-0.0012830315,-0.0133560429
2016-04-01,0.0063309151,-0.0046640116,-0.0171461492,-0.0354747583,-0.0133697511,-0.0143258754
2016-04-05,-0.0133202679,-0.0089324777,-0.0236128439,-0.0266849524,-0.0157042382,-0.0166488777
2016-04-06,0.0105076193,0.0115576405,0.0063941347,-0.0011097795,0.0014704823,0.0080842564
2016-04-07,-0.0119757865,-0.0040087307,-0.0097552655,0.0021939995,0.0029386762,-0.0090392610
2016-04-08,0.0027865779,0.0109990388,0.0096152871,0.0045511375,0.0051489859,0.0134741337
2016-04-11,-0.0027397858,-0.0006930251,0.0063114560,-0.0044489815,0.0034564935,0.0022099698
2016-04-12,0.0096621338,0.0068224390,0.0081048819,0.0112792008,0.0031128367,0.0077169324
2016-04-13,0.0100401371,0.0193034733,0.0271096351,0.0284032677,0.0319087720,0.0332266193
2016-04-14,0.0001729274,0.0003457850,0.0067374935,0.0323438098,0.0084645804,0.0047212123
2016-04-15,-0.0009842848,-0.0033464192,-0.0041689653,-0.0037266451,-0.0010000953,-0.0036218128
2016-04-18,0.0065410253,0.0015290828,0.0068386586,-0.0339552533,-0.0072699982,0.0025961025
2016-04-19,0.0030844852,0.0081687105,0.0226554605,0.0367713867,0.0129816382,0.0132332496
2016-04-20,0.0007615449,0.0007649643,0.0069278296,0.0019022623,-0.0093253603,0.0055710178
2016-04-21,-0.0051940270,-0.0045083542,0.0013856662,0.0270356976,0.0181735642,-0.0019795301
2016-04-22,0.0000478597,-0.0111260854,-0.0059641474,0.0120292372,-0.0071782972,-0.0028737530
2016-04-25,-0.0018120459,-0.0078441938,-0.0076291222,-0.0075794296,-0.0075743846,-0.0051513763
2016-04-26,0.0018727516,0.0037694418,-0.0033765869,-0.0049326223,0.0048266972,-0.0028463703
2016-04-27,0.0016493528,0.0056328908,0.0039222069,-0.0036182823,-0.0021333838,0.0057839586
2016-04-28,-0.0092307685,0.0003955759,0.0020699674,-0.0361146182,0.0012372523,-0.0004474359
2016-05-06,-0.0089941591,-0.0311115573,-0.0437160760,-0.0335611035,-0.0597605389,-0.0561991233
2016-05-09,0.0007534970,-0.0017794522,0.0111996552,0.0067866424,0.0023342472,0.0050147918
2016-05-10,0.0124836434,0.0068522915,0.0065077159,0.0215317296,0.0042600559,0.0035624749
2016-05-11,-0.0095615181,0.0009420314,-0.0069802930,0.0008342985,-0.0092572045,-0.0049651905
2016-05-12,-0.0001694649,-0.0094604146,-0.0113480261,0.0040611640,-0.0069721321,-0.0054208227
2016-05-13,-0.0084782890,0.0056190498,0.0092049450,-0.0140648880,-0.0098502302,0.0062237443
2016-05-17,0.0002931558,0.0047731212,-0.0063006720,0.0146591976,0.0202599454,-0.0051899215
2016-05-18,0.0002051787,-0.0003242647,0.0053628936,-0.0004870849,-0.0145332035,0.0050563415
2016-05-19,-0.0037067077,-0.0182295738,-0.0148182043,0.0001183983,-0.0066618252,-0.0085105844
2016-05-20,0.0060195041,0.0169986956,0.0122632948,0.0053878347,0.0080159691,0.0166629763
2016-05-23,-0.0020854590,-0.0032324453,-0.0074353920,-0.0048845777,-0.0021745662,-0.0066147145
2016-05-24,0.0136813827,0.0135095339,0.0218464941,-0.0093571654,0.0010803351,0.0246051928
2016-05-25,0.0069747406,0.0070104512,0.0147057610,0.0156732898,0.0271109150,0.0113099156
2016-05-26,-0.0002104439,0.0004471240,0.0066142686,0.0009017732,0.0014266752,0.0069171105
2016-05-27,0.0042868573,0.0008138930,0.0013238580,0.0037191266,0.0088081185,0.0004653811
2016-05-31,-0.0010052630,-0.0063787716,-0.0022913306,0.0237686030,0.0115820082,-0.0020200757
2016-06-01,0.0011350423,-0.0062431636,-0.0056807250,-0.0162025133,-0.0025995264,-0.0067093940
2016-06-02,0.0028246781,-0.0010174268,0.0003488256,-0.0231886021,0.0047319651,-0.0020981717
2016-06-03,-0.0029118147,0.0038799792,-0.0102606029,0.0048108343,0.0042196941,-0.0099015259
2016-06-06,0.0048972812,0.0102743822,0.0017638181,-0.0037375502,0.0039614034,0.0003618673
2016-06-07,0.0012894463,0.0017693911,0.0164606552,0.0057551118,0.0141710130,0.0118642264
2016-06-08,0.0033095665,0.0027050680,-0.0068673808,0.0093233292,-0.0014234355,-0.0060613790
2016-06-10,-0.0108771790,-0.0294692050,-0.0374286995,-0.0136392157,-0.0119843019,-0.0319214172
2016-06-13,-0.0081151914,-0.0115765406,-0.0180159158,-0.0350681938,-0.0251703387,-0.0185060072
2016-06-14,-0.0017988851,-0.0200992556,-0.0143143761,-0.0099992441,-0.0061161701,-0.0228742568
2016-06-15,-0.0018407129,0.0073098345,0.0091929746,0.0038199179,0.0039234884,0.0099870953
2016-06-16,0.0031329907,-0.0027317499,-0.0058542659,-0.0304932936,-0.0209649053,-0.0044516256
2016-06-17,-0.0032579654,0.0118645656,0.0084698059,0.0107243106,0.0065654152,0.0098290914
2016-06-20,0.0058081853,0.0303764926,0.0343315137,0.0234389496,0.0168675795,0.0350347260
2016-06-21,0.0027120616,0.0036428268,0.0053724556,0.0127658453,0.0077151973,0.0061004225
2016-06-22,-0.0016515637,0.0055568203,0.0055433388,-0.0063943299,0.0061291365,0.0029285201
2016-06-23,0.0133640787,0.0122819747,0.0184658528,0.0107452318,0.0035210524,0.0196049163
2016-06-24,-0.0359198000,-0.0314605164,-0.0682332116,-0.0792155674,-0.0291929779,-0.0804249826
2016-06-27,-0.0180965022,-0.0254939963,-0.0301867914,0.0238891094,-0.0015711473,-0.0186108977
2016-06-28,0.0177701651,0.0264450707,0.0192714065,0.0009098894,-0.0027111795,0.0145274665
2016-06-29,0.0170326726,0.0357794604,0.0174642070,0.0159034268,0.0130702052,0.0260390389
2016-06-30,0.0135650447,0.0226725531,0.0070555983,0.0005839239,0.0175302364,0.0100493307
2016-07-05,-0.0049122181,0.0063189119,-0.0152353433,0.0059970876,-0.0020990508,-0.0174773825
2016-07-06,0.0053529632,-0.0124972967,-0.0167163642,-0.0185291804,-0.0123095310,-0.0187633903
2016-07-07,-0.0008715778,0.0108607751,0.0048564223,-0.0066811929,0.0103258294,0.0079676030
2016-07-08,0.0152533493,0.0086933017,0.0223892985,-0.0110799361,-0.0068938307,0.0176864326
2016-07-11,0.0034086155,0.0140047649,0.0211585868,0.0398385266,0.0153825843,0.0176223444
2016-07-12,0.0070092932,-0.0003291546,0.0132873697,0.0246250241,0.0164862065,0.0156758426
2016-07-13,0.0001347678,-0.0015417984,-0.0033480646,0.0084357757,0.0045997692,0.0008957614
2016-07-14,0.0052592041,-0.0023836505,0.0138549856,0.0095161634,0.0111944130,0.0115933662
2016-07-15,-0.0009289473,0.0022090608,-0.0001389921,0.0068326457,0.0045540178,-0.0029666388
2016-07-19,0.0009437023,0.0042283492,-0.0085090895,0.0136660803,0.0006440306,-0.0096923472
2016-07-20,0.0042703002,0.0047182635,0.0161071698,-0.0024767777,0.0096562232,0.0114615229
2016-07-21,-0.0036125289,-0.0043245798,0.0014001362,0.0076927778,0.0053928880,-0.0008013603
2016-07-22,0.0045539647,0.0045672470,-0.0008615419,-0.0108844914,-0.0016463589,0.0011082771
2016-07-25,-0.0030114751,-0.0030309639,0.0050042349,-0.0004186463,0.0013280625,0.0015749246
2016-07-26,0.0003227842,0.0020714896,0.0048556937,-0.0142746629,0.0061968941,0.0015428486
2016-07-27,-0.0011985421,0.0039262199,0.0070054374,0.0171995108,0.0040334773,0.0118754659
2016-07-28,0.0016062090,-0.0043404547,-0.0043238434,-0.0112800777,-0.0020095598,-0.0059321161
2016-07-29,0.0016313093,0.0004909620,0.0060896098,0.0056096732,-0.0127611782,0.0043501034
2016-08-01,-0.0012697873,-0.0045208350,-0.0006752570,0.0040134539,0.0108614259,-0.0069012269
2016-08-03,-0.0032476132,-0.0089035103,-0.0155180550,-0.0332211371,-0.0176247913,-0.0199787818
2016-08-04,0.0002125719,0.0159472288,0.0056685546,0.0106807261,0.0042831233,0.0056814047
2016-08-05,0.0086034964,0.0079077480,0.0136245123,-0.0000270351,0.0143759647,0.0149391282
2016-08-08,-0.0009071656,0.0022963270,0.0062842743,0.0243699487,0.0157440850,0.0011132753
2016-08-09,0.0003897939,0.0061975454,0.0249742177,0.0068706590,-0.0012958747,0.0119149225
2016-08-10,-0.0028646860,0.0022039756,-0.0039288444,-0.0017805914,0.0011938386,-0.0035944064
2016-08-12,0.0039347727,0.0072235958,0.0058718136,0.0110426929,0.0122032378,0.0108221182
2016-08-15,0.0027929092,0.0036437529,0.0024063511,-0.0029763365,0.0072736971,-0.0005177733
2016-08-16,-0.0054790770,-0.0068144257,-0.0058253420,-0.0161860044,-0.0009449433,-0.0083194948
2016-08-17,0.0018685896,-0.0050333929,-0.0130172352,0.0089856760,-0.0048475109,-0.0095864458
2016-08-18,0.0021996173,0.0014287095,0.0062025431,-0.0155043850,0.0097975010,0.0043868913
2016-08-19,-0.0014402714,-0.0014558160,-0.0055333165,0.0036279577,-0.0037327392,-0.0082351915
2016-08-22,-0.0005633232,-0.0044467123,-0.0047428901,0.0031650979,0.0026458939,-0.0024042791
2016-08-23,0.0019517694,0.0058578019,0.0093888880,-0.0060747637,0.0000443315,0.0071778326
2016-08-24,-0.0052402769,-0.0047608933,0.0028405725,0.0060580244,-0.0077460296,0.0031709097
2016-08-25,-0.0013652276,-0.0027648414,-0.0087903746,-0.0024914631,-0.0002554724,-0.0065067175
2016-08-26,-0.0015788166,0.0031099467,0.0055253517,-0.0117926949,0.0041459590,0.0080016736
2016-08-30,0.0032641528,-0.0025299853,0.0065991347,0.0222881168,0.0046517877,0.0035165632
2016-08-31,-0.0023758643,-0.0057617590,-0.0060941466,0.0096883428,-0.0017043939,-0.0043230649
2016-09-01,-0.0000413845,-0.0052348301,-0.0055114288,0.0023354366,0.0080715475,0.0003266415
2016-09-02,0.0042010413,0.0220278828,0.0141927424,-0.0000685394,0.0045055627,0.0230873019
2016-09-06,0.0029816788,-0.0099353116,0.0003106881,0.0092345350,0.0223916794,-0.0026881339
2016-09-07,-0.0001463852,0.0030031789,0.0061607523,-0.0040710160,-0.0019282730,0.0061148874
2016-09-08,-0.0022230136,0.0017673148,-0.0072250136,-0.0031547458,0.0074774961,-0.0033920829
2016-09-09,-0.0245220690,-0.0119119065,-0.0095406878,0.0004121900,0.0075403158,-0.0111840718
2016-09-12,0.0146770527,-0.0112291719,-0.0133987513,-0.0172606384,-0.0335730169,-0.0114886447
2016-09-13,-0.0148306743,-0.0052679200,-0.0043300345,0.0033658856,-0.0032133069,-0.0118518022
2016-09-14,-0.0005876767,0.0011551409,-0.0007894036,-0.0068622488,-0.0010819866,-0.0038567849
2016-09-15,0.0101092734,0.0085415015,0.0050874704,-0.0125934419,0.0062503327,0.0006774081
2016-09-20,-0.0034928234,0.0149324700,-0.0035796306,0.0053118301,0.0083678850,0.0035168325
2016-09-21,0.0109171624,0.0005855830,0.0041014485,0.0191284182,0.0059088796,0.0047736651
2016-09-23,0.0007257222,0.0109147451,0.0182512979,-0.0031890067,0.0007004710,0.0179474414
2016-09-26,-0.0085877628,-0.0132283416,-0.0219497911,-0.0125020139,-0.0155599540,-0.0180096743
2016-09-27,0.0064441701,-0.0015106783,-0.0031008651,0.0084238648,0.0108920723,-0.0020803616
2016-09-28,0.0052965540,0.0061253736,0.0074177986,-0.0130981910,0.0020257170,0.0076773073
2016-09-29,-0.0093214115,0.0102198734,-0.0031422434,0.0138660793,0.0050729080,0.0025696055
2016-09-30,0.0079679692,-0.0029048903,0.0101368590,-0.0146085610,-0.0186322736,0.0009946177
2016-10-04,-0.0082000992,0.0253648928,0.0103311406,0.0173746705,0.0168384998,0.0123261862
2016-10-05,0.0042966907,-0.0057956266,-0.0031856233,0.0049947174,0.0041736358,-0.0029179183
2016-10-06,0.0004815598,-0.0047345920,-0.0016040829,0.0047480965,0.0069021065,-0.0021938100
2016-10-07,-0.0032534834,0.0063428432,-0.0073744848,-0.0023083931,-0.0042033060,-0.0067386756
2016-10-11,-0.0078978938,0.0037618534,0.0082261894,0.0097668472,-0.0126741178,0.0049057346
2016-10-12,0.0011465890,-0.0066328053,-0.0051138342,-0.0108524154,-0.0060497519,-0.0043607184
2016-10-13,-0.0030992637,-0.0065916578,-0.0103581936,-0.0039049742,-0.0160528553,-0.0105722760
2016-10-14,0.0002016045,0.0051449477,0.0159696992,0.0048961327,0.0087710967,0.0149256445
2016-10-17,-0.0030379940,-0.0094102885,-0.0072596231,0.0025954581,-0.0084263275,-0.0046276699
2016-10-18,0.0061604033,0.0075565662,0.0121843800,0.0037567921,0.0154900036,0.0131858749
2016-10-19,0.0021919710,0.0031142133,0.0013290520,0.0020809711,-0.0038222804,0.0025260314
2016-10-20,-0.0013757240,0.0007120580,0.0052331051,0.0139179419,0.0029791794,0.0043847341
2016-10-24,0.0046652983,-0.0057635658,0.0055862159,-0.0000626659,0.0098261210,0.0027444122
2016-10-25,-0.0037977278,0.0044658473,-0.0003587297,0.0075912087,-0.0016510155,-0.0025788090
2016-10-26,-0.0017404116,-0.0084786821,-0.0044276761,0.0015312100,-0.0101709559,-0.0013763974
2016-10-27,-0.0029867267,0.0040959457,0.0006910002,-0.0031865474,-0.0082776644,-0.0002249420
2016-10-28,-0.0031082993,0.0013883301,-0.0019491922,0.0063444607,-0.0076749256,0.0033109127
2016-10-31,-0.0001222764,-0.0060174107,-0.0029151186,-0.0012260760,-0.0008831040,-0.0086445246
2016-11-01,-0.0067868835,-0.0053349194,-0.0130191732,0.0009974657,0.0092668638,-0.0086444300
2016-11-02,-0.0065255003,-0.0103656437,-0.0147471126,-0.0176421075,-0.0145405145,-0.0124399067
2016-11-04,-0.0060821616,-0.0222193151,-0.0107801140,-0.0133834024,-0.0073598062,-0.0084287074
2016-11-07,0.0222235440,0.0169722112,0.0192823675,0.0160807917,0.0070124948,0.0191320996
2016-11-08,0.0037719745,0.0053181618,0.0024261488,-0.0003394077,0.0047396349,0.0035147809
2016-11-09,0.0110770208,0.0100392667,0.0156157652,-0.0535682499,-0.0215754112,0.0148741295
2016-11-10,0.0019507460,-0.0121241655,-0.0014925450,0.0672477735,0.0189121722,-0.0027577507
2016-11-11,-0.0013979503,-0.0142940975,0.0035587630,0.0017509459,-0.0134864949,-0.0091989923
2016-11-14,-0.0001155028,0.0033876580,0.0024128566,0.0171415076,-0.0137085753,0.0042946370
2016-11-15,0.0074807974,0.0058490788,0.0038760444,-0.0002528629,0.0045760257,0.0062059823
2016-11-16,-0.0015822634,-0.0063303250,-0.0066389012,0.0109836368,-0.0019432465,-0.0078010396
2016-11-17,0.0046763696,0.0066669628,0.0020320879,0.0000235090,-0.0007921014,0.0059162528
2016-11-18,-0.0023867984,-0.0027816372,-0.0019634449,0.0058658379,0.0036531695,-0.0051725069
2016-11-21,0.0074614006,0.0003247137,0.0019288478,0.0077144883,0.0006072427,0.0056012477
2016-11-22,0.0021654323,0.0061522861,0.0026878219,0.0031437016,0.0143257079,0.0041438763
2016-11-25,0.0047255742,0.0030939204,-0.0013608627,0.0120179473,0.0020010039,0.0004221139
2016-11-28,-0.0052545356,-0.0060372772,-0.0108979037,-0.0013236378,0.0047141212,-0.0087642893
2016-11-29,0.0013352931,-0.0040444150,0.0035737969,-0.0027156866,-0.0040953861,0.0091056035
2016-11-30,-0.0026534040,0.0017424401,0.0018652218,0.0000787351,0.0023177665,0.0059057716
2016-12-01,-0.0035155290,-0.0045549549,-0.0099856209,0.0111772614,0.0038816074,-0.0038725785
2016-12-02,0.0003970065,-0.0032874332,-0.0019650748,-0.0047014802,-0.0136990558,-0.0069705675
2016-12-05,0.0058213053,0.0023919665,0.0163107359,-0.0081997822,-0.0026266343,0.0100467675
2016-12-06,0.0034108884,0.0048912078,0.0084690382,0.0046811969,0.0075359013,0.0125964339
2016-12-07,0.0131632414,0.0180536880,0.0196161331,0.0074153809,0.0055465798,0.0135537754
2016-12-08,0.0021593430,0.0042594972,0.0175420882,0.0145313166,0.0026718186,0.0086820436
2016-12-09,0.0059389848,0.0032604445,0.0021655829,0.0123044309,-0.0044116911,0.0060373698
2016-12-12,-0.0011374349,-0.0091743538,-0.0011978191,0.0083521306,-0.0144089108,-0.0006926441
2016-12-13,0.0065397748,0.0113491519,0.0084395583,0.0049851260,0.0006098014,0.0090531778
2016-12-14,-0.0081171719,-0.0027839024,-0.0035278494,0.0001605070,0.0004419323,-0.0072087467
2016-12-15,0.0038832280,0.0071662642,0.0108103404,0.0010480989,-0.0176882703,0.0104817002
2016-12-16,-0.0017506226,0.0018002711,0.0033088202,0.0066080067,-0.0017521052,0.0029133366
2016-12-19,0.0019751207,0.0007986904,0.0019896887,-0.0004922791,-0.0085405952,-0.0021724423
2016-12-20,0.0036375121,0.0038191592,0.0033290485,0.0053079524,-0.0047460569,0.0056233486
2016-12-21,-0.0024573615,-0.0003691223,0.0003401223,-0.0025668259,0.0037157720,-0.0033135416
2016-12-22,-0.0018629737,0.0031670255,-0.0010934199,-0.0008650426,-0.0079597959,0.0001675815
2016-12-28,-0.0048828990,0.0060025059,0.0016489578,-0.0013356835,0.0054788281,0.0027675092
2016-12-29,-0.0002933047,0.0019982419,-0.0020863137,-0.0132246043,0.0016626226,-0.0019677252
2016-12-30,-0.0046370502,0.0031599793,0.0026206999,-0.0016072739,0.0096210020,0.0049271449
2017-01-04,0.0142574116,0.0065661074,0.0089930724,0.0251010647,0.0060866702,0.0076280293
2017-01-05,-0.0007706705,0.0007788377,0.0000544581,-0.0037496225,0.0145573280,0.0002531401
2017-01-06,0.0035169592,0.0020569390,0.0012144504,-0.0033994381,0.0020626510,0.0018772460
2017-01-10,-0.0035485943,0.0090705956,-0.0013544226,-0.0078589509,0.0107469999,-0.0044013377
2017-01-11,0.0028296383,0.0020617140,0.0054276517,0.0032759458,0.0083755225,0.0000981911
2017-01-12,-0.0021448090,0.0002605997,-0.0107442948,-0.0118757874,-0.0046360784,-0.0050605878
2017-01-13,0.0018498402,0.0062256463,0.0093862749,0.0079739993,0.0047466484,0.0120313277
2017-01-17,-0.0029675027,-0.0159993330,-0.0076686138,-0.0245628216,-0.0042031894,-0.0127578299
2017-01-18,0.0017637541,0.0037671314,0.0051464167,0.0042968995,0.0112643664,-0.0012943293
2017-01-19,-0.0036093084,-0.0054087139,-0.0002155286,0.0094144905,-0.0020910159,-0.0025260160
2017-01-20,0.0033662372,-0.0013872704,0.0028663060,0.0034427064,-0.0071171826,0.0019685002
2017-01-23,-0.0026901248,-0.0065569721,-0.0072552829,-0.0129000950,0.0005509667,-0.0060321082
2017-01-24,0.0065645936,-0.0001259076,0.0042604794,-0.0054543911,0.0022420595,0.0017877817
2017-01-25,0.0080260905,0.0019719589,0.0182070254,0.0143447895,0.0043250708,0.0098633215
2017-01-26,-0.0007353844,-0.0004047656,0.0036066321,0.0180973698,0.0141025251,-0.0021382520
2017-01-27,-0.0008664639,0.0032116177,-0.0028999430,0.0033506060,-0.0005728813,-0.0056007620
2017-02-01,-0.0065977945,-0.0106896520,-0.0131002201,-0.0164028225,-0.0018145230,-0.0093801839
2017-02-02,0.0005703094,0.0046568663,-0.0027059312,-0.0121944341,-0.0057410091,-0.0000604931
2017-02-03,0.0072647581,0.0066519159,0.0020244358,0.0001913413,-0.0023855829,0.0064931163
2017-02-06,-0.0021153570,-0.0022396964,-0.0121572767,0.0030928799,0.0094698128,-0.0098105128
2017-02-07,0.0002268292,0.0019519812,0.0034405853,-0.0034743450,-0.0007139691,-0.0049412866
2017-02-08,0.0006933224,0.0003617502,-0.0005247481,0.0051198478,0.0065816636,0.0025512586
2017-02-09,0.0057525464,0.0056616120,0.0086179672,-0.0052573544,0.0017036211,0.0125120915
2017-02-10,0.0035660501,0.0040528120,0.0020707433,0.0249242645,0.0021185779,0.0004308923
2017-02-13,0.0052458451,0.0027690663,0.0092106145,0.0041395838,0.0057688277,0.0123997828
2017-02-14,0.0040073352,-0.0014150222,-0.0002225260,-0.0113144674,-0.0003361608,0.0015608810
2017-02-15,0.0049923089,0.0046501120,0.0018790753,0.0103435835,0.0123131779,0.0059315988
2017-02-16,-0.0008641180,-0.0033550614,-0.0031108760,-0.0046533215,0.0047022585,-0.0051574873
2017-02-17,0.0016785565,0.0030366037,-0.0000187717,-0.0058358953,-0.0030678574,-0.0065068157
2017-02-21,0.0060480662,-0.0034520815,0.0179017057,0.0076331281,-0.0029171229,0.0043511739
2017-02-22,-0.0010822001,0.0037801728,0.0025986743,-0.0000810215,0.0099454911,0.0014564261
2017-02-23,0.0004189867,-0.0042315302,-0.0042304776,-0.0004338627,-0.0035989465,-0.0009374911
2017-02-24,0.0014933642,-0.0038094050,-0.0120356419,-0.0045387323,-0.0061854044,-0.0094146543
2017-02-27,0.0010179831,0.0012838473,0.0015790919,-0.0091305003,-0.0016961090,-0.0000123954
2017-02-28,-0.0025783764,0.0014338760,0.0009930273,0.0006028810,-0.0077040719,0.0027656149
2017-03-01,0.0136738547,0.0164523504,0.0196697825,0.0143600067,0.0015062622,0.0210452433
2017-03-02,-0.0058598805,-0.0000677241,-0.0006314740,0.0088308647,-0.0020364621,0.0005986350
2017-03-03,0.0005038773,-0.0010972174,-0.0026709045,-0.0048879036,-0.0073899650,0.0063117127
2017-03-06,-0.0032772408,-0.0032816278,-0.0057335907,-0.0046241980,0.0018494082,-0.0045924614
2017-03-07,-0.0029133738,-0.0015101968,0.0006471817,-0.0018055617,0.0035934062,-0.0034572174
2017-03-08,-0.0022842152,-0.0005995234,0.0000977694,-0.0046588293,0.0042734225,0.0011059496
2017-03-09,0.0007998954,-0.0026722790,0.0009258621,0.0033525856,-0.0118032883,0.0042394658
2017-03-10,0.0032686702,0.0038414351,-0.0012697835,0.0148059172,0.0028555285,0.0023707790
2017-03-13,0.0003666328,0.0032683743,0.0022444356,0.0014864170,0.0110740233,0.0012577351
2017-03-14,-0.0033790272,-0.0012488218,-0.0001034388,-0.0012351181,-0.0000722084,-0.0050684718
2017-03-15,0.0083747528,0.0014542458,0.0017583157,-0.0016379378,-0.0014730437,0.0022556552
2017-03-16,-0.0016267103,0.0064326876,0.0061041102,0.0006517606,0.0208226293,0.0055962319
2017-03-17,-0.0013143148,0.0012135922,0.0009981269,-0.0034992491,0.0008913925,0.0031636046
2017-03-21,-0.0143929278,-0.0062895886,-0.0110051846,-0.0033659648,0.0116491268,-0.0053308367
2017-03-22,0.0018898864,-0.0072644933,-0.0048494512,-0.0213046124,-0.0110888327,-0.0015452451
2017-03-23,-0.0010602697,0.0021843897,0.0113876178,0.0023070642,0.0002997097,0.0076199910
2017-03-24,-0.0008439958,-0.0005313377,0.0020424002,0.0092856100,0.0012566052,-0.0023565328
2017-03-27,-0.0010195875,-0.0059017291,-0.0056529920,-0.0143771074,-0.0067562399,-0.0006910567
2017-03-28,0.0072514744,0.0068416950,0.0127833203,0.0114444323,0.0062896509,0.0057340149
2017-03-29,0.0010853247,0.0041261940,0.0044100935,0.0007608930,0.0018968984,0.0045261470
2017-03-30,0.0029351099,-0.0005696184,0.0043784059,-0.0080270546,-0.0037291222,0.0040639051
2017-03-31,-0.0022550475,-0.0063233730,0.0046049650,-0.0080763340,-0.0077980042,0.0064581440
2017-04-03,-0.0016421255,-0.0054895885,-0.0045212791,0.0039118773,0.0062165384,-0.0071448589
2017-04-05,-0.0024970479,0.0067282737,-0.0032356619,-0.0064246672,0.0057424489,0.0011679210
2017-04-06,0.0019295094,-0.0038872293,0.0010926594,-0.0140080170,-0.0052080290,0.0058112166
2017-04-07,-0.0008271302,0.0063259538,-0.0004766684,0.0036333867,-0.0002644803,0.0027023345
2017-04-10,0.0006876865,-0.0000680328,-0.0020073554,0.0071391715,-0.0002110286,-0.0054192938
2017-04-11,-0.0014338793,0.0022588548,-0.0050137145,-0.0026604977,-0.0071600636,-0.0010945446
2017-04-12,-0.0037599510,-0.0022401738,0.0012645312,-0.0104150378,0.0093421935,-0.0001470052
2017-04-13,-0.0068146942,-0.0029119475,-0.0037598784,-0.0067790750,-0.0021321424,-0.0058829875
2017-04-18,0.0056849613,-0.0245783197,-0.0089651970,-0.0004477165,-0.0138952195,-0.0159433054
2017-04-19,-0.0017163508,-0.0046310035,0.0013340982,0.0007388934,-0.0041237243,0.0027012636
2017-04-20,0.0075572634,0.0005763097,0.0009046030,-0.0000927173,0.0096995201,0.0148249758
2017-04-21,-0.0030350729,-0.0005478545,0.0017668108,0.0103230985,-0.0006218959,-0.0036845790
2017-04-24,0.0108400690,0.0210974750,0.0337309860,0.0137014277,0.0040537750,0.0414393371
2017-04-25,0.0060906875,0.0015003926,0.0009682528,0.0107782636,0.0131096021,0.0017138057
2017-04-26,-0.0004857035,0.0018005522,0.0004619994,0.0110118966,0.0050086088,0.0018947002
2017-04-27,0.0005529198,-0.0070657317,-0.0023258423,-0.0019472088,0.0048843959,-0.0030597683
2017-04-28,-0.0019131471,-0.0046012674,-0.0004645107,-0.0028635612,-0.0033746857,-0.0008289768
2017-05-02,0.0029234002,0.0064132201,0.0056191164,0.0129688156,0.0032906589,0.0069902253
2017-05-08,0.0034334494,0.0070067729,0.0149225216,0.0231413638,-0.0047870131,0.0148563473
2017-05-09,-0.0010252486,0.0056568770,0.0042987198,-0.0026487744,0.0126584864,0.0027976425
2017-05-10,0.0011306014,0.0058565551,0.0006541505,0.0028770772,0.0050781661,0.0004539072
2017-05-11,-0.0021628091,0.0001895551,-0.0036371183,0.0030884754,0.0044025189,-0.0031552940
2017-05-12,-0.0014784414,0.0066065313,0.0046692084,-0.0038899979,0.0012254085,0.0040866216
2017-05-15,0.0047765136,0.0025553434,0.0028683404,-0.0007066411,0.0085564912,0.0022162904
2017-05-16,-0.0006868970,0.0090684828,-0.0001959677,0.0025149009,-0.0014051303,-0.0020858354
2017-05-17,-0.0181782144,-0.0024594523,-0.0135045892,-0.0052680924,-0.0016699043,-0.0163167458
2017-05-18,0.0036868183,-0.0089425065,-0.0032894287,-0.0131730030,-0.0062114976,-0.0052953625
2017-05-19,0.0067674999,0.0046124863,0.0038626393,0.0018871155,0.0015256531,0.0065541950
2017-05-22,0.0051601311,0.0034266680,-0.0015215555,0.0044673883,0.0085986824,-0.0002854818
2017-05-23,0.0018378720,-0.0014673906,0.0031451766,-0.0033031343,0.0004651408,0.0047493601
2017-05-24,0.0024891265,0.0039544305,-0.0012860479,0.0066129264,0.0009978923,-0.0012752633
2017-05-25,0.0044419484,0.0003726321,-0.0016729105,0.0035531814,0.0079548262,-0.0007825167
2017-05-26,0.0003105500,0.0039772672,-0.0015481281,-0.0063741070,0.0003312515,-0.0000974338
2017-05-31,-0.0016640393,-0.0036568045,0.0010220361,-0.0018423237,0.0008339106,-0.0099332637
2017-06-01,0.0075711126,0.0031648676,0.0039524468,0.0106591809,0.0057898109,0.0066318118
2017-06-02,0.0037077313,0.0005037638,0.0124770238,0.0159742967,0.0044491881,0.0046515830
2017-06-06,-0.0039933212,-0.0029943422,-0.0103580230,-0.0097822359,0.0028193836,-0.0138843808
2017-06-07,0.0015682572,-0.0061661000,-0.0013892605,0.0002361749,-0.0008839614,-0.0007003749
2017-06-08,0.0002672047,-0.0038242582,0.0032424443,-0.0037708687,0.0034226474,-0.0002449043
2017-06-09,-0.0008299892,0.0103758127,0.0080339014,0.0052237000,-0.0012573920,0.0067378624
2017-06-12,-0.0009787632,-0.0020458734,-0.0097754398,-0.0052305166,-0.0123798087,-0.0111553496
2017-06-13,0.0045115052,-0.0015309043,0.0058737157,-0.0004937609,0.0056037159,0.0040358798
2017-06-14,-0.0009958308,-0.0034664818,0.0032095409,-0.0007653983,0.0009206518,-0.0035064816
2017-06-15,-0.0022395981,-0.0073584503,-0.0089130930,-0.0026001040,-0.0120019223,-0.0050369436
2017-06-16,0.0002836394,0.0059438901,0.0048000167,0.0056192246,0.0023919256,0.0088999894
2017-06-19,0.0083472287,0.0080792932,0.0106816126,0.0062422210,0.0116309547,0.0090076693
2017-06-20,-0.0066966374,-0.0067917290,-0.0057537779,0.0081055503,-0.0031441902,-0.0032143121
2017-06-21,-0.0005826444,-0.0033321811,-0.0031627731,-0.0045288797,-0.0057446411,-0.0036629050
2017-06-22,-0.0004557821,-0.0011412766,0.0015453134,-0.0014042203,-0.0007803506,0.0014543103
2017-06-23,0.0015609155,-0.0020431637,-0.0047358014,0.0011019192,-0.0001744342,-0.0029932351
2017-06-26,0.0003158018,0.0030575702,0.0029387196,0.0010271706,0.0078628533,0.0056265110
2017-06-27,-0.0080728249,-0.0016651317,-0.0078155097,0.0035597177,-0.0012330135,-0.0070188211
2017-06-28,0.0088080664,-0.0062681720,-0.0018743559,-0.0046812987,-0.0060561259,-0.0010801729
2017-06-29,-0.0086000232,-0.0050759361,-0.0182710664,0.0044654145,0.0109766941,-0.0187610285
2017-06-30,0.0015332318,-0.0051153845,-0.0073348031,-0.0092417564,-0.0077348968,-0.0065323312
2017-07-03,0.0023108338,0.0088065832,0.0121856381,0.0011166882,0.0007603401,0.0146543109
2017-07-05,0.0014532790,-0.0012877689,-0.0017338153,0.0012879106,-0.0101689998,-0.0030063430
2017-07-06,-0.0093688238,-0.0041126408,-0.0058159266,-0.0043607172,-0.0022235744,-0.0053474247
2017-07-07,0.0064031255,0.0018535562,0.0006000757,-0.0032495002,-0.0048839590,-0.0014051212
2017-07-10,0.0009277662,0.0025983346,0.0046203660,0.0076215535,0.0062827782,0.0039804360
2017-07-11,-0.0007826806,-0.0054545720,-0.0007151252,0.0057019128,0.0148070267,-0.0048474223
2017-07-12,0.0073056076,0.0118830118,0.0152416378,-0.0048079871,0.0064148043,0.0158599742
2017-07-13,0.0018745843,-0.0004718953,0.0011681706,0.0000711345,0.0116162445,0.0025411125
2017-07-14,0.0046735031,-0.0047211806,-0.0007602326,0.0009477118,0.0016344139,-0.0000171608
2017-07-18,0.0005449129,0.0015993024,-0.0159384536,-0.0059123242,0.0051425897,-0.0118503085
2017-07-19,0.0053726394,0.0055072537,0.0017425163,0.0010474656,0.0055502748,0.0082732594
2017-07-20,-0.0001536593,0.0076706726,-0.0003854630,0.0061800778,0.0025513787,-0.0032303267
2017-07-21,-0.0003678716,-0.0046742078,-0.0166454783,-0.0022259001,-0.0012760219,-0.0156869791
2017-07-24,-0.0010637348,-0.0100899929,-0.0025416032,-0.0061732150,0.0052699678,0.0019618417
2017-07-25,0.0029231717,0.0077394863,0.0045343272,-0.0010247818,0.0001944626,0.0065097181
2017-07-26,0.0002826639,0.0023537957,0.0033267899,0.0047587066,0.0033132944,0.0056363868
2017-07-27,-0.0009726883,-0.0012479107,-0.0075635496,0.0014703358,0.0070580250,-0.0006203509
2017-07-28,-0.0013411156,-0.0100228534,-0.0040402622,-0.0059662811,-0.0055942776,-0.0107115080
2017-07-31,-0.0007281456,0.0004885861,-0.0036546322,-0.0017364947,0.0127726980,-0.0073313695
2017-08-01,0.0024491150,0.0070130487,0.0109784861,0.0030418484,0.0079139332,0.0065294989
2017-08-02,0.0004926487,-0.0016568952,-0.0056981404,0.0047158508,0.0024382654,-0.0038579423
2017-08-03,-0.0021836542,0.0085543761,-0.0021968382,-0.0025288445,-0.0027663288,0.0045504399
2017-08-04,0.0018891035,0.0049366393,0.0117649772,-0.0038408652,0.0011503364,0.0142188570
2017-08-07,0.0016471998,0.0026890992,-0.0032973434,0.0051903986,0.0046323394,0.0008552410
2017-08-08,-0.0024144328,0.0014339401,0.0028456718,-0.0029856993,0.0059425296,0.0021121797
2017-08-09,-0.0003636087,-0.0059130148,-0.0112308205,-0.0128675086,-0.0035117799,-0.0140240433
2017-08-10,-0.0144744417,-0.0144303482,-0.0114941744,-0.0004544726,-0.0112796351,-0.0059214905
2017-08-14,0.0113321360,-0.0048715139,0.0125534001,-0.0097639717,-0.0070605426,0.0012589740
2017-08-15,-0.0004988079,0.0040794681,0.0009798442,0.0110666855,-0.0027621613,0.0036277383
2017-08-16,0.0014201029,0.0066496158,0.0071298372,-0.0012165682,0.0086148928,0.0070735593
2017-08-17,-0.0154369522,-0.0060675498,-0.0049250716,-0.0013507051,-0.0023659908,-0.0057488910
2017-08-18,-0.0018353673,-0.0086492648,-0.0031359575,-0.0117862789,-0.0108487418,-0.0063534385
2017-08-21,0.0011626511,-0.0006963541,-0.0081544301,-0.0039690636,0.0039600368,-0.0051934455
2017-08-22,0.0099407798,0.0085805645,0.0135380194,-0.0004790880,0.0090956784,0.0087015701
2017-08-24,-0.0055208904,0.0034409285,-0.0039666708,-0.0015513083,0.0042672468,-0.0036497451
2017-08-25,0.0016728694,-0.0007560445,-0.0010581913,0.0051070074,0.0119759200,-0.0017210212
2017-08-29,0.0013303043,-0.0086604199,-0.0182496412,-0.0046296408,-0.0029858486,-0.0141860254
2017-08-30,0.0046151489,0.0038024236,0.0047371851,0.0074364314,0.0118710424,0.0048530029
2017-08-31,0.0057209762,0.0088659382,0.0044465946,0.0071617611,-0.0044246422,0.0057848169
2017-09-01,0.0019825407,0.0010631581,0.0071998140,0.0023022455,-0.0006128152,0.0074071884
2017-09-05,-0.0075508069,-0.0088189955,-0.0015589434,-0.0155224646,-0.0075773382,-0.0071633508
2017-09-06,0.0031287268,-0.0025498522,0.0074919376,-0.0014360939,-0.0045992659,0.0029194775
2017-09-07,-0.0001784361,0.0058334673,0.0067206660,0.0019913672,-0.0032896587,0.0025894724
2017-09-08,-0.0014888507,-0.0026226717,0.0005977724,-0.0062742812,0.0052883481,-0.0002209124
2017-09-11,0.0108392993,0.0048796356,0.0139190538,0.0140571593,0.0103605349,0.0123633220
2017-09-12,0.0033639480,-0.0017400321,0.0039702079,0.0118107199,0.0006120299,0.0062394465
2017-09-13,0.0007571207,-0.0028375693,0.0022995059,0.0045104358,-0.0027942044,0.0016471611
2017-09-14,-0.0011007176,-0.0114232680,-0.0010451303,-0.0029387591,-0.0041901672,0.0014585952
2017-09-15,0.0018471815,-0.0109520936,-0.0017256657,0.0051526371,0.0010940853,-0.0021606902
2017-09-19,0.0025677325,0.0082876869,0.0034332712,0.0195826545,0.0087681210,0.0045128866
2017-09-20,0.0006343478,-0.0004535627,0.0005874866,0.0005458333,0.0027232365,0.0008057782
2017-09-21,-0.0030459177,-0.0011138748,0.0024552418,0.0018226830,-0.0006211187,0.0048896499
2017-09-22,0.0006477937,0.0064290802,-0.0006095750,-0.0025079886,-0.0081749585,0.0026579133
2017-09-25,-0.0022220503,-0.0012721655,0.0001953536,0.0049826873,-0.0136363786,-0.0026811927
2017-09-26,0.0000721667,-0.0021365524,0.0008249926,-0.0033038539,0.0004607187,0.0003094442
2017-09-27,0.0040851439,0.0038156668,0.0041419383,-0.0031056608,0.0047039536,0.0025053705
2017-09-28,0.0012046156,0.0012715943,0.0037322196,0.0047396434,-0.0079888085,0.0022359235
2017-09-29,0.0037051101,0.0068279895,0.0097767319,-0.0003354143,0.0048392936,0.0068080100
2017-10-04,0.0072954568,0.0128581130,0.0110422263,0.0132824302,0.0299364848,0.0062703777
2017-10-06,0.0045670904,0.0074052981,-0.0011240183,0.0031052425,0.0027787757,-0.0006209091
2017-10-10,0.0005137877,0.0020470700,-0.0005163986,0.0064182825,0.0011522584,0.0006996399
2017-10-11,0.0018035073,-0.0005969516,0.0016548980,0.0027737767,-0.0035541178,-0.0002311385
2017-10-12,-0.0016867530,0.0029733191,0.0009413509,0.0035175626,0.0024466374,-0.0002983915
2017-10-13,0.0008781073,-0.0027527451,0.0006917157,0.0095662924,0.0006114190,-0.0016918757
2017-10-16,0.0017507533,-0.0011147255,0.0009105755,0.0047449779,0.0075982522,0.0020815002
2017-10-17,0.0006725790,-0.0014348086,-0.0006644743,0.0037900009,0.0001634366,-0.0002815214
2017-10-18,0.0007423349,0.0035522879,0.0036914570,0.0012622558,0.0004972397,0.0041854863
2017-10-19,0.0003279979,-0.0026382297,-0.0040581570,0.0040007746,-0.0192489045,-0.0028827205
2017-10-20,0.0051168427,0.0000266111,0.0000908895,0.0004252552,0.0116534445,0.0007618522
2017-10-23,-0.0039724840,0.0001727728,0.0009128719,0.0111386787,-0.0063663371,0.0026859932
2017-10-24,0.0016179083,0.0002657984,0.0007729503,0.0050016721,-0.0053314065,0.0014832055
2017-10-25,-0.0046630498,-0.0105360798,-0.0045938215,-0.0044737455,0.0052537764,-0.0036905295
2017-10-26,0.0012709462,0.0052771248,0.0138859277,0.0014815147,-0.0035512191,0.0149788672
2017-10-27,0.0080730225,0.0024711147,0.0064157441,0.0123584475,0.0083847088,0.0070993843
2017-10-30,-0.0031924706,-0.0022918315,0.0009101749,0.0001463394,-0.0036098562,-0.0000910062
2017-11-01,0.0025380725,0.0000267362,0.0178342492,0.0185542559,0.0091004154,0.0037607478
2017-11-02,0.0001899658,0.0089876876,-0.0018254101,0.0053094843,-0.0026376080,-0.0006873122
2017-11-06,0.0043722638,0.0009265019,0.0020727994,0.0004095310,0.0027406691,-0.0005897831
2017-11-07,-0.0001891029,-0.0065059186,-0.0066465145,0.0172629042,0.0139015223,-0.0048317878
2017-11-08,0.0014436550,0.0022094871,0.0002354681,-0.0010366951,-0.0029916265,-0.0016804535
2017-11-09,-0.0037618876,-0.0060560310,-0.0149345449,-0.0019686536,0.0079207788,-0.0116386710
2017-11-10,-0.0008976439,-0.0068278212,-0.0041789945,-0.0081898370,-0.0005371391,-0.0049983422
2017-11-13,0.0009836344,-0.0023946999,-0.0040411295,-0.0132456296,0.0021036343,-0.0072648884
2017-11-14,-0.0023096093,-0.0001079260,-0.0031312634,-0.0000438081,-0.0010300994,-0.0048767521
2017-11-15,-0.0055256757,-0.0056376518,-0.0043818189,-0.0157144459,-0.0103055866,-0.0026958635
2017-11-16,0.0081960581,0.0019395877,0.0054598943,0.0146538103,0.0057906596,0.0066286511
2017-11-17,-0.0026259631,-0.0008392840,-0.0040996671,0.0020438189,0.0062125087,-0.0032269408
2017-11-20,0.0012756829,0.0011922723,0.0049970013,-0.0060294779,0.0020984076,0.0040006756
2017-11-21,0.0065411393,0.0029501055,0.0083377530,0.0069500662,0.0190619906,0.0048122735
2017-11-22,-0.0007502611,0.0010389804,-0.0115815103,0.0047585491,0.0062183743,-0.0024952968
2017-11-24,0.0020560951,-0.0012670040,0.0034421565,0.0012298110,-0.0045717988,0.0070431323
2017-11-27,-0.0003842577,-0.0034684996,-0.0045666447,-0.0024326966,-0.0060312371,-0.0056340493
2017-11-28,0.0098485127,0.0104010474,0.0045637819,-0.0004334106,-0.0001798764,0.0056697066
2017-11-29,-0.0003692257,-0.0089938070,0.0001791675,0.0049345281,-0.0019210882,0.0014042950
2017-11-30,0.0081909504,-0.0090483528,-0.0029007828,0.0056538741,-0.0150716659,-0.0046794243
2017-12-01,-0.0020245308,-0.0035759885,-0.0124762345,0.0041394289,-0.0035338842,-0.0104042596
2017-12-04,-0.0010521566,0.0052736114,0.0153216748,-0.0049024496,0.0022026048,0.0136169641
2017-12-05,-0.0037393816,-0.0015669710,-0.0007665297,-0.0037335931,-0.0101405616,-0.0025532591
2017-12-06,-0.0001141057,0.0027976800,-0.0038081218,-0.0196858942,-0.0214264906,-0.0002194551
2017-12-07,0.0029323580,-0.0037017141,0.0035619138,0.0144739897,0.0027772976,0.0017694727
2017-12-08,0.0055063063,0.0099989342,0.0083210850,0.0139145868,0.0118947780,0.0028288219
2017-12-11,0.0032019575,0.0080470652,-0.0022845134,0.0055959819,0.0113631691,-0.0022707097
2017-12-12,0.0015489221,0.0062923328,0.0045627460,-0.0031632329,-0.0059177108,0.0074923216
2017-12-13,-0.0004729571,-0.0005199593,-0.0043911323,-0.0047274909,0.0148718664,-0.0051112540
2017-12-14,-0.0040708592,-0.0064563333,-0.0043852774,-0.0027955399,-0.0019067333,-0.0078359939
2017-12-15,0.0089743435,0.0057061532,0.0027149736,-0.0062230422,-0.0109122721,-0.0014635294
2017-12-18,0.0053628072,0.0061944172,0.0159300405,0.0154545035,0.0070126184,0.0133251596
2017-12-19,-0.0032302695,0.0009420323,-0.0072496689,-0.0014745381,0.0069964589,-0.0069494263
2017-12-20,-0.0008278932,-0.0025052560,-0.0110943135,0.0010372880,-0.0006689868,-0.0055992272
2017-12-21,0.0019856558,0.0104714563,0.0031042762,-0.0011192297,0.0045484810,0.0062024326
2017-12-22,-0.0004581666,-0.0014860343,-0.0028185299,0.0016032536,0.0071831915,-0.0039454359
2017-12-27,-0.0002683114,0.0036877526,-0.0002119293,0.0003690023,0.0006643581,0.0007679112
2017-12-28,0.0018339987,0.0002886489,-0.0068920403,-0.0055531970,0.0089889126,-0.0054797540
2017-12-29,-0.0051831532,0.0085138075,-0.0047997741,-0.0008357194,0.0018564154,-0.0050304834
2018-01-04,0.0188433918,0.0010536301,0.0193727342,0.0325672127,0.0273179575,0.0190359980
2018-01-05,0.0070337674,0.0036773208,0.0115242460,0.0088571554,0.0025429117,0.0105399569
2018-01-09,0.0029674414,0.0008803248,0.0049513498,0.0057121495,0.0063855858,0.0097226050
2018-01-10,-0.0011122268,0.0022636140,-0.0077882261,-0.0025908193,0.0020092781,-0.0034865994
2018-01-11,0.0070336465,0.0018584116,-0.0059059895,-0.0032692484,0.0015019097,-0.0029303012
2018-01-12,0.0067496030,0.0020224653,0.0031909567,-0.0023875305,0.0093876854,0.0051944967
2018-01-16,-0.0035244876,-0.0029182880,0.0000981353,0.0125979749,0.0156692503,-0.0005873118
2018-01-17,0.0094150516,-0.0039324902,-0.0047084828,-0.0034849434,0.0024654685,-0.0035963435
2018-01-18,-0.0016163897,-0.0031583999,0.0073930539,-0.0043979055,0.0043312860,0.0001528659
2018-01-19,0.0043852351,0.0038696020,0.0115213882,0.0018806848,0.0041389522,0.0057653625
2018-01-22,0.0080667265,-0.0019920193,0.0021765114,0.0003473417,0.0042945280,0.0028011294
2018-01-23,0.0021743655,0.0021256063,0.0071235431,0.0129247584,0.0165863693,-0.0012144498
2018-01-24,-0.0005599757,-0.0114332891,-0.0106831602,-0.0076011420,0.0008500332,-0.0072443952
2018-01-25,0.0006026209,-0.0036109713,-0.0086755227,-0.0113316722,-0.0092310154,-0.0025386331
2018-01-26,0.0118411965,0.0065259325,0.0031439643,-0.0015889390,0.0153018007,0.0087462334
2018-01-29,-0.0067319743,0.0007827278,-0.0011761059,-0.0001075249,-0.0056472759,-0.0013673094
2018-01-30,-0.0108988156,-0.0108844424,-0.0095141051,-0.0142775525,-0.0109079612,-0.0086587486
2018-01-31,0.0004889854,-0.0071692017,-0.0006235546,-0.0083153823,0.0085864381,0.0014889877
2018-02-01,-0.0006480883,-0.0057343361,-0.0140703099,0.0167900017,-0.0074551549,-0.0049946589
2018-02-02,-0.0212085479,-0.0062746984,-0.0168211250,-0.0090087326,-0.0012349254,-0.0164211213
2018-02-05,-0.0409792248,-0.0145632243,-0.0076393194,-0.0254548314,-0.0109367833,-0.0147530657
2018-02-06,0.0174409206,-0.0263940147,-0.0232378566,-0.0472549184,-0.0511641957,-0.0234627329
2018-02-07,-0.0050015884,0.0193239423,0.0159586020,0.0016255676,-0.0088974331,0.0182280717
2018-02-08,-0.0375364198,-0.0149325093,-0.0262214759,0.0113414667,0.0042235093,-0.0198290927
2018-02-09,0.0149360902,-0.0109194766,-0.0124637810,-0.0232170070,-0.0309954108,-0.0140672970
2018-02-13,0.0165638723,0.0106593112,0.0073524406,-0.0064510083,0.0112551140,0.0059123906
2018-02-14,0.0134024583,0.0064174107,0.0116968111,-0.0042603497,0.0226568692,0.0109643565
2018-02-15,0.0120691128,0.0028832554,0.0005680910,0.0146926373,0.0196565064,0.0110856484
2018-02-20,-0.0054701017,0.0016586499,0.0114797115,0.0214358052,-0.0077710265,0.0128941284
2018-02-21,-0.0054965031,0.0048021601,-0.0013941620,0.0020848680,0.0180820898,0.0023271049
2018-02-22,0.0009735511,-0.0040101344,-0.0006880305,-0.0106673849,-0.0148324179,0.0013315414
2018-02-23,0.0160283764,-0.0011030831,0.0017557407,0.0071925231,0.0097362705,0.0015332048
2018-02-26,0.0117570153,0.0062393291,0.0034644927,0.0119149588,0.0074016832,0.0050569450
2018-02-27,-0.0127068884,-0.0009740037,-0.0028984956,0.0106631963,-0.0072999897,-0.0000616717
2018-02-28,-0.0110957886,-0.0069481768,-0.0043937270,-0.0143645003,-0.0135579667,-0.0043862739
2018-03-01,-0.0133243995,-0.0077849259,-0.0196938036,-0.0155775688,0.0064688314,-0.0108881275
2018-03-02,0.0050716027,-0.0147305025,-0.0227406959,-0.0249870335,-0.0148433536,-0.0239389155
2018-03-05,0.0110320265,0.0065206153,0.0148702761,-0.0065882895,-0.0227920202,0.0059669862
2018-03-06,0.0026388586,0.0043282469,0.0019022618,0.0178532610,0.0208904398,0.0005805819
2018-03-07,-0.0004838747,0.0015391504,0.0108545191,-0.0077057108,-0.0102852518,0.0034041228
2018-03-08,0.0044630782,0.0063427858,0.0090001403,0.0054275220,0.0151538505,0.0127741307
2018-03-09,0.0173788315,0.0029569919,-0.0007195641,0.0047327112,0.0111465262,0.0038636121
2018-03-12,-0.0012739851,-0.0013426805,0.0058080361,0.0165274016,0.0192965244,0.0004379756
2018-03-13,-0.0063635766,-0.0105339028,-0.0158925095,0.0066014534,0.0002253297,-0.0064282331
2018-03-14,-0.0057245219,-0.0008544307,0.0013673120,-0.0086858012,-0.0052668298,-0.0017986942
2018-03-15,-0.0007819305,0.0009953607,0.0088103959,0.0012242183,0.0033748946,0.0064776555
2018-03-16,0.0017034472,0.0034034978,0.0035656956,-0.0058447877,-0.0012405689,0.0029408526
2018-03-19,-0.0142041954,-0.0169177138,-0.0139278770,-0.0090240254,0.0003742325,-0.0113407139
2018-03-20,0.0014818055,0.0026125463,0.0073921914,-0.0046520251,0.0011477501,0.0056655637
2018-03-22,-0.0269604782,-0.0153937250,-0.0168395581,0.0098695019,-0.0151784461,-0.0162249115
2018-03-23,-0.0209668807,-0.0044156423,-0.0176668672,-0.0451153807,-0.0245167672,-0.0139320342
2018-03-26,0.0271572558,-0.0047963287,-0.0083330999,0.0071898945,0.0079012236,-0.0056799173
2018-03-27,-0.0172763088,0.0161713965,0.0155736207,0.0265442579,0.0079237413,0.0097626762
2018-03-28,-0.0029166572,0.0063713514,-0.0025161260,-0.0134167785,-0.0249522595,0.0028734272
2018-03-29,0.0137697187,0.0016891993,0.0130662673,0.0060752054,0.0023599465,0.0071845424
2018-04-03,-0.0100043413,-0.0036986789,-0.0077938641,0.0062955943,0.0028816553,-0.0029376440
2018-04-04,0.0115664827,0.0004978309,-0.0037117259,0.0012803564,-0.0219154398,-0.0020031195
2018-04-06,-0.0152078208,0.0212681401,0.0236972321,0.0116310495,0.0110523199,0.0226458505
2018-04-09,0.0033365489,0.0015590661,0.0016730674,0.0051345837,0.0128879680,0.0009793965
2018-04-10,0.0167269538,0.0100072277,0.0110563592,0.0053537760,0.0165123086,0.0083919149
2018-04-11,-0.0055253645,-0.0013347976,-0.0083365262,-0.0049196626,0.0054987839,-0.0055807408
2018-04-12,0.0082507501,0.0001653149,0.0098454805,-0.0012366943,-0.0021500506,0.0059266066
2018-04-13,-0.0028866255,0.0008680122,0.0022062508,0.0054690402,-0.0007427015,0.0010924024
2018-04-16,0.0081090384,-0.0091402006,-0.0040981027,0.0026075458,-0.0159953559,-0.0003875919
2018-04-17,0.0106615047,0.0038759553,0.0156689314,0.0005523359,-0.0083402581,0.0076379416
2018-04-18,0.0008313658,0.0126208751,0.0004179203,0.0142171002,0.0073679221,0.0049742568
2018-04-19,-0.0057261247,0.0015852976,-0.0018593021,0.0014884093,0.0140069327,0.0021319429
2018-04-20,-0.0085365323,0.0053623727,-0.0021420405,-0.0013040971,-0.0094472197,0.0039301476
2018-04-23,0.0000562317,0.0041665137,0.0025429328,-0.0033480899,-0.0053891745,0.0047516228
2018-04-24,-0.0133805616,0.0035816135,-0.0017156115,0.0086055660,0.0126209688,0.0010315896
2018-04-25,0.0018370596,-0.0062084330,-0.0102400086,-0.0028188568,-0.0100563856,-0.0056685238
2018-04-26,0.0104342048,0.0057051616,0.0062927093,0.0046944658,-0.0105667737,0.0074409833
2018-04-27,0.0011136249,0.0108874733,0.0064317896,0.0066425789,0.0090973457,0.0054294359
2018-05-02,-0.0128243991,0.0054650634,0.0175965478,0.0002185413,0.0146367613,0.0083947983
2018-05-08,0.0137536190,0.0029960241,0.0085891121,0.0015979401,-0.0104501874,-0.0013184570
2018-05-09,0.0096822203,0.0127812258,0.0023891812,-0.0044342250,0.0043854524,0.0022998674
2018-05-10,0.0093706437,0.0050244698,0.0061662814,0.0039403498,0.0089428485,0.0020453603
2018-05-11,0.0017075956,0.0030645498,-0.0016609152,0.0116148239,0.0101540979,-0.0007230959
2018-05-14,0.0008834896,-0.0017606216,-0.0018098484,0.0047181931,0.0134637464,-0.0002273149
2018-05-15,-0.0068421403,0.0015562184,-0.0005910073,-0.0020921953,-0.0123347324,0.0022524275
2018-05-16,0.0040605617,0.0014502389,0.0020269821,-0.0044170820,-0.0013427722,0.0025894954
2018-05-17,-0.0008558723,0.0069560916,0.0091010518,0.0053324578,-0.0054017278,0.0097673088
2018-05-18,-0.0026321949,-0.0011813296,-0.0028129410,0.0040278811,0.0034179837,-0.0013180829
2018-05-23,0.0074899717,0.0012341361,-0.0077138740,-0.0104934745,-0.0123122468,-0.0086667706
2018-05-24,-0.0020232135,-0.0092059612,-0.0093820993,-0.0111385351,0.0030904142,-0.0031261895
2018-05-25,-0.0023572204,0.0017623607,0.0064503572,0.0006141325,-0.0056036669,-0.0010634304
2018-05-29,-0.0115641873,-0.0126385405,-0.0209846804,-0.0041138587,-0.0033823346,-0.0188522882
2018-05-30,0.0126957912,0.0074679663,0.0092566936,-0.0152027741,-0.0140330296,-0.0019694451
2018-05-31,-0.0068795600,-0.0014825091,-0.0139919805,0.0083248459,0.0136997829,-0.0053341308
2018-06-01,0.0108492304,0.0030735861,0.0094709185,-0.0013724417,0.0007991716,0.0124351445
2018-06-04,0.0044795984,0.0051286713,0.0036528988,0.0137379929,0.0165635326,0.0013503487
2018-06-05,0.0007025930,-0.0070401614,0.0012826093,0.0028296752,0.0030798377,-0.0021853019
2018-06-06,0.0085673925,0.0033303973,0.0033580976,0.0038240093,0.0053275013,-0.0006207961
2018-06-07,-0.0007141885,-0.0010372906,-0.0014824944,0.0087302948,0.0081106383,-0.0016857708
2018-06-08,0.0031259044,-0.0030242206,-0.0034735639,-0.0056416028,-0.0175935778,0.0003414517
2018-06-11,0.0010687077,0.0073296538,0.0059812833,0.0048266788,0.0034074411,0.0043466026
2018-06-12,0.0017433852,-0.0043425567,-0.0000475244,0.0032586572,0.0012671166,-0.0037523522
2018-06-13,-0.0040261279,-0.0000129299,0.0037594725,0.0038477972,-0.0121502563,-0.0001173837
2018-06-14,0.0024715498,0.0080610107,0.0167967252,-0.0099176046,-0.0092751529,0.0138884523
2018-06-15,-0.0010171027,-0.0169847158,-0.0073662219,0.0049757056,-0.0042930012,-0.0048078630
2018-06-19,-0.0061409758,-0.0039298393,-0.0255623385,-0.0250864608,-0.0277582974,-0.0202203615
2018-06-20,0.0017121543,0.0030905194,0.0013559292,0.0124312436,0.0077378298,-0.0033984571
2018-06-21,-0.0063455105,-0.0093085456,-0.0144346348,0.0061009423,-0.0134737625,-0.0104797177
2018-06-22,0.0018619345,0.0166613604,0.0054196018,-0.0077648914,0.0014557743,0.0134255053
2018-06-25,-0.0137246690,-0.0224542135,-0.0245943197,-0.0079353837,-0.0128604404,-0.0192152812
2018-06-26,0.0022045770,0.0037417905,-0.0029331105,0.0001723334,-0.0027619611,-0.0004863536
2018-06-27,-0.0086043551,0.0111171937,0.0093401450,-0.0031434280,-0.0181826580,0.0086929814
2018-06-28,0.0061786899,-0.0008003592,-0.0138784752,-0.0000619127,0.0049745823,-0.0096786411
2018-06-29,0.0007584033,0.0027968649,0.0105746156,0.0015320405,0.0160642846,0.0090775048
2018-07-03,-0.0018945715,-0.0057091357,0.0035055785,-0.0232675234,-0.0141439308,-0.0012697901
2018-07-05,0.0086208037,0.0013038324,0.0093245679,-0.0109498703,-0.0127333406,0.0093195313
2018-07-06,0.0084812816,0.0019070917,0.0025576974,0.0111918364,0.0047380907,0.0017610198
2018-07-09,0.0088229859,0.0092284814,0.0038187482,0.0121184761,0.0131687341,0.0041556547
2018-07-10,0.0034732672,0.0005202914,0.0052583340,0.0065622056,-0.0002178573,0.0067153135
2018-07-11,-0.0070942029,-0.0130005200,-0.0152832692,-0.0119241786,-0.0129195076,-0.0148002137
2018-07-12,0.0087490427,0.0078108278,0.0061076790,0.0116609311,0.0059742328,0.0097068368
2018-07-13,0.0010792375,0.0013853983,0.0038230095,0.0184509371,0.0015662948,0.0043101599
2018-07-16,-0.0010281357,-0.0080136654,0.0016178533,0.0000000000,0.0004985270,-0.0036414239
2018-07-17,0.0039736986,0.0033944878,0.0080025756,0.0044257299,-0.0125432632,0.0024235202
2018-07-18,0.0021605126,0.0065562594,0.0082454733,0.0042661385,-0.0022801964,0.0045919260
2018-07-19,-0.0039529931,0.0010031129,-0.0062392889,-0.0012946179,-0.0037898409,-0.0055751174
2018-07-20,-0.0009484477,-0.0006767563,-0.0098429184,-0.0029343188,0.0076263670,-0.0034612808
2018-07-23,0.0018380495,-0.0029952598,-0.0010229424,-0.0132563311,0.0011209656,-0.0037177909
2018-07-24,0.0047809111,0.0069620803,0.0112219426,0.0050672092,0.0143845363,0.0104011419
2018-07-25,0.0091016051,-0.0065896528,-0.0086733541,0.0046098319,0.0090128022,-0.0014316366
2018-07-26,-0.0030322960,0.0006398797,0.0182760440,-0.0012107790,-0.0048324832,0.0099770653
2018-07-27,-0.0065622087,0.0049717622,0.0039947694,0.0055731876,0.0008039526,0.0056946770
2018-07-30,-0.0057541703,-0.0000519266,-0.0048365676,-0.0073927709,-0.0024700648,-0.0037264960
2018-07-31,0.0048847288,0.0062200396,0.0005703774,0.0003939198,-0.0052246688,0.0036566718
2018-08-01,-0.0010403515,-0.0123760976,-0.0053453747,0.0085563938,-0.0084759979,-0.0023460323
2018-08-02,0.0049264448,-0.0100615454,-0.0149736187,-0.0102946770,-0.0220946836,-0.0068002219
2018-08-03,0.0046441830,0.0109822195,0.0055338643,0.0005619267,-0.0013797886,0.0032961117
2018-08-06,0.0035382275,0.0006136109,-0.0013911017,-0.0007928627,0.0051755520,-0.0003284927
2018-08-07,0.0028241823,0.0071374771,0.0039672675,0.0069053055,0.0154323183,0.0080570442
2018-08-08,-0.0002623800,0.0075403505,-0.0011582993,-0.0008132153,0.0039031552,-0.0035154983
2018-08-09,-0.0014416745,-0.0044878149,0.0033696266,-0.0020278790,0.0087506233,0.0000636321
2018-08-10,-0.0071138879,-0.0096618108,-0.0198610406,-0.0132890236,-0.0084132943,-0.0159152754
2018-08-13,-0.0040059922,-0.0031955132,-0.0052807090,-0.0197618086,-0.0151603836,-0.0004359171
2018-08-14,0.0063892548,-0.0040431668,0.0000105094,0.0228137708,-0.0065734850,-0.0016461828
2018-08-15,-0.0076021648,-0.0149377521,-0.0158477555,-0.0067927550,-0.0154700728,-0.0181718468
2018-08-16,0.0079194085,0.0078021847,0.0060971879,-0.0005486182,-0.0081808173,0.0082559824
2018-08-17,0.0033231157,0.0002911698,-0.0021753491,0.0035301757,0.0041826331,-0.0007645968
2018-08-20,0.0024280178,0.0043261592,0.0098889896,-0.0032051926,0.0141330827,0.0064958242
2018-08-21,0.0020685364,-0.0033722301,0.0043134487,0.0009338470,0.0056079941,0.0053814274
2018-08-22,-0.0003981518,0.0011234915,0.0000976997,0.0064276348,0.0062981423,0.0022204943
2018-08-23,-0.0016912621,-0.0014522986,-0.0016244634,0.0021584985,-0.0049098110,-0.0002360962
2018-08-24,0.0061988397,0.0018907082,0.0023403231,0.0085204029,-0.0042673562,0.0024301753
2018-08-28,0.0079417532,0.0052392208,0.0107225125,0.0093665751,0.0245646579,0.0096622613
2018-08-29,0.0057014341,-0.0070892190,0.0027347822,0.0015232229,0.0022863002,0.0029790105
2018-08-30,-0.0044303291,-0.0062407703,-0.0053686652,0.0009313328,-0.0088817838,-0.0042298897
2018-08-31,0.0001344775,-0.0111229507,-0.0104192541,-0.0001901926,-0.0097819736,-0.0129991202
2018-09-04,-0.0016543221,0.0034309241,-0.0124432925,-0.0073583596,0.0030402821,-0.0118645609
2018-09-05,-0.0028031267,-0.0100028290,-0.0139022998,-0.0051139279,-0.0260780528,-0.0154378830
2018-09-06,-0.0036523051,-0.0087088167,-0.0070769689,-0.0041136940,-0.0098748635,-0.0031140086
2018-09-07,-0.0022133448,-0.0056428207,0.0003663564,-0.0080433739,-0.0000500322,0.0015981364
2018-09-10,0.0018978268,0.0002197960,0.0022333434,0.0029600178,-0.0133483297,0.0033147254
2018-09-11,0.0037398415,-0.0007967531,-0.0013407189,0.0130334974,-0.0071719133,0.0026871254
2018-09-12,0.0003566719,0.0054856537,0.0051820281,-0.0026508229,-0.0029335441,0.0091487064
2018-09-13,0.0052822543,-0.0043481561,0.0019322989,0.0095870242,0.0254109007,-0.0007520007
2018-09-14,0.0002754818,0.0030762335,0.0057052789,0.0119778175,0.0100657062,0.0045888055
2018-09-18,-0.0002306115,-0.0005202361,0.0027498298,0.0141101450,-0.0073937905,0.0020962295
2018-09-19,0.0012532727,0.0042327473,0.0050461651,0.0107589526,0.0119148249,0.0055837747
2018-09-20,0.0078405919,0.0049378274,0.0087945630,0.0001018124,0.0025650321,0.0107253236
2018-09-21,-0.0003685330,0.0166818772,0.0084695233,0.0082365609,0.0173198877,0.0078105799
2018-09-26,-0.0080896319,0.0028436896,-0.0036192317,0.0068646777,-0.0048906415,0.0033781370
2018-09-27,0.0027632871,0.0045130669,0.0040126464,-0.0098631484,-0.0036380521,0.0050211376
2018-09-28,-0.0000068701,-0.0046650552,-0.0151870058,0.0135858452,0.0026284629,-0.0084686730
2018-10-02,0.0032429705,-0.0047402328,0.0033355523,0.0062429450,-0.0238277779,-0.0046600789
2018-10-04,-0.0074637753,-0.0075322147,-0.0035353120,-0.0121546137,-0.0185248346,-0.0104318188
2018-10-05,-0.0055279788,-0.0134531911,-0.0108002082,-0.0080038991,-0.0019267984,-0.0095161081
2018-10-09,-0.0018124600,-0.0110541644,-0.0111196971,-0.0132161861,-0.0150403274,-0.0076147263
2018-10-10,-0.0328642290,-0.0126975656,-0.0221019346,0.0015615419,0.0007702680,-0.0211203418
2018-10-11,-0.0205730076,-0.0194243096,-0.0147833845,-0.0389338112,-0.0353796314,-0.0191790000
2018-10-12,0.0142061978,-0.0015698811,-0.0013466997,0.0045948133,0.0211791845,-0.0020347402
2018-10-15,-0.0059049790,0.0047599728,0.0078403401,-0.0186545809,-0.0138143062,-0.0001786028
2018-10-16,0.0214956002,0.0042963219,0.0139820397,0.0124797135,0.0006759355,0.0153049876
2018-10-18,-0.0146409484,-0.0045896114,-0.0159078717,0.0048303145,-0.0003027612,-0.0108755507
2018-10-19,-0.0003611699,0.0032446001,-0.0030528296,-0.0055644447,0.0041976623,-0.0062793045
2018-10-22,-0.0042995275,-0.0009929360,-0.0025524206,0.0036721081,0.0231501401,-0.0061656230
2018-10-23,-0.0055118300,-0.0124381797,-0.0216983857,-0.0267099631,-0.0308413938,-0.0169433730
2018-10-24,-0.0308644340,0.0011214350,-0.0073308795,0.0036527735,-0.0038179350,-0.0029390115
2018-10-25,0.0186250401,0.0059026422,0.0103193400,-0.0372297555,-0.0101117066,0.0159920299
2018-10-26,-0.0173272640,-0.0092088918,-0.0094188440,-0.0039556127,-0.0110756571,-0.0129025873
2018-10-29,-0.0065595996,0.0124934731,0.0120404362,-0.0016426474,0.0038194681,0.0044248727
2018-10-30,0.0156667801,0.0013663091,-0.0042425039,0.0145385900,-0.0091290266,-0.0021686817
2018-10-31,0.0108513320,0.0131042506,0.0141857526,0.0215857592,0.0160322014,0.0230811427
2018-11-01,0.0105578437,-0.0018798701,0.0018371047,-0.0106206958,0.0174666121,-0.0015039259
2018-11-02,-0.0063166864,-0.0028954274,0.0043990076,0.0256371601,0.0421132204,0.0032148654
2018-11-05,0.0056003172,0.0013672921,-0.0020861441,-0.0154951982,-0.0208393755,-0.0001449877
2018-11-06,0.0062592958,-0.0088825151,-0.0009238934,0.0113594172,0.0071939347,-0.0051358933
2018-11-07,0.0212088561,0.0108795443,0.0082512157,-0.0027970886,0.0010232593,0.0123640693
2018-11-08,-0.0025089164,0.0032878186,-0.0044717896,0.0181618563,0.0030607389,-0.0012631028
2018-11-09,-0.0091990137,-0.0049575517,0.0001596072,-0.0105247816,-0.0238602808,-0.0048134922
2018-11-12,-0.0197014893,-0.0073465875,-0.0176699537,0.0008822759,0.0012209930,-0.0093327765
2018-11-13,-0.0014819197,0.0000992056,0.0129601403,-0.0206270223,0.0062297949,0.0084521634
2018-11-14,-0.0075674107,-0.0028353512,-0.0052029559,0.0016487887,-0.0053673538,-0.0064682418
2018-11-15,0.0105937534,0.0005971446,-0.0051575199,-0.0019619329,0.0174983487,-0.0069502905
2018-11-16,0.0022233054,-0.0034242821,-0.0011159318,-0.0056540750,0.0030719997,-0.0016727369
2018-11-19,-0.0166431086,-0.0018534624,-0.0085054194,0.0064953001,0.0071980634,-0.0079101326
2018-11-20,-0.0181512408,-0.0075704553,-0.0158414557,-0.0109087241,-0.0201600241,-0.0121473601
2018-11-21,0.0030432907,0.0147239158,0.0160630017,-0.0035018144,0.0050746569,0.0102763436
2018-11-26,0.0088757138,-0.0020141549,0.0098317444,0.0141560100,0.0155828289,0.0039151805
2018-11-27,0.0032616921,-0.0027146245,-0.0040167768,0.0064368417,-0.0016764653,-0.0023683935
2018-11-28,0.0229739796,-0.0017671482,-0.0009046219,0.0102320993,0.0133146031,0.0000181275
2018-11-29,-0.0021831081,0.0049254051,-0.0000574760,0.0038589531,-0.0086772501,0.0046174305
2018-11-30,0.0081707476,-0.0083534316,-0.0036280225,0.0039735224,0.0021065609,-0.0004654338
2018-12-03,0.0109414261,0.0117761246,0.0184965162,0.0100084387,0.0254761169,0.0100041686
2018-12-04,-0.0323649031,-0.0056071729,-0.0113505824,-0.0238633319,0.0028842719,-0.0081757000
2018-12-06,-0.0015222281,-0.0453807194,-0.0462571704,-0.0242526052,-0.0405003960,-0.0463227484
2018-12-07,-0.0233201188,0.0110380213,-0.0021173496,0.0082347541,-0.0035410516,0.0068340541
2018-12-10,0.0017621540,-0.0083504370,-0.0153891499,-0.0211811648,-0.0119468146,-0.0146993748
2018-12-11,-0.0003563462,0.0127054828,0.0149160614,-0.0033686217,0.0007490206,0.0134574442
2018-12-12,0.0054195037,0.0107685281,0.0138138108,0.0215022720,0.0161045449,0.0214826673
2018-12-13,-0.0001999303,-0.0003924588,-0.0004327300,0.0098801983,0.0128935120,-0.0025522763
2018-12-14,-0.0190867096,-0.0046964456,-0.0053942592,-0.0202308188,-0.0161949512,-0.0088259002
2018-12-17,-0.0207734806,-0.0105183191,-0.0086113860,0.0061778634,-0.0002609178,-0.0110905239
2018-12-18,0.0000864006,-0.0105710883,-0.0029066065,-0.0182002980,-0.0104925895,-0.0095398496
2018-12-19,-0.0153957145,0.0095946944,0.0023573757,-0.0060396204,0.0019811006,0.0049158022
2018-12-20,-0.0157721063,-0.0079812000,-0.0144071453,-0.0283658336,-0.0093507704,-0.0177898734
2018-12-21,-0.0205882283,0.0013856424,0.0021412204,-0.0111016176,0.0050691934,0.0004091504
2018-12-27,0.0298805594,-0.0203088728,-0.0237271780,-0.0043920203,-0.0106602953,-0.0204009948
2018-12-28,-0.0012415825,0.0226737437,0.0170929084,-0.0031303318,0.0009936998,0.0174249118
2019-01-04,0.0185859951,0.0153549009,0.0197680898,-0.0226237226,0.0047768635,0.0124776927
2019-01-07,0.0070104348,-0.0038757423,-0.0018463439,0.0243845577,0.0081819122,-0.0037892633
2019-01-08,0.0096952850,0.0074439789,0.0052262648,0.0082373672,0.0015385688,0.0114639012
2019-01-09,0.0040980455,0.0065582371,0.0082691601,0.0110384604,0.0226806147,0.0084449567
2019-01-10,0.0045184188,0.0052558139,0.0025951253,-0.0128877948,0.0022337185,-0.0016453288
2019-01-11,-0.0001462978,-0.0035575491,-0.0031249922,0.0097153528,0.0054989435,-0.0050607641
2019-01-15,0.0054077939,-0.0033535016,0.0003977124,0.0096067158,0.0061130942,0.0010101934
2019-01-16,0.0022219855,-0.0046845257,0.0036220121,-0.0054749443,0.0026764731,0.0051336064
2019-01-17,0.0075914004,-0.0040509263,-0.0011545000,-0.0019801870,-0.0054445100,-0.0034028271
2019-01-18,0.0131830530,0.0195174625,0.0262780387,0.0129299724,0.0125274448,0.0170116317
2019-01-22,-0.0141573062,-0.0096006062,-0.0103011267,-0.0020884549,-0.0031509330,-0.0058246098
2019-01-23,0.0022029128,-0.0084765411,-0.0016744930,-0.0014153896,0.0001018313,-0.0014749579
2019-01-24,0.0013757256,-0.0034926570,0.0052964311,-0.0009269740,0.0041758152,0.0065242974
2019-01-25,0.0084886941,-0.0014371322,0.0136215547,0.0096686880,0.0165262825,0.0110550710
2019-01-28,-0.0078468275,-0.0091200282,-0.0063359155,-0.0059961097,0.0002818902,-0.0075601113
2019-01-29,-0.0014562466,0.0128647572,0.0007600600,0.0007574519,-0.0016419957,0.0081005317
2019-01-30,0.0155492609,0.0157596975,-0.0033131727,-0.0052312336,0.0040378910,0.0094516816
2019-01-31,0.0085973959,0.0039327827,-0.0007655882,0.0105538764,0.0108390089,0.0036103149
2019-02-01,0.0008986101,0.0073613187,0.0006766741,0.0007172791,-0.0004198079,0.0053156495
2019-02-04,0.0067762366,0.0019799866,-0.0003649228,0.0045880851,0.0021292204,-0.0037993300
2019-02-08,-0.0062352456,0.0052743204,-0.0241397460,-0.0263649533,-0.0015680705,-0.0077096681
2019-02-12,0.0136084683,0.0087538043,0.0201067409,0.0261169812,0.0080514988,0.0190884382
2019-02-13,0.0030239947,0.0080890085,0.0036975869,0.0134330281,0.0115812695,0.0035440429
2019-02-14,-0.0026516416,0.0008622400,-0.0069336585,-0.0002255686,-0.0022998107,-0.0023156040
2019-02-15,0.0108787526,0.0055162144,0.0189372175,-0.0113095245,-0.0186835252,0.0179100372
2019-02-19,0.0014987433,-0.0079456104,0.0008327719,0.0192348037,0.0117305077,0.0014224351
2019-02-20,0.0017771108,0.0068809757,0.0082021437,0.0060480664,0.0101289003,0.0068656212
2019-02-21,-0.0035264368,-0.0084663966,0.0018690233,0.0015276695,0.0040635805,0.0000307293
2019-02-22,0.0064111024,0.0015626581,0.0030131382,-0.0018039642,0.0065100028,0.0037990410
2019-02-25,0.0012318626,0.0007104585,0.0041622186,0.0047943178,0.0049624690,0.0030675728
2019-02-26,-0.0007904571,-0.0045380649,0.0030768528,-0.0036621609,-0.0064656338,0.0013131334
2019-02-27,-0.0005440494,-0.0061389020,-0.0046322618,0.0049940412,-0.0005081699,-0.0025521724
2019-02-28,-0.0028255083,-0.0045728274,0.0024644169,-0.0079488568,-0.0043209607,0.0029050087
2019-03-01,0.0068953206,0.0045231599,0.0074715814,0.0101719742,0.0062511477,0.0047056609
2019-03-04,-0.0038805585,0.0038976890,-0.0007774332,0.0101538102,0.0051165852,0.0040606100
2019-03-05,-0.0011315328,0.0068681320,0.0024222290,-0.0043882135,0.0000693990,0.0020713233
2019-03-06,-0.0065240987,0.0017540577,-0.0028492463,-0.0059590852,0.0026241644,-0.0016441582
2019-03-07,-0.0081257176,-0.0053362844,-0.0060262607,-0.0065195174,-0.0088902111,-0.0039498746
2019-03-08,-0.0021316888,-0.0074466710,-0.0052058520,-0.0200619418,-0.0191466241,-0.0069666410
2019-03-11,0.0146660419,0.0037020246,0.0074744128,0.0047337286,0.0097377345,0.0066408495
2019-03-12,0.0029533182,0.0028889711,-0.0016728531,0.0179217988,0.0146498247,0.0008146737
2019-03-13,0.0069495838,0.0011186933,0.0041860051,-0.0099261673,-0.0039217328,0.0068554400
2019-03-14,-0.0008680224,0.0036595858,0.0013013340,-0.0001512760,0.0015253487,0.0081788156
2019-03-15,0.0049849029,0.0059704265,0.0084764582,0.0076962431,0.0055757846,0.0103817430
2019-03-18,0.0037059469,0.0098087230,-0.0024500785,0.0062305407,0.0136752533,0.0013894190
2019-03-19,-0.0001305616,0.0033976058,0.0112679004,-0.0008177345,0.0019473465,0.0024146009
2019-03-20,-0.0029443536,-0.0045057346,-0.0156527051,0.0019506935,-0.0049313519,-0.0079691382
2019-03-22,-0.0083279406,-0.0114387467,-0.0206585666,0.0008524221,-0.0070806431,-0.0209450775
2019-03-25,-0.0008390207,-0.0041622731,-0.0015416464,-0.0300652079,-0.0202659459,-0.0017608968
2019-03-26,0.0071827259,0.0026052868,0.0064186412,0.0215130332,0.0015271890,0.0088848020
2019-03-27,-0.0046443249,-0.0002917624,-0.0000385683,-0.0023174935,0.0056477877,-0.0011568135
2019-03-28,0.0035894815,0.0055738801,0.0007986763,-0.0161361641,0.0016346606,-0.0008866218
2019-03-29,0.0067342800,0.0062065980,0.0085647980,0.0081797445,0.0095967476,0.0101933990
2019-04-01,0.0115686001,0.0052477890,0.0135302493,0.0142988522,0.0175778403,0.0102793559
2019-04-02,0.0000174557,0.0100719103,0.0062317981,-0.0001728925,0.0021192866,0.0033189031
2019-04-03,0.0021483769,0.0036800621,0.0169811924,0.0096673977,0.0122101176,0.0083783887
2019-04-04,0.0020846351,-0.0022107360,0.0028114647,0.0005406055,-0.0016697679,-0.0009344369
2019-04-08,0.0056887492,0.0067550224,-0.0020528324,0.0016893559,0.0047043216,0.0014605185
2019-04-09,-0.0060674944,-0.0035292751,-0.0094312716,0.0018812660,0.0026711255,-0.0064622234
2019-04-10,0.0034778716,-0.0004983025,0.0046698043,-0.0052754986,-0.0012577203,0.0024758869
2019-04-11,0.0000381231,-0.0005254588,0.0024601260,0.0010978891,-0.0092999806,0.0065763527
2019-04-12,0.0066093242,0.0025748312,0.0054234107,0.0073316243,0.0023562951,0.0030953056
2019-04-15,-0.0006293691,-0.0000269185,0.0016958921,0.0136507168,-0.0033112624,0.0010957866
2019-04-16,0.0005093580,0.0044373328,0.0067419426,0.0023704507,0.0107058276,0.0036196985
2019-04-17,-0.0022738118,0.0001874058,0.0042763929,0.0025340387,-0.0001722362,0.0062257147
2019-04-18,0.0015790923,-0.0015258258,0.0057038538,-0.0084321667,-0.0053583946,0.0031079921
2019-04-23,0.0098621708,0.0084719897,0.0010734494,0.0076785957,-0.0000006518,0.0020267542
2019-04-24,-0.0021917632,-0.0068190363,0.0063463143,-0.0026837795,-0.0052534424,-0.0027951984
2019-04-25,-0.0003689737,-0.0050455992,-0.0024819418,0.0048459495,-0.0085899066,-0.0032980521
2019-04-26,0.0046852921,-0.0007936270,0.0026525393,-0.0021898211,0.0018683369,0.0021033889
2019-05-07,-0.0189905153,-0.0225761545,-0.0180622174,-0.0150507131,-0.0081739623,-0.0311723192
2019-05-08,-0.0016054253,0.0014461814,0.0072100658,-0.0146476442,-0.0122542000,0.0040476011
2019-05-09,-0.0030214249,-0.0087470909,-0.0169138715,-0.0092793959,-0.0238638814,-0.0192760417
2019-05-10,0.0037202973,-0.0005688733,0.0071747729,-0.0026731421,0.0084479294,0.0026876256
2019-05-14,-0.0163080419,0.0053170483,-0.0056559637,-0.0130096273,-0.0149988476,0.0026110395
2019-05-15,0.0058389751,0.0076502295,0.0090021360,0.0057591850,0.0052162472,0.0061613014
2019-05-16,0.0088952871,0.0077429080,0.0174220901,-0.0059267867,0.0002249616,0.0137414455
2019-05-17,-0.0058373334,-0.0006663361,-0.0058023997,0.0088833285,-0.0116218765,-0.0018134515
2019-05-20,-0.0067493779,-0.0051302554,-0.0161493057,0.0024301368,-0.0056841388,-0.0146444959
2019-05-21,0.0084958356,0.0024620772,0.0084857758,-0.0013745949,-0.0046916285,0.0050144008
2019-05-22,-0.0028243962,0.0007232044,0.0020809957,0.0005133364,0.0017608127,-0.0012032362
2019-05-23,-0.0119141499,-0.0140710906,-0.0177775245,-0.0062127624,-0.0158380695,-0.0181465378
2019-05-24,0.0013535590,0.0064583315,0.0049052770,-0.0016036923,0.0031832769,0.0066535099
2019-05-28,-0.0083756769,-0.0011954594,0.0013329208,0.0067679324,0.0013482838,-0.0007184834
2019-05-29,-0.0069119123,-0.0115146781,-0.0157345515,-0.0120776005,-0.0056624688,-0.0170478280
2019-05-30,0.0020984714,0.0045788473,0.0054292568,-0.0028966707,-0.0044364576,0.0051301078
2019-05-31,-0.0131953728,-0.0078274360,-0.0147234965,-0.0162988834,-0.0078846378,-0.0078645418
2019-06-03,-0.0027652403,0.0032254365,0.0056255332,-0.0092377479,-0.0002687798,0.0064962524
2019-06-04,0.0214323706,0.0041058903,0.0151245003,-0.0001147328,-0.0049208201,0.0051130420
2019-06-05,0.0081618548,0.0008178743,0.0008052386,0.0180101352,0.0050041972,0.0045062763
2019-06-06,0.0061355867,0.0054984219,-0.0023095202,-0.0000991787,0.0025967170,-0.0025642147
2019-06-11,0.0148514609,0.0190911858,0.0169553714,0.0207104759,0.0305600598,0.0246323273
2019-06-12,-0.0020375791,-0.0041765091,-0.0033012925,-0.0035162050,-0.0173044379,-0.0061996084
2019-06-13,0.0040973819,0.0001357294,0.0044050452,-0.0046247986,-0.0005035070,0.0001320877
2019-06-14,-0.0016115119,-0.0030942503,-0.0059700153,0.0040362602,-0.0064613737,-0.0014900143
2019-06-17,0.0009317492,0.0015655205,-0.0008746468,0.0003366677,0.0040124325,0.0043464473
2019-06-18,0.0097173999,0.0116483217,0.0203486136,-0.0071619515,0.0099756777,0.0220331817
2019-06-19,0.0029851635,-0.0053069999,-0.0018829223,0.0172203872,0.0255782752,0.0015826937
2019-06-20,0.0094721852,0.0028229759,0.0038070650,0.0060462654,0.0123497385,0.0031022530
2019-06-21,-0.0012592228,-0.0022762651,-0.0012520630,-0.0095149834,-0.0026871312,-0.0013078592
2019-06-24,-0.0017318870,0.0012420108,-0.0052957888,0.0012865173,0.0013798364,-0.0011974895
2019-06-25,-0.0094963973,0.0007684964,-0.0037581668,-0.0043305332,-0.0114691380,-0.0012931025
2019-06-26,-0.0012339338,-0.0008083639,0.0013803790,-0.0050590574,0.0012772307,-0.0025114578
2019-06-27,0.0038231756,-0.0019012051,0.0020995744,0.0119308091,0.0141534877,-0.0012926219
2019-06-28,0.0057574526,0.0031477100,0.0104122904,-0.0029173074,-0.0027532101,0.0082569299
2019-07-02,0.0106228924,0.0179918250,0.0103171213,0.0224831458,0.0116647111,0.0068333296
2019-07-03,0.0076723787,0.0066276336,0.0071463647,-0.0053373144,-0.0007071697,0.0075294228
2019-07-05,-0.0018059016,-0.0073856608,-0.0037816307,0.0050013819,-0.0027832319,-0.0044653305
2019-07-08,-0.0048354444,-0.0005031435,-0.0019907266,-0.0097501856,-0.0154002864,-0.0008098856
2019-07-09,0.0012365570,-0.0016954956,-0.0085271159,0.0014303093,-0.0076031525,-0.0030576602
2019-07-10,0.0045106896,-0.0007695621,-0.0050769425,-0.0014685695,0.0031444472,-0.0008094352
2019-07-11,0.0022852267,-0.0027753582,-0.0033369975,0.0051105918,0.0080522542,-0.0028090518
2019-07-12,0.0046201745,-0.0005059795,-0.0007135679,0.0019576795,0.0014004867,0.0037661844
2019-07-16,-0.0032285080,0.0094857708,0.0087354229,-0.0069469281,0.0051981589,0.0074503972
2019-07-17,-0.0065312436,-0.0055033778,-0.0072351116,-0.0030680077,-0.0009241639,-0.0076001131
2019-07-18,0.0035819978,-0.0056266873,-0.0091710871,-0.0196998423,-0.0045993419,-0.0037977850
2019-07-19,-0.0061767345,0.0020819284,0.0026350261,0.0199916943,0.0106719086,0.0003224976
2019-07-22,0.0028286949,0.0008256698,0.0023923254,-0.0023385287,-0.0137018995,0.0026439620
2019-07-23,0.0068474827,0.0055888968,0.0163832113,0.0095295236,0.0033562381,0.0091862678
2019-07-24,0.0046881480,-0.0073310356,0.0025738598,0.0041020277,0.0020219779,-0.0021875558
2019-07-25,-0.0052624013,-0.0016529897,-0.0128396914,0.0021640442,0.0024632458,-0.0049627109
2019-07-26,0.0073876911,0.0080116435,0.0046756444,-0.0045227937,-0.0068741162,0.0057367720
2019-07-29,-0.0016161146,0.0182140915,-0.0001957072,-0.0019091939,-0.0102589176,-0.0015952990
2019-07-30,-0.0025786549,-0.0051778800,-0.0217620416,0.0042795308,0.0014263595,-0.0160736769
2019-07-31,-0.0108855261,-0.0078464196,0.0034410948,-0.0086498026,-0.0131010961,0.0014207909
2019-08-01,-0.0089987939,-0.0002504221,0.0052596719,0.0009042544,-0.0076338358,0.0069778859
2019-08-02,-0.0072827399,-0.0234412856,-0.0310703736,-0.0210682087,-0.0234755206,-0.0357019098
2019-08-05,-0.0297778200,-0.0247330525,-0.0180190977,-0.0173978426,-0.0285029806,-0.0219164388
2019-08-06,0.0130170172,-0.0072259732,-0.0077668421,-0.0065143162,-0.0066948848,-0.0013163859
2019-08-07,0.0007668762,0.0037647976,0.0071050064,-0.0033397602,0.0008003107,0.0060863408
2019-08-08,0.0187623034,0.0121132572,0.0167602785,0.0037427844,0.0047597836,0.0230608507
2019-08-09,-0.0066166064,-0.0043920450,-0.0127990799,0.0044417593,-0.0069472972,-0.0111433714
2019-08-13,0.0026279843,-0.0004135706,0.0048170893,-0.0110893329,-0.0253669135,0.0065973030
2019-08-14,-0.0292927529,-0.0142051333,-0.0219120749,0.0097622643,0.0008298036,-0.0208406795
2019-08-15,0.0024642680,-0.0113179960,-0.0069601148,-0.0120783775,0.0076349501,-0.0027363947
2019-08-16,0.0144261247,0.0071034662,0.0131494482,0.0006449271,0.0093647950,0.0121941407
2019-08-19,0.0121058655,0.0101865900,0.0132001480,0.0070694426,0.0216683904,0.0133508437
2019-08-20,-0.0079147276,-0.0089990116,-0.0054791636,0.0055468394,-0.0022935170,-0.0050115649
2019-08-21,0.0082467986,0.0110877193,0.0130175592,-0.0028364736,0.0014676989,0.0169964378
2019-08-22,-0.0005060749,-0.0105219051,-0.0047284827,0.0004578132,-0.0084247442,-0.0086892014
2019-08-23,-0.0259463368,-0.0046575846,-0.0115373978,0.0040188264,0.0050140418,-0.0113914319
2019-08-27,0.0077446266,-0.0007610856,0.0102062323,-0.0123041468,-0.0196819309,0.0113048986
2019-08-28,0.0065454802,0.0035404109,-0.0024722891,0.0011409734,-0.0018933023,-0.0033951613
2019-08-29,0.0126872918,0.0097825077,0.0117819094,-0.0009028690,0.0034361851,0.0151189117
2019-08-30,0.0006427873,0.0031875605,0.0084805650,0.0118977709,0.0008259758,0.0055981527
2019-09-03,-0.0068991005,0.0084637582,-0.0023803714,-0.0038257135,-0.0076533692,-0.0026293603
2019-09-04,0.0108420792,0.0059298875,0.0095861830,0.0011626804,0.0389919588,0.0120744890
2019-09-05,0.0130098136,-0.0054846074,0.0084606982,0.0211533659,-0.0002903557,0.0110808965
2019-09-06,0.0009106052,0.0015265168,0.0053559307,0.0053889398,0.0066085978,0.0018986974
2019-09-09,-0.0000940103,-0.0063853455,0.0028190535,0.0056062273,-0.0003506597,-0.0026838089
2019-09-10,0.0003223044,0.0044501225,0.0034851958,0.0034561514,0.0000854264,0.0007621763
2019-09-11,0.0072296812,0.0096312603,0.0073651062,0.0096138369,0.0178154162,0.0044429045
2019-09-12,0.0028791531,0.0009130819,0.0041410629,0.0074938147,-0.0026300500,0.0044143004
2019-09-13,-0.0007244144,0.0031042526,0.0046961402,0.0105093655,0.0097852261,0.0022329276
2019-09-17,-0.0005619296,-0.0063929552,-0.0076929614,0.0005926450,-0.0205628488,-0.0070640046
2019-09-18,0.0003426920,-0.0008605820,0.0013747920,-0.0018457699,-0.0013482930,0.0009153464
2019-09-19,0.0000199747,0.0057833232,0.0054949286,0.0038130952,-0.0106589165,0.0068373189
2019-09-20,-0.0048955765,-0.0015632647,0.0008275661,0.0015713990,-0.0012572957,0.0056015654
2019-09-24,-0.0085124914,-0.0072839658,-0.0129017684,0.0008945115,-0.0058508039,-0.0109738400
2019-09-25,0.0061585717,-0.0001919936,-0.0059291307,-0.0035607957,-0.0127715989,-0.0079118092
2019-09-26,-0.0024289164,0.0083813577,0.0044433181,0.0012756427,0.0037224427,0.0065851250
2019-09-27,-0.0053163525,0.0102161713,0.0075192326,-0.0076804245,-0.0033453412,0.0035601824
2019-09-30,0.0050476067,-0.0024238506,0.0038074368,-0.0056246221,0.0052960889,0.0065968323
2019-10-02,-0.0299421122,-0.0385653989,-0.0404591920,0.0010465940,-0.0019001827,-0.0449153663
2019-10-04,0.0223021460,0.0046191509,0.0073423677,-0.0169161469,-0.0085114157,0.0120878821
2019-10-08,-0.0199694279,-0.0017049651,-0.0035469950,0.0082941815,0.0028027966,-0.0057758491
2019-10-09,0.0091044925,0.0032618160,0.0103640347,-0.0060867047,-0.0081329544,0.0077923730
2019-10-10,0.0064156954,0.0027767951,0.0057829442,0.0044555328,0.0009780526,0.0127128362
2019-10-11,0.0109389775,0.0084465374,0.0285633408,0.0114554981,0.0233589314,0.0173153732
2019-10-15,0.0085547482,-0.0048985111,0.0094423713,0.0187322468,0.0074307043,0.0064548501
2019-10-16,-0.0019995428,-0.0060458285,0.0031924769,0.0119649867,0.0060500315,-0.0009031668
2019-10-17,0.0027628316,0.0019949504,-0.0011965291,-0.0009371522,0.0069085287,-0.0041829905
2019-10-18,-0.0039193449,-0.0044135873,-0.0016871331,0.0018181261,-0.0048013931,-0.0064902822
2019-10-21,0.0068716161,0.0018180292,0.0090520798,0.0024995111,0.0002282824,0.0021468348
2019-10-23,-0.0007316781,0.0135546508,0.0039402751,0.0033917605,-0.0059474341,0.0009011204
2019-10-24,0.0019204464,0.0093103430,0.0057749711,0.0055344372,0.0087033198,0.0054639542
2019-10-25,0.0040727005,-0.0005185111,0.0017409869,0.0021630611,-0.0048719621,0.0066533477
2019-10-28,0.0055813379,0.0009283644,0.0036604878,0.0029587520,0.0083948649,0.0014714613
2019-10-29,-0.0008324053,-0.0034100365,-0.0001614813,0.0046731127,-0.0038860210,0.0016700455
2019-10-30,0.0032533702,0.0033532706,-0.0022712914,-0.0057025756,-0.0044443161,0.0044824656
2019-10-31,-0.0030228606,-0.0112402336,-0.0033648067,0.0036737506,0.0089625152,-0.0062454154
2019-11-01,0.0096623122,0.0074499201,0.0073258183,-0.0033266193,0.0072115463,0.0055900623
2019-11-05,0.0025139979,0.0117358946,0.0144625781,0.0175583016,0.0214990513,0.0147521036
2019-11-06,0.0007024972,0.0011640473,0.0023873178,0.0022290599,0.0001892916,0.0033949839
2019-11-07,0.0027300952,0.0013113560,0.0083134469,0.0011371526,0.0057276139,0.0041334709
2019-11-08,0.0025606761,-0.0063458631,-0.0045826084,0.0026381476,-0.0070416282,-0.0002189851
2019-11-11,-0.0019624673,-0.0041986986,-0.0022821421,-0.0025662463,-0.0262047000,0.0006994633
2019-11-12,0.0015646461,0.0050351235,0.0064507699,0.0080649414,0.0051521087,0.0043995535
2019-11-13,0.0007115346,-0.0019278936,-0.0040229920,-0.0085093768,-0.0182454559,-0.0021386302
2019-11-14,0.0008370427,-0.0079443341,-0.0037671639,-0.0076466278,-0.0093247219,-0.0010173818
2019-11-15,0.0076954880,0.0013849410,0.0046675611,0.0069904361,0.0001128528,0.0064716867
2019-11-18,0.0005031529,0.0006573133,-0.0026235380,0.0048679524,0.0134627668,-0.0015961525
2019-11-19,-0.0005925944,0.0022031021,0.0010683987,-0.0053000234,0.0154682938,-0.0034976339
2019-11-20,-0.0037561842,-0.0083699454,-0.0047636258,-0.0061856455,-0.0075364622,-0.0025418671
2019-11-21,-0.0015827522,-0.0032908644,-0.0015533695,-0.0047514915,-0.0157208872,-0.0021750525
2019-11-22,0.0021749357,0.0121846360,0.0019927146,0.0032250591,0.0048437600,0.0020267805
2019-11-25,0.0075072914,0.0094857239,0.0062724906,0.0077848230,0.0149636317,0.0053842323
2019-11-26,0.0021955704,0.0009194182,-0.0007572046,0.0034564213,-0.0029310942,0.0008034374
2019-11-27,0.0041744244,0.0036065576,0.0038265929,0.0027573840,0.0014891951,-0.0004688788
2019-11-29,-0.0040112197,-0.0112115813,-0.0038150193,-0.0061379294,-0.0225387611,-0.0036562354
2019-12-02,-0.0086310207,-0.0082488393,-0.0205267753,0.0101137955,0.0037284081,-0.0200552548
2019-12-03,-0.0066380951,-0.0174446670,0.0018982614,-0.0063617779,-0.0020200600,-0.0102855869
2019-12-04,0.0063235675,0.0041487674,0.0116465390,-0.0104611660,-0.0124563862,0.0126518552
2019-12-05,0.0015002512,-0.0070390342,-0.0065271526,0.0071259016,0.0059272194,0.0003223676
2019-12-06,0.0091357243,0.0142619390,0.0085623889,0.0023309158,0.0107308105,0.0121278544
2019-12-09,-0.0031628214,-0.0008011786,-0.0046306426,0.0032670001,-0.0001373168,-0.0059027055
2019-12-10,-0.0010969341,-0.0027785977,-0.0026622663,-0.0008753373,-0.0021933164,0.0018467232
2019-12-11,0.0029081580,0.0003465580,0.0058160920,-0.0007829957,0.0078985344,0.0021973379
2019-12-12,0.0085752258,0.0079265270,0.0056971852,0.0014086598,0.0130870825,0.0039891421
2019-12-13,0.0000725818,0.0109850694,0.0046197053,0.0255408282,0.0256951740,0.0059073282
2019-12-16,0.0071477853,0.0225338208,0.0094062385,-0.0029450821,-0.0064891462,0.0122723249
2019-12-17,0.0003352922,0.0008245278,-0.0089374340,0.0047498276,0.0122008142,-0.0039054936
2019-12-18,-0.0004323002,0.0020597186,-0.0049421103,-0.0054719854,0.0014545475,-0.0014509536
2019-12-19,0.0044592920,0.0043761936,-0.0007714470,-0.0029071124,-0.0030024412,0.0021276071
2019-12-20,0.0049447811,0.0011487226,0.0080942139,-0.0020204925,0.0025488534,0.0082464321
2019-12-23,0.0008661436,0.0054203887,-0.0013454506,0.0001880415,0.0012579422,0.0013020499
2019-12-27,0.0049658685,0.0027939300,0.0027163323,0.0006973365,0.0114314154,0.0013301588
2019-12-30,-0.0057808225,-0.0075605705,-0.0066056727,-0.0075972684,0.0033292934,-0.0091380415
2020-01-06,0.0077577585,-0.0015553100,-0.0092097095,-0.0190965481,-0.0032910726,0.0052438105
2020-01-07,-0.0028032387,-0.0001847983,0.0076056919,0.0159820545,0.0033965298,-0.0002061574
2020-01-08,0.0049024514,0.0001320324,0.0070575950,-0.0157348716,-0.0082670759,0.0031019322
2020-01-09,0.0066552626,0.0030627725,0.0131289432,0.0230603282,0.0168428306,0.0019150729
2020-01-10,-0.0028551787,-0.0013424666,-0.0008706890,0.0046630911,0.0027029592,-0.0009002725
2020-01-14,0.0054511168,0.0045467126,-0.0019890766,0.0073205633,0.0086227980,0.0006261727
2020-01-15,0.0018701969,0.0026763096,-0.0017976775,-0.0045198367,-0.0038618743,-0.0013707042
2020-01-16,0.0083665530,-0.0043177894,-0.0002136728,0.0006920212,0.0038038083,0.0010642031
2020-01-17,0.0038621622,0.0085153742,0.0072006182,0.0045179591,0.0060028607,0.0102152882
2020-01-21,-0.0026519776,-0.0083261540,0.0021987246,-0.0073498319,-0.0368624162,-0.0089710687
2020-01-22,0.0002890761,-0.0050981240,-0.0029596121,0.0069889853,0.0127105517,-0.0057906567
2020-01-23,0.0011409766,-0.0084786788,-0.0094208666,-0.0098167669,-0.0152400877,-0.0065197258
2020-01-24,-0.0090421610,0.0104292663,0.0140613879,0.0013338789,0.0014519084,0.0087862645
2020-01-29,-0.0066970928,-0.0134985371,-0.0170645322,-0.0187927947,-0.0282296927,-0.0115150461
2020-01-30,0.0031343588,-0.0135763665,-0.0140786724,-0.0171796703,-0.0261960042,-0.0139582957
2020-01-31,-0.0177058204,-0.0130046058,-0.0133122134,0.0098978223,-0.0051608501,-0.0111431775
2020-02-03,0.0072546139,0.0055311288,0.0048698853,-0.0100512143,0.0016854875,0.0045071289
2020-02-04,0.0149804142,0.0154921315,0.0181331048,0.0049038259,0.0121030556,0.0175807745
2020-02-05,0.0112505959,0.0057394280,0.0148015125,0.0101786822,0.0041520410,0.0084835173
2020-02-06,0.0033256729,0.0029802612,0.0071589161,0.0237581363,0.0263921245,0.0088181699
2020-02-07,-0.0054008537,-0.0050766990,-0.0044944051,-0.0019104532,-0.0032527339,-0.0013961451
2020-02-10,0.0073263978,-0.0026518130,-0.0014636359,-0.0059593804,-0.0059454125,-0.0023351015
2020-02-12,0.0081620310,0.0117498558,0.0189528254,0.0073980669,0.0213763462,0.0148046784
2020-02-13,-0.0016304457,-0.0109364917,-0.0003164113,-0.0014031337,-0.0033662054,-0.0018985023
2020-02-14,0.0018435333,-0.0057568307,-0.0000887369,-0.0058814089,0.0030868954,-0.0039043972
2020-02-18,-0.0029199426,-0.0036576774,-0.0045851694,-0.0208458972,-0.0102604436,-0.0020645165
2020-02-19,0.0047057859,0.0101598483,0.0078801308,0.0089204197,0.0045626741,0.0089849809
2020-02-20,-0.0038155198,-0.0027356715,-0.0090651969,0.0033525140,-0.0016868206,-0.0080082647
2020-02-21,-0.0105181030,-0.0043971970,-0.0061965692,-0.0039358390,-0.0108786217,-0.0053741304
2020-02-25,-0.0627788298,-0.0521346865,-0.0580912195,-0.0334091058,-0.0152178022,-0.0580524513
2020-02-26,-0.0037785406,0.0035053361,-0.0012204655,-0.0079282217,-0.0073156044,0.0008573773
2020-02-27,-0.0441632426,-0.0349449908,-0.0318922703,-0.0213125366,0.0030763934,-0.0332391682
2020-02-28,-0.0082383404,-0.0317520758,-0.0385778772,-0.0366894968,-0.0242241562,-0.0337907038
2020-03-02,0.0460392290,0.0112907339,-0.0027315843,0.0095123451,0.0061902195,0.0044483168
2020-03-03,-0.0281078961,0.0095118325,0.0107539997,-0.0122445947,-0.0002608953,0.0111839652
2020-03-04,0.0422025908,0.0144979160,0.0118728540,0.0008220035,-0.0023873095,0.0132983414
2020-03-05,-0.0339220770,-0.0161688177,-0.0150870196,0.0108558264,0.0208144827,-0.0189921547
2020-03-06,-0.0170538520,-0.0362095935,-0.0337261668,-0.0271632943,-0.0232068984,-0.0414075899
2020-03-09,-0.0759696975,-0.0768731293,-0.0794369176,-0.0506507420,-0.0423078345,-0.0839055242
2020-03-10,0.0493963063,-0.0009386184,-0.0140733197,0.0085466992,0.0140591992,-0.0151447862
2020-03-11,-0.0488684451,-0.0140431852,-0.0035139689,-0.0227037745,-0.0063365296,-0.0056851588
2020-03-12,-0.0951126810,-0.1087381945,-0.1223861487,-0.0441093437,-0.0365628307,-0.1227677437
2020-03-13,0.0928712497,0.0245537179,0.0077446992,-0.0608083257,-0.0113603751,0.0183222279
2020-03-16,-0.1198405524,-0.0400663417,-0.0530573905,-0.0246119252,-0.0403338521,-0.0575228757
2020-03-17,0.0599548497,0.0279163289,0.0225170419,0.0005581821,0.0086786284,0.0284223126
2020-03-18,-0.0518307627,-0.0404728718,-0.0556420300,-0.0167520809,-0.0417779151,-0.0593569635
2020-03-19,0.0047078080,0.0139747271,0.0199864396,-0.0103859251,-0.0261391598,0.0268080424
2020-03-23,-0.0713832123,-0.0306118861,0.0151816701,0.0202351632,-0.0005988264,0.0152535491
2020-03-24,0.0938277398,0.0905304685,0.1097589996,0.0713279284,0.0445867229,0.0838947686
2020-03-25,0.0115350114,0.0444730436,0.0179050765,0.0803810053,0.0381097179,0.0446884297
2020-03-26,0.0624141633,0.0224148229,0.0128313614,-0.0451244645,-0.0074318103,0.0251066666
2020-03-27,-0.0336873526,-0.0525130905,-0.0368405064,0.0388344831,0.0056499457,-0.0422772000
2020-03-30,0.0335160095,0.0096910137,0.0190448817,-0.0157023177,-0.0131649738,0.0062092593
2020-03-31,-0.0160127219,0.0194654278,0.0122117448,-0.0088006914,0.0184841024,0.0040219966
2020-04-01,-0.0441424303,-0.0383286147,-0.0393615286,-0.0450176650,-0.0219328419,-0.0429651324
2020-04-02,0.0228293472,0.0046933042,0.0027313772,-0.0136553475,0.0084151979,0.0032609801
2020-04-03,-0.0151371251,-0.0118061737,-0.0047070972,0.0000824274,-0.0018879320,-0.0157262527
2020-04-06,0.0703313187,0.0308189276,0.0576751714,0.0424300387,0.0220781266,0.0461081638
2020-04-07,-0.0016030528,0.0218723309,0.0279429802,0.0201266609,0.0212289946,0.0211980930
2020-04-08,0.0340564529,-0.0046980112,-0.0022990476,0.0212694842,-0.0116652187,0.0010093979
2020-04-09,0.0144874102,0.0290610625,0.0224381169,-0.0003860182,0.0137653674,0.0144280227
2020-04-14,0.0201590027,-0.0087973692,0.0124772908,0.0151475502,0.0055583736,0.0037853619
2020-04-15,-0.0220304385,-0.0334293882,-0.0389657817,-0.0045176210,-0.0118705052,-0.0376200976
2020-04-16,0.0058166895,0.0054843428,0.0021187532,-0.0132935770,-0.0057522746,-0.0008177050
2020-04-17,0.0267935948,0.0281785410,0.0314749283,0.0314698952,0.0155604345,0.0342170412
2020-04-20,-0.0178810480,0.0044582348,0.0047168411,-0.0114659319,-0.0020500602,0.0065103302
2020-04-21,-0.0306747957,-0.0295554312,-0.0399077142,-0.0197436317,-0.0220496638,-0.0377271495
2020-04-22,0.0229302477,0.0229746672,0.0161154232,-0.0074078996,0.0041947751,0.0124705320
2020-04-23,-0.0005394221,0.0097043633,0.0094824271,0.0152310068,0.0035139863,0.0088853069
2020-04-24,0.0139180573,-0.0127690078,-0.0169016306,-0.0086178221,-0.0060886802,-0.0129589251
2020-04-27,0.0147140698,0.0164458131,0.0313368397,0.0270595319,0.0188327947,0.0254795794
2020-04-28,-0.0052423807,0.0191045014,0.0127241813,-0.0006081543,0.0121836326,0.0143233191
2020-05-07,0.0062164251,-0.0037761182,-0.0033680621,-0.0048767891,-0.0242240814,-0.0149569449
2020-05-11,0.0170068621,0.0006233483,0.0061082867,0.0363862267,0.0259138173,-0.0024924750
2020-05-12,-0.0205003175,0.0092764967,-0.0005071815,-0.0011858217,-0.0144858134,-0.0039464022
2020-05-13,-0.0174627246,-0.0151297308,-0.0255871199,-0.0048820260,-0.0026965178,-0.0285186819
2020-05-14,0.0115248227,-0.0275402000,-0.0195055728,-0.0173814872,-0.0144977745,-0.0165296055
2020-05-15,0.0039263633,0.0101541069,0.0123972283,0.0061608218,-0.0013541705,0.0010530923
2020-05-18,0.0315011916,0.0428980829,0.0567310612,0.0048039878,0.0057694715,0.0515963202
2020-05-19,-0.0104843992,-0.0076711804,0.0014847739,0.0148863992,0.0189415372,-0.0089321147
2020-05-20,0.0166511003,0.0108293622,0.0134009964,0.0079135524,0.0004845947,0.0087075885
2020-05-21,-0.0077735964,-0.0085542571,-0.0140577647,-0.0020800938,-0.0049147611,-0.0114587535
2020-05-22,0.0023537113,-0.0036573406,0.0007175565,-0.0079869555,-0.0555966657,-0.0002002354
2020-05-26,0.0122891840,0.0124305478,0.0389006074,0.0433099288,0.0198219252,0.0363770933
2020-05-27,0.0148272972,0.0126075353,0.0133024502,0.0069606208,-0.0035621976,0.0179104857
2020-05-28,-0.0021079145,0.0121250594,0.0105886714,0.0232071866,-0.0072356126,0.0176273153
2020-05-29,0.0048123358,-0.0228661014,-0.0164908014,-0.0017530287,-0.0074046099,-0.0159178338
2020-06-02,0.0119928684,0.0236151792,0.0374934239,0.0204644386,0.0450523733,0.0348274657
2020-06-03,0.0136489791,0.0260927963,0.0387712513,0.0129067201,0.0137389781,0.0336305144
2020-06-04,-0.0033687022,-0.0064239159,-0.0045486620,0.0036252472,0.0016723784,-0.0020707120
2020-06-05,0.0262116508,0.0225344411,0.0335560209,0.0074018398,0.0165847651,0.0370731845
2020-06-08,0.0120415794,-0.0018043131,-0.0021863749,0.0137496871,0.0002567327,-0.0042845170
2020-06-09,-0.0077991708,-0.0211506814,-0.0157259017,-0.0037565769,0.0113191178,-0.0155366332
2020-06-10,-0.0053130911,-0.0010417314,-0.0069607027,0.0014689653,-0.0002989252,-0.0081823440
2020-06-11,-0.0589440593,-0.0398792717,-0.0446818006,-0.0281963457,-0.0227379723,-0.0470611641
2020-06-12,0.0130608440,0.0046900454,-0.0017551593,-0.0074502895,-0.0073026321,0.0049131297
2020-06-15,0.0083122170,-0.0066336891,-0.0031743053,-0.0347238093,-0.0215803227,-0.0048642875
2020-06-16,0.0189623982,0.0293665975,0.0339433028,0.0488256095,0.0238525397,0.0283944540
2020-06-17,-0.0036002996,0.0016819376,0.0053979642,-0.0055995922,0.0056408070,0.0087855842
2020-06-18,0.0005942199,-0.0046694878,-0.0081253626,-0.0044665079,-0.0006727841,-0.0074500474
2020-06-19,-0.0056494948,0.0110056071,0.0040084168,0.0055166890,0.0073145970,0.0041744785
2020-06-22,0.0064950955,-0.0076280074,-0.0054976368,-0.0018470537,-0.0053786467,-0.0061753806
2020-06-23,0.0043074196,0.0120904460,0.0212664668,0.0049819453,0.0161557876,0.0139390098
2020-06-24,-0.0258551459,-0.0310754417,-0.0343203115,-0.0006532634,-0.0050491047,-0.0291609484
2020-06-26,-0.0135329713,0.0058134148,-0.0003762861,-0.0009869494,-0.0093452412,0.0078582315
2020-06-29,0.0146856784,0.0107966818,0.0118062593,-0.0229672697,-0.0101307958,0.0072958146
2020-06-30,0.0154098757,-0.0090108277,0.0064428382,0.0133258032,0.0051812151,-0.0019148323
2020-07-02,0.0095861904,0.0114591803,0.0241679776,-0.0063791632,0.0285337780,0.0229720164
2020-07-06,0.0158817259,0.0072911994,0.0099132039,0.0256696251,0.0483586030,0.0063631344
2020-07-07,-0.0108185320,-0.0152722763,-0.0091609414,-0.0043914797,-0.0138007438,-0.0074347560
2020-07-08,0.0078274619,-0.0054443057,-0.0096688730,-0.0077842795,0.0059101301,-0.0124114689
2020-07-09,-0.0056436062,-0.0173158920,-0.0004281465,0.0040393994,0.0030992350,-0.0120695743
2020-07-10,0.0104662013,0.0075707161,0.0115497388,-0.0105852659,-0.0184184300,0.0100528585
2020-07-13,-0.0093625411,0.0132559462,0.0131600113,0.0221584445,0.0017377958,0.0172518550
2020-07-14,0.0134063708,0.0005828194,-0.0080163764,-0.0086781972,-0.0114165434,-0.0096455303
2020-07-15,0.0090820507,0.0182692634,0.0183991090,0.0158715225,0.0001448100,0.0202737556
2020-07-16,-0.0034061012,-0.0066744003,-0.0043315155,-0.0076328964,-0.0200494092,-0.0046389290
2020-07-17,0.0028486122,0.0063352278,0.0034672412,-0.0032471799,0.0047447816,-0.0031187789
2020-07-20,0.0084069387,-0.0045784471,0.0098539791,0.0009279237,-0.0012427548,0.0046869769
2020-07-21,0.0016790373,0.0013096215,0.0095739191,0.0073397327,0.0230533222,0.0021793082
2020-07-22,0.0057470821,-0.0099845440,-0.0051306521,-0.0057948807,-0.0225358231,-0.0131575209
2020-07-27,-0.0111751782,-0.0164650471,-0.0202674586,-0.0015717466,-0.0181451347,-0.0193562984
2020-07-28,-0.0064733922,0.0039967735,-0.0002632582,-0.0025739187,0.0068893310,-0.0021621452
2020-07-29,0.0124283817,0.0003589636,-0.0010144311,-0.0114872715,0.0044557353,0.0060459842
2020-07-30,-0.0037502519,-0.0230775504,-0.0345188277,-0.0025842132,-0.0069344454,-0.0213361233
2020-07-31,0.0076705050,-0.0153923531,-0.0053547586,-0.0281670611,-0.0046635971,-0.0142697006
2020-08-03,0.0071810234,0.0229068639,0.0270941569,0.0223574786,-0.0055790526,0.0192822352
2020-08-04,0.0036119304,0.0005138653,-0.0036459574,0.0170431541,0.0199729081,0.0027871285
2020-08-05,0.0064297431,0.0113817421,0.0047123637,-0.0026052730,0.0062496697,0.0089619889
2020-08-06,0.0064276956,-0.0127443266,-0.0054161895,-0.0042949085,-0.0068502626,-0.0097722765
2020-08-07,0.0006330295,0.0008794394,0.0066075534,-0.0039348000,-0.0160028742,0.0008986735
2020-08-11,-0.0052487670,0.0202413059,0.0214605399,0.0188222983,0.0146366428,0.0283197971
2020-08-12,0.0139965495,0.0204410407,0.0086306625,0.0041195478,0.0141956687,0.0090135068
2020-08-13,-0.0020471744,-0.0150475309,-0.0049714191,0.0177573600,-0.0005288227,-0.0060966461
2020-08-14,-0.0001718826,-0.0154552664,-0.0071088332,0.0017097061,-0.0018889770,-0.0157563906
2020-08-17,0.0027098425,0.0061411991,0.0014975431,-0.0082702736,0.0065254344,0.0018154125
2020-08-18,0.0023033892,-0.0082905972,-0.0030107123,-0.0019773311,0.0007906556,-0.0068142180
2020-08-19,-0.0044043954,0.0058256100,0.0074190417,0.0025824949,-0.0074296477,0.0079322490
2020-08-20,0.0031586328,-0.0161485922,-0.0113528805,-0.0099517166,-0.0153906396,-0.0132583277
2020-08-21,0.0034411070,-0.0018957815,-0.0050818547,0.0017342905,0.0130064999,-0.0030359248
2020-08-24,0.0100437183,0.0171279586,0.0236384619,0.0028450318,0.0174302391,0.0227844236
2020-08-25,0.0035963512,-0.0110898477,-0.0003765283,0.0135415646,-0.0025579387,0.0000758569
2020-08-26,0.0101956261,0.0014245648,0.0098403010,-0.0002536899,0.0002184851,0.0080187682
2020-08-27,0.0016730440,-0.0075426917,-0.0071106118,-0.0035206945,-0.0082630007,-0.0064297138
2020-08-28,0.0067325654,-0.0060666504,-0.0048227259,-0.0140553648,0.0055737241,-0.0025977573
2020-09-01,0.0053135232,-0.0170199206,-0.0045230791,0.0111621651,-0.0093309092,-0.0129603482
2020-09-02,0.0153659102,0.0134593236,0.0207472253,0.0047143118,-0.0025713779,0.0189627863
2020-09-03,-0.0351258437,-0.0151658134,-0.0140190389,0.0093937925,-0.0044780984,-0.0044160099
2020-09-04,-0.0081330273,-0.0088533056,-0.0164736691,-0.0110843274,-0.0124822212,-0.0088731446
2020-09-08,-0.0277563421,0.0226241494,0.0097853498,0.0029605645,-0.0028794526,0.0017019288
2020-09-09,0.0201449863,0.0139116070,0.0207335780,-0.0103802715,-0.0063112415,0.0139659558
2020-09-10,-0.0175847966,-0.0015799628,-0.0021394473,0.0088106500,-0.0063505281,-0.0037774897
2020-09-11,0.0005330722,0.0047974104,-0.0004580101,0.0073602783,0.0078051773,0.0020322657
2020-09-14,0.0127418291,-0.0009615711,-0.0006952813,0.0065285545,0.0055898059,0.0035238880
2020-09-15,0.0052193596,0.0131424253,0.0018197957,-0.0044318020,0.0037532232,0.0031770931
2020-09-16,-0.0046189466,-0.0044222422,0.0028522573,0.0008799304,-0.0002882374,0.0012805516
2020-09-17,-0.0084123659,-0.0047051242,-0.0035645930,-0.0066520398,-0.0155620397,-0.0068815594
2020-09-18,-0.0111825818,-0.0070744649,-0.0069555786,0.0017552636,0.0047065139,-0.0121678389
2020-09-23,-0.0248684427,-0.0179454797,-0.0360835051,-0.0005911973,-0.0291510298,-0.0353382971
2020-09-24,0.0029874591,-0.0129676407,-0.0028790241,-0.0110796064,-0.0181716026,-0.0082543741
2020-09-25,0.0159767238,0.0034176670,-0.0108967081,0.0050588937,-0.0032452560,-0.0069205522
2020-09-28,0.0161105902,0.0145822486,0.0322129660,0.0132301245,0.0103562088,0.0240207244
2020-09-29,-0.0048126645,-0.0051282752,-0.0035001367,0.0011688038,-0.0085415339,-0.0023125275
2020-09-30,0.0082537182,-0.0053242734,-0.0050749069,-0.0150379783,0.0078847395,-0.0059249729
2020-10-05,0.0135593511,0.0130921402,0.0052958647,0.0054785780,0.0131603158,0.0142460771
2020-10-06,-0.0139735157,0.0011778761,0.0060576930,0.0052157305,0.0089562887,0.0048420510
2020-10-07,0.0173967549,-0.0006050686,0.0017473072,-0.0004655749,0.0109341899,-0.0027494783
2020-10-08,0.0080101236,0.0053310792,0.0087898078,0.0095739965,-0.0020422412,0.0061327205
2020-10-09,0.0087935331,0.0064737697,0.0006916395,-0.0011578965,-0.0030677335,0.0070990520
2020-10-12,0.0164158130,-0.0025429708,0.0066798060,-0.0025825911,0.0219970127,0.0065658435
2020-10-14,-0.0128882891,-0.0110473899,-0.0083990821,0.0028881494,0.0007063035,-0.0075572788
2020-10-15,-0.0015277553,-0.0172870038,-0.0248931599,-0.0050578306,-0.0206165699,-0.0210941730
2020-10-16,0.0001349196,0.0149335787,0.0161558779,-0.0041093573,0.0094480051,0.0203496788
2020-10-19,-0.0163298618,-0.0058956520,-0.0042087008,0.0111274233,0.0063752019,0.0013696203
2020-10-20,0.0047273341,0.0007646949,-0.0091569874,-0.0043974155,0.0011115234,-0.0026990405
2020-10-21,-0.0021956999,-0.0191367574,-0.0140779813,0.0030730154,0.0075247997,-0.0152820682
2020-10-22,0.0052189254,0.0015926937,-0.0011610524,-0.0069879515,0.0012810212,-0.0005295301
2020-10-23,0.0034457614,0.0128937910,0.0081870320,0.0018028383,0.0053517202,0.0120090068
2020-10-27,-0.0215588904,-0.0224049637,-0.0460375769,-0.0013092486,-0.0052807500,-0.0364548064
2020-10-28,-0.0352878788,-0.0255193219,-0.0417008012,-0.0028651787,-0.0031624671,-0.0337246883
2020-10-29,0.0119473309,-0.0001791216,0.0032490390,-0.0036966619,-0.0049456537,-0.0003172516
2020-10-30,-0.0121295501,-0.0008061916,-0.0035859279,-0.0152069910,-0.0194894656,0.0053768243
2020-11-02,0.0123182026,0.0139315077,0.0200579930,0.0138550636,0.0146257810,0.0210916054
2020-11-04,0.0402387596,0.0403713182,0.0454637522,0.0171599809,0.0174215327,0.0493931015
2020-11-05,0.0194601941,0.0038924399,0.0197878748,0.0173051209,0.0325393684,0.0124196625
2020-11-06,-0.0002877152,0.0006433586,-0.0070074541,0.0091246058,0.0006635599,-0.0046369175
2020-11-09,0.0116998892,0.0467512360,0.0493549064,0.0211553751,0.0117916837,0.0756801112
2020-11-10,-0.0013997946,0.0178782311,0.0051268158,0.0026469575,0.0109666622,0.0154882753
2020-11-11,0.0076518553,0.0135304986,0.0040316714,0.0178277153,-0.0028325402,0.0048422016
2020-11-12,-0.0099785323,-0.0067689624,-0.0123507319,0.0067567635,-0.0021961968,-0.0151766667
2020-11-13,0.0136103354,-0.0035495118,0.0018210083,-0.0052902453,-0.0004784784,0.0032802057
2020-11-16,0.0116480512,0.0166075461,0.0047328861,0.0205256138,0.0085947072,0.0169734397
2020-11-17,-0.0047919257,-0.0087209758,-0.0003912609,0.0041567818,0.0012667857,0.0021054668
2020-11-18,-0.0115638296,0.0031263870,0.0052095846,-0.0110122126,0.0048911141,0.0051888009
2020-11-19,0.0039464425,-0.0079559437,-0.0087661309,-0.0036458438,-0.0070568234,-0.0066752012
2020-11-20,-0.0067925629,0.0026995608,0.0039041127,-0.0041729455,0.0035879829,0.0038778627
2020-11-24,0.0218886849,0.0127056908,0.0118130073,0.0250014288,0.0051664350,0.0113775537
2020-11-25,-0.0015844182,-0.0063897417,-0.0001986561,0.0050168764,0.0030671796,0.0023154273
2020-11-27,0.0023969792,-0.0036769883,0.0034522629,0.0132278748,0.0084338881,0.0048265548
2020-11-30,-0.0045955486,-0.0159243515,-0.0033383774,-0.0079224653,-0.0205687318,-0.0142243316
2020-12-01,0.0112711872,0.0189109821,0.0068571628,0.0133890074,0.0085868131,0.0114324115
2020-12-02,0.0017911668,0.0123262964,-0.0051605159,0.0005017783,-0.0013211394,0.0002453811
2020-12-03,-0.0006241572,0.0041618812,-0.0045353259,0.0003129987,0.0073841263,-0.0015493260
2020-12-04,0.0088362751,0.0092292178,0.0034784649,-0.0021682310,0.0040189282,0.0062410824
2020-12-07,-0.0019356377,0.0007938241,-0.0021024171,-0.0076183676,-0.0122623079,-0.0063770839
2020-12-08,0.0027871481,0.0005186415,0.0005644062,-0.0030270104,-0.0076315770,-0.0022804763
2020-12-09,-0.0079492016,0.0008385681,0.0046518490,0.0132564444,0.0075378297,-0.0024907247
2020-12-10,-0.0012851081,0.0054080406,-0.0033379633,-0.0023006696,-0.0034807591,0.0005102163
2020-12-11,-0.0012649973,-0.0080305466,-0.0136457838,-0.0038765052,0.0036076172,-0.0075860817
2020-12-14,-0.0043592590,-0.0022911958,0.0083008893,0.0029985879,-0.0043895791,0.0036840410
2020-12-15,0.0129212492,-0.0028322975,0.0105655501,-0.0016683704,-0.0069054106,0.0004468680
2020-12-16,0.0017727952,0.0088434587,0.0151996053,0.0026064510,0.0096538028,0.0031408939
2020-12-17,0.0057576548,-0.0030132562,0.0074649622,0.0018413422,0.0082422303,0.0003208161
2020-12-18,-0.0035111185,-0.0033429351,-0.0026881951,-0.0016144973,-0.0067388366,-0.0038958957
2020-12-21,-0.0039062791,-0.0172916111,-0.0281874976,-0.0018297645,-0.0072426439,-0.0243313851
2020-12-23,-0.0013288277,0.0123903188,0.0257378037,-0.0070984457,0.0013844363,0.0248918117
2020-12-29,0.0100352111,0.0164568481,0.0128171384,0.0393353299,0.0085559645,0.0152327140
2020-12-30,0.0013415472,-0.0071032137,-0.0030955914,-0.0044972357,0.0217783975,-0.0022060488
2021-01-04,-0.0084109861,0.0024558556,0.0005802237,-0.0067697097,0.0119976373,-0.0018663029
2021-01-05,0.0070825952,0.0061473703,-0.0055017074,-0.0036594250,0.0064445109,-0.0043585682
2021-01-06,0.0057098427,0.0347231832,0.0176357868,-0.0037811702,0.0015349592,0.0118606906
2021-01-07,0.0148474038,0.0022070036,0.0054902587,0.0160479146,-0.0051921020,0.0069708378
2021-01-08,0.0054918627,0.0023771044,0.0058196335,0.0236047780,0.0119680178,0.0065309990
2021-01-12,-0.0061416878,-0.0173424280,-0.0088594210,0.0008994819,0.0142953634,-0.0097968889
2021-01-13,0.0022756417,-0.0012733151,0.0010520882,0.0103765968,-0.0014552730,0.0020703891
2021-01-14,-0.0037534512,0.0083759543,0.0035144371,0.0084925820,0.0092528499,0.0032617502
2021-01-15,-0.0071900280,-0.0097471045,-0.0143665761,-0.0062401023,0.0027020521,-0.0122246932
2021-01-19,0.0081363795,-0.0033701315,0.0019821320,0.0040071717,0.0373915161,-0.0023308626
2021-01-20,0.0139356254,0.0040816181,0.0076952652,-0.0038486850,0.0108018484,0.0053281223
2021-01-21,0.0003167233,-0.0037089787,-0.0010559446,0.0081897936,-0.0011584805,-0.0066892252
2021-01-22,-0.0030106117,-0.0030228735,-0.0023514037,-0.0043610519,-0.0160356191,-0.0055842224
2021-01-25,0.0036158389,-0.0083942278,-0.0165792153,0.0066653924,0.0241498162,-0.0156864584
2021-01-26,-0.0014888337,0.0022744879,0.0166403450,-0.0095797171,-0.0254567377,0.0093488289
2021-01-27,-0.0256778837,-0.0130147427,-0.0180614555,0.0031188499,-0.0031890592,-0.0115686921
2021-01-28,0.0097606260,-0.0062733666,0.0033383400,-0.0152885556,-0.0254888307,0.0093229751
2021-01-29,-0.0193114752,-0.0181882553,-0.0170540589,-0.0189389419,-0.0093538142,-0.0201995562
2021-02-01,0.0160517676,0.0091923375,0.0140810871,0.0154594266,0.0215370762,0.0115702511
2021-02-02,0.0138982235,0.0077787167,0.0156467714,0.0096514418,0.0123158404,0.0185711510
2021-02-03,0.0010087691,-0.0013657818,0.0071173536,0.0100249762,0.0020090370,-0.0000107959
2021-02-04,0.0108533222,-0.0006299532,0.0090902484,-0.0106313435,-0.0066181420,0.0081772114
2021-02-05,0.0038974952,-0.0022141843,-0.0002539288,0.0154273170,0.0060171291,0.0090433029
2021-02-08,0.0073993484,0.0052702443,0.0002269683,0.0211719148,0.0010512941,0.0047303041
2021-02-09,-0.0011135250,0.0012416797,-0.0034218107,0.0039957700,0.0053452108,0.0009690864
2021-02-10,-0.0003451849,-0.0011023632,-0.0056259780,0.0019318151,0.0190842595,-0.0036440461
2021-02-16,0.0058084150,0.0344092949,0.0094473673,0.0306065847,0.0235675634,0.0204080526
2021-02-17,-0.0003204020,-0.0056305473,-0.0110440455,-0.0057621763,0.0110021477,-0.0035755353
2021-02-18,-0.0044158356,-0.0139623163,-0.0016061119,-0.0018519496,-0.0157526420,-0.0065055164
2021-02-19,-0.0018548966,0.0010275954,0.0076547360,-0.0072155468,0.0016166204,0.0078940504
2021-02-22,-0.0077328395,-0.0017813715,-0.0030865231,0.0046008976,-0.0106021618,-0.0010582507
2021-02-24,0.0126221931,0.0070777961,0.0018609238,-0.0160608041,-0.0198414649,0.0052952505
2021-02-25,-0.0244788075,-0.0010512089,-0.0069168519,0.0167354862,0.0119768090,-0.0024301298
2021-02-26,-0.0047502142,-0.0253457754,-0.0067034964,-0.0398517974,-0.0363753675,-0.0139473468
2021-03-01,0.0237907635,0.0162106455,0.0164315616,0.0240796106,0.0162993767,0.0157051316
2021-03-02,-0.0080808517,0.0038399946,0.0019253435,-0.0086075506,-0.0121113687,0.0029243148
2021-03-03,-0.0130662219,0.0093290086,0.0028654589,0.0051322367,0.0269646803,0.0034993155
2021-03-04,-0.0134172139,-0.0036851318,-0.0016825553,-0.0212790729,-0.0215402214,0.0001011728
2021-03-05,0.0194959682,-0.0030672394,-0.0096504080,-0.0022740689,-0.0047371823,-0.0082323585
2021-03-08,-0.0053592310,0.0133625062,0.0330601222,-0.0041944626,-0.0191577925,0.0208105858
2021-03-09,0.0141546423,0.0016668463,0.0039656929,0.0099045673,0.0081427341,0.0037235333
2021-03-10,0.0060303133,-0.0006982909,0.0070861610,0.0002969930,0.0046671528,0.0110683408
2021-03-11,0.0103954870,0.0016950015,0.0020040679,0.0060296425,0.0165385980,0.0072130209
2021-03-12,0.0010153985,0.0036366335,-0.0045986827,0.0173283473,-0.0219797610,0.0021197462
2021-03-15,0.0064919213,-0.0017451460,-0.0028250328,0.0016535738,0.0032720938,-0.0017496903
2021-03-16,-0.0015696837,0.0079855254,0.0066494270,0.0051775218,0.0067257856,0.0032239988
2021-03-17,0.0028793821,-0.0060115089,0.0026810963,-0.0002259198,0.0002215019,-0.0001007941
2021-03-18,-0.0147605393,0.0025137888,0.0122568991,0.0101095335,0.0127987889,0.0013163422
2021-03-19,-0.0006027040,-0.0104724395,-0.0104578070,-0.0140550926,-0.0141054611,-0.0106931096
2021-03-22,0.0070251181,0.0025936324,0.0024765721,-0.0207404450,-0.0036425039,-0.0049150012
2021-03-23,-0.0076308542,-0.0039993313,0.0003281368,-0.0061091914,-0.0134309995,-0.0038837654
2021-03-24,-0.0054673360,0.0020449765,-0.0035213350,-0.0203614989,-0.0203260867,0.0003347576
2021-03-25,0.0052402658,-0.0056756541,0.0007508837,0.0114189543,-0.0006637709,0.0008609160
2021-03-26,0.0166312026,0.0098580175,0.0087255956,0.0155523917,0.0156568612,0.0061151536
2021-03-29,-0.0008680127,-0.0006527464,0.0046633382,0.0071228178,0.0000660314,0.0044582658
2021-03-30,-0.0031578329,0.0053293996,0.0128825911,0.0016396282,0.0084408455,0.0120572115
2021-03-31,0.0036224990,-0.0086383838,-0.0000180235,-0.0086264068,-0.0069687828,-0.0034181869
2021-04-01,0.0118252018,0.0035301041,0.0065850107,0.0071993486,0.0197471182,0.0058890104
2021-04-07,0.0149457152,0.0219672575,0.0045799730,0.0116343341,-0.0091206269,0.0045388132
2021-04-08,0.0042206328,0.0082640397,0.0017342324,-0.0007335357,0.0116223835,0.0057188064
2021-04-09,0.0077199343,-0.0038028852,0.0020707184,0.0019886269,-0.0106614996,0.0005984607
2021-04-12,-0.0001960788,-0.0038606825,-0.0012577100,-0.0077038972,-0.0085551130,-0.0012529529
2021-04-13,0.0032944868,0.0002032054,0.0012724516,0.0072067724,0.0015453650,0.0036386053
2021-04-14,-0.0040877267,0.0071257670,-0.0016548093,-0.0043903218,0.0141620710,0.0039585356
2021-04-15,0.0110941905,0.0063259989,0.0030363095,0.0007325622,-0.0037261716,0.0041168928
2021-04-16,0.0036088196,0.0051550082,0.0133999016,0.0013723346,0.0061323742,0.0084902948
2021-04-19,-0.0053065601,-0.0027637157,-0.0059095620,0.0000673778,0.0047097278,0.0015301432
2021-04-20,-0.0068023198,-0.0200283129,-0.0155435858,-0.0197062829,0.0010162827,-0.0208967059
2021-04-21,0.0093060555,0.0051604109,0.0043927372,-0.0203375372,-0.0176350666,0.0073704999
2021-04-22,-0.0092106575,0.0062216861,0.0081962393,0.0238391332,0.0046614595,0.0091344538
2021-04-23,0.0109286965,0.0000576378,-0.0026695840,-0.0057399646,0.0112469600,-0.0014902548
2021-04-26,0.0017822709,0.0035309716,0.0010942501,0.0036387772,-0.0043303072,0.0028092437
2021-04-27,-0.0002148959,-0.0025994309,-0.0030772272,-0.0046123320,-0.0003899797,-0.0002804953
2021-04-28,-0.0008455399,0.0026926127,0.0028139155,0.0021412911,0.0044849302,0.0052951047
2021-04-30,-0.0004805564,0.0008759150,-0.0102189181,-0.0083066045,-0.0119175444,-0.0059457934
2021-05-06,0.0048910223,0.0152659178,0.0040189244,0.0180038499,-0.0030433519,0.0139740239
2021-05-07,0.0073733416,0.0075605549,0.0133522159,0.0009018049,-0.0009362054,0.0044705868
2021-05-10,-0.0104356473,-0.0008415501,0.0000493366,0.0054676924,-0.0005239390,0.0000752436
2021-05-11,-0.0086739128,-0.0246641760,-0.0182242001,-0.0308198227,-0.0203474795,-0.0185719197
2021-05-12,-0.0214494007,0.0081462432,0.0020152269,-0.0161168405,0.0077543366,0.0019082841
2021-05-13,0.0121731414,-0.0058961671,0.0032646365,-0.0248512215,-0.0181491421,0.0014300812
2021-05-14,0.0149179569,0.0115319310,0.0142739824,0.0231878720,0.0111441275,0.0153951935
2021-05-17,-0.0025300522,-0.0015191373,-0.0012985665,-0.0092449891,0.0059412760,-0.0027861627
2021-05-18,-0.0085172930,0.0001848872,-0.0006520937,0.0209169207,0.0141774643,-0.0021484881
2021-05-20,0.0075802634,-0.0020471966,-0.0010606849,-0.0108632233,-0.0050193200,-0.0015880340
2021-05-21,-0.0007838807,-0.0002421304,0.0043753327,0.0078147243,0.0002864783,0.0067517203
2021-05-25,0.0077649441,0.0016670761,0.0017865626,0.0083392827,0.0158975661,0.0006043870
2021-05-26,0.0018768166,-0.0004125156,-0.0009291971,0.0030892010,0.0088254170,0.0002081411
2021-05-27,0.0011653145,-0.0010245922,-0.0028470685,-0.0032532320,-0.0018106881,0.0069012239
2021-05-28,0.0007688819,0.0004131091,0.0073506835,0.0210305154,0.0003850809,0.0075205226
2021-06-01,-0.0004923335,0.0082447956,0.0030528313,-0.0114949260,0.0117973151,0.0008158466
2021-06-02,0.0014469348,0.0038839065,0.0022707517,0.0045741385,-0.0057818942,0.0049496283
2021-06-03,-0.0036287033,-0.0061339473,0.0019201768,0.0038681754,-0.0113179792,-0.0020854184
2021-06-04,0.0088340957,0.0006511661,0.0038528587,-0.0040122997,-0.0016546862,0.0011893561
2021-06-07,-0.0007967387,0.0011600220,-0.0010036386,0.0026854396,-0.0045238212,0.0042819763
2021-06-08,0.0001750249,0.0025292350,-0.0023314684,-0.0019187162,-0.0002048974,0.0011384792
2021-06-09,-0.0018238673,-0.0019873007,-0.0038016420,-0.0035478982,-0.0013463565,0.0018990095
2021-06-10,0.0046522430,0.0010168331,-0.0006366622,0.0033872853,-0.0001304682,-0.0025840009
2021-06-11,0.0019484347,0.0064755370,0.0078381660,-0.0003394533,0.0035926938,0.0082746510
2021-06-15,-0.0002001435,0.0053825853,0.0023099074,0.0170152647,-0.0070591720,0.0058872692
2021-06-16,-0.0053901246,0.0017427675,-0.0012046915,-0.0051047682,-0.0070425912,0.0019775349
2021-06-17,-0.0004357156,-0.0043980651,0.0010884143,-0.0093093304,0.0042814181,0.0020457808
2021-06-18,-0.0131244688,-0.0189979456,-0.0177794857,-0.0018695080,0.0084976075,-0.0145658304
2021-06-21,0.0140022900,0.0063840121,0.0100465946,-0.0329080153,-0.0108422141,0.0050813014
2021-06-22,0.0051244919,0.0039222627,0.0021207033,0.0311735877,-0.0062915594,0.0013570476
2021-06-23,-0.0010832833,-0.0022425814,-0.0115078429,-0.0003199070,0.0179199877,-0.0091401612
2021-06-24,0.0058112497,0.0050748366,0.0085945569,0.0000117695,0.0022691628,0.0122239696
2021-06-25,0.0033305973,0.0036708998,0.0012020643,0.0066129072,0.0140486563,-0.0012486198
2021-06-28,0.0023149643,-0.0088423784,-0.0034463188,-0.0006247865,-0.0006801342,-0.0097918420
2021-06-29,0.0002773362,0.0020642016,0.0087700000,-0.0081041723,-0.0093685374,0.0014349081
2021-06-30,0.0013281596,-0.0070686970,-0.0101685027,-0.0007316268,-0.0057304898,-0.0090751018
2021-07-02,0.0127608711,0.0121918017,0.0076652822,-0.0002865426,-0.0179523452,0.0069193240
2021-07-06,-0.0020218561,-0.0031445963,-0.0088632054,-0.0048663100,-0.0083912760,-0.0069252027
2021-07-07,0.0033589753,0.0070554575,0.0116901320,-0.0096449284,-0.0039981761,0.0031103030
2021-07-08,-0.0085610249,-0.0168227947,-0.0173373696,-0.0087749980,-0.0288794850,-0.0200667660
2021-07-09,0.0112779478,0.0129716393,0.0173332654,-0.0063165655,0.0070492130,0.0207434020
2021-07-12,0.0034511743,0.0004914419,0.0065387900,0.0224978583,0.0062426056,0.0045685648
2021-07-13,-0.0035168127,-0.0000981990,-0.0000551038,0.0052231650,0.0162880614,-0.0001188833
2021-07-14,0.0011649346,-0.0047019522,-0.0000417476,-0.0038216130,-0.0062921231,-0.0000137733
2021-07-15,-0.0032622409,-0.0111687998,-0.0100906017,-0.0115140781,0.0075144899,-0.0099140368
2021-07-16,-0.0075388542,-0.0005561755,-0.0057167325,-0.0097602068,0.0003004027,-0.0051252026
2021-07-19,-0.0158695124,-0.0233587125,-0.0261969926,-0.0125107611,-0.0183862267,-0.0254036887
2021-07-20,0.0151626094,0.0053620764,0.0054892115,-0.0095679515,-0.0083860003,0.0080813411
2021-07-21,0.0082418200,0.0170321177,0.0135532870,0.0058360928,-0.0012718590,0.0185335845
2021-07-26,0.0145938032,0.0038723831,0.0127398586,0.0103560717,-0.0379164624,0.0176534103
2021-07-27,-0.0047124448,-0.0041705533,-0.0063929004,0.0049197075,-0.0422219418,-0.0070957613
2021-07-28,-0.0001862619,0.0029302039,0.0033011173,-0.0138919371,0.0154446518,0.0118479923
2021-07-29,0.0042061530,0.0088076567,0.0045027458,0.0072787412,0.0330314591,0.0037008342
2021-07-30,-0.0054060481,-0.0065127851,-0.0061430430,-0.0179548822,-0.0134632986,-0.0031671665
2021-08-02,-0.0018428056,0.0070247845,0.0015658910,0.0182318269,0.0105839981,0.0095482278
2021-08-03,0.0082034265,0.0033890167,-0.0008767825,-0.0050102356,-0.0015620056,0.0071765840
2021-08-04,-0.0046323879,0.0025612827,0.0088106139,-0.0020892249,0.0088464233,0.0033344074
2021-08-05,0.0060054468,-0.0004913039,0.0033481777,0.0052218186,-0.0083953948,0.0051821478
2021-08-06,0.0016752662,0.0003651617,0.0010657749,0.0033150435,-0.0009650587,0.0052748883
2021-08-10,0.0000518380,0.0053348308,0.0005874945,0.0024482830,0.0162806918,0.0004767521
2021-08-11,0.0012757438,0.0082530509,0.0035115656,0.0065389555,0.0020499811,0.0055394590
2021-08-12,0.0041463803,-0.0037256966,0.0070402685,-0.0019768161,-0.0053390468,0.0035695560
2021-08-13,0.0016073067,0.0035450146,0.0025054519,-0.0013517442,-0.0047591080,0.0019716503
2021-08-16,0.0026208507,-0.0089628595,-0.0032364358,-0.0162261321,-0.0079630659,-0.0083047690
2021-08-17,-0.0070606988,0.0037881042,-0.0002373689,-0.0035867482,-0.0166374137,-0.0027680673
2021-08-18,-0.0107484707,-0.0016432431,0.0027647073,0.0058866935,0.0047052451,-0.0072919572
2021-08-19,0.0012566922,-0.0153989797,-0.0125366739,-0.0110469523,-0.0212888808,-0.0242565822
2021-08-20,0.0081415677,0.0041082889,0.0026786109,-0.0098206903,-0.0184311618,0.0030608633
2021-08-23,0.0085237904,0.0029769181,0.0028308380,0.0178057151,0.0104576282,0.0086008587
2021-08-24,0.0014957363,0.0023631741,0.0033470178,0.0086512438,0.0246252560,-0.0028115753
2021-08-25,0.0022201182,0.0034101846,-0.0028410587,-0.0002631906,-0.0013203828,0.0018261338
2021-08-26,-0.0058249188,-0.0035104540,-0.0042268127,0.0006307811,-0.0108297780,-0.0015652253
2021-08-27,0.0088076325,0.0032280702,0.0036805927,-0.0036460019,-0.0003068509,0.0023837482
2021-08-31,0.0029516447,-0.0039591221,-0.0010509979,0.0162221394,0.0185414687,-0.0002603662
2021-09-01,0.0003116886,0.0042276512,-0.0006820173,0.0128688644,0.0057691134,0.0117526419
2021-09-02,0.0028426384,0.0019720968,0.0010300497,0.0032508583,0.0023874264,0.0006495544
2021-09-03,-0.0003350311,-0.0035595137,-0.0037492069,0.0204809995,-0.0072225508,-0.0108071830
2021-09-07,-0.0033955744,0.0015409616,0.0039217327,0.0270539787,0.0174365221,0.0053930706
2021-09-08,-0.0013185667,-0.0075390806,-0.0146947074,0.0088604448,-0.0012408602,-0.0085012034
2021-09-09,-0.0046056087,-0.0100485948,0.0008244642,-0.0057327549,-0.0229828389,0.0023737200
2021-09-10,-0.0077225788,0.0007118248,-0.0008539136,0.0124516140,0.0190507916,-0.0031340422
2021-09-13,0.0022764876,0.0055766952,0.0058687680,0.0021568574,-0.0149622588,0.0019748815
2021-09-14,-0.0057466385,-0.0048525558,0.0013737810,0.0073152615,-0.0120702861,-0.0035884696
2021-09-15,0.0084739970,-0.0025021108,-0.0068047002,-0.0051642699,-0.0183913141,-0.0104239303
2021-09-16,-0.0015511404,0.0015677332,0.0022893186,-0.0061737309,-0.0145950645,0.0059191943
2021-09-17,-0.0091108725,-0.0090928356,-0.0103234513,0.0058275552,0.0102526228,-0.0079122977
2021-09-21,-0.0177758779,0.0024986935,-0.0091438408,-0.0216504506,-0.0280577603,-0.0026574515
2021-09-24,0.0232626597,0.0100988397,0.0119372815,0.0137099052,-0.0012129248,0.0130830937
2021-09-27,-0.0027763826,0.0016875704,0.0027125007,-0.0002892676,0.0006869639,0.0018754644
2021-09-28,-0.0203641106,-0.0049975656,-0.0208888418,-0.0018551421,0.0120456849,-0.0217128412
2021-09-29,0.0015691842,0.0113971196,0.0076538351,-0.0211924431,0.0066574194,0.0083454706
2021-09-30,-0.0119097141,-0.0030669216,-0.0068062003,-0.0031014084,-0.0035623239,-0.0062172357
2021-10-04,-0.0016436477,-0.0106400857,-0.0146874498,-0.0342165878,-0.0219433338,-0.0064953291
2021-10-05,0.0105245147,0.0094280556,0.0105037679,-0.0218939666,0.0028199455,0.0152245759
2021-10-06,0.0041027929,-0.0114736536,-0.0145552863,-0.0105401748,-0.0057110561,-0.0126453969
2021-10-07,0.0082982807,0.0117354592,0.0185349733,0.0054249158,0.0306778434,0.0164897341
2021-10-08,-0.0019137231,0.0024865919,-0.0029329800,0.0133942369,0.0055105103,-0.0060906894
2021-10-11,-0.0068657638,0.0072298049,-0.0004596985,0.0160169965,0.0196168445,0.0016082043
2021-10-12,-0.0024167806,-0.0023366365,-0.0034389796,-0.0093897106,-0.0143138683,-0.0034137492
2021-10-15,0.0277476280,0.0145577686,0.0290812710,0.0296848528,0.0147569261,0.0273987700
2021-10-18,0.0033747696,-0.0041747574,-0.0072424466,-0.0014851034,0.0031103859,-0.0080891505
2021-10-19,0.0073933396,0.0019018012,0.0026728122,0.0065479957,0.0148549646,-0.0004870300
2021-10-20,0.0036640298,0.0007759055,0.0004569426,0.0013702050,0.0135264180,0.0053614047
2021-10-21,0.0029958718,-0.0045410271,-0.0032442576,-0.0186963051,-0.0045335991,-0.0028990564
2021-10-22,-0.0010725536,0.0019888313,0.0045513412,0.0033533366,0.0042048724,0.0071072109
2021-10-25,0.0047481966,0.0025261231,0.0036189970,-0.0070973970,0.0001951859,-0.0030918894
2021-10-26,0.0018197953,0.0075871261,0.0101177492,0.0176780545,-0.0035879252,0.0079905685
2021-10-27,-0.0050515681,-0.0033390531,-0.0032525104,-0.0002669391,-0.0157279767,-0.0019197114
2021-10-28,0.0098292816,-0.0005238726,-0.0006035660,-0.0095590107,-0.0028487458,0.0075072251
2021-10-29,0.0019493347,-0.0016414790,-0.0004816761,0.0025190626,-0.0069843527,0.0038387395
2021-11-01,0.0018000771,0.0070465347,0.0074907409,0.0261100866,-0.0087842460,0.0092162611
2021-11-02,0.0036803631,-0.0018934079,0.0093734935,-0.0042560578,-0.0021726045,0.0048945780
2021-11-04,0.0106702423,0.0007010636,0.0047134307,0.0092635640,0.0050008439,0.0087714729
2021-11-05,0.0037327997,0.0033104985,0.0015415159,-0.0061353482,-0.0140605361,0.0075846583
2021-11-08,0.0008877879,-0.0004928940,-0.0004883919,-0.0035296855,-0.0042918394,0.0009501691
2021-11-09,-0.0034987759,-0.0036162269,-0.0003770166,-0.0075097252,0.0019932881,-0.0005973711
2021-11-10,-0.0082258234,0.0091009342,0.0017057076,-0.0061013771,0.0073755209,0.0002683607
2021-11-11,0.0005509400,0.0059943869,0.0009509855,0.0058776712,0.0100755398,0.0020424871
2021-11-12,0.0072226560,-0.0049159411,0.0006814578,0.0113434293,0.0031677955,0.0045116330
2021-11-15,-0.0000107398,0.0005443732,0.0033906485,0.0056342534,0.0024849781,0.0052500185
2021-11-16,0.0038652299,-0.0033868663,0.0061442143,0.0010517705,0.0127159341,0.0033625276
2021-11-17,-0.0026016254,-0.0048860113,0.0002012284,-0.0040186723,-0.0024772406,0.0005941895
2021-11-18,0.0033847802,-0.0048277642,-0.0018090689,-0.0030203761,-0.0128794676,-0.0020777461
2021-11-19,-0.0013986656,-0.0044652567,-0.0038072845,0.0049735016,-0.0106537510,-0.0041571023
2021-11-22,-0.0031971366,0.0044160670,-0.0027400606,0.0009493834,-0.0039373643,-0.0010249918
2021-11-24,0.0039547848,0.0042450286,-0.0147248287,-0.0158342005,-0.0106543314,-0.0088346263
2021-11-26,-0.0227248226,-0.0332541635,-0.0391317774,-0.0188051533,-0.0245075234,-0.0429551436
2021-11-29,0.0132001995,0.0093696763,0.0015612670,-0.0162668828,-0.0094798327,0.0054186176
2021-11-30,-0.0189613103,-0.0071026723,-0.0118272443,-0.0163400320,-0.0158048244,-0.0081298423
2021-12-01,-0.0118151874,0.0154685453,0.0246713136,0.0040924577,0.0078235623,0.0239110447
2021-12-02,0.0141944361,-0.0055100644,-0.0135438532,-0.0065239291,0.0054951691,-0.0125140573
2021-12-03,-0.0084485637,-0.0009679053,-0.0061016320,0.0099519871,-0.0009348985,-0.0044483656
2021-12-06,0.0117308726,0.0154444495,0.0138964958,-0.0036461912,-0.0175585495,0.0148192253
2021-12-07,0.0207070804,0.0148777153,0.0281617777,0.0189144372,0.0271647159,0.0290732237
2021-12-08,0.0030852853,-0.0003406041,-0.0080214407,0.0142333859,0.0005507493,-0.0071928530
2021-12-09,-0.0071810802,-0.0021942511,-0.0030490090,-0.0046827976,0.0107509956,-0.0009038108
2021-12-10,0.0095490733,-0.0040293392,-0.0010198817,-0.0100155425,-0.0106839899,-0.0023614814
2021-12-13,-0.0091361676,-0.0082832639,-0.0001017610,0.0071285725,-0.0017144984,-0.0069754363
2021-12-14,-0.0074706776,-0.0017700314,-0.0107645099,-0.0072571945,-0.0133014588,-0.0068559288
2021-12-15,0.0163484646,-0.0066218231,0.0014747437,0.0009524292,-0.0091043288,0.0046872184
2021-12-16,-0.0087434154,0.0125230512,0.0103416365,0.0213143205,0.0023372527,0.0111784178
2021-12-17,-0.0102876806,0.0012808590,-0.0066965515,-0.0179121615,-0.0120495470,-0.0111975959
2021-12-20,-0.0113880579,-0.0098900815,-0.0188015921,-0.0212946109,-0.0193066275,-0.0081612250
2021-12-21,0.0177779346,0.0138093779,0.0136335307,0.0207524958,0.0099570061,0.0138120457
2021-12-22,0.0101801972,0.0060706955,0.0094533005,0.0015646867,0.0057027608,0.0124450551
2021-12-23,0.0062236999,0.0043041269,0.0104428230,0.0082682046,0.0039524388,0.0077258268
2021-12-29,0.0142346611,0.0064286536,0.0060890165,0.0037679814,-0.0046177124,0.0077918589
2021-12-30,-0.0029897556,-0.0023852460,0.0020571434,-0.0039841698,0.0011032707,0.0016351223
2022-01-04,0.0030991620,0.0138052405,0.0168556723,0.0177161450,0.0076942715,0.0200997565
2022-01-05,-0.0193927578,0.0015588801,0.0073758758,0.0010364928,-0.0164273282,0.0080574902
2022-01-06,-0.0009637690,-0.0088467321,-0.0135031405,-0.0287837995,0.0072295616,-0.0171778204
2022-01-07,-0.0040502167,0.0046842992,-0.0064969999,-0.0003267564,0.0182258071,-0.0041629780
2022-01-11,0.0077057536,0.0008149437,-0.0003718812,-0.0089920303,0.0104574003,-0.0050003737
2022-01-12,0.0028177544,0.0080492690,0.0042975512,0.0192463482,0.0279332610,0.0074909109
2022-01-13,-0.0142436153,0.0016154914,0.0013284888,-0.0096131740,0.0011310309,-0.0049811881
2022-01-14,0.0008199803,-0.0027631120,-0.0092535806,-0.0128066933,-0.0019013368,-0.0080737405
2022-01-18,-0.0183879457,0.0027310218,-0.0069683933,0.0047279684,-0.0110953312,-0.0012837634
2022-01-19,-0.0096895419,0.0034507506,0.0023560004,-0.0279581180,0.0006249928,0.0054879219
2022-01-20,-0.0110373785,-0.0006192860,0.0064903334,0.0111295975,0.0341721294,0.0029527722
2022-01-21,-0.0189148219,-0.0119841664,-0.0193843512,-0.0090256925,0.0005290553,-0.0174544783
2022-01-24,0.0027717389,-0.0262739888,-0.0379873470,0.0024020330,-0.0123806539,-0.0397250103
2022-01-25,-0.0121719063,0.0101819606,0.0075104429,-0.0165660135,-0.0167441533,0.0073912012
2022-01-26,-0.0014966358,0.0133351156,0.0221847668,-0.0044232893,0.0019094110,0.0210589124
2022-01-27,-0.0053840888,0.0113122175,0.0041967946,-0.0311361675,-0.0198807069,0.0059925643
2022-01-28,0.0243476469,-0.0116754311,-0.0132257003,0.0209030483,-0.0107917806,-0.0082462376
2022-01-31,0.0188859517,-0.0002277220,0.0099386706,0.0106537787,0.0107082306,0.0047833602
2022-02-04,-0.0033262881,0.0069664006,-0.0240214476,0.0162213941,0.0323931133,-0.0068322539
2022-02-07,-0.0037017126,0.0075967349,0.0070916027,-0.0069650569,0.0002548181,0.0083249827
2022-02-08,0.0084012072,-0.0008450389,0.0023503046,0.0013083255,-0.0101735198,0.0027335530
2022-02-09,0.0145172079,0.0100830971,0.0157212906,0.0108248052,0.0205717422,0.0145793607
2022-02-10,-0.0181157257,0.0037941231,0.0005445458,0.0042136145,0.0038002180,-0.0041131079
2022-02-14,-0.0227371970,-0.0183514684,-0.0243034215,-0.0222591151,-0.0147558232,-0.0351119990
2022-02-15,0.0157667212,0.0102633974,0.0197658352,-0.0079174165,-0.0081794555,0.0186465684
2022-02-16,0.0008812078,-0.0006702806,-0.0010796056,0.0221554714,0.0149118806,-0.0021476072
2022-02-17,-0.0211731382,-0.0087324632,-0.0083424164,-0.0082857951,0.0029883668,-0.0026073523
2022-02-18,-0.0071661614,-0.0031575616,-0.0147449289,-0.0040685698,-0.0187578315,-0.0024745051
2022-02-22,-0.0101429453,-0.0025819716,-0.0232348040,-0.0247938645,-0.0332012716,-0.0204960131
2022-02-24,-0.0037306542,-0.0383229948,-0.0436194372,-0.0181019332,-0.0262941944,-0.0392701823
2022-02-25,0.0223726777,0.0391980019,0.0366586399,0.0194710710,-0.0058677599,0.0354820739
2022-02-28,-0.0024426034,-0.0041658582,-0.0072910865,0.0019005651,-0.0023788698,-0.0138616906
2022-03-01,-0.0154735037,-0.0171754438,-0.0384599385,0.0119841122,0.0021437663,-0.0393972876
2022-03-02,0.0186426918,0.0135603257,0.0068509006,-0.0168260796,-0.0183549917,0.0158727336
2022-03-03,-0.0052546664,-0.0256676258,-0.0215505416,0.0069806399,0.0055236468,-0.0184132862
2022-03-04,-0.0079340426,-0.0347842639,-0.0440825450,-0.0222671041,-0.0250163475,-0.0496537446
2022-03-07,-0.0295181583,-0.0039501506,-0.0198471766,-0.0294033753,-0.0386965084,-0.0130970946
2022-03-08,-0.0072337535,0.0006609811,-0.0002446989,-0.0170672827,-0.0138553915,-0.0032278815
2022-03-09,0.0256982479,0.0325383172,0.0792128082,-0.0029615615,-0.0066531385,0.0712515462
2022-03-10,-0.0042918137,-0.0127386896,-0.0293061914,0.0393595607,0.0127279672,-0.0282771897
2022-03-11,-0.0129615451,0.0079587552,0.0138379232,-0.0205376750,-0.0161065830,0.0085464949
2022-03-14,-0.0074210025,0.0052965372,0.0220867011,0.0057652738,-0.0497294637,0.0175216551
2022-03-15,0.0214085742,-0.0024744290,-0.0008500773,0.0015264378,-0.0571676995,-0.0023453818
2022-03-16,0.0223837614,0.0161656698,0.0376130319,0.0163939643,0.0908179554,0.0367647737
2022-03-17,0.0123478176,0.0128364588,-0.0036480584,0.0345811863,0.0703786170,0.0036244024
2022-03-18,0.0116622948,0.0026268928,0.0017396559,0.0065485979,-0.0041313951,0.0011675148
2022-03-22,0.0108645398,0.0097235537,0.0041705389,0.0147863471,0.0222711559,0.0059166919
2022-03-23,-0.0122726988,-0.0021533694,-0.0130966063,0.0299752976,0.0120972819,-0.0117097429
2022-03-24,0.0143439129,0.0009114287,-0.0006903243,0.0025046386,-0.0093946965,-0.0038988724
2022-03-25,0.0050661706,0.0021426467,0.0022397504,0.0014033679,-0.0246545891,-0.0003187793
2022-03-28,0.0071449553,-0.0013763536,0.0078017773,-0.0073161773,0.0130853260,0.0054060751
2022-03-29,0.0122565474,0.0085907731,0.0279496162,0.0110410286,0.0111902460,0.0308160430
2022-03-30,-0.0062937002,0.0055059505,-0.0144585358,-0.0079699340,0.0138819574,-0.0074453946
2022-03-31,-0.0156525407,-0.0083258050,-0.0130972992,-0.0073435786,-0.0105784175,-0.0121217292
2022-04-01,0.0034102226,0.0029537776,0.0022012500,-0.0055873915,0.0019412403,0.0036697324
2022-04-04,0.0080909387,0.0027859218,0.0049617405,0.0025479030,0.0209967876,0.0070403764
2022-04-06,-0.0221466734,0.0038101170,-0.0252421603,-0.0139228212,-0.0187443425,-0.0345457217
2022-04-07,0.0042533856,-0.0047313929,-0.0051965551,-0.0168820984,-0.0122976754,-0.0057163985
2022-04-08,-0.0026510265,0.0155989693,0.0145984753,0.0036160520,0.0028900616,0.0133928076
2022-04-11,-0.0168772901,-0.0066887833,-0.0063631860,-0.0060876922,-0.0303451302,0.0011590697
2022-04-12,-0.0034174477,-0.0054604847,-0.0047791960,-0.0181398769,0.0052257877,-0.0028066558
2022-04-13,0.0111745776,0.0005410811,-0.0034343318,0.0193092896,0.0025910194,0.0007235251
2022-04-14,-0.0121441378,0.0046960873,0.0062096082,0.0122379677,0.0067235172,0.0072162870
2022-04-19,0.0158494464,-0.0019825768,-0.0007335328,-0.0068787780,-0.0227864340,-0.0082800364
2022-04-20,-0.0006184751,0.0036704763,0.0147363481,0.0086254953,-0.0039514358,0.0137908206
2022-04-21,-0.0147529485,-0.0001573160,0.0097743759,0.0123158494,-0.0125305970,0.0136137607
2022-04-22,-0.0277400543,-0.0139354752,-0.0248455470,-0.0162523064,-0.0021129826,-0.0199073988
2022-04-25,0.0056979370,-0.0187723775,-0.0154093153,-0.0189808352,-0.0372691310,-0.0200625459
2022-04-26,-0.0281463084,0.0007723319,-0.0120487995,0.0041115786,0.0032900486,-0.0053974272
2022-04-27,0.0020980469,0.0053342587,0.0027289144,-0.0117407203,0.0005843294,0.0047844115
2022-04-28,0.0247469001,0.0112583625,0.0134768897,0.0174811833,0.0165348744,0.0097560647
2022-05-06,-0.0382880831,-0.0161535569,-0.0218564596,0.0057978521,-0.0135237072,-0.0383796704
2022-05-10,-0.0296579471,-0.0195860405,-0.0102052687,-0.0309759499,-0.0184117690,-0.0226017216
2022-05-11,-0.0164632075,0.0144273246,0.0217144481,0.0017786081,0.0097221085,0.0249831729
2022-05-12,-0.0012959645,-0.0155695507,-0.0064359187,-0.0177358013,-0.0224080755,-0.0101232772
2022-05-13,0.0238696954,0.0255623845,0.0209823581,0.0263675114,0.0267502888,0.0252036518
2022-05-16,-0.0039464009,0.0062817945,-0.0045302340,0.0045180101,0.0025851551,-0.0023433767
2022-05-17,0.0201696322,0.0071803798,0.0158661214,0.0042452632,0.0326968269,0.0129840750
2022-05-18,-0.0403952608,-0.0106804381,-0.0125603702,0.0094317921,0.0020269252,-0.0120136420
2022-05-19,-0.0058337818,-0.0182035601,-0.0089564615,-0.0188902535,-0.0253629396,-0.0126287957
2022-05-20,0.0001461418,0.0119544555,0.0071753494,0.0127330793,0.0296491250,0.0019975853
2022-05-23,0.0185550399,0.0166982277,0.0138386123,0.0098167451,-0.0119311107,0.0116940638
2022-05-24,-0.0081207976,-0.0038597706,-0.0180347915,-0.0093838758,-0.0174870483,-0.0166070784
2022-05-25,0.0094507647,0.0051306588,0.0063348614,-0.0026297097,0.0029420062,0.0072763442
2022-05-26,0.0198832562,0.0055963336,0.0159452793,-0.0027348933,-0.0027301362,0.0177720808
2022-05-27,0.0247422630,0.0027231157,0.0162248391,0.0066469050,0.0288901571,0.0164056795
2022-05-31,-0.0062743686,0.0029266621,-0.0051057840,0.0185993224,0.0346826777,-0.0072056471
2022-06-01,-0.0074827687,-0.0098190246,-0.0033276841,0.0065282678,-0.0056156268,-0.0077154448
2022-06-06,0.0049253993,0.0099827685,0.0218500405,0.0166800868,0.0168566310,0.0202355307
2022-06-07,0.0095233932,-0.0012224038,-0.0066323677,0.0010051119,-0.0056447322,-0.0073952231
2022-06-08,-0.0107939458,-0.0007764153,-0.0075999705,0.0103900791,0.0224283543,-0.0079565276
2022-06-09,-0.0237986940,-0.0153825635,-0.0171113524,0.0004335237,-0.0066110277,-0.0139828031
2022-06-10,-0.0291103033,-0.0212273871,-0.0307751171,-0.0149483935,-0.0028748890,-0.0269294737
2022-06-13,-0.0387684307,-0.0152648029,-0.0243281455,-0.0300762261,-0.0338711145,-0.0266533096
2022-06-14,-0.0037736797,-0.0025395938,-0.0091338608,-0.0132498705,0.0000194686,-0.0120352261
2022-06-15,0.0145925049,0.0119512908,0.0135970454,-0.0114044620,0.0114021651,0.0134944874
2022-06-16,-0.0325119515,-0.0314020823,-0.0331323838,0.0039899120,-0.0217184470,-0.0238617826
2022-06-17,0.0022008657,-0.0040738389,0.0067315717,-0.0177138848,0.0110129806,-0.0006099534
2022-06-21,0.0244772423,0.0193549730,0.0126571185,0.0109120882,0.0229935869,0.0139410394
2022-06-22,-0.0013015723,-0.0087946060,-0.0111432181,-0.0036866045,-0.0255686682,-0.0080524744
2022-06-23,0.0095322174,-0.0096908246,-0.0176267110,0.0008298123,0.0126392327,-0.0056281710
2022-06-24,0.0305632936,0.0268214236,0.0159178013,0.0122546956,0.0209266779,0.0322980382
2022-06-27,-0.0029730715,0.0068666077,0.0051791246,0.0143175014,0.0235028114,-0.0042875906
2022-06-28,-0.0201430361,0.0089690560,0.0034695705,0.0066316618,0.0085225041,0.0064011867
2022-06-29,-0.0007117454,-0.0015157028,-0.0172667628,-0.0090527130,-0.0188269160,-0.0089615280
2022-06-30,-0.0087592783,-0.0195560909,-0.0168864242,-0.0153541016,-0.0062327701,-0.0180088664
2022-07-05,0.0121546611,-0.0200577195,-0.0299261759,0.0011530177,-0.0003073566,-0.0215942814
2022-07-06,0.0035731643,0.0117144409,0.0155887602,-0.0119522646,-0.0121909714,0.0202624216
2022-07-07,0.0149645880,0.0114381799,0.0197466997,0.0146653912,0.0026368100,0.0159530197
2022-07-08,-0.0008302715,0.0009876198,0.0133931168,0.0010064033,0.0037978568,0.0044000344
2022-07-11,-0.0115274614,0.0000555713,-0.0140443183,0.0111290576,-0.0276896893,-0.0061046387
2022-07-12,-0.0092438787,0.0018480678,0.0056918276,-0.0177396423,-0.0132293291,0.0079883248
2022-07-13,-0.0044569025,-0.0074203527,-0.0115578925,0.0053958769,-0.0022447397,-0.0072730816
2022-07-14,-0.0029986339,-0.0162931221,-0.0185523843,0.0062170976,-0.0022472543,-0.0141377803
2022-07-15,0.0192012494,0.0169323274,0.0275614167,0.0054452558,-0.0218536757,0.0203857113
2022-07-19,0.0190336489,0.0191786290,0.0344889309,0.0064658034,0.0179005244,0.0273724677
2022-07-20,0.0058958062,-0.0043857847,-0.0019859388,0.0266519032,0.0110914034,-0.0026704516
2022-07-21,0.0098613727,0.0008535159,-0.0026608095,0.0044342154,-0.0151070613,0.0026597592
2022-07-22,-0.0093324670,0.0008114851,0.0005314585,0.0040161190,0.0016772970,0.0025334112
2022-07-25,0.0013151670,0.0041091615,-0.0032714971,-0.0077167393,-0.0022417806,0.0033344992
2022-07-26,-0.0115432027,0.0000000000,-0.0085834879,-0.0015899009,0.0166776451,-0.0041842727
2022-07-27,0.0261562738,0.0057348305,0.0053027845,0.0021890653,-0.0112811222,0.0074845237
2022-07-28,0.0121333387,-0.0003947076,0.0087898473,0.0035983320,-0.0022912088,0.0129867049
2022-07-29,0.0142077601,0.0106326630,0.0152038680,-0.0004975590,-0.0226047211,0.0172403249
2022-08-01,-0.0028230841,-0.0013470916,-0.0003277889,0.0068955997,0.0004628816,-0.0018050921
2022-08-02,-0.0066623956,-0.0005800044,-0.0022574572,-0.0142397800,-0.0236354603,-0.0042039223
2022-08-03,0.0156384772,0.0049398844,0.0102875541,0.0053332618,0.0039554102,0.0097132915
2022-08-04,-0.0007773402,0.0003223206,0.0055285952,0.0068596176,0.0205872094,0.0063859231
2022-08-05,-0.0016257461,-0.0011277913,-0.0064957975,0.0087236211,0.0013829849,-0.0063008722
2022-08-08,-0.0012375507,0.0057394392,0.0083808260,0.0026040401,-0.0077304420,0.0080480572
2022-08-09,-0.0042486929,0.0007751915,-0.0111575217,-0.0088242832,-0.0021116714,-0.0052786050
2022-08-10,0.0212906376,0.0025239579,0.0122615687,-0.0064511111,-0.0196266052,0.0051525333
2022-08-12,0.0166046743,-0.0008259108,0.0069279913,0.0261562873,0.0287993427,0.0046631719
2022-08-15,0.0039695419,0.0011065730,0.0015048542,0.0113776947,-0.0066793373,0.0024550925
2022-08-16,0.0018756797,0.0035822593,0.0067679238,-0.0000993753,-0.0104955501,0.0034444527
2022-08-17,-0.0072377950,-0.0026937398,-0.0203743860,0.0122574553,0.0046357680,-0.0097473604
2022-08-18,0.0022695612,0.0034726973,0.0051883540,-0.0096030907,-0.0079578098,0.0044544506
2022-08-19,-0.0129000011,0.0011270370,-0.0111620097,-0.0004080744,0.0004614037,-0.0093893655
2022-08-22,-0.0214000649,-0.0021985720,-0.0231790591,-0.0046950753,-0.0058690465,-0.0180253859
2022-08-23,-0.0022378627,-0.0060659572,-0.0027466574,-0.0118685860,-0.0078206553,-0.0026212409
2022-08-24,0.0029161604,-0.0022168637,0.0019576058,-0.0048951084,-0.0120241378,0.0038886621
2022-08-25,0.0140916055,0.0010975300,0.0039258818,0.0058466539,0.0363096194,-0.0008141385
2022-08-26,-0.0336880587,-0.0070056806,-0.0226409841,0.0057014305,0.0100988760,-0.0168141163
2022-08-30,-0.0176209938,-0.0088457055,-0.0007963691,-0.0155649193,-0.0109573296,-0.0102067101
2022-08-31,-0.0078170251,-0.0105140053,-0.0097352309,-0.0036903224,0.0002687513,-0.0137064571
2022-09-01,0.0029962320,-0.0186293885,-0.0159509257,-0.0153091912,-0.0178948125,-0.0148226213
2022-09-02,-0.0107365005,0.0185633623,0.0332566427,-0.0003843201,-0.0074102364,0.0220737260
2022-09-06,-0.0040950570,0.0026368877,-0.0137030964,-0.0008799038,-0.0128191560,-0.0101985898
2022-09-07,0.0183410164,-0.0085748861,0.0034595426,-0.0071021995,-0.0082503729,0.0002146015
2022-09-08,0.0066107219,0.0033574144,-0.0009019388,0.0231487989,-0.0099600213,0.0032722310
2022-09-09,0.0152714498,0.0122554081,0.0142502390,0.0053258228,0.0269234216,0.0141089762
2022-09-13,-0.0331099687,0.0047339588,0.0076970216,0.0141727593,-0.0018278157,0.0053699438
2022-09-14,0.0033870121,-0.0147037056,-0.0122034122,-0.0278183466,-0.0248234727,-0.0037273360
2022-09-15,-0.0113177392,0.0006596256,-0.0054758861,0.0020594486,0.0044187834,-0.0103770582
2022-09-16,-0.0071821341,-0.0062344518,-0.0166246848,-0.0110582852,-0.0089111470,-0.0130792682
2022-09-20,-0.0044922963,-0.0060801192,-0.0055276863,0.0043808424,0.0010516360,-0.0160975422
2022-09-21,-0.0171164936,0.0062424265,0.0076017366,-0.0135540079,-0.0179326581,0.0086729863
2022-09-22,-0.0084275810,-0.0107908832,-0.0184473826,-0.0058323882,-0.0160843615,-0.0187073293
2022-09-26,-0.0273949509,-0.0193449263,-0.0242354717,-0.0265995366,-0.0161345279,-0.0251938605
2022-09-27,-0.0021203598,-0.0051844328,-0.0072162915,0.0053087449,0.0002895481,-0.0026987796
2022-09-28,0.0196721399,0.0029779521,0.0035915763,-0.0149740566,-0.0341220096,0.0019447848
2022-09-29,-0.0211264379,-0.0176720539,-0.0170504547,0.0094777450,-0.0049279639,-0.0152887249
2022-09-30,-0.0150666958,0.0017728009,0.0115911628,-0.0183498188,0.0033182670,0.0150557833
2022-10-03,0.0258838950,0.0021758682,0.0078518481,0.0107404811,-0.0083215309,0.0055203371
2022-10-05,0.0285040356,0.0208140773,0.0252016635,0.0345112723,0.0590450751,0.0330177958
2022-10-06,-0.0102450808,-0.0078411213,-0.0037068585,0.0070342095,-0.0041917534,-0.0081931947
2022-10-07,-0.0280036178,-0.0008860142,-0.0158594947,-0.0071469099,-0.0151064478,-0.0117040205
2022-10-11,-0.0139627947,-0.0151478166,-0.0042980526,-0.0263629035,-0.0511662237,-0.0057508252
2022-10-12,-0.0032907731,-0.0085691045,-0.0039271074,-0.0001674134,-0.0078022382,-0.0025251971
2022-10-13,0.0259656425,0.0035304575,0.0150604995,-0.0060389886,-0.0186766885,0.0104356857
2022-10-14,-0.0236626636,0.0012408216,0.0066552514,0.0325237713,0.0121165875,0.0089689194
2022-10-17,0.0264800523,0.0089520605,0.0169821464,-0.0116264994,0.0015198583,0.0183313726
2022-10-18,0.0114275697,0.0023843241,0.0092165230,0.0142050552,0.0181593629,0.0043604247
2022-10-19,-0.0066720973,-0.0016867091,-0.0018957335,0.0037280789,-0.0238433812,-0.0043315947
2022-10-20,-0.0079509097,0.0027292278,0.0020405905,-0.0091872335,-0.0139940441,0.0076447321
2022-10-21,0.0237248198,0.0037155335,-0.0028596062,-0.0043092912,-0.0042443905,-0.0084623974
2022-10-24,0.0118819767,0.0063560560,0.0157529946,0.0031356822,-0.0635631394,0.0159011637
2022-10-25,0.0162666546,-0.0000712860,0.0093964531,0.0102087089,-0.0009947233,0.0194393975
2022-10-26,-0.0073877161,0.0060740141,0.0109438480,0.0066627041,0.0100279699,0.0041212781
2022-10-27,-0.0060826106,0.0024943095,0.0011686209,-0.0031569012,0.0071989087,-0.0051431929
2022-10-28,0.0246263779,-0.0036755869,0.0024297214,-0.0087781644,-0.0366141457,0.0046476427
2022-10-31,-0.0074544041,0.0066404364,0.0007860679,0.0177922219,-0.0118441320,-0.0010010737
2022-11-01,-0.0041012306,0.0129255332,0.0064132840,0.0033152375,0.0523080941,0.0098104734
2022-11-02,-0.0250019849,-0.0058584644,-0.0061475071,-0.0005610514,0.0240630155,-0.0081175866
2022-11-04,0.0028885646,0.0266933140,0.0153212156,-0.0167604325,0.0211010388,0.0222339859
2022-11-07,0.0096139819,-0.0047444791,0.0054733094,0.0120552766,0.0269022184,0.0000264823
2022-11-08,0.0055978928,0.0008356298,0.0114700739,0.0125135588,-0.0023258507,0.0038790167
2022-11-09,-0.0207778870,-0.0013413850,-0.0016385490,-0.0055855007,-0.0120062383,-0.0016968370
2022-11-10,0.0554344844,0.0108274060,0.0351059773,-0.0097534236,-0.0169623841,0.0196343804
2022-11-11,0.0092407468,-0.0077691492,0.0055683591,0.0297845856,0.0773967426,0.0057634617
2022-11-14,-0.0089357770,0.0091828635,0.0062172458,-0.0106178946,0.0169719814,0.0022063143
2022-11-15,0.0087131166,-0.0021394536,0.0045558999,0.0009547892,0.0410567577,0.0049159327
2022-11-16,-0.0082520465,-0.0024696322,-0.0100482939,0.0013622947,-0.0047232246,-0.0051854417
2022-11-17,-0.0030893228,-0.0006393780,0.0022726950,-0.0034868496,-0.0115476974,-0.0047069867
2022-11-18,0.0047585819,0.0053086504,0.0115993314,-0.0011027623,-0.0029437047,0.0103921222
2022-11-21,-0.0038836887,-0.0011644571,-0.0035983347,0.0016136166,-0.0187093609,-0.0015064829
2022-11-22,0.0135799879,0.0102888616,0.0029499395,0.0061174615,-0.0131117568,0.0034787494
2022-11-25,0.0056299708,0.0045486786,0.0082531818,0.0059500145,0.0085609740,0.0082538415
2022-11-28,-0.0154441929,-0.0016963676,-0.0108668869,-0.0042498707,-0.0156849443,-0.0070435644
2022-11-29,-0.0015918653,0.0050842922,-0.0019404475,-0.0047932056,0.0524189738,0.0005656274
2022-11-30,0.0309478724,0.0081336658,0.0028971466,-0.0020996841,0.0215631798,0.0104333334
2022-12-01,-0.0008676332,-0.0019278892,0.0064777041,0.0091919602,0.0074854686,0.0022883871
2022-12-02,-0.0011946605,-0.0003042673,0.0026976560,-0.0158782121,-0.0032604831,-0.0017353075
2022-12-05,-0.0178942123,0.0014954348,-0.0056285432,0.0015299932,0.0451364751,-0.0067173479
2022-12-06,-0.0143991950,-0.0060918530,-0.0072274874,0.0023532641,-0.0039506216,-0.0013692663
2022-12-07,-0.0018623709,-0.0042810790,-0.0057169986,-0.0071530405,-0.0322181773,-0.0040671425
2022-12-08,0.0075217820,-0.0022699353,0.0002362454,-0.0040442492,0.0337717898,-0.0019937852
2022-12-09,-0.0073495782,0.0005888363,0.0074422316,0.0118435841,0.0231688089,0.0045627597
2022-12-12,0.0142792962,-0.0040927824,-0.0044597518,-0.0021031385,-0.0219708133,-0.0040568721
2022-12-13,0.0072896644,0.0076416737,0.0133686107,0.0040413116,0.0068110806,0.0141988525
2022-12-14,-0.0060527246,-0.0009329726,-0.0025996510,0.0072030911,0.0039420910,-0.0021037781
2022-12-15,-0.0249216750,-0.0092983775,-0.0327775356,-0.0037118531,-0.0154959800,-0.0309057359
2022-12-16,-0.0111377508,-0.0126713656,-0.0066608481,-0.0187004742,0.0042377932,-0.0107531212
2022-12-19,-0.0090075160,0.0039824480,0.0035845068,-0.0105161210,-0.0050311570,0.0032018195
2022-12-20,0.0010373384,0.0012634036,-0.0041748909,-0.0245840430,-0.0133319016,-0.0035314134
2022-12-21,0.0148679938,0.0171898767,0.0153522055,-0.0067866755,0.0034401748,0.0201242483
2022-12-22,-0.0144516996,-0.0037346779,-0.0130339298,0.0045531950,0.0270729226,-0.0094631833
2022-12-23,0.0058681025,0.0004953872,0.0019303751,-0.0102844608,-0.0043782301,-0.0020052734
2022-12-28,-0.0160215814,0.0032383508,-0.0010996453,0.0040117780,0.0156100987,0.0008594032
2022-12-29,0.0174613316,0.0020674385,0.0104929139,-0.0093707438,-0.0079285514,0.0096736157
2022-12-30,-0.0025407425,-0.0081195840,-0.0105267789,0.0000318115,0.0020398786,-0.0151686166
2023-01-04,0.0035082617,0.0179153745,0.0407359335,-0.0144720391,0.0511439382,0.0467534201
2023-01-05,-0.0116455289,0.0063676374,-0.0037589903,0.0040417613,0.0124589614,-0.0022032509
2023-01-06,0.0228407810,0.0086460994,0.0120328509,0.0059273463,-0.0028752047,0.0147083037
2023-01-10,0.0062052439,-0.0006493928,0.0112648774,0.0077659238,0.0161883637,0.0011937037
2023-01-11,0.0128494246,0.0039638703,0.0117303041,0.0103317540,0.0049030793,0.0080140751
2023-01-12,0.0034159059,0.0089320388,0.0073849553,0.0001444571,0.0036410078,0.0074362828
2023-01-13,0.0039968584,0.0064280341,0.0018740314,-0.0124878270,0.0104378315,0.0068552203
2023-01-17,-0.0020304912,0.0008796296,0.0066649422,0.0007335570,-0.0074070587,0.0076400877
2023-01-18,-0.0155625985,-0.0025856330,-0.0003470391,0.0249606889,0.0046510820,0.0008802938
2023-01-19,-0.0076383503,-0.0106504385,-0.0172205836,-0.0144036040,-0.0012464033,-0.0185673833
2023-01-20,0.0189184010,0.0030075373,0.0075868958,0.0056162671,0.0181825448,0.0063465106
2023-01-26,0.0221063285,-0.0012225568,0.0066045595,0.0304750715,0.0236850618,0.0142939022
2023-01-27,0.0024948410,0.0005282882,0.0011353225,0.0007239969,0.0054115429,0.0001718895
2023-01-30,-0.0129687410,0.0025369220,-0.0015808678,0.0018566505,-0.0272895518,-0.0021417142
2023-01-31,0.0146424703,-0.0016955526,0.0001447469,-0.0038745111,-0.0103037231,0.0000579152
2023-02-01,0.0104523039,-0.0013639355,0.0034683876,0.0007235117,0.0105231268,-0.0007497520
2023-02-02,0.0146993732,0.0076149124,0.0216359802,0.0020174119,-0.0051567319,0.0125983852
2023-02-03,-0.0103546107,0.0104344655,-0.0021123438,0.0039197853,-0.0135660714,0.0094428373
2023-02-06,-0.0061404630,-0.0082385799,-0.0084334394,0.0066954948,-0.0202355042,-0.0133868742
2023-02-07,0.0128725106,0.0035729324,-0.0016310713,-0.0002953633,0.0036065632,-0.0006655364
2023-02-08,-0.0110807245,0.0026065838,0.0059506975,-0.0028538350,-0.0007127049,-0.0017553849
2023-02-09,-0.0088297962,0.0032973164,0.0072261716,-0.0008009476,0.0160142613,0.0096251995
2023-02-10,0.0021952618,-0.0036277928,-0.0138783499,0.0031405801,-0.0200671588,-0.0081562253
2023-02-13,0.0114486093,0.0082588135,0.0058374372,-0.0088056206,-0.0012269696,0.0110607083
2023-02-14,-0.0002804145,0.0007926675,-0.0010898164,0.0063968779,-0.0023936473,0.0007241659
2023-02-15,0.0027731757,0.0055192928,0.0081778737,-0.0036557982,-0.0142840426,0.0120671052
2023-02-16,-0.0137887415,0.0018380299,0.0017605576,0.0070751608,0.0084325662,0.0089441921
2023-02-17,-0.0027674058,-0.0010109326,-0.0033243753,-0.0066184895,-0.0127627019,-0.0025033316
2023-02-21,-0.0200412343,-0.0033231845,-0.0054501927,-0.0014549871,-0.0091854273,-0.0053173381
2023-02-22,-0.0015735561,-0.0059163815,0.0001473949,-0.0134232869,-0.0051462744,-0.0012847977
2023-02-24,-0.0052642812,-0.0065442592,-0.0123474530,0.0128820849,-0.0202606750,-0.0153426169
2023-02-27,0.0030730046,0.0071585288,0.0112881253,-0.0010752564,-0.0033247960,0.0150654956
2023-02-28,-0.0030360018,-0.0074101514,-0.0010590718,0.0007876181,-0.0079008316,-0.0037858187
2023-03-01,-0.0047252648,0.0049007908,-0.0039127609,0.0025858007,0.0421395955,-0.0046340808
2023-03-02,0.0075821941,0.0036766223,0.0014779542,-0.0006418017,-0.0092266085,0.0069074493
2023-03-03,0.0161477372,0.0003902439,0.0163593355,0.0155861523,0.0067587748,0.0087723738
2023-03-06,0.0006871668,-0.0021769316,0.0048265855,0.0111112316,0.0017333328,0.0034144575
2023-03-07,-0.0153269191,-0.0012988732,-0.0060081978,0.0025278496,-0.0033348713,-0.0046031432
2023-03-08,0.0014147940,0.0013132019,0.0046492306,0.0047698094,-0.0235326367,-0.0019770705
2023-03-09,-0.0184593579,-0.0062926270,0.0000857123,0.0062916519,-0.0062594484,-0.0012123105
2023-03-10,-0.0144781385,-0.0167005200,-0.0131284768,-0.0167409835,-0.0304039050,-0.0130141504
2023-03-13,-0.0015097610,-0.0257859438,-0.0303669250,-0.0110506712,0.0194644068,-0.0289682154
2023-03-14,0.0164766555,0.0117240281,0.0182733985,-0.0219495826,-0.0227462648,0.0185509269
2023-03-15,-0.0069808836,-0.0383129845,-0.0326643381,0.0002733596,0.0151656689,-0.0358268377
2023-03-16,0.0175620062,0.0089182381,0.0157336788,-0.0080380195,-0.0171935125,0.0203334521
2023-03-17,-0.0110194573,-0.0100674896,-0.0132891087,0.0119649166,0.0163862299,-0.0142790076
2023-03-20,0.0089184037,0.0093382775,0.0111848218,-0.0141992440,-0.0265325984,0.0126693383
2023-03-22,-0.0036947586,0.0220019050,0.0189381472,0.0193329561,0.0310892972,0.0168227040
2023-03-23,0.0029845287,-0.0088808623,-0.0003812243,-0.0017111686,0.0233883359,0.0011400569
2023-03-24,0.0056398073,-0.0125473487,-0.0166438326,-0.0012530950,-0.0066814633,-0.0173897682
2023-03-27,0.0016469543,0.0089527790,0.0113957740,0.0033455652,-0.0174731789,0.0090048497
2023-03-28,-0.0015738435,0.0016729570,0.0009479209,0.0015060253,0.0110877137,0.0014226392
2023-03-29,0.0142372689,0.0106890427,0.0123339388,0.0132831592,0.0206094114,0.0139172772
2023-03-30,0.0057152694,0.0074164297,0.0126311496,-0.0036167841,0.0057809110,0.0106275200
2023-03-31,0.0144365425,0.0014829003,0.0068571516,0.0093061021,0.0044796853,0.0081257073
2023-04-03,0.0036988465,0.0054116126,-0.0030661215,0.0052304629,0.0004446208,0.0032188703
2023-04-04,-0.0057969721,-0.0050175942,0.0014472704,0.0035216759,-0.0065945739,-0.0001361292
2023-04-06,0.0010778720,0.0140284364,-0.0003576178,-0.0288039370,0.0027921342,-0.0027515413
2023-04-11,0.0009549093,0.0056965094,0.0036723092,0.0164068117,0.0075765829,0.0089463511
2023-04-12,-0.0041348841,0.0050219773,0.0030935268,0.0057059761,-0.0085613279,0.0009012049
2023-04-13,0.0132626900,0.0023770701,0.0016467786,0.0026447417,0.0017046447,0.0113411948
2023-04-14,-0.0020693735,0.0036336283,0.0049613934,0.0119508595,0.0046366423,0.0051838880
2023-04-17,0.0033061569,0.0009654718,-0.0011367849,0.0007478413,0.0168130465,-0.0028498403
2023-04-18,0.0008552203,0.0037946446,0.0058988233,0.0050517937,-0.0063485998,0.0047277748
2023-04-19,-0.0000842620,-0.0013401899,0.0007889274,-0.0018169029,-0.0136921559,0.0020985977
2023-04-20,-0.0059525482,0.0004811228,-0.0062427945,0.0017761727,0.0014341753,-0.0014212949
2023-04-21,0.0009031889,0.0014552173,0.0054248287,-0.0032522357,-0.0157494090,0.0050791235
2023-04-24,0.0008515792,-0.0002400655,-0.0011151203,0.0010205158,-0.0057677112,-0.0004144301
2023-04-25,-0.0158108589,-0.0026667801,0.0005156148,0.0009285594,-0.0171372561,-0.0055783974
2023-04-26,-0.0038411872,-0.0048789142,-0.0048134318,-0.0071138752,0.0071051850,-0.0086236154
2023-04-27,0.0195661497,-0.0026742735,0.0002987976,0.0014501795,0.0042014796,0.0023008530
2023-04-28,0.0082532028,0.0049798253,0.0077168490,0.0140123780,0.0027364038,0.0010235596
2023-05-02,-0.0119678959,-0.0124005916,-0.0122745126,0.0104486129,0.0019724092,-0.0144563578
2023-05-09,-0.0000995626,-0.0011449765,0.0145317546,0.0029107360,-0.0033225192,0.0018920964
2023-05-10,0.0044839653,-0.0029366305,-0.0037134576,-0.0041254784,-0.0053041618,-0.0048626335
2023-05-11,-0.0016966240,-0.0013821590,-0.0038575380,0.0001559298,-0.0009315844,0.0027956840
2023-05-12,-0.0015833068,0.0031045455,0.0049833031,0.0089807597,-0.0059030629,0.0044799917
2023-05-15,0.0029581644,0.0029788896,0.0002149026,0.0080997899,0.0175210891,0.0004531263
2023-05-16,-0.0063776834,-0.0034200467,-0.0012131844,0.0073127626,0.0003564716,-0.0016446279
2023-05-17,0.0118908291,-0.0035994765,0.0033570483,0.0083972688,-0.0209067204,-0.0008870936
2023-05-18,0.0094450486,0.0024730175,0.0132942487,0.0159615335,0.0085212080,0.0064126739
2023-05-19,-0.0014458676,0.0018857572,0.0069304605,0.0076673141,-0.0140252538,0.0060521672
2023-05-22,0.0001550347,0.0018177491,-0.0031575084,0.0090388063,0.0117014363,-0.0018419485
2023-05-23,-0.0112220267,-0.0010294685,-0.0043842410,-0.0041513021,-0.0125479109,-0.0132987517
2023-05-24,-0.0073186003,-0.0175061062,-0.0192368696,-0.0088859710,-0.0162274847,-0.0169745119
2023-05-25,0.0087575813,-0.0073684880,-0.0030507311,0.0038605224,-0.0193037834,-0.0033349521
2023-05-30,0.0130659067,-0.0064457073,0.0072883254,0.0171107126,-0.0080621577,-0.0027001370
2023-05-31,-0.0061086242,-0.0101035614,-0.0153932999,-0.0140537872,-0.0194404203,-0.0154027261
2023-06-01,0.0098544536,0.0059359539,0.0121067664,0.0084217142,-0.0009520192,0.0054559256
2023-06-02,0.0145344247,0.0156202025,0.0124621261,0.0120781694,0.0402389478,0.0186705526
2023-06-05,-0.0020035816,-0.0009595789,-0.0054413785,0.0219897263,0.0083673379,-0.0095974090
2023-06-06,0.0023538963,0.0036973813,0.0017884602,0.0089811513,-0.0004825446,0.0011234474
2023-06-07,-0.0038120097,-0.0004981965,-0.0019934956,-0.0182435503,0.0079961501,-0.0008614178
2023-06-08,0.0061886426,-0.0032264746,0.0018420652,-0.0085377239,0.0024506382,0.0026878284
2023-06-09,0.0011480595,-0.0049081269,-0.0025090818,0.0197179317,0.0047032844,-0.0012475185
2023-06-12,0.0093211488,0.0010975739,0.0092809881,0.0052325799,0.0007406584,0.0051586355
2023-06-13,0.0069324900,0.0031832735,0.0082501331,0.0180257889,0.0060352247,0.0055790005
2023-06-14,0.0008194255,0.0010402368,0.0049357361,0.0146515215,-0.0057885134,0.0051750125
2023-06-15,0.0121781374,0.0033671733,-0.0012672545,-0.0005054439,0.0216658544,-0.0051333119
2023-06-16,-0.0036716195,0.0018877589,0.0041442153,0.0065876251,0.0106636781,0.0134056989
2023-06-20,-0.0047351077,-0.0096039866,-0.0150577787,-0.0094098153,-0.0216208124,-0.0127871779
2023-06-21,-0.0052452816,-0.0013342858,-0.0054738177,0.0055776145,-0.0198260255,-0.0045515401
2023-06-23,-0.0039764306,-0.0128717709,-0.0120569111,-0.0236365819,-0.0170867381,-0.0134348841
2023-06-26,-0.0044868383,-0.0011122911,-0.0010663881,-0.0025236312,-0.0050735835,0.0029218133
2023-06-27,0.0114558550,0.0010598774,0.0021375232,-0.0049078381,0.0188356675,0.0043469458
2023-06-28,-0.0003540767,0.0052268311,0.0064454186,0.0201503335,0.0012492040,0.0098037504
2023-06-29,0.0044735447,-0.0038397180,-0.0001429728,0.0012096270,-0.0123978081,0.0036246222
2023-06-30,0.0122690045,0.0080035070,0.0126158023,-0.0013570853,-0.0009469392,0.0119421992
2023-07-03,0.0011706778,-0.0005576838,-0.0041404981,0.0170022718,0.0206254649,-0.0018053723
2023-07-05,-0.0019683184,-0.0113187609,-0.0089210624,-0.0122840896,-0.0101627986,-0.0102738888
2023-07-06,-0.0079225113,-0.0217143139,-0.0256651284,-0.0169676592,-0.0302102864,-0.0312578247
2023-07-07,-0.0028651005,-0.0032415490,0.0048208236,-0.0117352510,-0.0090298982,0.0041780051
2023-07-10,0.0024050261,0.0023288047,0.0044708053,-0.0061345831,0.0062083933,0.0044728059
2023-07-11,0.0067422111,0.0011961005,0.0074764557,0.0004299459,0.0097463256,0.0106835298
2023-07-12,0.0074112335,0.0183453618,0.0147343350,-0.0080624795,0.0107781871,0.0156509484
2023-07-13,0.0084701535,0.0032496996,0.0073663030,0.0148823390,0.0259621038,0.0050170449
2023-07-14,-0.0010244071,-0.0007526810,-0.0022278603,-0.0008658511,0.0032639863,0.0006431972
2023-07-18,0.0110000975,0.0025690820,0.0012679188,0.0031684738,-0.0205039208,-0.0075068903
2023-07-19,0.0023579103,0.0180447290,-0.0010269794,0.0123758841,-0.0033346176,0.0010601960
2023-07-20,-0.0067568962,0.0076302550,0.0059153551,-0.0123270712,-0.0012816915,0.0079119271
2023-07-21,0.0003240945,0.0023018398,-0.0016662327,-0.0057330426,0.0077789562,0.0064807645
2023-07-24,0.0040341539,0.0019442178,0.0008487533,0.0122797915,-0.0213422716,-0.0007345796
2023-07-25,0.0028146734,0.0017190252,0.0012747645,-0.0005635828,0.0410458446,-0.0015967912
2023-07-26,-0.0001554389,-0.0019371152,-0.0049427529,-0.0004335628,-0.0035637717,-0.0135366523
2023-07-27,-0.0064246661,0.0020711358,0.0170207369,0.0068206806,0.0141475218,0.0205289100
2023-07-28,0.0098778428,0.0001949875,0.0038839808,-0.0040110986,0.0141274824,0.0015043026
2023-07-31,0.0014687129,0.0006628410,-0.0013916375,0.0126067760,0.0081529592,0.0028502180
2023-08-01,-0.0026650876,-0.0042990490,-0.0125513358,0.0091751287,-0.0033776840,-0.0122302481
2023-08-02,-0.0138395413,-0.0136571370,-0.0135699154,-0.0229679589,-0.0246731968,-0.0125896876
2023-08-03,-0.0025479738,-0.0042847945,-0.0079050870,-0.0167670100,-0.0049449114,-0.0071531798
2023-08-04,-0.0053000742,0.0046750925,0.0036795489,0.0010407790,0.0061064104,0.0075118539
2023-08-07,0.0090240928,-0.0013087492,-0.0000689942,0.0019200145,-0.0000788668,0.0006411342
2023-08-08,-0.0042182830,-0.0035872788,-0.0110233043,0.0038049973,-0.0181058169,-0.0068703827
2023-08-09,-0.0070387304,0.0079575820,0.0049223922,-0.0053419847,0.0032245010,0.0072315895
2023-08-10,0.0002507139,0.0041253534,0.0090798755,0.0083628603,0.0001158924,0.0152389331
2023-08-14,0.0046746321,-0.0146220960,-0.0057681004,-0.0127407984,-0.0246624365,-0.0114049779
2023-08-15,-0.0115509094,-0.0156649742,-0.0086121462,0.0055826878,-0.0102506664,-0.0110411507
2023-08-16,-0.0075553952,-0.0044251644,0.0014060714,-0.0146428833,-0.0135518600,-0.0010251104
2023-08-17,-0.0077129130,-0.0063477426,-0.0071281649,-0.0044329370,-0.0001456641,-0.0094362819
2023-08-18,-0.0001487068,-0.0065388487,-0.0065472525,-0.0055410180,-0.0205046554,-0.0038419590
2023-08-21,0.0068791885,-0.0006334129,0.0018633635,0.0036527213,-0.0182476347,0.0047389272
2023-08-22,-0.0027774667,0.0017911764,0.0065588672,0.0092211122,0.0095169921,0.0059488006
2023-08-23,0.0110448800,0.0068355885,0.0014510754,0.0048199837,0.0030863991,0.0007927537
2023-08-24,-0.0134579747,0.0017895086,-0.0067978849,0.0086519502,0.0205228983,-0.0044379526
2023-08-25,0.0067179660,0.0006817934,0.0006612735,-0.0205323291,-0.0050943571,0.0020985821
2023-08-29,0.0208638160,0.0172239801,0.0191314616,0.0190578701,0.0201242238,0.0198946105
2023-08-30,0.0038331821,0.0011654649,-0.0024449494,0.0033043824,-0.0000632937,-0.0012247045
2023-08-31,-0.0015969365,-0.0046295806,0.0034703395,0.0088415808,-0.0054536382,-0.0064770664
2023-09-05,-0.0024025942,-0.0001613361,-0.0109970049,0.0127967604,0.0040718835,-0.0084710291
2023-09-06,-0.0069715994,-0.0015864431,-0.0019236877,0.0061827432,-0.0003754522,-0.0083573686
2023-09-07,-0.0032112659,0.0021007120,-0.0014426928,-0.0075190656,-0.0134368791,0.0002794313
2023-09-11,0.0081596677,0.0074176204,0.0052377287,-0.0158624207,-0.0058026967,0.0114186741
2023-09-12,-0.0056958856,0.0040817002,-0.0054085193,0.0095051624,-0.0038990297,-0.0034884851
2023-09-13,0.0012416323,-0.0001992693,-0.0039133264,-0.0021311561,-0.0009247766,-0.0041790377
2023-09-14,0.0084299189,0.0195455883,0.0096626724,0.0141128447,0.0021488558,0.0119209782
2023-09-15,-0.0121596129,0.0049914382,0.0055829557,0.0110041957,0.0074784631,0.0095981763
2023-09-19,-0.0014312744,-0.0066394828,-0.0144115122,-0.0086630848,-0.0102140362,-0.0131050370
2023-09-20,-0.0093947948,0.0093339597,0.0074761097,-0.0065821765,-0.0061993254,0.0066834824
2023-09-21,-0.0164009341,-0.0068678423,-0.0132895034,-0.0137098762,-0.0128700999,-0.0159450941
2023-09-22,-0.0022955985,0.0006902045,-0.0009356822,-0.0051769669,0.0227714371,-0.0040311175
2023-09-25,0.0040230651,-0.0077955079,-0.0097574709,0.0085243345,-0.0181731180,-0.0084817633
2023-09-26,-0.0147345340,0.0002230057,-0.0097121296,-0.0111255729,-0.0147997289,-0.0069989759
2023-09-27,0.0002293141,-0.0042619037,-0.0025183698,0.0017592301,0.0082996265,-0.0003152352
2023-09-28,0.0058931740,0.0011457234,0.0069689602,-0.0154263683,-0.0135613002,0.0062855649
2023-09-29,-0.0027095821,0.0008156113,0.0041165581,-0.0004674996,0.0251326842,0.0026446303
2023-10-03,-0.0136657950,-0.0181254059,-0.0195865563,-0.0194515379,-0.0268640417,-0.0193425497
2023-10-04,0.0081097550,-0.0077240494,0.0009751247,-0.0227626600,-0.0078113863,-0.0000457084
2023-10-05,-0.0013040302,0.0052613828,-0.0019669108,0.0179670671,0.0010484685,0.0002172471
2023-10-06,0.0118148930,0.0057840834,0.0105870921,-0.0025965735,0.0158076796,0.0088450545
2023-10-10,0.0115446755,0.0178261810,0.0127217946,0.0242576990,0.0102224751,0.0144869833
2023-10-11,0.0042930082,-0.0010749843,0.0023658825,0.0059842910,0.0129279720,-0.0043588858
2023-10-12,-0.0062464343,0.0032545675,-0.0022625789,0.0174768750,0.0192873977,-0.0037413252
2023-10-13,-0.0050188589,-0.0059124775,-0.0154534619,-0.0054984395,-0.0232896593,-0.0142162822
2023-10-16,0.0105943694,0.0040791620,0.0033799451,-0.0203292838,-0.0097168068,0.0026643931
2023-10-17,-0.0000982451,0.0058449004,0.0008990815,0.0120426865,0.0075384217,0.0010695031
2023-10-18,-0.0133998205,-0.0113612926,-0.0102795342,0.0000612022,-0.0022967159,-0.0090629699
2023-10-19,-0.0084828482,-0.0116631523,-0.0032911549,-0.0190882619,-0.0246230608,-0.0064054234
2023-10-20,-0.0125852837,-0.0129875195,-0.0164012604,-0.0054488193,-0.0071554434,-0.0151920647
2023-10-24,0.0055679753,-0.0016751871,0.0055053465,-0.0063024249,-0.0105171317,0.0113596224
2023-10-25,-0.0143396286,0.0033289049,0.0008225341,0.0066823764,0.0055204437,0.0031071961
2023-10-26,-0.0118325198,-0.0080519683,-0.0108197649,-0.0213668799,-0.0023833723,-0.0037757917
2023-10-27,-0.0048002802,-0.0086068980,-0.0029624262,0.0127414211,0.0207761343,-0.0135840647
2023-10-30,0.0120100223,0.0049511196,0.0019833233,-0.0095099209,0.0004384749,0.0043691364
2023-10-31,0.0064749573,-0.0007778621,0.0063737675,0.0052737687,-0.0168834217,0.0088761111
2023-11-01,0.0105059995,0.0028271722,0.0076250571,0.0240709161,-0.0006253431,0.0068228825
2023-11-02,0.0188585570,0.0141779390,0.0147641961,0.0110196851,0.0075319968,0.0184720749
2023-11-06,0.0111631898,-0.0038541859,-0.0005038355,0.0237431124,0.0427147304,-0.0066509026
2023-11-07,0.0028401189,-0.0010514984,0.0011013448,-0.0133500594,-0.0164989400,-0.0039208809
2023-11-08,0.0010049156,-0.0011200816,0.0050789805,-0.0032641432,-0.0057554214,0.0068606639
2023-11-09,-0.0080838393,0.0072956211,0.0080724663,0.0149217590,-0.0032542335,0.0113019889
2023-11-10,0.0156164411,-0.0127553543,-0.0076958204,-0.0024000017,-0.0175903268,-0.0096462462
2023-11-13,-0.0008358389,0.0088579336,0.0072605699,0.0005219830,0.0129598213,0.0059644827
2023-11-14,0.0190750177,0.0019796110,0.0175581419,0.0034009495,-0.0016843342,0.0139155188
2023-11-15,0.0015970121,0.0062361269,0.0085651693,0.0251948649,0.0392105615,0.0033301910
2023-11-16,0.0011904274,-0.0101376943,0.0024409458,-0.0028427780,-0.0136168863,-0.0057159766
2023-11-17,0.0012820491,0.0125893678,0.0083963436,0.0048105280,-0.0212322478,0.0091387555
2023-11-20,0.0073902781,-0.0010527168,-0.0011200389,-0.0058706803,0.0185560527,0.0017998592
2023-11-21,-0.0020209311,-0.0019209090,-0.0000502980,-0.0010150531,-0.0024850665,-0.0024120531
2023-11-22,0.0040611292,-0.0016706763,0.0036030269,0.0029287968,0.0000399791,0.0043267170
2023-11-24,0.0005968737,0.0025035404,0.0044912100,0.0051926347,-0.0098778485,0.0044168870
2023-11-27,-0.0019541575,-0.0036724446,-0.0039377495,-0.0052894146,-0.0019567489,-0.0037447306
2023-11-28,0.0009801185,-0.0007371962,0.0016472000,-0.0011744091,-0.0097528862,-0.0021141521
2023-11-29,-0.0009462486,-0.0042520918,0.0108662452,-0.0026092809,-0.0207847326,0.0024151642
2023-11-30,0.0037840729,0.0040816063,0.0030296999,0.0049719632,0.0029094408,0.0059345100
2023-12-01,0.0058737421,0.0101424910,0.0112294184,-0.0016537488,-0.0124732479,0.0048394195
2023-12-04,-0.0054085091,-0.0021781155,0.0004415445,-0.0059896241,-0.0109475168,-0.0018458728
2023-12-05,-0.0005688697,-0.0030880068,0.0078239250,-0.0137054414,-0.0191150702,0.0074189873
2023-12-06,-0.0039062028,0.0034179949,0.0074595816,0.0204442824,0.0082925387,0.0066332834
2023-12-07,0.0079681891,-0.0002261632,-0.0016479644,-0.0175683678,-0.0071292149,-0.0010046026
2023-12-08,0.0040954979,0.0054300549,0.0078315320,-0.0167522080,-0.0007047357,0.0131964086
2023-12-11,0.0039244943,-0.0012707787,0.0021008724,0.0149790613,-0.0081349866,0.0033189152
2023-12-12,0.0045993575,-0.0002783467,-0.0001601396,0.0015826651,0.0106786328,-0.0010567369
2023-12-13,0.0136506764,0.0007424428,-0.0015298863,0.0025165358,-0.0089010351,-0.0016344546
2023-12-14,0.0026470625,0.0133273408,-0.0008243034,-0.0072920792,0.0106871726,0.0059259830
2023-12-15,-0.0000762495,-0.0094914496,-0.0000472185,0.0086978709,0.0237773135,0.0027798938
2023-12-18,0.0045283444,0.0050287865,-0.0060226867,-0.0064169481,-0.0097044513,-0.0036923292
2023-12-19,0.0058664078,0.0030862171,0.0056370132,0.0140544715,-0.0074706084,0.0007676267
2023-12-20,-0.0146842669,0.0101728457,-0.0006783980,0.0137435026,0.0065925808,0.0011565196
2023-12-21,0.0103014678,-0.0027217232,-0.0027269898,-0.0159007479,0.0004406161,-0.0015863894
2023-12-22,0.0016600585,0.0003638614,0.0011241861,0.0008624510,-0.0168893865,-0.0003407663
2023-12-27,0.0056682005,0.0035725885,0.0021483442,0.0154417292,0.0174065207,0.0003963630
2023-12-28,0.0003701746,-0.0002977093,-0.0024202223,-0.0042046313,0.0251845706,-0.0048415928
2023-12-29,-0.0028264750,0.0013596281,0.0029991133,-0.0022495549,0.0002265568,0.0010643463
2024-01-04,-0.0170131642,-0.0013060696,-0.0080202032,-0.0052558543,-0.0235467213,-0.0122693998
2024-01-05,0.0018256862,-0.0043376364,-0.0013888020,0.0026776027,-0.0066472738,-0.0040184443
2024-01-09,0.0126158686,-0.0007282690,0.0056735712,0.0115574478,-0.0208831965,0.0007991408
2024-01-10,0.0056659719,-0.0041905512,0.0000869571,0.0200970130,-0.0057281745,-0.0000727167
2024-01-11,-0.0006710556,-0.0098277149,-0.0085549953,0.0176570928,0.0127201466,-0.0051790393
2024-01-12,0.0007509756,0.0063748653,0.0095202134,0.0150428564,-0.0035247098,0.0104932330
2024-01-16,-0.0037313402,-0.0087345537,-0.0079547653,0.0011825107,-0.0233099381,-0.0089938213
2024-01-17,-0.0056168972,-0.0148181473,-0.0084475585,-0.0039706048,-0.0371248269,-0.0107204729
2024-01-18,0.0088052610,0.0017190139,0.0082560078,-0.0003263489,0.0075204816,0.0112943924
2024-01-19,0.0123135028,0.0003753542,-0.0007375199,0.0140161069,-0.0053989568,-0.0040141272
2024-01-22,0.0021943252,0.0034576037,0.0077455453,0.0162298839,-0.0227002266,0.0056445869
2024-01-23,0.0029213743,-0.0002671047,-0.0033727938,-0.0008038675,0.0262546664,-0.0034006625
2024-01-24,0.0008119284,0.0056106976,0.0158073409,-0.0079712270,0.0355536240,0.0091499366
2024-01-25,0.0052603655,0.0002656854,0.0010065175,0.0002757177,0.0196284524,0.0011481319
2024-01-26,-0.0006517853,0.0139978883,0.0032217993,-0.0133953019,-0.0160208570,0.0227673343
2024-01-29,0.0075567749,-0.0003143249,-0.0011602638,0.0077164429,0.0078365070,0.0008736965
2024-01-30,-0.0006006499,0.0044020607,0.0018078992,0.0010802463,-0.0232496395,0.0047979411
2024-01-31,-0.0161057446,-0.0046567064,-0.0040406967,0.0061235630,-0.0139064906,-0.0026988336
2024-02-01,0.0124936882,-0.0011008181,-0.0026456069,-0.0075854216,0.0052398631,-0.0088810527
2024-02-02,0.0106844461,-0.0008790369,0.0035098012,0.0040697764,-0.0020975170,0.0004624959
2024-02-05,-0.0031863375,-0.0003414218,-0.0008363999,0.0054245400,-0.0015160598,-0.0003029144
2024-02-06,0.0023104108,0.0089453557,0.0076419324,-0.0053226371,0.0404165027,0.0064572480
2024-02-07,0.0082414580,-0.0067960155,-0.0065330668,-0.0011265912,-0.0034071334,-0.0036275111
2024-02-08,0.0005705833,-0.0043650123,0.0024742487,0.0205803151,-0.0126738425,0.0071433795
2024-02-09,0.0057423415,-0.0030149302,-0.0022005690,0.0009261418,-0.0082812478,-0.0023624756
2024-02-14,-0.0051704323,-0.0005546570,0.0011213463,0.0218415921,0.0084335649,0.0039006211
2024-02-15,0.0058212507,0.0038449472,0.0059726241,0.0120578530,0.0041091025,0.0086058110
2024-02-16,-0.0048034698,0.0150312860,0.0041503660,0.0086298386,0.0247939326,0.0031975864
2024-02-20,-0.0060053220,0.0009725482,-0.0028631482,-0.0032122052,-0.0056579206,0.0034808718
2024-02-21,0.0012641999,-0.0073453459,0.0029111907,-0.0026444128,0.0157310165,0.0021640991
2024-02-22,0.0211228842,0.0028711256,0.0147405259,0.0218628412,0.0145336097,0.0127379812
2024-02-26,-0.0034401214,-0.0000260518,0.0030385656,0.0034536013,-0.0064629584,0.0023029130
2024-02-27,0.0017063497,-0.0001691507,0.0076483960,0.0001480511,0.0093816041,0.0023430643
2024-02-28,-0.0016581551,-0.0075491345,0.0025478024,-0.0008024635,-0.0151244229,0.0007536403
2024-02-29,0.0052290947,0.0006557377,0.0043729211,-0.0010671243,-0.0015365778,-0.0033893184
2024-03-01,0.0080078289,0.0068807339,0.0032175727,0.0190120326,0.0047239976,0.0008501804
2024-03-04,-0.0011932621,-0.0054930290,-0.0010657071,0.0049713375,0.0003936993,0.0028030953
2024-03-05,-0.0101931009,0.0007722721,-0.0010030120,-0.0002892492,-0.0261106182,-0.0029649467
2024-03-06,0.0051411032,0.0043288965,0.0010345877,-0.0001707746,0.0170424016,0.0027632558
2024-03-07,0.0103041279,0.0017189321,0.0071197567,-0.0122739018,-0.0126723708,0.0077287226
2024-03-08,-0.0065285190,-0.0042638680,-0.0015883026,0.0022786214,0.0076162075,0.0014707119
2024-03-11,-0.0011222381,0.0012402574,-0.0038305985,-0.0218814888,0.0143200076,-0.0010313621
2024-03-12,0.0112017880,0.0102487362,0.0123315970,-0.0005918669,0.0305005301,0.0084479153
2024-03-13,-0.0019245297,0.0031493316,-0.0002075420,-0.0026172547,-0.0006663717,0.0061947724
2024-03-14,-0.0028710916,-0.0037312472,-0.0010768547,0.0028791153,-0.0070511912,0.0029295987
2024-03-15,-0.0064829175,-0.0020405378,-0.0003003378,-0.0025700855,-0.0141949272,0.0003590277
2024-03-18,0.0063180595,-0.0006211410,-0.0002213737,0.0266820908,0.0009705533,-0.0019854564
2024-03-19,0.0056491497,0.0020329561,0.0030564616,0.0066219737,-0.0124058788,0.0064934656
2024-03-21,0.0121695280,0.0186475449,0.0106607294,0.0202996371,0.0201832805,-0.0026008365
2024-03-22,-0.0014021878,0.0061273950,0.0014681273,0.0017828826,-0.0215635865,-0.0033986851
2024-03-25,-0.0030549645,-0.0016769604,0.0030413753,-0.0116000687,-0.0015655095,-0.0000392330
2024-03-26,-0.0027997952,0.0016924197,0.0067376907,-0.0003981243,0.0087824963,0.0040666743
2024-03-27,0.0086306265,0.0001260875,0.0050445208,0.0090276483,-0.0135681865,0.0024508470
2024-03-28,0.0011164855,0.0025970875,0.0008334857,-0.0145883298,0.0090637180,0.0001218797
2024-04-02,-0.0092380672,-0.0022005382,-0.0113213187,-0.0081945723,0.0235831997,-0.0092324548
2024-04-03,0.0010911224,0.0002898268,0.0046266607,-0.0097155919,-0.0121914587,0.0028511727
2024-04-05,-0.0013720434,-0.0033007921,-0.0104902314,-0.0116540395,-0.0000705340,-0.0112740499
2024-04-08,-0.0003746310,0.0040827945,0.0079191929,0.0091034116,0.0005339470,0.0071935883
2024-04-09,0.0014454932,-0.0010952597,-0.0132257021,0.0108290193,0.0056906448,-0.0086374299
2024-04-10,-0.0094569806,0.0033271653,0.0011402159,-0.0048102907,0.0184869449,-0.0004708609
2024-04-11,0.0074447977,-0.0046978332,-0.0078918019,-0.0035162539,-0.0025754237,-0.0026896988
2024-04-12,-0.0145506883,0.0090613462,-0.0013456338,0.0020516349,-0.0218390877,-0.0016089948
2024-04-15,-0.0120213549,-0.0037645827,0.0053685469,-0.0073563735,-0.0072497768,0.0042791802
2024-04-16,-0.0020565070,-0.0182160690,-0.0144425403,-0.0194123679,-0.0211735814,-0.0139836499
2024-04-17,-0.0057806027,0.0035292438,0.0002132733,-0.0132410335,0.0001766338,0.0061644154
2024-04-18,-0.0022081601,0.0037079635,0.0037918281,0.0031057125,0.0082470230,0.0052308399
2024-04-19,-0.0087585481,0.0023866403,-0.0056084975,-0.0265587092,-0.0098700588,-0.0001058933
2024-04-22,0.0087312481,0.0162109451,0.0069594015,0.0099885157,0.0177235780,0.0022374457
2024-04-23,0.0119645763,0.0026047063,0.0155004030,0.0030329861,0.0192130693,0.0081364420
2024-04-24,0.0002130101,-0.0005469250,-0.0026988706,0.0241775164,0.0221249866,-0.0017172835
2024-04-25,-0.0045764304,0.0047883190,-0.0094766307,-0.0216223600,0.0048408945,-0.0092945209
2024-04-26,0.0102091426,0.0075381430,0.0136030959,0.0081396125,0.0212103619,0.0089302056
2024-04-30,-0.0126020636,0.0005283045,-0.0126006123,0.0124133754,0.0063383351,-0.0127728722
2024-05-02,0.0056616381,0.0034503625,-0.0019891581,-0.0044157513,0.0250014541,-0.0088016140
2024-05-07,0.0243868716,0.0173147985,0.0298131356,0.0156666531,0.0149522889,0.0203458492
2024-05-08,-0.0000058356,0.0048593783,0.0037075361,-0.0162927466,-0.0089564619,0.0069009643
2024-05-09,0.0050909477,0.0032679502,0.0101748770,-0.0033608025,0.0122285078,0.0069163583
2024-05-10,0.0016493988,0.0062518686,0.0046156070,0.0040744074,0.0229730010,0.0038460054
2024-05-13,-0.0002413041,-0.0022291026,-0.0016315534,-0.0012987077,0.0079826733,-0.0011995629
2024-05-14,0.0048378131,0.0015566975,-0.0013766128,0.0046254623,-0.0021631953,0.0020122996
2024-05-16,0.0096098714,0.0012577670,0.0011963092,0.0147096220,0.0158762162,-0.0045356769
2024-05-17,0.0011647735,-0.0021804769,-0.0018352619,-0.0034142322,0.0091388956,-0.0025633827
2024-05-20,0.0009163899,0.0004632128,0.0034505756,0.0072781608,0.0042248634,0.0034857333
2024-05-21,0.0025018742,-0.0009140565,-0.0022484554,-0.0031418225,-0.0211650484,-0.0066508012
2024-05-22,-0.0027061230,-0.0054892408,-0.0024863109,-0.0084686554,-0.0013017027,-0.0060615784
2024-05-23,-0.0073807895,-0.0037154714,0.0005953413,0.0125881324,-0.0170293546,0.0012629852
2024-05-24,0.0070010426,-0.0025902467,0.0001096139,-0.0116898145,-0.0137673149,-0.0009083638
2024-05-28,0.0002488019,-0.0076223210,-0.0008291710,0.0054148198,0.0114042342,-0.0045917908
2024-05-29,-0.0073670465,-0.0086138082,-0.0109530737,-0.0076823356,-0.0182852910,-0.0152361715
2024-05-30,-0.0059750356,0.0058656880,0.0012721070,-0.0130389778,-0.0133582390,0.0054794981
2024-05-31,0.0080278762,0.0053821219,0.0000621941,0.0113987508,-0.0082599294,0.0017998789
2024-06-03,0.0011160826,-0.0015226557,0.0059585395,0.0113057047,0.0178891967,0.0006443120
2024-06-04,0.0015028091,-0.0037275264,-0.0108833721,-0.0021984493,0.0022317136,-0.0075168751
2024-06-05,0.0118476498,0.0018221574,0.0092525347,-0.0089421155,-0.0010381872,0.0086508929
2024-06-06,-0.0001998166,0.0046440893,0.0041306373,0.0055427096,0.0028135660,0.0041903454
2024-06-07,-0.0011152197,-0.0048156874,-0.0051145702,-0.0005059497,-0.0059453779,-0.0047661368
2024-06-11,0.0052982311,-0.0118369735,-0.0100947005,0.0116549528,-0.0103778462,-0.0265677534
2024-06-12,0.0085036728,0.0083090156,0.0142036354,-0.0065945960,-0.0131214536,0.0096916420
2024-06-13,0.0023446559,-0.0063051311,-0.0196007967,-0.0040189148,0.0097442622,-0.0199219515
2024-06-14,-0.0003938607,-0.0020579263,-0.0144347301,0.0024299769,-0.0094327303,-0.0265632419
2024-06-17,0.0076643866,-0.0005768706,0.0036768878,-0.0183466517,-0.0003154735,0.0091026718
2024-06-18,0.0025213274,0.0060302631,0.0035288367,0.0099644000,-0.0011467564,0.0075585357
2024-06-20,-0.0025259318,0.0099129805,0.0067399725,0.0039215666,0.0234304564,0.0055762427
2024-06-21,-0.0015621303,-0.0042066854,-0.0049665423,-0.0009461021,-0.0167327746,-0.0055752998
2024-06-24,-0.0030651719,0.0053290862,0.0089223097,0.0053937496,-0.0000448508,0.0102667098
2024-06-25,0.0039335900,-0.0040813135,-0.0080740111,0.0094962850,0.0025066662,-0.0057857750
2024-06-26,0.0015724312,-0.0027280003,-0.0012311242,0.0126086846,0.0009422559,-0.0069365470
2024-06-27,0.0009073212,-0.0055438234,0.0030465335,-0.0082065867,-0.0206445791,-0.0103072864
2024-06-28,-0.0040836526,-0.0019071723,0.0013672534,0.0061395428,0.0001207166,-0.0068147947
2024-07-02,0.0088874578,-0.0052547007,-0.0039148294,0.0124197840,0.0028518745,0.0078736446
2024-07-03,0.0050844444,0.0061444000,0.0115870980,0.0126281774,0.0117861461,0.0124418188
2024-07-05,0.0054487652,0.0040141832,0.0054923813,0.0081715907,-0.0099541251,0.0057048719
2024-07-08,0.0010166990,-0.0012677373,-0.0001839434,-0.0032183878,-0.0154806110,-0.0062757043
2024-07-09,0.0007410719,-0.0065539995,-0.0127685513,0.0196041920,-0.0000473679,-0.0155740170
2024-07-10,0.0102080653,0.0065972378,0.0093786726,0.0060561656,-0.0029424110,0.0086419743
2024-07-11,-0.0087630288,0.0036370055,0.0069179289,0.0093715663,0.0206425692,0.0070746320
2024-07-12,0.0055170271,0.0035995995,0.0115254494,-0.0244727967,0.0258547694,0.0127426624
2024-07-16,0.0092336358,-0.0106629771,-0.0122758793,0.0020489693,-0.0309073755,-0.0186799670
2024-07-17,-0.0139275432,0.0027679577,-0.0043594550,-0.0042976713,0.0006447259,-0.0012163180
2024-07-18,-0.0078164039,0.0021252385,-0.0044768492,-0.0236349004,0.0021984947,0.0020790042
2024-07-19,-0.0071402655,-0.0059964403,-0.0099609083,-0.0015591375,-0.0202903671,-0.0068581617
2024-07-22,0.0107920356,0.0052845995,0.0129397719,-0.0116012258,0.0125275683,0.0116132149
2024-07-23,-0.0015581026,-0.0038298169,0.0081832092,-0.0001164013,-0.0094421983,-0.0030687582
2024-07-24,-0.0231490938,-0.0016773645,-0.0091734584,-0.0111010437,-0.0090620721,-0.0111730540
2024-07-25,-0.0051426202,0.0040104132,-0.0048261277,-0.0328270902,-0.0167026617,-0.0115402019
2024-07-26,0.0110904687,0.0121299099,0.0064939009,-0.0053367882,-0.0000352257,0.0122068011
2024-07-29,0.0008133101,0.0008086456,-0.0052602466,0.0212708744,0.0127504458,-0.0098222231
2024-07-30,-0.0049601719,-0.0021706622,0.0049403087,0.0014900534,-0.0136573295,0.0041779644
2024-07-31,0.0157933987,0.0113119507,0.0052941042,0.0149476160,0.0200959395,0.0075653174
2024-08-01,-0.0136935030,-0.0101098960,-0.0229946323,-0.0249474879,-0.0022853610,-0.0213822277
2024-08-02,-0.0183818609,-0.0131226538,-0.0233273734,-0.0581390607,-0.0207715679,-0.0160981199
2024-08-05,-0.0299687984,-0.0203677194,-0.0182445318,-0.1239575767,-0.0145850077,-0.0141771109
2024-08-06,0.0103540859,0.0023101321,0.0008835753,0.1022632740,-0.0030553619,-0.0026507513
2024-08-07,-0.0077346479,0.0174666679,0.0150296914,0.0119438976,0.0138472293,0.0190699808
2024-08-08,0.0230426115,-0.0026815441,0.0037041977,-0.0073660715,0.0008277533,-0.0025543002
2024-08-09,0.0046716768,0.0028361078,0.0024026870,0.0055654657,0.0117453461,0.0030713927
2024-08-13,0.0168913387,0.0082148966,0.0050313447,0.0344757093,0.0049051461,0.0008473730
2024-08-14,0.0038237284,0.0055735638,0.0041291612,0.0057936356,-0.0035344683,0.0079014256
2024-08-15,0.0161332478,0.0080062775,0.0166413557,0.0077989020,-0.0002465179,0.0122740811
2024-08-16,0.0019897794,-0.0043127199,0.0076532100,0.0363777146,0.0187630424,0.0035469171
2024-08-19,0.0097222847,0.0054744084,0.0054189986,-0.0177089718,0.0079982143,0.0046269951
2024-08-20,-0.0019845554,-0.0100037792,-0.0034833896,0.0180349198,-0.0033290646,0.0002084478
2024-08-21,0.0042396768,0.0012208655,0.0049805033,-0.0029194052,-0.0068568193,0.0052086082
2024-08-22,-0.0089328055,0.0005552803,0.0024088855,0.0068300036,0.0143746820,-0.0000811129
2024-08-23,0.0114833709,0.0048021000,0.0075545360,0.0040108284,-0.0016382513,0.0070347425
2024-08-27,-0.0015635614,0.0021254348,0.0026142155,-0.0019718462,0.0149085185,-0.0014861019
2024-08-28,-0.0059759732,-0.0001916733,0.0053784142,0.0021714186,-0.0101943535,0.0015715679
2024-08-29,-0.0000393791,0.0042784809,0.0069363883,-0.0002405537,0.0053057150,0.0083508881
2024-08-30,0.0100930518,-0.0003580123,-0.0002987638,0.0074348261,0.0113992100,-0.0013087378
2024-09-03,-0.0211510744,-0.0093235457,-0.0084524898,0.0009976931,-0.0187658435,-0.0073188916
2024-09-04,-0.0016025436,-0.0034826042,-0.0082817976,-0.0423586348,-0.0109990935,-0.0097859938
2024-09-05,-0.0030180176,-0.0033737321,-0.0008256096,-0.0105410184,-0.0007469100,-0.0092001770
2024-09-09,-0.0058800545,0.0035307775,-0.0071563240,-0.0120396858,-0.0141788339,-0.0009015381
2024-09-10,0.0044726727,-0.0078347689,-0.0096315798,-0.0015625755,0.0021590388,-0.0023850965
2024-09-11,0.0106650259,-0.0014744832,0.0035229329,-0.0149171226,-0.0072750524,-0.0014471353
2024-09-12,0.0074953024,0.0057481306,0.0102628657,0.0340681598,0.0076966458,0.0051697478
2024-09-13,0.0054077114,0.0038951110,0.0097745948,-0.0068282782,0.0074649828,0.0040591651
2024-09-17,0.0015215123,0.0044482459,0.0014267670,-0.0103478605,0.0167498522,0.0029697494
2024-09-19,0.0140312246,0.0022623382,0.0147548649,0.0262990256,0.0199966158,0.0170940372
2024-09-20,-0.0019410274,-0.0118506121,-0.0148597745,0.0153028397,0.0136239368,-0.0151207077
2024-09-24,0.0053275065,0.0064155291,0.0147767601,0.0057438290,0.0406379153,0.0138328542
2024-09-25,-0.0018612489,-0.0017022758,-0.0041128798,-0.0018536382,0.0067650142,-0.0050486059
2024-09-26,0.0040386757,0.0019592191,0.0169072271,0.0278679666,0.0415848359,0.0233252164
2024-09-27,-0.0012532170,0.0043331135,0.0122292904,0.0232219675,0.0355199809,0.0064194806
2024-09-30,0.0042365526,-0.0100711238,-0.0076360270,-0.0479545313,0.0243006784,-0.0200262120
2024-10-02,-0.0091870066,0.0065436920,-0.0082887591,-0.0029216871,0.0619887687,-0.0076168230
2024-10-03,-0.0016814135,-0.0010132061,-0.0077924233,0.0196593816,-0.0147132716,-0.0131717420
2024-10-04,0.0089702494,-0.0002294465,0.0055491588,0.0021675237,0.0281890745,0.0085025342
2024-10-07,-0.0095860222,0.0027775766,-0.0008801914,0.0180433799,0.0159613073,0.0045960088
2024-10-08,0.0096893475,-0.0136084972,-0.0019696770,-0.0100475898,-0.0940697401,-0.0072201757
2024-10-09,0.0071134120,0.0064830534,0.0098843141,0.0087427681,-0.0138362759,0.0051546830
2024-10-10,-0.0020701228,-0.0007278285,-0.0022866506,0.0026205456,0.0297879090,-0.0024470609
2024-10-15,0.0060916363,0.0014081126,0.0143298365,0.0134496744,-0.0439107973,-0.0026015243
2024-10-16,0.0046791460,0.0096735246,-0.0027393199,-0.0182971667,-0.0015719172,-0.0039843570
2024-10-17,-0.0001711605,0.0067234158,0.0077487545,-0.0068684867,-0.0102406240,0.0122437240
2024-10-18,0.0039715527,-0.0031961224,0.0037776153,0.0018133239,0.0361076831,0.0038661482
2024-10-21,-0.0018227695,-0.0047975797,-0.0099799564,-0.0006964397,-0.0156530824,-0.0100905453
2024-10-22,-0.0004748539,-0.0014065777,-0.0020183400,-0.0139300777,0.0010004795,-0.0001499268
2024-10-23,-0.0091913234,-0.0057666154,-0.0022804665,-0.0079949462,0.0127421737,-0.0049926500
2024-10-24,0.0021457720,0.0013078224,0.0033740399,0.0010085246,-0.0130312760,0.0007735672
2024-10-25,-0.0002994472,-0.0024911825,0.0010589849,-0.0060133039,0.0049064480,-0.0007649650
2024-10-28,0.0026514435,0.0044612314,0.0034952081,0.0182415678,0.0004472519,0.0079225855
2024-10-29,0.0016141272,-0.0079656275,-0.0027416482,0.0077229461,0.0049409910,-0.0060646344
2024-10-30,-0.0033002339,-0.0072995662,-0.0113322555,0.0096060563,-0.0154822387,-0.0110170137
2024-10-31,-0.0186147009,-0.0060664738,-0.0093367403,-0.0049937285,-0.0031064061,-0.0104989187
2024-11-01,0.0040925095,0.0082736461,0.0093005518,-0.0262933792,0.0093073061,0.0079913998
2024-11-05,0.0094190691,-0.0005870338,0.0000674542,0.0110692751,0.0244089792,-0.0002645339
2024-11-06,0.0252959278,-0.0006974337,-0.0112669271,0.0261410290,-0.0223063977,-0.0050680815
2024-11-07,0.0074312297,-0.0031836604,0.0169758765,-0.0025141851,0.0202040749,0.0075974489
2024-11-08,0.0037568333,-0.0083899777,-0.0075940046,0.0030207384,-0.0107453223,-0.0117068216
2024-11-11,0.0009690634,0.0065408421,0.0121318403,0.0008341496,-0.0145338196,0.0120198840
2024-11-12,-0.0028926597,-0.0122335928,-0.0213361883,-0.0039771633,-0.0283962806,-0.0269157312
2024-11-13,0.0002322277,0.0005606918,-0.0016040678,-0.0166199765,-0.0011806208,-0.0014044459
2024-11-14,-0.0060497348,0.0050932582,0.0137130108,-0.0048025043,-0.0195545522,0.0131594794
2024-11-15,-0.0132034899,-0.0009416317,-0.0027455096,0.0027821199,-0.0004872811,-0.0057673792
2024-11-18,0.0039178144,0.0056674074,-0.0011254649,-0.0109220189,0.0077353497,0.0011830173
2024-11-19,0.0039635848,-0.0012701226,-0.0067162246,0.0050647256,0.0044471719,-0.0066760523
2024-11-20,0.0000219509,-0.0017162492,-0.0029134494,-0.0016163156,0.0021023463,-0.0043141762
2024-11-21,0.0053404615,0.0079404963,0.0074397404,-0.0085045129,-0.0052727906,0.0020656709
2024-11-22,0.0034679591,0.0138416560,0.0092143715,0.0067763773,-0.0189345748,0.0057795776
2024-11-25,0.0030204803,0.0035826954,0.0042752745,0.0129634047,-0.0041071549,0.0003391380
2024-11-26,0.0057220056,-0.0039920143,-0.0056283241,-0.0087194275,0.0004286454,-0.0086752611
2024-11-27,-0.0038012380,0.0019616153,-0.0017739689,-0.0079868698,0.0231706782,-0.0071554536
2024-11-29,0.0056077855,0.0015106106,0.0189338569,0.0019158925,-0.0091577966,0.0128908994
2024-12-02,0.0024484565,0.0030891348,0.0156508148,0.0079823082,0.0065219437,0.0002460603
2024-12-03,0.0004514491,0.0055937155,0.0041703847,0.0191062621,0.0100270257,0.0025604624
2024-12-04,0.0060514179,-0.0028232391,0.0107605193,0.0007014535,-0.0001954478,0.0065964291
2024-12-05,-0.0018697756,0.0016315874,0.0062603438,0.0030351806,-0.0092197971,0.0037326044
2024-12-06,0.0024954538,-0.0048866720,0.0012676873,-0.0077275045,0.0156136654,0.0131422574
2024-12-09,-0.0061442139,0.0052355393,-0.0018959616,0.0017734983,0.0275971199,0.0071712825
2024-12-10,-0.0029638833,-0.0085845742,-0.0008257551,0.0052879336,-0.0050362543,-0.0114115979
2024-12-11,0.0081657860,0.0025601683,0.0034433297,0.0001181770,-0.0076917122,0.0038703137
2024-12-12,-0.0054140225,0.0012287024,0.0013289456,0.0121128560,0.0120069159,-0.0003313793
2024-12-13,-0.0000264666,-0.0013835752,-0.0009962470,-0.0095033221,-0.0208760841,-0.0015321667
2024-12-16,0.0037993543,-0.0046022669,-0.0045138556,-0.0003281728,-0.0088001545,-0.0070840477
2024-12-17,-0.0038639950,-0.0080971445,-0.0033199781,-0.0023521161,-0.0047995662,0.0011716764
2024-12-18,-0.0294928464,0.0004758168,-0.0001876301,-0.0071883920,0.0083282391,0.0025686522
2024-12-19,-0.0008651123,-0.0114402568,-0.0134721497,-0.0068608258,-0.0056402491,-0.0122213463
2024-12-20,0.0108691238,-0.0025538484,-0.0042618916,-0.0028773355,-0.0016104559,-0.0027267792
2024-12-23,0.0072872735,0.0022388365,-0.0018094504,0.0118712886,0.0082366066,-0.0002969499
2024-12-27,-0.0005406667,0.0058128288,0.0068291781,0.0285950460,0.0104274362,0.0114200551
2024-12-30,-0.0107019957,-0.0035338052,-0.0037619337,-0.0095980625,-0.0024410100,-0.0056842902
