date,SPX,FTSE,DAX,N225,HSI,CAC
2005-01-04,1188.050048828125,4847.0,4290.5,11517.75,14045.900390625,3863.300048828125
2005-01-05,1183.739990234375,4806.0,4258.240234375,11437.51953125,13764.3603515625,3829.360107421875
2005-01-06,1187.8900146484375,4824.2998046875,4300.93994140625,11492.259765625,13712.0400390625,3856.47998046875
2005-01-07,1186.18994140625,4854.10009765625,4316.39990234375,11433.240234375,13574.8603515625,3877.9599609375
2005-01-11,1182.989990234375,4818.7001953125,4258.009765625,11539.990234375,13509.25,3848.989990234375
2005-01-12,1187.699951171875,4783.60009765625,4208.81982421875,11453.3896484375,13565.3095703125,3816.139892578125
2005-01-13,1177.449951171875,4800.2998046875,4212.14013671875,11358.2197265625,13573.2802734375,3834.110107421875
2005-01-14,1184.52001953125,4820.7998046875,4232.35986328125,11438.3896484375,13494.7802734375,3854.60009765625
2005-01-18,1195.97998046875,4823.89990234375,4250.7099609375,11423.259765625,13604.2197265625,3875.02001953125
2005-01-19,1184.6300048828125,4818.2998046875,4245.5498046875,11405.33984375,13678.6298828125,3869.010009765625
2005-01-20,1175.4100341796875,4800.7998046875,4220.43017578125,11284.76953125,13543.58984375,3842.43994140625
2005-01-21,1167.8699951171875,4803.2998046875,4213.7001953125,11238.3701171875,13481.01953125,3854.18994140625
2005-01-24,1163.75,4812.5,4201.89013671875,11289.490234375,13386.990234375,3848.7099609375
2005-01-25,1168.4100341796875,4843.2001953125,4233.9501953125,11276.91015625,13584.0595703125,3882.0400390625
2005-01-26,1174.0699462890625,4847.10009765625,4214.1201171875,11376.5703125,13623.6796875,3879.820068359375
2005-01-27,1174.550048828125,4853.39990234375,4216.41015625,11341.3095703125,13628.91015625,3891.39990234375
2005-01-28,1171.3599853515625,4832.7998046875,4201.81005859375,11320.580078125,13650.0595703125,3870.35009765625
2005-01-31,1181.27001953125,4852.2998046875,4254.85009765625,11387.58984375,13721.6904296875,3913.68994140625
2005-02-01,1189.4100341796875,4906.2001953125,4279.97021484375,11384.400390625,13578.259765625,3939.179931640625
2005-02-02,1193.18994140625,4916.2001953125,4296.31005859375,11407.1396484375,13555.7998046875,3951.719970703125
2005-02-03,1189.8900146484375,4908.2998046875,4281.64013671875,11389.349609375,13515.330078125,3928.93994140625
2005-02-04,1203.030029296875,4941.5,4339.27978515625,11360.400390625,13585.169921875,3958.010009765625
2005-02-07,1201.719970703125,4979.7998046875,4366.35009765625,11499.8603515625,13795.0,3981.89990234375
2005-02-08,1202.300048828125,4995.5,4371.39013671875,11490.4296875,13845.6298828125,3980.77001953125
2005-02-14,1206.1400146484375,5041.7998046875,4386.39990234375,11632.2001953125,14017.23046875,4012.110107421875
2005-02-15,1210.1199951171875,5058.89990234375,4402.02978515625,11646.490234375,13995.830078125,4030.449951171875
2005-02-16,1210.3399658203125,5053.2001953125,4368.77001953125,11601.6796875,14015.490234375,4009.02001953125
2005-02-17,1200.75,5057.39990234375,4369.68017578125,11582.7197265625,13967.8203125,4005.5
2005-02-18,1201.5899658203125,5057.2001953125,4359.47021484375,11660.1201171875,14087.8701171875,4029.02001953125
2005-02-22,1184.1600341796875,5032.89990234375,4323.2099609375,11597.7099609375,14090.51953125,4002.330078125
2005-02-23,1190.800048828125,4988.5,4310.66015625,11500.1796875,13957.9404296875,3977.18994140625
2005-02-24,1200.199951171875,4972.10009765625,4304.2900390625,11531.150390625,14060.91015625,3977.669921875
2005-02-25,1211.3699951171875,5006.7998046875,4348.64013671875,11658.25,14157.08984375,4034.570068359375
2005-02-28,1203.5999755859375,4968.5,4350.490234375,11740.599609375,14195.349609375,4027.159912109375
2005-03-01,1210.4100341796875,5000.5,4383.6201171875,11780.5302734375,14061.150390625,4054.97998046875
2005-03-02,1210.0799560546875,4992.7998046875,4393.43017578125,11813.7099609375,13850.7802734375,4062.719970703125
2005-03-03,1210.469970703125,5014.7998046875,4373.27001953125,11856.4599609375,13892.3701171875,4061.35009765625
2005-03-04,1222.1199951171875,5036.2998046875,4423.52001953125,11873.0498046875,13730.7802734375,4091.580078125
2005-03-07,1225.31005859375,5027.2001953125,4428.08984375,11925.3603515625,13771.9501953125,4108.0
2005-03-08,1219.4300537109375,5010.89990234375,4396.5,11886.91015625,13881.7099609375,4085.3798828125
2005-03-09,1207.010009765625,4996.10009765625,4375.60009765625,11966.6904296875,13941.4697265625,4066.68994140625
2005-03-10,1209.25,4962.10009765625,4337.68017578125,11864.91015625,13856.01953125,4038.2099609375
2005-03-11,1200.0799560546875,4982.10009765625,4360.490234375,11923.8896484375,13890.9296875,4049.179931640625
2005-03-14,1206.8299560546875,4975.0,4367.2998046875,11850.25,13906.849609375,4048.550048828125
2005-03-15,1197.75,5000.2001953125,4387.68994140625,11821.08984375,13816.75,4077.739990234375
2005-03-16,1188.0699462890625,4937.60009765625,4309.10986328125,11873.1796875,13832.51953125,4019.39990234375
2005-03-17,1190.2099609375,4922.10009765625,4315.919921875,11775.5,13817.990234375,4032.070068359375
2005-03-18,1189.6500244140625,4923.2998046875,4327.18017578125,11879.8095703125,13828.3701171875,4050.77001953125
2005-03-22,1171.7099609375,4937.2998046875,4320.68994140625,11841.9697265625,13776.4697265625,4047.179931640625
2005-03-23,1172.530029296875,4910.39990234375,4317.2001953125,11739.1201171875,13603.6103515625,4032.409912109375
2005-03-24,1171.4200439453125,4922.5,4343.60009765625,11745.9697265625,13597.099609375,4078.31005859375
2005-03-29,1165.3599853515625,4919.0,4351.89013671875,11599.8203125,13411.8798828125,4081.64990234375
2005-03-30,1181.4100341796875,4900.7001953125,4347.52001953125,11565.8798828125,13425.75,4064.610107421875
2005-03-31,1180.5899658203125,4894.39990234375,4348.77001953125,11668.9501953125,13516.8798828125,4067.780029296875
2005-04-01,1172.9200439453125,4914.0,4373.52978515625,11723.6298828125,13491.349609375,4080.080078125
2005-04-04,1176.1199951171875,4896.7001953125,4341.39013671875,11667.5400390625,13513.41015625,4052.320068359375
2005-04-06,1184.0699462890625,4947.39990234375,4379.18017578125,11827.16015625,13562.259765625,4106.990234375
2005-04-07,1191.1400146484375,4977.0,4389.52001953125,11810.990234375,13602.349609375,4124.3701171875
2005-04-08,1181.199951171875,4983.7001953125,4400.68017578125,11874.75,13666.7197265625,4124.2900390625
2005-04-11,1181.2099609375,4973.2998046875,4396.08984375,11745.6396484375,13659.9296875,4117.6201171875
2005-04-12,1187.760009765625,4946.2001953125,4372.1201171875,11670.2998046875,13658.0498046875,4096.81005859375
2005-04-13,1173.7900390625,4960.7998046875,4405.68994140625,11637.51953125,13799.6201171875,4116.85009765625
2005-04-14,1162.050048828125,4945.39990234375,4402.0498046875,11563.169921875,13772.400390625,4111.10986328125
2005-04-15,1142.6199951171875,4891.60009765625,4312.25,11370.6904296875,13638.75,4032.280029296875
2005-04-18,1145.97998046875,4827.10009765625,4202.2001953125,10938.4404296875,13355.23046875,3949.590087890625
2005-04-19,1152.780029296875,4855.60009765625,4204.60986328125,11065.8603515625,13444.08984375,3962.389892578125
2005-04-20,1137.5,4822.0,4178.6201171875,11088.580078125,13501.6298828125,3950.02001953125
2005-04-21,1159.949951171875,4819.60009765625,4193.7001953125,10984.3896484375,13597.3095703125,3951.02001953125
2005-04-22,1152.1199951171875,4849.2998046875,4223.0400390625,11045.9501953125,13693.5498046875,3980.179931640625
2005-04-25,1162.0999755859375,4864.89990234375,4246.9599609375,11073.76953125,13750.23046875,3993.070068359375
2005-04-26,1151.8299560546875,4845.5,4233.759765625,11035.830078125,13859.580078125,3993.0400390625
2005-04-27,1156.3800048828125,4789.39990234375,4189.02001953125,11005.419921875,13839.6396484375,3927.679931640625
2005-04-28,1143.219970703125,4790.2001953125,4178.10009765625,11008.900390625,13909.419921875,3911.449951171875
2005-05-06,1171.3499755859375,4918.89990234375,4311.06005859375,11192.169921875,14033.9599609375,4033.4599609375
2005-05-09,1178.8399658203125,4910.2998046875,4292.41015625,11171.3203125,14085.08984375,4020.18994140625
2005-05-10,1166.219970703125,4892.39990234375,4251.1298828125,11159.4599609375,14018.3798828125,4000.25
2005-05-11,1171.1099853515625,4875.39990234375,4244.16015625,11120.7001953125,13939.7998046875,3979.530029296875
2005-05-12,1159.3599853515625,4893.2998046875,4267.0498046875,11077.9404296875,13968.2802734375,4015.64990234375
2005-05-13,1154.050048828125,4886.5,4275.7001953125,11049.1103515625,13866.8095703125,4017.889892578125
2005-05-17,1173.800048828125,4898.5,4251.77001953125,10825.3896484375,13667.0302734375,4006.18994140625
2005-05-18,1185.56005859375,4949.39990234375,4324.60009765625,10835.41015625,13627.009765625,4073.14990234375
2005-05-19,1191.0799560546875,4962.7001953125,4360.419921875,11077.16015625,13698.9296875,4085.97998046875
2005-05-20,1189.280029296875,4971.7998046875,4360.68017578125,11037.2900390625,13717.419921875,4096.18017578125
2005-05-23,1193.8599853515625,4989.7998046875,4406.9501953125,11158.650390625,13699.1298828125,4118.3701171875
2005-05-24,1194.0699462890625,4982.5,4396.64013671875,11133.650390625,13719.3203125,4102.06005859375
2005-05-25,1190.010009765625,4971.5,4389.5400390625,11014.4296875,13562.0595703125,4100.27001953125
2005-05-26,1197.6199951171875,4994.89990234375,4436.60009765625,11027.9404296875,13569.990234375,4137.27978515625
2005-05-27,1198.780029296875,4986.2998046875,4444.7099609375,11192.330078125,13714.7802734375,4131.830078125
2005-05-31,1191.5,4964.0,4460.6298828125,11276.58984375,13867.0703125,4120.72998046875
2005-06-01,1202.219970703125,5011.0,4527.169921875,11329.669921875,13873.0703125,4178.25
2005-06-02,1204.2900390625,5005.0,4532.169921875,11280.0498046875,13814.580078125,4183.72021484375
2005-06-03,1196.02001953125,4999.39990234375,4510.39013671875,11300.0498046875,13818.4501953125,4162.47021484375
2005-06-06,1197.510009765625,4980.39990234375,4497.259765625,11270.6201171875,13860.5498046875,4146.47021484375
2005-06-07,1197.260009765625,5025.2998046875,4566.009765625,11217.4501953125,13837.2900390625,4180.740234375
2005-06-08,1194.6700439453125,5003.7001953125,4557.2900390625,11281.0302734375,13898.5498046875,4171.35009765625
2005-06-09,1200.9300537109375,5009.2001953125,4562.75,11160.8798828125,13898.3095703125,4153.7099609375
2005-06-10,1198.1099853515625,5030.39990234375,4586.10009765625,11304.23046875,13934.759765625,4184.10009765625
2005-06-13,1200.8199462890625,5050.39990234375,4599.2099609375,11311.509765625,13952.01953125,4203.490234375
2005-06-14,1203.9100341796875,5046.7998046875,4591.68994140625,11335.919921875,13904.8095703125,4197.740234375
2005-06-15,1206.5799560546875,5019.5,4548.419921875,11415.8798828125,13914.2998046875,4184.35986328125
2005-06-16,1210.9599609375,5045.0,4579.8701171875,11416.3798828125,13833.5302734375,4185.14990234375
2005-06-17,1216.9599609375,5077.60009765625,4604.56982421875,11514.0302734375,13912.0302734375,4220.91015625
2005-06-20,1216.0999755859375,5072.0,4586.85986328125,11483.349609375,13945.76953125,4193.39990234375
2005-06-21,1213.6099853515625,5082.10009765625,4608.10986328125,11488.740234375,13979.349609375,4222.02001953125
2005-06-22,1213.8800048828125,5099.2998046875,4619.60009765625,11547.2802734375,14161.01953125,4229.5498046875
2005-06-23,1200.72998046875,5114.39990234375,4627.47998046875,11576.75,14190.4404296875,4240.18017578125
2005-06-24,1191.5699462890625,5079.0,4566.47998046875,11537.0302734375,14230.2900390625,4199.8701171875
2005-06-27,1190.68994140625,5043.5,4523.81982421875,11414.2802734375,14176.0400390625,4157.68017578125
2005-06-28,1201.5699462890625,5090.39990234375,4557.4599609375,11513.830078125,14287.4404296875,4194.330078125
2005-06-29,1199.8499755859375,5109.10009765625,4583.6298828125,11577.4404296875,14277.2802734375,4231.8798828125
2005-06-30,1191.3299560546875,5113.2001953125,4586.27978515625,11584.009765625,14201.0595703125,4229.35009765625
2005-07-05,1204.989990234375,5190.10009765625,4603.64990234375,11616.7001953125,14124.7998046875,4252.75
2005-07-06,1194.93994140625,5229.60009765625,4615.490234375,11603.5302734375,14149.9296875,4279.9501953125
2005-07-07,1197.8699951171875,5158.2998046875,4530.18017578125,11590.1396484375,14030.8095703125,4220.6201171875
2005-07-08,1211.8599853515625,5232.2001953125,4597.97021484375,11565.990234375,13964.4697265625,4300.31005859375
2005-07-11,1219.43994140625,5242.39990234375,4663.3798828125,11674.7900390625,14157.240234375,4321.56005859375
2005-07-12,1222.2099609375,5217.2001953125,4653.02978515625,11692.1396484375,14146.9501953125,4313.77978515625
2005-07-13,1223.2900390625,5245.89990234375,4679.89013671875,11659.83984375,14307.2998046875,4343.6201171875
2005-07-14,1226.5,5259.7001953125,4699.27001953125,11764.259765625,14491.5400390625,4370.8798828125
2005-07-15,1227.9200439453125,5230.89990234375,4712.89990234375,11758.6796875,14504.2900390625,4373.77001953125
2005-07-19,1229.3499755859375,5201.60009765625,4770.5400390625,11764.83984375,14567.740234375,4424.25
2005-07-20,1235.199951171875,5215.2001953125,4784.5,11789.349609375,14602.7001953125,4418.39013671875
2005-07-21,1227.0400390625,5221.60009765625,4829.8701171875,11786.73046875,14620.1396484375,4425.66015625
2005-07-22,1233.6800537109375,5241.7998046875,4836.89990234375,11695.0498046875,14786.4599609375,4415.52001953125
2005-07-25,1229.030029296875,5270.7001953125,4842.7001953125,11762.650390625,14794.0302734375,4422.1201171875
2005-07-26,1231.1600341796875,5256.2001953125,4843.490234375,11737.9599609375,14769.9296875,4420.77978515625
2005-07-27,1236.7900390625,5263.60009765625,4855.35009765625,11835.080078125,14801.8603515625,4433.1298828125
2005-07-28,1243.719970703125,5270.2998046875,4892.5,11858.3095703125,14813.3203125,4462.259765625
2005-07-29,1234.1800537109375,5282.2998046875,4886.5,11899.599609375,14880.98046875,4451.740234375
2005-08-01,1235.3499755859375,5290.89990234375,4890.85009765625,11946.919921875,14978.8798828125,4456.8701171875
2005-08-02,1244.1199951171875,5327.5,4932.8701171875,11940.2001953125,15137.080078125,4503.330078125
2005-08-03,1245.0400390625,5332.2998046875,4923.1201171875,11981.7998046875,15118.5,4495.47998046875
2005-08-04,1235.8599853515625,5315.5,4874.06005859375,11883.3095703125,15111.5400390625,4458.97021484375
2005-08-05,1226.4200439453125,5314.7998046875,4827.18017578125,11766.48046875,15051.3203125,4421.7001953125
2005-08-08,1223.1300048828125,5344.2998046875,4837.85986328125,11778.98046875,15108.9404296875,4441.009765625
2005-08-09,1231.3800048828125,5363.7001953125,4909.47998046875,11900.3203125,15047.83984375,4491.68994140625
2005-08-10,1229.1300048828125,5377.5,4990.56982421875,12098.080078125,15346.41015625,4527.10986328125
2005-08-11,1237.81005859375,5358.60009765625,4953.93017578125,12263.3203125,15445.2001953125,4509.10009765625
2005-08-12,1230.3900146484375,5345.7998046875,4937.330078125,12261.6796875,15450.9501953125,4476.47998046875
2005-08-15,1233.8699951171875,5344.2001953125,4922.33984375,12256.5498046875,15466.0595703125,4466.580078125
2005-08-16,1219.3399658203125,5322.39990234375,4883.81005859375,12315.669921875,15443.6201171875,4444.56982421875
2005-08-17,1220.239990234375,5292.7001953125,4871.4599609375,12273.1201171875,15449.580078125,4439.6298828125
2005-08-18,1219.02001953125,5269.2998046875,4851.27001953125,12307.3701171875,15148.08984375,4430.06982421875
2005-08-19,1219.7099609375,5312.60009765625,4929.91015625,12291.73046875,15038.6103515625,4487.89990234375
2005-08-22,1221.72998046875,5318.39990234375,4941.68994140625,12452.509765625,15218.6298828125,4485.93994140625
2005-08-23,1217.5899658203125,5300.2001953125,4917.740234375,12472.9296875,14973.8896484375,4436.56005859375
2005-08-24,1209.5899658203125,5275.2001953125,4915.9501953125,12502.259765625,14873.849609375,4424.43017578125
2005-08-25,1212.3699951171875,5255.7001953125,4856.009765625,12405.16015625,14889.099609375,4378.509765625
2005-08-26,1205.0999755859375,5228.10009765625,4783.7998046875,12439.48046875,14982.8896484375,4342.7001953125
2005-08-30,1208.4100341796875,5255.7998046875,4791.72021484375,12453.1396484375,14922.2197265625,4356.66015625
2005-08-31,1220.3299560546875,5296.89990234375,4829.68994140625,12413.599609375,14903.5498046875,4399.35986328125
2005-09-01,1221.5899658203125,5328.5,4842.93994140625,12506.9697265625,15143.75,4424.14990234375
2005-09-02,1218.02001953125,5326.89990234375,4837.81005859375,12600.0,15221.8896484375,4404.9501953125
2005-09-06,1233.3900146484375,5359.2001953125,4968.27978515625,12599.4296875,15160.7802734375,4472.5498046875
2005-09-07,1236.3599853515625,5365.89990234375,4988.14013671875,12607.58984375,15224.5703125,4486.18994140625
2005-09-08,1231.6700439453125,5340.7998046875,4992.75,12533.8896484375,15166.169921875,4465.93994140625
2005-09-09,1241.47998046875,5359.2998046875,5005.93017578125,12692.0400390625,15165.76953125,4491.68017578125
2005-09-12,1240.56005859375,5375.10009765625,4989.97998046875,12896.4296875,15199.7900390625,4491.81982421875
2005-09-13,1231.199951171875,5338.0,4901.8798828125,12901.9501953125,15070.5595703125,4453.41015625
2005-09-14,1227.1600341796875,5347.39990234375,4911.169921875,12834.25,15086.6201171875,4470.43017578125
2005-09-15,1227.72998046875,5383.5,4905.97998046875,12986.7802734375,15041.01953125,4479.39013671875
2005-09-16,1237.9100341796875,5407.89990234375,4986.5,12958.6796875,14983.2001953125,4509.490234375
2005-09-20,1221.3399658203125,5416.39990234375,4962.85986328125,13148.5703125,15241.8603515625,4531.7998046875
2005-09-21,1210.199951171875,5369.7001953125,4875.22021484375,13196.5703125,15223.6201171875,4468.06005859375
2005-09-22,1214.6199951171875,5385.7001953125,4849.009765625,13159.3603515625,15179.9501953125,4448.14990234375
2005-09-26,1215.6300048828125,5453.10009765625,4998.16015625,13392.6298828125,15274.3095703125,4566.919921875
2005-09-27,1215.6600341796875,5447.2998046875,4965.8798828125,13310.0400390625,15189.8798828125,4546.7998046875
2005-09-28,1216.8900146484375,5494.7998046875,5048.740234375,13435.91015625,15221.4599609375,4599.6298828125
2005-09-29,1227.6800537109375,5478.2001953125,5021.169921875,13617.240234375,15431.25,4578.85986328125
2005-09-30,1228.81005859375,5477.7001953125,5044.1201171875,13574.2998046875,15428.51953125,4600.02001953125
2005-10-03,1226.699951171875,5501.60009765625,5082.06982421875,13525.2802734375,15394.3896484375,4622.5400390625
2005-10-04,1214.469970703125,5494.39990234375,5138.02001953125,13738.83984375,15382.2099609375,4650.240234375
2005-10-05,1196.3900146484375,5427.7998046875,5069.419921875,13689.8896484375,15161.0302734375,4594.10986328125
2005-10-06,1191.489990234375,5372.39990234375,5017.27001953125,13359.509765625,14839.2998046875,4536.89990234375
2005-10-07,1195.9000244140625,5362.2998046875,5007.77001953125,13227.740234375,14847.7900390625,4528.7900390625
2005-10-12,1177.6800537109375,5342.2001953125,4981.77001953125,13463.740234375,14575.01953125,4515.0498046875
2005-10-13,1176.8399658203125,5265.2001953125,4950.06982421875,13449.240234375,14621.830078125,4470.1298828125
2005-10-14,1186.5699462890625,5275.0,4975.56005859375,13420.5400390625,14485.8798828125,4482.1298828125
2005-10-17,1190.0999755859375,5286.5,4978.830078125,13400.2900390625,14541.349609375,4489.2099609375
2005-10-18,1178.1400146484375,5263.89990234375,4947.18017578125,13352.240234375,14597.400390625,4461.14013671875
2005-10-19,1195.760009765625,5167.89990234375,4845.97998046875,13129.490234375,14372.759765625,4375.08984375
2005-10-20,1177.800048828125,5164.10009765625,4864.25,13190.4599609375,14408.9404296875,4390.66015625
2005-10-21,1179.5899658203125,5142.10009765625,4838.39990234375,13199.9501953125,14487.849609375,4366.52001953125
2005-10-24,1199.3800048828125,5207.60009765625,4901.7900390625,13106.1796875,14402.349609375,4421.97021484375
2005-10-25,1196.5400390625,5182.10009765625,4872.97021484375,13280.6201171875,14424.8798828125,4396.990234375
2005-10-26,1191.3800048828125,5227.7998046875,4900.7900390625,13395.01953125,14458.1396484375,4412.7001953125
2005-10-27,1178.9000244140625,5182.7998046875,4806.0498046875,13417.080078125,14381.0595703125,4336.41015625
2005-10-28,1198.4100341796875,5213.39990234375,4825.64013671875,13346.5400390625,14215.830078125,4326.7099609375
2005-10-31,1207.010009765625,5317.2998046875,4929.06982421875,13606.5,14386.3701171875,4436.4501953125
2005-11-01,1202.760009765625,5344.2998046875,4922.5498046875,13867.8603515625,14572.259765625,4434.75
2005-11-02,1214.760009765625,5358.60009765625,4954.830078125,13894.7802734375,14597.48046875,4429.64990234375
2005-11-04,1220.1400146484375,5423.60009765625,4995.240234375,14075.9599609375,14585.7900390625,4498.7001953125
2005-11-07,1222.81005859375,5460.7998046875,5024.2001953125,14061.599609375,14365.7900390625,4503.64990234375
2005-11-08,1218.5899658203125,5460.89990234375,5008.830078125,14036.73046875,14403.2001953125,4503.6201171875
2005-11-09,1220.6500244140625,5439.7998046875,5011.3798828125,14072.2001953125,14597.5498046875,4480.22998046875
2005-11-10,1230.9599609375,5423.5,5015.5498046875,14080.8798828125,14633.330078125,4479.5
2005-11-11,1234.719970703125,5465.10009765625,5090.75,14155.0595703125,14740.599609375,4536.490234375
2005-11-14,1233.760009765625,5470.0,5092.43017578125,14116.0400390625,14629.490234375,4548.4501953125
2005-11-15,1229.010009765625,5439.60009765625,5110.60986328125,14091.76953125,14627.41015625,4543.14990234375
2005-11-16,1231.2099609375,5430.0,5081.4599609375,14170.8701171875,14650.5400390625,4512.1298828125
2005-11-17,1242.800048828125,5460.0,5099.72021484375,14411.7900390625,14787.98046875,4523.18017578125
2005-11-18,1248.27001953125,5498.89990234375,5123.5,14623.1201171875,14883.3203125,4556.22998046875
2005-11-21,1254.8499755859375,5497.89990234375,5170.60986328125,14680.4296875,14885.5703125,4586.3798828125
2005-11-22,1261.22998046875,5517.2001953125,5174.72021484375,14708.3203125,14885.650390625,4580.81005859375
2005-11-25,1268.25,5523.7998046875,5194.27001953125,14784.2900390625,15081.4697265625,4600.47998046875
2005-11-28,1257.4599609375,5477.39990234375,5176.58984375,14986.9404296875,15100.0,4575.31005859375
2005-11-29,1257.47998046875,5491.0,5199.47998046875,14927.7001953125,15028.759765625,4588.72998046875
2005-11-30,1249.47998046875,5423.2001953125,5193.39990234375,14872.150390625,14937.1396484375,4567.41015625
2005-12-01,1264.6700439453125,5486.10009765625,5266.5498046875,15130.5,15068.0302734375,4636.4599609375
2005-12-02,1265.0799560546875,5528.10009765625,5307.990234375,15421.599609375,15200.3798828125,4662.5
2005-12-05,1262.0899658203125,5510.39990234375,5266.85986328125,15551.3095703125,15158.8203125,4650.5400390625
2005-12-06,1263.699951171875,5538.7998046875,5300.85009765625,15423.3798828125,14990.6103515625,4677.2001953125
2005-12-07,1257.3699951171875,5528.7998046875,5266.75,15484.66015625,15134.9501953125,4660.580078125
2005-12-08,1255.8399658203125,5531.10009765625,5286.75,15183.3603515625,14879.16015625,4669.93017578125
2005-12-09,1259.3699951171875,5517.39990234375,5282.1298828125,15404.0498046875,14910.509765625,4661.009765625
2005-12-12,1260.4300537109375,5501.5,5301.2099609375,15738.7001953125,14984.400390625,4673.1298828125
2005-12-13,1267.4300537109375,5507.2001953125,5310.27978515625,15778.8603515625,14942.6201171875,4693.39990234375
2005-12-14,1272.739990234375,5521.10009765625,5286.759765625,15464.580078125,14976.259765625,4674.85009765625
2005-12-15,1270.93994140625,5495.2998046875,5295.81982421875,15254.4404296875,15059.01953125,4673.14013671875
2005-12-16,1267.3199462890625,5531.60009765625,5353.66015625,15173.0703125,15029.8095703125,4704.41015625
2005-12-19,1259.9200439453125,5539.7998046875,5350.18017578125,15391.48046875,15182.8896484375,4694.85986328125
2005-12-20,1259.6199951171875,5547.89990234375,5356.60009765625,15641.259765625,15169.169921875,4703.47998046875
2005-12-21,1262.7900390625,5587.39990234375,5397.22998046875,15957.5703125,15221.419921875,4752.41015625
2005-12-22,1268.1199951171875,5597.0,5398.27978515625,15941.3701171875,15182.5302734375,4751.9599609375
2005-12-28,1258.1700439453125,5622.7998046875,5447.14990234375,16194.6103515625,15101.5400390625,4756.93017578125
2005-12-29,1254.4200439453125,5638.2998046875,5458.580078125,16344.2001953125,15045.58984375,4772.93017578125
2005-12-30,1248.2900390625,5618.7998046875,5408.259765625,16111.4296875,14876.4296875,4715.22998046875
2006-01-04,1273.4599609375,5714.60009765625,5523.6201171875,16361.5400390625,15200.0595703125,4838.52001953125
2006-01-05,1273.47998046875,5691.2001953125,5516.52978515625,16425.369140625,15271.1298828125,4835.08984375
2006-01-06,1285.449951171875,5731.7998046875,5536.31982421875,16428.2109375,15344.4404296875,4867.14990234375
2006-01-10,1289.68994140625,5688.7998046875,5494.7099609375,16124.349609375,15569.91015625,4861.93017578125
2006-01-11,1294.1800537109375,5731.5,5532.89013671875,16363.58984375,15650.8798828125,4890.490234375
2006-01-12,1286.06005859375,5735.2001953125,5542.1298828125,16445.189453125,15719.3701171875,4890.240234375
2006-01-13,1287.6099853515625,5711.0,5483.08984375,16454.94921875,15787.9697265625,4850.52978515625
2006-01-17,1282.9300537109375,5699.0,5460.16015625,15805.9501953125,15576.2001953125,4807.14013671875
2006-01-18,1277.9300537109375,5663.7001953125,5395.60986328125,15341.1796875,15481.2099609375,4772.08984375
2006-01-19,1285.0400390625,5693.2001953125,5430.83984375,15696.2802734375,15670.419921875,4814.08984375
2006-01-20,1261.489990234375,5672.39990234375,5349.02001953125,15696.6904296875,15662.080078125,4773.47998046875
2006-01-23,1263.8199462890625,5660.89990234375,5348.72021484375,15360.650390625,15464.76953125,4751.990234375
2006-01-24,1266.8599853515625,5633.7998046875,5334.2998046875,15648.8896484375,15530.5703125,4748.31982421875
2006-01-25,1264.6800537109375,5704.39990234375,5427.08984375,15651.0,15520.3896484375,4791.0
2006-01-26,1273.8299560546875,5722.60009765625,5548.91015625,15891.01953125,15520.0703125,4876.52001953125
2006-01-27,1283.719970703125,5786.7998046875,5647.419921875,16460.6796875,15753.1396484375,4956.60009765625
2006-02-01,1282.4599609375,5801.60009765625,5726.52978515625,16480.08984375,15742.2998046875,4999.39013671875
2006-02-02,1270.8399658203125,5747.2998046875,5649.60009765625,16710.55078125,15691.6904296875,4927.89013671875
2006-02-03,1264.030029296875,5759.2998046875,5657.1201171875,16659.640625,15429.73046875,4937.56005859375
2006-02-06,1265.02001953125,5772.39990234375,5666.77978515625,16747.759765625,15548.0595703125,4934.58984375
2006-02-07,1254.780029296875,5746.7998046875,5672.919921875,16720.990234375,15517.009765625,4935.39990234375
2006-02-08,1265.6500244140625,5725.10009765625,5666.41015625,16272.6796875,15373.4404296875,4895.080078125
2006-02-09,1263.780029296875,5808.7998046875,5743.68017578125,16439.669921875,15413.4296875,4955.740234375
2006-02-10,1266.989990234375,5764.10009765625,5701.47021484375,16257.830078125,15425.9501953125,4910.81982421875
2006-02-13,1262.8599853515625,5793.5,5756.330078125,15877.66015625,15312.08984375,4957.35986328125
2006-02-14,1275.530029296875,5792.2998046875,5763.39990234375,16184.8701171875,15420.3203125,4961.33984375
2006-02-15,1280.0,5791.5,5764.3701171875,15932.830078125,15423.259765625,4934.08984375
2006-02-16,1289.3800048828125,5828.89990234375,5789.25,16043.669921875,15450.8798828125,4973.08984375
2006-02-17,1287.239990234375,5846.2001953125,5795.47998046875,15713.4501953125,15475.6904296875,5000.0
2006-02-21,1283.030029296875,5857.7001953125,5801.0400390625,15894.9404296875,15627.240234375,4991.93017578125
2006-02-22,1292.6700439453125,5872.39990234375,5862.06005859375,15781.7802734375,15635.7197265625,5041.60009765625
2006-02-23,1287.7900390625,5836.0,5857.8798828125,16096.099609375,15812.5302734375,5040.39013671875
2006-02-24,1289.4300537109375,5860.5,5870.7900390625,16101.91015625,15856.0498046875,5073.9501953125
2006-02-27,1294.1199951171875,5875.89990234375,5915.14990234375,16192.9501953125,15949.8896484375,5080.52001953125
2006-02-28,1280.6600341796875,5791.5,5796.0400390625,16205.4296875,15918.48046875,5000.4501953125
2006-03-01,1291.239990234375,5844.10009765625,5866.60986328125,15964.4599609375,15818.08984375,5057.60986328125
2006-03-02,1289.1400146484375,5833.0,5783.490234375,15909.759765625,15882.4501953125,5009.08984375
2006-03-03,1287.22998046875,5858.7001953125,5721.4599609375,15663.33984375,15802.0,4989.14990234375
2006-03-06,1278.260009765625,5897.7998046875,5754.06005859375,15901.16015625,15811.830078125,5010.72021484375
2006-03-07,1275.8800048828125,5857.39990234375,5739.27978515625,15726.01953125,15602.3603515625,4992.2099609375
2006-03-08,1278.469970703125,5812.89990234375,5673.35986328125,15627.490234375,15493.08984375,4969.509765625
2006-03-09,1272.22998046875,5855.89990234375,5732.22021484375,16036.91015625,15510.1298828125,5007.83984375
2006-03-10,1281.4200439453125,5907.89990234375,5804.919921875,16115.6298828125,15445.0498046875,5069.27001953125
2006-03-13,1284.1300048828125,5952.7998046875,5855.16015625,16361.509765625,15542.0703125,5107.47021484375
2006-03-14,1297.47998046875,5950.60009765625,5870.8798828125,16238.3603515625,15519.759765625,5117.16015625
2006-03-15,1303.02001953125,5965.10009765625,5898.47998046875,16319.0400390625,15720.3603515625,5127.93017578125
2006-03-16,1305.3299560546875,5993.2998046875,5897.7900390625,16096.2099609375,15729.0400390625,5126.009765625
2006-03-17,1307.25,5999.39990234375,5882.3798828125,16339.73046875,15801.66015625,5141.080078125
2006-03-20,1305.0799560546875,5991.7001953125,5902.7900390625,16624.80078125,15929.9501953125,5138.509765625
2006-03-22,1305.0400390625,6007.5,5932.31005859375,16495.48046875,15642.8095703125,5194.77978515625
2006-03-23,1301.6700439453125,5990.10009765625,5947.10986328125,16489.369140625,15771.169921875,5194.77978515625
2006-03-24,1302.949951171875,6036.2998046875,5973.14013671875,16560.869140625,15716.4599609375,5218.7099609375
2006-03-27,1301.6099853515625,5972.2001953125,5912.259765625,16650.099609375,15815.8701171875,5162.43994140625
2006-03-28,1293.22998046875,5935.7001953125,5890.6298828125,16690.240234375,15856.580078125,5149.990234375
2006-03-29,1302.8900146484375,5959.2001953125,5914.77978515625,16938.41015625,15745.1103515625,5180.25
2006-03-30,1300.25,6015.2998046875,5984.18994140625,17045.33984375,15880.6904296875,5240.10009765625
2006-03-31,1294.8699951171875,5964.60009765625,5970.080078125,17059.66015625,15805.0400390625,5220.85009765625
2006-04-03,1297.81005859375,6024.2998046875,6024.0498046875,17333.310546875,16063.75,5255.259765625
2006-04-04,1305.9300537109375,6004.7001953125,6013.85009765625,17292.91015625,16100.08984375,5205.81005859375
2006-04-06,1309.0400390625,6045.7001953125,6031.39013671875,17489.330078125,16411.130859375,5222.35986328125
2006-04-07,1295.5,6026.10009765625,5952.919921875,17563.369140625,16471.779296875,5174.9599609375
2006-04-10,1296.6199951171875,6067.0,6003.39990234375,17456.580078125,16521.58984375,5190.27001953125
2006-04-11,1286.5699462890625,6016.5,5908.47021484375,17418.130859375,16475.810546875,5112.60009765625
2006-04-12,1288.1199951171875,6000.7998046875,5901.25,17162.55078125,16310.759765625,5085.10986328125
2006-04-13,1289.1199951171875,6029.39990234375,5918.56982421875,17199.150390625,16429.44921875,5102.6201171875
2006-04-18,1307.280029296875,6044.10009765625,5902.580078125,17232.859375,16637.529296875,5095.97021484375
2006-04-19,1309.9300537109375,6089.7998046875,5993.759765625,17350.119140625,16830.439453125,5158.14013671875
2006-04-20,1311.4599609375,6081.39990234375,6063.27978515625,17317.529296875,16944.33984375,5206.7900390625
2006-04-21,1311.280029296875,6132.7001953125,6094.75,17403.9609375,16912.150390625,5252.3798828125
2006-04-24,1308.1099853515625,6098.7001953125,6079.08984375,16914.400390625,16705.669921875,5221.43994140625
2006-04-25,1301.739990234375,6086.60009765625,6078.7998046875,16970.2890625,16577.76953125,5235.33984375
2006-04-26,1305.4100341796875,6104.2998046875,6107.1201171875,17055.9296875,16672.66015625,5252.31982421875
2006-04-27,1309.719970703125,6060.0,6067.740234375,17114.5390625,16742.849609375,5213.5498046875
2006-04-28,1310.6099853515625,6023.10009765625,6009.89013671875,16906.23046875,16661.30078125,5188.39990234375
2006-05-02,1313.2099609375,6082.10009765625,6051.2900390625,17153.76953125,16868.0390625,5241.18994140625
2006-05-08,1324.6600341796875,6067.10009765625,6127.97998046875,17291.669921875,17301.7890625,5282.39990234375
2006-05-09,1325.1400146484375,6105.60009765625,6140.72021484375,17190.91015625,17133.990234375,5312.18017578125
2006-05-10,1322.8499755859375,6083.39990234375,6118.3798828125,16951.9296875,17080.58984375,5278.27001953125
2006-05-11,1305.9200439453125,6042.0,6054.72021484375,16862.140625,17140.779296875,5262.93994140625
2006-05-12,1291.239990234375,5912.10009765625,5916.27978515625,16601.779296875,16901.849609375,5150.4501953125
2006-05-15,1294.5,5841.2998046875,5857.02978515625,16486.91015625,16494.83984375,5064.85009765625
2006-05-16,1292.0799560546875,5846.2001953125,5851.919921875,16158.419921875,16393.109375,5081.68994140625
2006-05-17,1270.3199462890625,5675.5,5652.72021484375,16307.669921875,16615.55078125,4920.31005859375
2006-05-18,1261.81005859375,5671.60009765625,5666.06982421875,16087.1796875,16266.51953125,4908.68994140625
2006-05-19,1267.030029296875,5657.39990234375,5672.27978515625,16155.4501953125,16313.3603515625,4944.56982421875
2006-05-22,1262.0699462890625,5532.7001953125,5546.240234375,15857.8701171875,15805.51953125,4813.5
2006-05-23,1256.5799560546875,5678.7001953125,5678.490234375,15599.2001953125,15864.5595703125,4931.52978515625
2006-05-24,1258.5699462890625,5587.10009765625,5587.22998046875,15907.2001953125,15822.6396484375,4870.02001953125
2006-05-25,1272.8800048828125,5677.7001953125,5706.06005859375,15693.75,15696.8896484375,4949.52978515625
2006-05-26,1280.1600341796875,5791.0,5788.35986328125,15970.759765625,15895.099609375,5045.08984375
2006-05-30,1259.8699951171875,5652.0,5622.43017578125,15859.4501953125,15857.8896484375,4893.8701171875
2006-06-01,1285.7099609375,5749.7001953125,5707.58984375,15503.740234375,15645.26953125,4947.2900390625
2006-06-02,1288.219970703125,5764.60009765625,5687.0400390625,15789.3095703125,15912.7099609375,4959.7001953125
2006-06-05,1265.2900390625,5762.10009765625,5621.18994140625,15668.3095703125,16016.23046875,4916.0400390625
2006-06-06,1263.8499755859375,5669.7998046875,5502.81005859375,15384.8603515625,15973.1103515625,4797.919921875
2006-06-07,1256.1500244140625,5706.2998046875,5543.93017578125,15096.009765625,15816.5498046875,4824.77001953125
2006-06-08,1257.9300537109375,5562.89990234375,5383.27978515625,14633.0302734375,15450.1103515625,4684.33984375
2006-06-09,1252.300048828125,5655.2001953125,5464.080078125,14750.83984375,15628.6904296875,4768.18017578125
2006-06-12,1237.43994140625,5620.89990234375,5395.5498046875,14833.009765625,15621.4404296875,4723.18017578125
2006-06-13,1223.68994140625,5519.60009765625,5292.14013671875,14218.599609375,15234.419921875,4617.58984375
2006-06-14,1230.0400390625,5506.7998046875,5305.990234375,14309.5595703125,15247.919921875,4615.43994140625
2006-06-15,1256.1600341796875,5619.2998046875,5422.22021484375,14470.759765625,15435.080078125,4724.580078125
2006-06-16,1251.5400390625,5597.39990234375,5376.009765625,14879.33984375,15842.650390625,4694.89013671875
2006-06-19,1240.1300048828125,5626.10009765625,5439.22998046875,14860.349609375,15768.8603515625,4729.02001953125
2006-06-20,1240.1199951171875,5658.2001953125,5493.60986328125,14648.41015625,15608.9697265625,4770.419921875
2006-06-21,1252.199951171875,5665.0,5503.41015625,14644.259765625,15659.3603515625,4774.72998046875
2006-06-22,1245.5999755859375,5684.10009765625,5533.419921875,15135.6904296875,15826.7001953125,4803.2900390625
2006-06-23,1244.5,5692.10009765625,5529.740234375,15124.0400390625,15808.8095703125,4817.6298828125
2006-06-26,1250.56005859375,5681.2001953125,5514.6298828125,15152.400390625,15804.8095703125,4801.490234375
2006-06-27,1239.199951171875,5652.2998046875,5459.14990234375,15171.8095703125,15774.7001953125,4771.240234375
2006-06-28,1246.0,5678.60009765625,5456.8701171875,14886.1103515625,15742.66015625,4774.0
2006-06-29,1272.8699951171875,5791.5,5581.669921875,15121.150390625,15865.2197265625,4880.3798828125
2006-06-30,1270.199951171875,5833.39990234375,5683.31005859375,15505.1796875,16267.6201171875,4965.9599609375
2006-07-03,1280.18994140625,5884.39990234375,5712.68994140625,15571.6201171875,16326.66015625,4980.6201171875
2006-07-05,1270.9100341796875,5826.7001953125,5625.6298828125,15523.9404296875,16267.1796875,4921.2998046875
2006-07-06,1274.0799560546875,5890.0,5695.47021484375,15321.400390625,16440.990234375,4966.4501953125
2006-07-07,1265.47998046875,5888.89990234375,5681.85009765625,15307.6103515625,16459.779296875,4953.7099609375
2006-07-10,1267.3399658203125,5896.89990234375,5706.31982421875,15552.8095703125,16603.810546875,4982.47998046875
2006-07-11,1272.4300537109375,5857.2998046875,5616.0400390625,15473.8203125,16490.130859375,4914.39013671875
2006-07-12,1258.5999755859375,5860.60009765625,5637.81982421875,15249.3203125,16522.2109375,4941.72998046875
2006-07-13,1242.280029296875,5765.0,5527.2900390625,15097.9501953125,16305.48046875,4852.52001953125
2006-07-14,1236.199951171875,5707.60009765625,5422.22021484375,14845.240234375,16135.7099609375,4780.7900390625
2006-07-18,1236.8599853515625,5681.7001953125,5396.85009765625,14437.240234375,16043.9404296875,4734.5400390625
2006-07-19,1259.81005859375,5778.0,5539.2900390625,14500.259765625,16097.5400390625,4846.5400390625
2006-07-20,1249.1300048828125,5770.89990234375,5545.81982421875,14946.83984375,16472.619140625,4865.0400390625
2006-07-21,1240.2900390625,5719.7001953125,5451.009765625,14821.259765625,16464.1796875,4818.5498046875
2006-07-24,1260.9100341796875,5833.89990234375,5578.0498046875,14794.5,16480.58984375,4914.93017578125
2006-07-25,1268.8800048828125,5851.2001953125,5565.759765625,15005.240234375,16583.859375,4933.1201171875
2006-07-26,1268.4000244140625,5877.10009765625,5583.10009765625,14884.0703125,16617.240234375,4943.0
2006-07-27,1263.199951171875,5929.5,5659.06982421875,15179.7802734375,16916.76953125,5001.2099609375
2006-07-28,1278.550048828125,5974.89990234375,5705.419921875,15342.8701171875,16955.0390625,5028.509765625
2006-07-31,1276.6600341796875,5928.2998046875,5681.97021484375,15456.8095703125,16971.33984375,5009.419921875
2006-08-01,1270.9200439453125,5880.7998046875,5596.740234375,15440.91015625,16911.369140625,4948.22998046875
2006-08-02,1277.4100341796875,5932.10009765625,5680.81982421875,15464.2900390625,17032.75,5026.25
2006-08-03,1280.27001953125,5838.39990234375,5640.02978515625,15470.3701171875,17048.419921875,4983.68017578125
2006-08-04,1279.3599853515625,5889.39990234375,5723.02978515625,15499.1796875,16887.80078125,5040.9501953125
2006-08-07,1275.77001953125,5828.7998046875,5626.669921875,15154.0595703125,16953.55078125,4956.33984375
2006-08-08,1271.47998046875,5818.10009765625,5651.919921875,15464.66015625,17048.19921875,4967.9501953125
2006-08-09,1265.949951171875,5860.5,5702.81005859375,15656.58984375,17346.580078125,5025.14990234375
2006-08-10,1271.81005859375,5823.39990234375,5630.9599609375,15630.91015625,17222.140625,4976.64013671875
2006-08-11,1266.739990234375,5820.10009765625,5628.3701171875,15565.01953125,17249.94921875,4985.52001953125
2006-08-14,1268.2099609375,5870.89990234375,5692.0,15857.1103515625,17290.009765625,5046.93017578125
2006-08-15,1285.5799560546875,5897.89990234375,5776.7998046875,15816.1904296875,17274.0703125,5115.02001953125
2006-08-16,1295.4300537109375,5896.60009765625,5812.93994140625,16071.3603515625,17451.029296875,5137.31005859375
2006-08-17,1297.47998046875,5900.39990234375,5833.509765625,16020.83984375,17373.05078125,5144.83984375
2006-08-18,1302.300048828125,5903.39990234375,5817.02001953125,16105.98046875,17330.69921875,5135.68994140625
2006-08-21,1297.52001953125,5915.2001953125,5794.830078125,15969.0400390625,17007.880859375,5104.64990234375
2006-08-22,1298.8199462890625,5902.60009765625,5818.41015625,16181.169921875,17149.75,5128.330078125
2006-08-23,1292.989990234375,5860.0,5775.5400390625,16163.0302734375,17088.390625,5082.72998046875
2006-08-24,1296.06005859375,5869.10009765625,5814.080078125,15960.6201171875,16883.0390625,5112.85009765625
2006-08-25,1295.0899658203125,5878.60009765625,5811.47021484375,15938.66015625,16955.44921875,5111.1298828125
2006-08-29,1304.280029296875,5888.2998046875,5847.02001953125,15890.5595703125,17083.279296875,5160.31982421875
2006-08-30,1305.3699951171875,5929.2998046875,5867.52978515625,15872.01953125,17284.7109375,5182.7900390625
2006-08-31,1303.8199462890625,5906.10009765625,5859.56982421875,16140.759765625,17392.26953125,5165.0400390625
2006-09-01,1311.010009765625,5949.2001953125,5876.5400390625,16134.25,17423.720703125,5183.4501953125
2006-09-05,1313.25,5981.7001953125,5884.06982421875,16385.9609375,17438.80078125,5172.85009765625
2006-09-06,1300.260009765625,5929.2998046875,5813.06005859375,16284.08984375,17258.509765625,5115.52001953125
2006-09-07,1294.02001953125,5858.10009765625,5773.72021484375,16012.41015625,17096.439453125,5060.08984375
2006-09-08,1298.9200439453125,5879.2998046875,5795.259765625,16080.4599609375,17145.759765625,5073.56982421875
2006-09-11,1299.5400390625,5850.7998046875,5798.4599609375,15794.3798828125,16948.58984375,5058.31005859375
2006-09-12,1313.0,5895.5,5873.85009765625,15719.33984375,17075.400390625,5125.97021484375
2006-09-13,1318.0699462890625,5892.2001953125,5906.1201171875,15750.0498046875,17210.0390625,5137.93017578125
2006-09-14,1316.280029296875,5877.2001953125,5907.3701171875,15942.3896484375,17183.44921875,5123.85009765625
2006-09-15,1319.6600341796875,5877.0,5937.8701171875,15866.9296875,17237.650390625,5144.8798828125
2006-09-19,1317.6400146484375,5831.7998046875,5873.4599609375,15874.2802734375,17346.69921875,5115.990234375
2006-09-20,1325.1800537109375,5866.2001953125,5954.3798828125,15718.669921875,17512.9609375,5192.740234375
2006-09-21,1318.030029296875,5896.7001953125,5962.02978515625,15834.23046875,17619.970703125,5208.31982421875
2006-09-22,1314.780029296875,5822.2998046875,5883.31982421875,15634.669921875,17600.650390625,5141.9501953125
2006-09-25,1326.3699951171875,5798.2998046875,5901.66015625,15633.8095703125,17546.0390625,5146.490234375
2006-09-26,1336.3499755859375,5873.60009765625,5960.6298828125,15557.4501953125,17308.080078125,5219.58984375
2006-09-27,1336.5899658203125,5930.10009765625,5989.7099609375,15947.8701171875,17521.509765625,5243.10009765625
2006-09-28,1338.8800048828125,5971.2998046875,5989.16015625,16024.849609375,17530.5703125,5250.009765625
2006-09-29,1335.8499755859375,5960.7998046875,6004.330078125,16127.580078125,17543.05078125,5250.009765625
2006-10-03,1334.1099853515625,5937.10009765625,5992.22021484375,16242.08984375,17606.529296875,5219.7900390625
2006-10-04,1350.199951171875,5966.5,6046.3701171875,16082.5498046875,17629.2109375,5256.5498046875
2006-10-05,1353.219970703125,6004.5,6075.27978515625,16449.330078125,17907.669921875,5288.52978515625
2006-10-06,1349.5899658203125,6001.2001953125,6085.81982421875,16436.060546875,17903.390625,5282.06005859375
2006-10-10,1353.4200439453125,6072.7001953125,6117.7099609375,16477.25,17823.69921875,5309.7900390625
2006-10-11,1349.949951171875,6073.5,6119.4501953125,16400.5703125,17862.7890625,5313.18994140625
2006-10-12,1362.8299560546875,6121.2998046875,6160.27978515625,16368.8095703125,17873.08984375,5361.509765625
2006-10-13,1365.6199951171875,6157.2998046875,6173.68017578125,16536.5390625,17988.859375,5353.22998046875
2006-10-16,1369.06005859375,6172.39990234375,6186.5400390625,16692.759765625,18010.19921875,5361.97021484375
2006-10-17,1364.050048828125,6108.60009765625,6115.10009765625,16611.58984375,18014.83984375,5302.990234375
2006-10-18,1365.800048828125,6150.39990234375,6182.77978515625,16653.0,18048.08984375,5361.2900390625
2006-10-19,1366.9599609375,6156.0,6177.419921875,16551.359375,17986.970703125,5359.740234375
2006-10-20,1368.5999755859375,6155.2001953125,6202.81982421875,16651.630859375,18113.55078125,5375.35009765625
2006-10-23,1377.02001953125,6166.10009765625,6242.91015625,16788.8203125,18089.849609375,5411.81005859375
2006-10-24,1377.3800048828125,6182.5,6247.52001953125,16780.470703125,18153.41015625,5404.5400390625
2006-10-25,1382.219970703125,6214.60009765625,6264.919921875,16699.30078125,18157.939453125,5422.27978515625
2006-10-26,1389.0799560546875,6184.7998046875,6284.18994140625,16811.599609375,18353.740234375,5433.7900390625
2006-10-27,1377.3399658203125,6160.89990234375,6262.5400390625,16669.0703125,18297.55078125,5396.02978515625
2006-10-31,1377.93994140625,6129.2001953125,6268.919921875,16399.390625,18324.349609375,5348.72998046875
2006-11-01,1367.81005859375,6149.60009765625,6291.89990234375,16375.259765625,18453.650390625,5370.85986328125
2006-11-02,1367.3399658203125,6149.2998046875,6223.330078125,16350.01953125,18714.779296875,5310.06982421875
2006-11-06,1379.780029296875,6224.5,6330.64990234375,16364.759765625,18936.55078125,5402.35986328125
2006-11-07,1382.8399658203125,6244.0,6361.9599609375,16393.41015625,18939.310546875,5437.77978515625
2006-11-08,1385.719970703125,6239.0,6349.259765625,16215.740234375,18811.240234375,5437.16015625
2006-11-09,1378.3299560546875,6231.5,6358.68017578125,16198.5703125,18952.859375,5448.60009765625
2006-11-10,1380.9000244140625,6208.39990234375,6357.77001953125,16112.4296875,18891.140625,5447.5
2006-11-13,1384.4200439453125,6194.2001953125,6393.72998046875,16022.490234375,18868.5390625,5490.56005859375
2006-11-14,1393.219970703125,6186.60009765625,6387.3798828125,16289.5498046875,18878.419921875,5476.27978515625
2006-11-15,1396.5699462890625,6229.7998046875,6430.89013671875,16243.4697265625,19093.0,5511.52978515625
2006-11-16,1399.760009765625,6254.89990234375,6443.02001953125,16163.8701171875,19154.0703125,5505.72021484375
2006-11-17,1401.199951171875,6192.0,6412.35986328125,16091.73046875,19182.7109375,5439.7099609375
2006-11-20,1400.5,6204.5,6452.330078125,15725.9404296875,18954.630859375,5454.740234375
2006-11-21,1402.81005859375,6202.60009765625,6460.39013671875,15734.1396484375,19008.30078125,5459.35009765625
2006-11-22,1406.0899658203125,6160.2998046875,6476.1298828125,15914.23046875,19250.7890625,5452.490234375
2006-11-24,1400.949951171875,6122.10009765625,6411.9599609375,15734.599609375,19260.30078125,5389.4599609375
2006-11-27,1381.9599609375,6050.10009765625,6298.169921875,15885.3798828125,19204.009765625,5308.64990234375
2006-11-28,1386.719970703125,6025.89990234375,6281.68017578125,15855.259765625,18639.529296875,5306.240234375
2006-11-29,1399.47998046875,6084.39990234375,6363.7998046875,16076.2001953125,18780.9296875,5381.25
2006-11-30,1400.6300048828125,6048.89990234375,6309.18994140625,16274.330078125,18960.48046875,5327.64013671875
2006-12-01,1396.7099609375,6021.5,6241.1298828125,16321.7802734375,18690.8203125,5254.0498046875
2006-12-04,1409.1199951171875,6050.39990234375,6295.22998046875,16303.58984375,18702.73046875,5296.080078125
2006-12-05,1414.760009765625,6086.39990234375,6372.7998046875,16265.759765625,18944.189453125,5359.68994140625
2006-12-06,1412.9000244140625,6090.39990234375,6369.509765625,16371.2802734375,19026.359375,5350.6201171875
2006-12-07,1407.2900390625,6131.5,6413.02978515625,16473.359375,18842.990234375,5379.2099609375
2006-12-08,1409.8399658203125,6152.39990234375,6427.41015625,16417.8203125,18739.990234375,5384.16015625
2006-12-11,1413.0400390625,6159.7998046875,6469.419921875,16527.990234375,18924.66015625,5427.56005859375
2006-12-12,1411.56005859375,6156.39990234375,6476.169921875,16637.779296875,18907.169921875,5426.81982421875
2006-12-13,1413.2099609375,6192.5,6520.77001953125,16692.9296875,18718.189453125,5475.85009765625
2006-12-14,1425.489990234375,6228.0,6552.580078125,16829.19921875,18919.400390625,5509.580078125
2006-12-15,1427.0899658203125,6260.0,6588.830078125,16914.310546875,19110.650390625,5541.6201171875
2006-12-18,1422.47998046875,6247.39990234375,6597.25,16962.109375,19192.91015625,5530.31982421875
2006-12-19,1425.550048828125,6204.0,6553.509765625,16776.880859375,18964.55078125,5484.759765625
2006-12-20,1423.530029296875,6198.60009765625,6586.91015625,17011.0390625,19240.119140625,5514.419921875
2006-12-21,1418.300048828125,6183.7001953125,6573.9599609375,17047.830078125,19222.83984375,5510.39013671875
2006-12-22,1410.760009765625,6190.0,6503.1298828125,17104.9609375,19320.51953125,5453.93994140625
2006-12-27,1426.8399658203125,6245.2001953125,6608.85986328125,17223.150390625,19725.73046875,5540.009765625
2006-12-28,1424.72998046875,6241.0,6611.81005859375,17224.810546875,20001.91015625,5533.35986328125
2006-12-29,1418.300048828125,6220.7998046875,6596.919921875,17225.830078125,19964.720703125,5541.759765625
2007-01-04,1418.3399658203125,6287.0,6674.39990234375,17353.669921875,20025.580078125,5574.56005859375
2007-01-05,1409.7099609375,6220.10009765625,6593.08984375,17091.58984375,20211.279296875,5517.35009765625
2007-01-09,1412.1099853515625,6196.10009765625,6614.3701171875,17237.76953125,19898.080078125,5533.02978515625
2007-01-10,1414.8499755859375,6160.7001953125,6566.56005859375,16942.400390625,19568.33984375,5501.9501953125
2007-01-11,1423.8199462890625,6230.10009765625,6687.2998046875,16838.169921875,19385.369140625,5609.7998046875
2007-01-12,1430.72998046875,6239.0,6705.169921875,17057.009765625,19613.41015625,5617.6201171875
2007-01-16,1431.9000244140625,6215.7001953125,6716.81982421875,17202.4609375,20027.94921875,5591.5400390625
2007-01-17,1430.6199951171875,6204.5,6701.7001953125,17261.349609375,20064.5703125,5561.77978515625
2007-01-18,1426.3699951171875,6210.2998046875,6689.6201171875,17370.9296875,20277.509765625,5555.0400390625
2007-01-19,1430.5,6237.2001953125,6747.169921875,17310.439453125,20327.720703125,5614.7001953125
2007-01-22,1422.949951171875,6218.39990234375,6687.31005859375,17424.1796875,20772.220703125,5579.77978515625
2007-01-23,1427.989990234375,6227.60009765625,6678.93017578125,17408.5703125,20769.69921875,5575.06982421875
2007-01-24,1440.1300048828125,6314.7998046875,6748.3701171875,17507.400390625,20821.05078125,5638.080078125
2007-01-25,1423.9000244140625,6269.2998046875,6719.580078125,17458.30078125,20669.830078125,5609.2001953125
2007-01-26,1422.1800537109375,6228.0,6690.33984375,17421.9296875,20281.130859375,5582.2998046875
2007-01-29,1420.6199951171875,6239.89990234375,6726.009765625,17470.4609375,20236.6796875,5619.7001953125
2007-01-30,1428.8199462890625,6242.0,6788.22998046875,17490.189453125,20460.4609375,5645.58984375
2007-01-31,1438.239990234375,6203.10009765625,6789.10986328125,17383.419921875,20106.419921875,5608.31005859375
2007-02-01,1445.93994140625,6282.2001953125,6851.27978515625,17519.5,20430.16015625,5662.25
2007-02-02,1448.3900146484375,6310.89990234375,6885.759765625,17547.109375,20563.6796875,5677.2998046875
2007-02-05,1446.989990234375,6317.89990234375,6874.06005859375,17344.80078125,20455.619140625,5681.10986328125
2007-02-06,1448.0,6346.2998046875,6875.7001953125,17406.859375,20655.19921875,5676.77978515625
2007-02-07,1450.02001953125,6369.5,6915.56005859375,17292.3203125,20679.689453125,5703.0
2007-02-08,1448.31005859375,6346.39990234375,6876.72998046875,17292.48046875,20735.05078125,5665.10009765625
2007-02-09,1438.06005859375,6382.7998046875,6911.10986328125,17504.330078125,20677.66015625,5692.4501953125
2007-02-13,1444.260009765625,6381.7998046875,6895.33984375,17621.44921875,20132.25,5682.68994140625
2007-02-14,1455.300048828125,6421.2001953125,6961.18017578125,17752.640625,20209.91015625,5725.83984375
2007-02-15,1456.81005859375,6433.2998046875,6958.6201171875,17897.23046875,20538.419921875,5720.8798828125
2007-02-16,1455.5400390625,6419.5,6957.06982421875,17875.650390625,20567.91015625,5713.58984375
2007-02-21,1457.6300048828125,6357.10009765625,6941.66015625,17913.2109375,20651.419921875,5694.56005859375
2007-02-22,1456.3800048828125,6380.89990234375,6973.72998046875,18108.7890625,20809.23046875,5707.85986328125
2007-02-23,1451.18994140625,6401.5,6992.580078125,18188.419921875,20711.650390625,5716.3798828125
2007-02-26,1449.3699951171875,6434.7001953125,7027.58984375,18215.349609375,20507.94921875,5762.5400390625
2007-02-27,1399.0400390625,6286.10009765625,6819.64990234375,18119.919921875,20147.869140625,5588.39013671875
2007-02-28,1406.8199462890625,6171.5,6715.43994140625,17604.119140625,19651.509765625,5516.31982421875
2007-03-01,1403.1700439453125,6116.0,6640.240234375,17453.509765625,19346.599609375,5458.39990234375
2007-03-02,1387.1700439453125,6116.2001953125,6603.31982421875,17217.9296875,19442.009765625,5424.7001953125
2007-03-05,1374.1199951171875,6058.7001953125,6534.56982421875,16642.25,18664.880859375,5385.02978515625
2007-03-06,1395.4100341796875,6138.5,6595.0,16844.5,19058.560546875,5437.1298828125
2007-03-07,1391.969970703125,6156.5,6617.75,16764.619140625,18918.640625,5455.06982421875
2007-03-08,1401.8900146484375,6227.7001953125,6713.22998046875,17090.310546875,19175.169921875,5524.259765625
2007-03-09,1402.8399658203125,6245.2001953125,6716.52001953125,17164.0390625,19134.880859375,5537.83984375
2007-03-12,1406.5999755859375,6233.2998046875,6715.490234375,17292.390625,19442.419921875,5496.06982421875
2007-03-13,1377.949951171875,6161.2001953125,6623.990234375,17178.83984375,19333.140625,5432.93994140625
2007-03-14,1387.1700439453125,6000.7001953125,6447.7001953125,16676.890625,18836.9296875,5296.22021484375
2007-03-15,1392.280029296875,6133.2001953125,6585.47021484375,16860.390625,18969.439453125,5389.85009765625
2007-03-16,1386.949951171875,6130.60009765625,6579.8701171875,16744.150390625,18953.5,5382.16015625
2007-03-19,1402.06005859375,6189.39990234375,6671.41015625,17009.55078125,19266.740234375,5458.9501953125
2007-03-20,1410.93994140625,6220.2998046875,6700.2900390625,17163.19921875,19356.900390625,5503.27001953125
2007-03-22,1434.5400390625,6318.0,6856.9599609375,17419.19921875,19690.25,5598.3701171875
2007-03-23,1436.1099853515625,6339.39990234375,6899.06005859375,17480.609375,19692.640625,5634.75
2007-03-26,1437.5,6291.89990234375,6828.81982421875,17521.9609375,19765.849609375,5576.2998046875
2007-03-27,1428.6099853515625,6292.60009765625,6858.33984375,17365.05078125,19706.7890625,5587.06005859375
2007-03-28,1417.22998046875,6267.2001953125,6816.89013671875,17254.73046875,19553.869140625,5552.68994140625
2007-03-29,1422.530029296875,6324.2001953125,6897.080078125,17263.939453125,19821.779296875,5631.52978515625
2007-03-30,1420.8599853515625,6308.0,6917.02978515625,17287.650390625,19800.9296875,5634.16015625
2007-04-02,1424.550048828125,6315.5,6937.169921875,17028.41015625,19809.69921875,5645.56005859375
2007-04-03,1437.77001953125,6366.10009765625,7045.56005859375,17244.05078125,20002.69921875,5711.91015625
2007-04-04,1439.3699951171875,6364.7001953125,7073.91015625,17544.08984375,20209.7109375,5739.009765625
2007-04-10,1448.3900146484375,6417.7998046875,7166.669921875,17664.689453125,20347.869140625,5766.27001953125
2007-04-11,1438.8699951171875,6413.2998046875,7152.830078125,17670.0703125,20449.4296875,5751.919921875
2007-04-12,1447.800048828125,6416.39990234375,7142.9501953125,17540.419921875,20380.2109375,5748.93994140625
2007-04-13,1452.8499755859375,6462.39990234375,7212.06982421875,17363.94921875,20340.970703125,5789.33984375
2007-04-16,1468.3299560546875,6516.2001953125,7338.06005859375,17628.30078125,20757.529296875,5861.97021484375
2007-04-17,1471.47998046875,6497.7998046875,7348.830078125,17527.44921875,20788.609375,5858.14013671875
2007-04-18,1472.5,6449.39990234375,7282.33984375,17667.330078125,20777.08984375,5835.9501953125
2007-04-19,1470.72998046875,6440.60009765625,7242.72998046875,17371.970703125,20299.7109375,5829.0400390625
2007-04-20,1484.3499755859375,6486.7998046875,7342.5400390625,17452.619140625,20566.58984375,5938.89990234375
2007-04-23,1480.9300537109375,6479.7001953125,7335.6201171875,17455.369140625,20556.5703125,5917.31982421875
2007-04-24,1480.4100341796875,6429.5,7270.31982421875,17451.76953125,20572.80078125,5886.02978515625
2007-04-25,1495.4200439453125,6462.0,7343.080078125,17236.16015625,20536.779296875,5947.330078125
2007-04-26,1494.25,6469.39990234375,7387.02001953125,17429.169921875,20667.2890625,5944.43994140625
2007-04-27,1494.0699462890625,6418.7001953125,7378.1201171875,17400.41015625,20526.5,5930.77001953125
2007-05-02,1495.9200439453125,6484.5,7455.93017578125,17394.919921875,20388.490234375,5990.1298828125
2007-05-08,1507.719970703125,6550.39990234375,7442.2001953125,17656.83984375,20706.349609375,6034.25
2007-05-09,1512.5799560546875,6549.60009765625,7475.990234375,17748.119140625,20844.779296875,6051.6298828125
2007-05-10,1491.469970703125,6524.10009765625,7415.330078125,17736.9609375,20746.26953125,6012.759765625
2007-05-11,1505.8499755859375,6565.7001953125,7479.33984375,17553.720703125,20468.2109375,6050.6298828125
2007-05-14,1503.1500244140625,6555.5,7459.60986328125,17677.939453125,20979.240234375,6026.419921875
2007-05-15,1501.18994140625,6568.7001953125,7505.35009765625,17512.98046875,20868.150390625,6049.759765625
2007-05-16,1514.1400146484375,6559.5,7481.25,17529.0,20937.259765625,6017.91015625
2007-05-17,1512.75,6579.2998046875,7499.5,17498.599609375,20994.609375,6027.0
2007-05-18,1522.75,6640.89990234375,7607.5400390625,17399.580078125,20904.83984375,6101.14013671875
2007-05-21,1525.0999755859375,6636.7998046875,7619.31005859375,17556.869140625,20927.75,6089.91015625
2007-05-22,1524.1199951171875,6606.60009765625,7659.39013671875,17680.05078125,20843.919921875,6089.72021484375
2007-05-23,1522.280029296875,6616.39990234375,7735.8798828125,17705.119140625,20798.970703125,6120.2001953125
2007-05-25,1515.72998046875,6570.60009765625,7739.2001953125,17481.2109375,20520.66015625,6057.490234375
2007-05-29,1518.1099853515625,6606.5,7781.0400390625,17672.560546875,20469.58984375,6056.39013671875
2007-05-30,1530.22998046875,6602.10009765625,7764.97021484375,17588.259765625,20293.759765625,6042.14990234375
2007-05-31,1530.6199951171875,6621.5,7883.0400390625,17875.75,20634.470703125,6104.0
2007-06-01,1536.3399658203125,6676.7001953125,7987.85009765625,17958.880859375,20602.869140625,6168.14990234375
2007-06-04,1539.1800537109375,6664.10009765625,7976.7900390625,17973.419921875,20729.58984375,6125.81005859375
2007-06-05,1530.949951171875,6632.7998046875,7919.830078125,18053.810546875,20842.150390625,6078.5400390625
2007-06-06,1517.3800048828125,6522.7001953125,7730.0498046875,18040.9296875,20818.609375,5977.8701171875
2007-06-07,1490.719970703125,6505.10009765625,7618.60986328125,18053.380859375,20800.16015625,5890.490234375
2007-06-08,1507.6700439453125,6505.10009765625,7590.5,17779.08984375,20509.150390625,5883.2900390625
2007-06-11,1509.1199951171875,6567.5,7706.10009765625,17834.48046875,20615.490234375,5940.08984375
2007-06-12,1493.0,6520.5,7678.259765625,17760.91015625,20636.390625,5898.16015625
2007-06-13,1515.6700439453125,6559.60009765625,7680.759765625,17732.76953125,20578.75,5934.27001953125
2007-06-14,1522.969970703125,6649.89990234375,7849.16015625,17842.2890625,20867.259765625,6047.22998046875
2007-06-15,1532.9100341796875,6732.39990234375,8030.64013671875,17971.490234375,21017.05078125,6105.27978515625
2007-06-18,1531.050048828125,6703.5,8036.1201171875,18149.51953125,21582.890625,6087.14990234375
2007-06-20,1512.8399658203125,6649.2998046875,8090.490234375,18211.6796875,21684.669921875,6093.2900390625
2007-06-21,1522.18994140625,6596.0,7964.7099609375,18240.30078125,21954.669921875,6029.7900390625
2007-06-22,1502.56005859375,6567.39990234375,7949.6298828125,18188.630859375,21999.91015625,6023.25
2007-06-25,1497.739990234375,6588.39990234375,7930.60986328125,18087.48046875,21822.349609375,6002.85009765625
2007-06-26,1492.8900146484375,6559.2998046875,7860.52001953125,18066.109375,21803.5703125,5953.35986328125
2007-06-27,1506.3399658203125,6527.60009765625,7801.22998046875,17849.279296875,21705.560546875,5941.669921875
2007-06-28,1505.7099609375,6571.2998046875,7921.35986328125,17932.26953125,21938.220703125,6006.31005859375
2007-06-29,1503.3499755859375,6607.89990234375,8007.31982421875,18138.359375,21772.73046875,6054.93017578125
2007-07-03,1524.8699951171875,6639.7998046875,8050.68017578125,18149.900390625,22151.140625,6069.83984375
2007-07-05,1525.4000244140625,6635.2001953125,7987.1298828125,18221.48046875,22252.990234375,6059.52978515625
2007-07-06,1530.43994140625,6690.10009765625,8048.31982421875,18140.939453125,22531.740234375,6102.68994140625
2007-07-09,1531.8499755859375,6712.7001953125,8077.39013671875,18261.98046875,22817.4296875,6104.66015625
2007-07-10,1510.1199951171875,6630.89990234375,7964.759765625,18252.669921875,22885.83984375,6019.22021484375
2007-07-11,1518.760009765625,6615.10009765625,7898.5400390625,18049.509765625,22607.01953125,6001.08984375
2007-07-12,1547.699951171875,6697.7001953125,8053.43017578125,17984.140625,22809.01953125,6103.0498046875
2007-07-13,1552.5,6716.7001953125,8092.77001953125,18238.94921875,23099.2890625,6117.9599609375
2007-07-17,1549.3699951171875,6659.2001953125,8038.2099609375,18217.26953125,23057.30078125,6099.2099609375
2007-07-18,1546.1700439453125,6567.10009765625,7893.60986328125,18015.580078125,22841.919921875,5995.97021484375
2007-07-19,1553.0799560546875,6640.2001953125,7991.2099609375,18116.5703125,23016.19921875,6065.5
2007-07-20,1534.0999755859375,6585.2001953125,7874.85009765625,18157.9296875,23291.900390625,5957.16015625
2007-07-23,1541.5699462890625,6624.39990234375,7944.2099609375,17963.640625,23365.560546875,6009.16015625
2007-07-24,1511.0400390625,6498.7001953125,7806.7900390625,18002.029296875,23472.880859375,5907.47021484375
2007-07-25,1518.0899658203125,6454.2998046875,7692.5498046875,17858.419921875,23362.1796875,5837.10986328125
2007-07-26,1482.6600341796875,6251.2001953125,7508.9599609375,17702.08984375,23211.689453125,5675.0498046875
2007-07-27,1458.949951171875,6215.2001953125,7451.68017578125,17283.810546875,22570.41015625,5643.9599609375
2007-07-30,1473.9100341796875,6206.10009765625,7456.31005859375,17289.30078125,22739.900390625,5646.35986328125
2007-07-31,1455.27001953125,6360.10009765625,7584.14013671875,17248.890625,23184.939453125,5751.080078125
2007-08-01,1465.81005859375,6250.60009765625,7473.93017578125,16870.98046875,22455.359375,5654.2998046875
2007-08-02,1472.199951171875,6300.2998046875,7534.1298828125,16984.109375,22443.25,5682.06982421875
2007-08-03,1433.06005859375,6224.2998046875,7435.669921875,16979.859375,22538.439453125,5597.89013671875
2007-08-06,1467.6700439453125,6189.10009765625,7444.4501953125,16914.4609375,21936.73046875,5532.990234375
2007-08-07,1476.7099609375,6308.7998046875,7513.66015625,16921.76953125,21907.990234375,5620.39990234375
2007-08-08,1497.489990234375,6393.89990234375,7605.93994140625,17029.279296875,22536.669921875,5749.2900390625
2007-08-09,1453.0899658203125,6271.2001953125,7453.58984375,17170.599609375,22439.359375,5624.77978515625
2007-08-10,1453.6400146484375,6038.2998046875,7343.259765625,16764.08984375,21792.7109375,5448.6298828125
2007-08-13,1452.9200439453125,6219.0,7474.330078125,16800.05078125,21891.099609375,5569.27978515625
2007-08-14,1426.5400390625,6143.5,7425.06982421875,16844.609375,22007.3203125,5478.66015625
2007-08-15,1406.699951171875,6109.2998046875,7445.89990234375,16475.609375,21375.720703125,5442.72021484375
2007-08-16,1411.27001953125,5858.89990234375,7270.06982421875,16148.490234375,20672.390625,5265.47021484375
2007-08-17,1445.93994140625,6064.2001953125,7378.2900390625,15273.6796875,20387.130859375,5363.6298828125
2007-08-20,1445.550048828125,6078.7001953125,7407.52978515625,15732.48046875,21595.630859375,5399.3798828125
2007-08-21,1447.1199951171875,6086.10009765625,7424.75,15901.33984375,21729.349609375,5418.77978515625
2007-08-22,1464.0699462890625,6196.0,7500.47998046875,15900.6396484375,22346.880859375,5518.169921875
2007-08-23,1462.5,6196.89990234375,7511.9599609375,16316.3203125,22966.970703125,5523.330078125
2007-08-24,1479.3699951171875,6220.10009765625,7507.27001953125,16248.9697265625,22921.890625,5569.3798828125
2007-08-28,1432.3599853515625,6102.2001953125,7430.240234375,16287.490234375,23363.759765625,5474.169921875
2007-08-29,1463.760009765625,6132.2001953125,7439.18017578125,16012.830078125,23020.599609375,5520.02001953125
2007-08-30,1457.6400146484375,6212.0,7519.93994140625,16153.8203125,23484.5390625,5592.52978515625
2007-08-31,1473.989990234375,6303.2998046875,7638.169921875,16569.08984375,23984.140625,5662.7001953125
2007-09-04,1489.4200439453125,6376.7998046875,7721.77001953125,16420.470703125,23886.0703125,5672.72021484375
2007-09-05,1472.2900390625,6270.7001953125,7588.02978515625,16158.4501953125,24069.169921875,5551.5498046875
2007-09-06,1478.550048828125,6313.2998046875,7621.72021484375,16257.0,24050.400390625,5576.6201171875
2007-09-07,1453.550048828125,6191.2001953125,7436.6298828125,16122.16015625,23982.609375,5430.10009765625
2007-09-10,1451.699951171875,6134.10009765625,7375.43994140625,15764.9697265625,23999.69921875,5386.43017578125
2007-09-11,1471.489990234375,6280.7001953125,7457.89990234375,15877.669921875,23952.240234375,5478.93994140625
2007-09-12,1471.56005859375,6306.2001953125,7472.990234375,15797.599609375,24310.140625,5508.009765625
2007-09-13,1483.949951171875,6363.89990234375,7535.97021484375,15821.1904296875,24537.01953125,5565.97021484375
2007-09-14,1484.25,6289.2998046875,7497.740234375,16127.419921875,24898.109375,5538.919921875
2007-09-18,1519.780029296875,6283.2998046875,7575.2099609375,15801.7998046875,24576.849609375,5549.35009765625
2007-09-19,1529.030029296875,6460.0,7750.83984375,16381.5400390625,25554.640625,5730.81982421875
2007-09-20,1518.75,6429.0,7735.08984375,16413.7890625,25701.130859375,5688.759765625
2007-09-21,1525.75,6456.7001953125,7794.43017578125,16312.6103515625,25843.779296875,5700.64990234375
2007-09-25,1517.2099609375,6396.89990234375,7769.43994140625,16401.73046875,26430.2890625,5641.58984375
2007-09-27,1531.3800048828125,6486.39990234375,7853.7900390625,16832.220703125,27065.150390625,5733.3701171875
2007-09-28,1526.75,6466.7998046875,7861.509765625,16785.689453125,27142.470703125,5715.68994140625
2007-10-02,1546.6300048828125,6500.39990234375,7946.7900390625,17046.779296875,28199.75,5799.27001953125
2007-10-03,1539.5899658203125,6535.2001953125,7955.2998046875,17199.890625,27479.939453125,5806.18017578125
2007-10-04,1542.8399658203125,6547.89990234375,7944.990234375,17092.490234375,26973.98046875,5804.39013671875
2007-10-05,1557.5899658203125,6595.7998046875,8002.18017578125,17065.0390625,27831.51953125,5843.240234375
2007-10-09,1565.1500244140625,6615.39990234375,7980.43994140625,17159.900390625,28228.0390625,5861.93017578125
2007-10-10,1562.469970703125,6633.0,7986.56982421875,17177.890625,28569.330078125,5838.490234375
2007-10-11,1554.4100341796875,6724.5,8033.68994140625,17458.98046875,29133.01953125,5862.830078125
2007-10-12,1561.800048828125,6730.7001953125,8041.259765625,17331.169921875,28838.369140625,5843.9501953125
2007-10-15,1548.7099609375,6644.5,7969.47021484375,17358.150390625,29540.779296875,5807.43994140625
2007-10-16,1538.530029296875,6614.2998046875,7962.64013671875,17137.919921875,28954.55078125,5774.35986328125
2007-10-17,1541.239990234375,6677.7001953125,7985.41015625,16955.310546875,29298.7109375,5818.7998046875
2007-10-18,1540.0799560546875,6609.39990234375,7921.39990234375,17106.08984375,29465.05078125,5767.240234375
2007-10-22,1506.3299560546875,6459.2998046875,7794.93994140625,16438.470703125,28373.630859375,5661.27001953125
2007-10-23,1519.5899658203125,6514.0,7842.7900390625,16450.580078125,29376.859375,5705.0498046875
2007-10-24,1515.8800048828125,6482.0,7828.9599609375,16358.3896484375,29333.529296875,5674.669921875
2007-10-25,1514.4000244140625,6576.2998046875,7932.43994140625,16284.169921875,29854.490234375,5760.2998046875
2007-10-26,1535.280029296875,6661.2998046875,7949.169921875,16505.630859375,30405.220703125,5794.8701171875
2007-10-29,1540.97998046875,6706.0,8009.669921875,16698.080078125,31586.900390625,5836.18994140625
2007-10-30,1531.02001953125,6659.0,7977.93994140625,16651.009765625,31638.220703125,5803.93017578125
2007-10-31,1549.3800048828125,6721.60009765625,8019.22021484375,16737.630859375,31352.580078125,5847.9501953125
2007-11-01,1508.43994140625,6586.10009765625,7880.85009765625,16870.400390625,31492.880859375,5730.919921875
2007-11-02,1509.6500244140625,6530.60009765625,7849.490234375,16517.48046875,30468.33984375,5720.419921875
2007-11-05,1502.1700439453125,6461.39990234375,7807.5498046875,16268.919921875,28942.3203125,5684.6201171875
2007-11-06,1520.27001953125,6474.89990234375,7827.18994140625,16249.6298828125,29438.130859375,5709.419921875
2007-11-07,1475.6199951171875,6385.10009765625,7799.6201171875,16096.6796875,29708.9296875,5683.22021484375
2007-11-08,1474.77001953125,6381.89990234375,7819.47021484375,15771.5703125,28760.220703125,5631.6298828125
2007-11-09,1453.699951171875,6304.89990234375,7812.39990234375,15583.419921875,28783.41015625,5524.18017578125
2007-11-12,1439.1800537109375,6337.89990234375,7806.83984375,15197.08984375,27665.73046875,5535.56005859375
2007-11-13,1481.050048828125,6362.39990234375,7777.56005859375,15126.6298828125,27803.349609375,5538.91015625
2007-11-14,1470.5799560546875,6432.10009765625,7783.10986328125,15499.5595703125,29166.009765625,5613.60009765625
2007-11-15,1451.1500244140625,6359.60009765625,7667.02978515625,15396.2998046875,28751.2109375,5561.1298828125
2007-11-16,1458.739990234375,6291.2001953125,7612.259765625,15154.6103515625,27614.4296875,5523.6298828125
2007-11-19,1433.27001953125,6120.7998046875,7511.97021484375,15042.5595703125,27460.169921875,5432.56982421875
2007-11-20,1439.699951171875,6226.5,7630.31005859375,15211.51953125,27771.2109375,5506.68017578125
2007-11-21,1416.77001953125,6070.89990234375,7518.419921875,14837.66015625,26618.189453125,5381.2998046875
2007-11-26,1407.219970703125,6180.5,7567.35986328125,15135.2099609375,27626.619140625,5458.39013671875
2007-11-27,1428.22998046875,6140.7001953125,7531.35009765625,15222.849609375,27210.2109375,5434.169921875
2007-11-28,1469.02001953125,6306.2001953125,7723.66015625,15153.7802734375,27371.240234375,5561.2099609375
2007-11-29,1469.719970703125,6349.10009765625,7765.18994140625,15513.740234375,28482.5390625,5598.10986328125
2007-11-30,1481.1400146484375,6432.5,7870.52001953125,15680.669921875,28643.609375,5670.56982421875
2007-12-03,1472.4200439453125,6386.60009765625,7837.259765625,15628.9697265625,28658.419921875,5629.4599609375
2007-12-04,1462.7900390625,6315.2001953125,7808.93994140625,15480.1904296875,28879.58984375,5547.2099609375
2007-12-05,1485.010009765625,6493.7998046875,7944.77001953125,15608.8798828125,29345.44921875,5659.06982421875
2007-12-06,1507.3399658203125,6485.60009765625,7940.580078125,15874.080078125,29558.919921875,5673.759765625
2007-12-07,1504.6600341796875,6554.89990234375,7994.06982421875,15956.3701171875,28842.470703125,5718.75
2007-12-10,1515.9599609375,6565.39990234375,8033.35986328125,15924.3896484375,28501.099609375,5750.919921875
2007-12-11,1477.6500244140625,6536.89990234375,8009.419921875,16044.7197265625,29226.83984375,5724.759765625
2007-12-12,1486.5899658203125,6559.7998046875,8076.1201171875,15932.259765625,28521.060546875,5743.31982421875
2007-12-13,1488.4100341796875,6364.2001953125,7928.31005859375,15536.51953125,27744.44921875,5590.91015625
2007-12-14,1467.949951171875,6397.0,7948.35986328125,15514.509765625,27563.640625,5605.35986328125
2007-12-17,1445.9000244140625,6277.7998046875,7825.43994140625,15249.7900390625,26596.580078125,5514.8798828125
2007-12-18,1454.97998046875,6279.2998046875,7850.740234375,15207.8603515625,26732.869140625,5509.3701171875
2007-12-19,1453.0,6284.5,7837.31982421875,15030.509765625,27029.259765625,5497.419921875
2007-12-20,1460.1199951171875,6345.60009765625,7869.18994140625,15031.599609375,27017.08984375,5511.4501953125
2007-12-21,1484.4599609375,6434.10009765625,8002.669921875,15257.0,27626.919921875,5602.77001953125
2007-12-27,1476.27001953125,6497.7998046875,8038.60009765625,15564.6904296875,27842.9296875,5627.47998046875
2007-12-28,1478.489990234375,6476.89990234375,8067.31982421875,15307.7802734375,27370.599609375,5627.25
2008-01-04,1411.6300048828125,6348.5,7808.68994140625,14691.41015625,27519.689453125,5446.7900390625
2008-01-07,1416.1800537109375,6335.7001953125,7817.169921875,14500.5498046875,27179.490234375,5452.830078125
2008-01-08,1390.18994140625,6356.5,7849.990234375,14528.669921875,27112.900390625,5495.669921875
2008-01-09,1409.1300048828125,6272.7001953125,7782.7099609375,14599.16015625,27615.849609375,5435.419921875
2008-01-10,1420.3299560546875,6222.7001953125,7713.08984375,14388.1103515625,27230.859375,5400.43017578125
2008-01-11,1401.02001953125,6202.0,7717.9501953125,14110.7900390625,26867.009765625,5371.41015625
2008-01-15,1380.949951171875,6025.60009765625,7566.3798828125,13972.6298828125,25837.779296875,5250.81982421875
2008-01-16,1373.199951171875,5942.89990234375,7471.56982421875,13504.509765625,24450.849609375,5225.39013671875
2008-01-17,1333.25,5902.39990234375,7413.52978515625,13783.4501953125,25114.98046875,5157.08984375
2008-01-18,1325.18994140625,5901.7001953125,7314.169921875,13861.2900390625,25201.869140625,5092.39990234375
2008-01-22,1310.5,5740.10009765625,6769.47021484375,12573.0498046875,21757.630859375,4842.5400390625
2008-01-23,1338.5999755859375,5609.39990234375,6439.2099609375,12829.0595703125,24090.169921875,4636.759765625
2008-01-24,1352.0699462890625,5875.7998046875,6821.06982421875,13092.7802734375,23539.26953125,4915.2900390625
2008-01-25,1330.6099853515625,5869.0,6816.740234375,13629.16015625,25122.369140625,4878.1201171875
2008-01-28,1353.9599609375,5788.89990234375,6818.85009765625,13087.91015625,24053.609375,4848.2998046875
2008-01-29,1362.300048828125,5885.2001953125,6892.9599609375,13478.8603515625,24291.80078125,4941.4501953125
2008-01-30,1355.81005859375,5837.2998046875,6875.35009765625,13345.0302734375,23653.689453125,4873.56982421875
2008-01-31,1378.550048828125,5879.7998046875,6851.75,13592.4697265625,23455.740234375,4869.7900390625
2008-02-01,1395.4200439453125,6029.2001953125,6968.669921875,13497.16015625,24123.580078125,4978.06005859375
2008-02-04,1380.8199462890625,6026.2001953125,7000.490234375,13859.7001953125,25032.080078125,4973.64013671875
2008-02-05,1336.6400146484375,5868.0,6765.25,13745.5,24808.69921875,4776.85986328125
2008-02-06,1326.449951171875,5875.39990234375,6847.509765625,13099.240234375,23469.4609375,4816.43017578125
2008-02-12,1348.8599853515625,5910.0,6967.83984375,13021.9599609375,22921.669921875,4840.7099609375
2008-02-13,1367.2099609375,5880.10009765625,6973.669921875,13068.2998046875,23169.55078125,4855.39990234375
2008-02-14,1348.8599853515625,5879.2998046875,6962.27978515625,13626.4501953125,24021.6796875,4858.64990234375
2008-02-15,1349.989990234375,5787.60009765625,6832.43017578125,13622.5595703125,24148.4296875,4771.7900390625
2008-02-19,1348.780029296875,5966.89990234375,7002.2900390625,13757.91015625,24123.169921875,4885.830078125
2008-02-20,1360.030029296875,5893.60009765625,6899.68017578125,13310.3701171875,23590.580078125,4812.81005859375
2008-02-21,1342.530029296875,5932.2001953125,6904.85009765625,13688.2802734375,23623.0,4858.85009765625
2008-02-22,1353.1099853515625,5888.5,6806.2900390625,13500.4599609375,23305.0390625,4824.5498046875
2008-02-25,1371.800048828125,5999.5,6882.56005859375,13914.5703125,23269.140625,4919.259765625
2008-02-26,1381.2900390625,6087.39990234375,6985.97021484375,13824.7197265625,23714.75,4973.06982421875
2008-02-27,1380.02001953125,6076.5,6997.85009765625,14031.2998046875,24483.83984375,4968.81982421875
2008-02-28,1367.6800537109375,5965.7001953125,6862.52001953125,13925.509765625,24591.689453125,4865.22998046875
2008-02-29,1330.6300048828125,5884.2998046875,6748.1298828125,13603.01953125,24331.669921875,4790.66015625
2008-03-03,1331.3399658203125,5818.60009765625,6689.9501953125,12992.1796875,23584.970703125,4742.66015625
2008-03-04,1326.75,5767.7001953125,6545.0400390625,12992.2802734375,23119.869140625,4675.91015625
2008-03-05,1333.699951171875,5853.5,6683.7099609375,12972.0595703125,23114.33984375,4756.419921875
2008-03-06,1304.3399658203125,5766.39990234375,6591.31005859375,13215.419921875,23342.73046875,4678.0498046875
2008-03-07,1293.3699951171875,5699.89990234375,6513.990234375,12782.7998046875,22501.330078125,4618.9599609375
2008-03-10,1273.3699951171875,5629.10009765625,6448.080078125,12532.1298828125,22705.05078125,4566.990234375
2008-03-11,1320.6500244140625,5690.39990234375,6524.56982421875,12658.2802734375,22995.349609375,4627.68994140625
2008-03-12,1308.77001953125,5776.39990234375,6599.3701171875,12861.1298828125,23422.759765625,4697.10009765625
2008-03-13,1315.47998046875,5692.39990234375,6500.56005859375,12433.4404296875,22301.640625,4630.18994140625
2008-03-14,1288.1400146484375,5631.7001953125,6451.89990234375,12241.599609375,22237.109375,4592.14990234375
2008-03-17,1276.5999755859375,5414.39990234375,6182.2998046875,11787.509765625,21084.609375,4431.0400390625
2008-03-18,1330.739990234375,5605.7998046875,6393.39013671875,11964.16015625,21384.609375,4582.58984375
2008-03-19,1298.4200439453125,5545.60009765625,6361.22021484375,12260.4404296875,21866.939453125,4555.9501953125
2008-03-25,1352.989990234375,5689.10009765625,6524.7099609375,12745.2197265625,22464.51953125,4692.0
2008-03-26,1341.1300048828125,5660.39990234375,6489.259765625,12706.6298828125,22617.009765625,4676.68017578125
2008-03-27,1325.760009765625,5717.5,6578.06005859375,12604.580078125,22664.220703125,4719.52978515625
2008-03-28,1315.219970703125,5692.89990234375,6559.89990234375,12820.4697265625,23285.94921875,4695.919921875
2008-03-31,1322.699951171875,5702.10009765625,6534.97021484375,12525.5400390625,22849.19921875,4707.06982421875
2008-04-01,1370.1800537109375,5852.60009765625,6720.330078125,12656.419921875,23137.4609375,4866.0
2008-04-02,1367.530029296875,5915.89990234375,6777.43994140625,13189.3603515625,23872.4296875,4911.97021484375
2008-04-03,1369.31005859375,5891.2998046875,6741.72021484375,13389.900390625,24264.630859375,4887.8701171875
2008-04-07,1372.5400390625,6014.7998046875,6821.02978515625,13450.23046875,24578.759765625,4944.60009765625
2008-04-08,1365.5400390625,5990.2001953125,6771.97998046875,13250.4296875,24311.689453125,4912.68994140625
2008-04-09,1354.489990234375,5983.89990234375,6721.35986328125,13111.8896484375,23984.5703125,4874.97021484375
2008-04-10,1360.550048828125,5965.10009765625,6704.31982421875,12945.2998046875,24187.099609375,4859.419921875
2008-04-11,1332.8299560546875,5895.5,6603.56982421875,13323.73046875,24667.7890625,4797.93017578125
2008-04-14,1328.3199462890625,5831.60009765625,6554.490234375,12917.509765625,23811.19921875,4766.490234375
2008-04-15,1334.4300537109375,5906.89990234375,6585.0498046875,12990.580078125,23901.330078125,4780.68017578125
2008-04-16,1364.7099609375,6046.2001953125,6702.83984375,13146.1298828125,23878.349609375,4855.10009765625
2008-04-17,1365.56005859375,5980.39990234375,6681.81005859375,13398.2998046875,24258.9609375,4862.14013671875
2008-04-18,1390.3299560546875,6056.60009765625,6843.080078125,13476.4501953125,24197.779296875,4961.68994140625
2008-04-21,1388.1700439453125,6053.0,6786.5498046875,13696.5498046875,24721.669921875,4910.35009765625
2008-04-22,1375.93994140625,6034.7001953125,6728.2998046875,13547.8203125,24939.150390625,4872.64013671875
2008-04-23,1379.9300537109375,6083.60009765625,6795.02978515625,13579.16015625,25289.240234375,4944.64990234375
2008-04-24,1388.8199462890625,6050.7001953125,6821.31982421875,13540.8701171875,25680.779296875,4929.5498046875
2008-04-25,1397.8399658203125,6091.39990234375,6896.580078125,13863.4697265625,25516.779296875,4978.2099609375
2008-04-28,1396.3699951171875,6090.39990234375,6925.330078125,13894.3701171875,25666.2890625,5012.75
2008-04-30,1385.5899658203125,6087.2998046875,6948.81982421875,13849.990234375,25755.349609375,4996.5400390625
2008-05-02,1413.9000244140625,6215.5,7043.22998046875,14049.259765625,26241.01953125,5069.7099609375
2008-05-07,1392.5699462890625,6261.0,7076.25,14102.48046875,25610.2109375,5075.31005859375
2008-05-08,1397.6800537109375,6270.7998046875,7071.89990234375,13943.259765625,25449.7890625,5055.580078125
2008-05-09,1388.280029296875,6204.7001953125,7003.169921875,13655.33984375,25063.169921875,4960.56005859375
2008-05-13,1403.0400390625,6211.89990234375,7060.18994140625,13953.73046875,25552.76953125,4998.669921875
2008-05-14,1408.6600341796875,6216.0,7083.240234375,14118.5498046875,25533.48046875,5055.240234375
2008-05-15,1423.5699462890625,6251.7998046875,7081.0498046875,14251.740234375,25513.7109375,5057.509765625
2008-05-16,1425.3499755859375,6304.2998046875,7156.5498046875,14219.48046875,25618.859375,5078.0400390625
2008-05-19,1426.6300048828125,6376.5,7225.93994140625,14269.6103515625,25742.23046875,5142.10009765625
2008-05-20,1413.4000244140625,6191.60009765625,7118.5,14160.08984375,25169.4609375,5054.8798828125
2008-05-21,1390.7099609375,6198.10009765625,7040.830078125,13926.2998046875,25460.2890625,5027.5498046875
2008-05-22,1394.3499755859375,6181.60009765625,7070.330078125,13978.4599609375,25043.119140625,5028.740234375
2008-05-23,1375.9300537109375,6087.2998046875,6944.0498046875,14012.2001953125,24714.0703125,4933.77001953125
2008-05-27,1385.3499755859375,6058.5,6958.66015625,13893.3095703125,24282.0390625,4906.56005859375
2008-05-28,1390.8399658203125,6069.60009765625,7033.83984375,13709.4404296875,24249.509765625,4971.10986328125
2008-05-29,1398.260009765625,6068.10009765625,7055.02978515625,14124.4697265625,24383.990234375,4975.89990234375
2008-05-30,1400.3800048828125,6053.5,7096.7900390625,14338.5400390625,24533.119140625,5014.27978515625
2008-06-02,1385.6700439453125,6007.60009765625,7008.77001953125,14440.1396484375,24831.359375,4935.2099609375
2008-06-03,1377.6500244140625,6057.7001953125,7019.1298828125,14209.169921875,24375.759765625,4983.7099609375
2008-06-04,1377.199951171875,5970.10009765625,6965.43017578125,14435.5703125,24123.25,4915.06982421875
2008-06-05,1404.050048828125,5995.2998046875,6941.830078125,14341.1201171875,24255.2890625,4907.06005859375
2008-06-06,1360.6800537109375,5906.7998046875,6803.81005859375,14489.4404296875,24402.1796875,4795.31982421875
2008-06-10,1358.43994140625,5827.2998046875,6771.10009765625,14021.169921875,23375.51953125,4761.080078125
2008-06-11,1335.489990234375,5723.2998046875,6650.259765625,14183.48046875,23327.599609375,4660.91015625
2008-06-12,1339.8699951171875,5790.5,6714.52001953125,13888.599609375,23023.859375,4672.2998046875
2008-06-13,1360.030029296875,5802.7998046875,6765.31982421875,13973.73046875,22592.30078125,4682.2998046875
2008-06-16,1360.1400146484375,5794.60009765625,6729.8798828125,14354.3701171875,23029.689453125,4657.740234375
2008-06-17,1350.9300537109375,5861.89990234375,6796.16015625,14348.3701171875,23057.990234375,4686.330078125
2008-06-18,1337.81005859375,5756.89990234375,6728.91015625,14452.8203125,23325.80078125,4618.75
2008-06-19,1342.8299560546875,5708.39990234375,6721.169921875,14130.169921875,22797.609375,4591.39013671875
2008-06-20,1317.9300537109375,5620.7998046875,6578.43994140625,13942.080078125,22745.599609375,4509.27001953125
2008-06-23,1318.0,5667.2001953125,6589.4599609375,13857.4697265625,22714.9609375,4511.3701171875
2008-06-24,1314.2900390625,5634.7001953125,6536.06005859375,13849.5595703125,22456.01953125,4473.759765625
2008-06-25,1321.969970703125,5666.10009765625,6617.83984375,13829.919921875,22635.16015625,4536.2900390625
2008-06-26,1283.1500244140625,5518.2001953125,6459.60009765625,13822.3203125,22455.669921875,4426.18994140625
2008-06-27,1278.3800048828125,5530.0,6421.91015625,13544.3603515625,22042.349609375,4397.31982421875
2008-06-30,1280.0,5625.89990234375,6418.31982421875,13481.3798828125,22102.009765625,4434.85009765625
2008-07-02,1261.52001953125,5426.2998046875,6305.419921875,13286.3701171875,21704.44921875,4296.47998046875
2008-07-03,1262.9000244140625,5476.60009765625,6353.740234375,13265.400390625,21242.779296875,4343.990234375
2008-07-07,1252.31005859375,5512.7001953125,6395.75,13360.0400390625,21913.060546875,4342.58984375
2008-07-08,1273.699951171875,5440.5,6304.41015625,13033.099609375,21220.810546875,4275.60986328125
2008-07-09,1244.68994140625,5529.60009765625,6386.4599609375,13052.1298828125,21805.810546875,4339.66015625
2008-07-10,1253.3900146484375,5406.7998046875,6305.0,13067.2099609375,21821.779296875,4231.56005859375
2008-07-11,1239.489990234375,5261.60009765625,6153.2998046875,13039.6904296875,22184.55078125,4100.64013671875
2008-07-14,1228.300048828125,5300.39990234375,6200.25,13010.16015625,22014.4609375,4142.52978515625
2008-07-15,1214.9100341796875,5171.89990234375,6081.7001953125,12754.5595703125,21174.76953125,4061.14990234375
2008-07-16,1245.3599853515625,5150.60009765625,6155.3701171875,12760.7998046875,21223.5,4112.4501953125
2008-07-17,1260.3199462890625,5286.2998046875,6271.27001953125,12887.9501953125,21734.720703125,4225.990234375
2008-07-18,1260.6800537109375,5376.39990234375,6382.64990234375,12803.7001953125,21874.189453125,4299.35986328125
2008-07-22,1277.0,5364.2001953125,6442.7900390625,13184.9599609375,22527.48046875,4327.259765625
2008-07-23,1282.18994140625,5449.89990234375,6536.08984375,13312.9296875,23134.55078125,4408.740234375
2008-07-24,1252.5400390625,5362.2998046875,6440.7001953125,13603.3095703125,23087.720703125,4347.990234375
2008-07-25,1257.760009765625,5352.60009765625,6436.7099609375,13334.759765625,22740.7109375,4377.18017578125
2008-07-28,1234.3699951171875,5312.60009765625,6351.14990234375,13353.7802734375,22687.2109375,4324.4501953125
2008-07-29,1263.199951171875,5319.2001953125,6398.7998046875,13159.4501953125,22258.0,4320.490234375
2008-07-30,1284.260009765625,5420.7001953125,6460.1201171875,13367.7900390625,22690.599609375,4400.5498046875
2008-07-31,1267.3800048828125,5411.89990234375,6479.56005859375,13376.8095703125,22731.099609375,4392.35986328125
2008-08-01,1260.31005859375,5354.7001953125,6396.4599609375,13094.58984375,22862.599609375,4314.33984375
2008-08-04,1249.010009765625,5320.2001953125,6349.81005859375,12933.1796875,22514.919921875,4280.6298828125
2008-08-05,1284.8800048828125,5454.5,6518.7001953125,12914.66015625,21949.75,4386.35009765625
2008-08-07,1266.0699462890625,5477.5,6543.490234375,13124.990234375,22104.19921875,4457.43017578125
2008-08-08,1296.3199462890625,5489.2001953125,6561.64990234375,13168.41015625,21885.2109375,4491.85009765625
2008-08-11,1305.3199462890625,5541.7998046875,6609.6298828125,13430.91015625,21859.33984375,4538.490234375
2008-08-12,1289.5899658203125,5534.5,6585.8701171875,13303.599609375,21640.890625,4518.47998046875
2008-08-13,1285.8299560546875,5448.60009765625,6422.18994140625,13023.0498046875,21293.3203125,4402.97021484375
2008-08-14,1292.9300537109375,5497.5,6442.2099609375,12956.7998046875,21392.7109375,4420.91015625
2008-08-15,1298.199951171875,5454.7998046875,6446.02001953125,13019.41015625,21160.580078125,4453.6201171875
2008-08-18,1278.5999755859375,5450.2001953125,6432.8798828125,13165.4501953125,20930.669921875,4448.83984375
2008-08-19,1266.68994140625,5320.39990234375,6282.43017578125,12865.0498046875,20484.369140625,4332.7900390625
2008-08-20,1274.5400390625,5371.7998046875,6317.7998046875,12851.6904296875,20931.259765625,4365.8701171875
2008-08-21,1277.719970703125,5370.2001953125,6236.9599609375,12752.2099609375,20392.060546875,4304.60986328125
2008-08-26,1271.510009765625,5470.7001953125,6340.52001953125,12778.7099609375,21056.66015625,4368.5498046875
2008-08-27,1281.6600341796875,5528.2001953125,6321.02978515625,12752.9599609375,21464.720703125,4373.080078125
2008-08-28,1300.6800537109375,5601.2001953125,6420.5400390625,12768.25,20972.2890625,4461.490234375
2008-08-29,1282.8299560546875,5636.60009765625,6422.2998046875,13072.8701171875,21261.890625,4482.60009765625
2008-09-02,1277.5799560546875,5620.7001953125,6518.47021484375,12609.4697265625,21042.4609375,4539.06982421875
2008-09-03,1274.97998046875,5499.7001953125,6467.490234375,12689.58984375,20585.060546875,4447.1298828125
2008-09-04,1236.8299560546875,5362.10009765625,6279.56982421875,12557.66015625,20389.48046875,4304.009765625
2008-09-05,1242.31005859375,5240.7001953125,6127.43994140625,12212.23046875,19933.279296875,4196.66015625
2008-09-08,1267.7900390625,5446.2998046875,6263.740234375,12624.4599609375,20794.26953125,4340.18017578125
2008-09-09,1224.510009765625,5415.60009765625,6233.41015625,12400.650390625,20491.109375,4293.33984375
2008-09-10,1232.0400390625,5366.2001953125,6210.31982421875,12346.6298828125,19999.779296875,4283.66015625
2008-09-11,1249.050048828125,5318.39990234375,6178.89990234375,12102.5,19388.720703125,4249.06982421875
2008-09-12,1251.699951171875,5416.7001953125,6234.89013671875,12214.759765625,19352.900390625,4332.66015625
2008-09-16,1213.5999755859375,5025.60009765625,5965.169921875,11609.7197265625,18300.609375,4087.39990234375
2008-09-17,1156.3900146484375,4912.39990234375,5860.97998046875,11749.7900390625,17637.189453125,4000.110107421875
2008-09-18,1206.510009765625,4880.0,5863.419921875,11489.2998046875,17632.4609375,3957.860107421875
2008-09-19,1255.0799560546875,5311.2998046875,6189.52978515625,11920.8603515625,19327.73046875,4324.8701171875
2008-09-22,1207.0899658203125,5236.2998046875,6107.75,12090.58984375,19632.19921875,4223.509765625
2008-09-24,1185.8699951171875,5095.60009765625,6052.8701171875,12115.0302734375,18961.990234375,4114.5400390625
2008-09-25,1209.1800537109375,5197.0,6173.02978515625,12006.5302734375,18934.4296875,4226.81005859375
2008-09-26,1213.27001953125,5088.5,6063.5,11893.16015625,18682.08984375,4163.3798828125
2008-09-29,1106.4200439453125,4818.7998046875,5807.080078125,11743.6103515625,17880.6796875,3953.47998046875
2008-09-30,1166.3599853515625,4902.5,5831.02001953125,11259.8603515625,18016.2109375,4032.10009765625
2008-10-02,1114.280029296875,4870.2998046875,5660.6298828125,11154.759765625,18211.109375,3963.280029296875
2008-10-03,1099.22998046875,4980.2998046875,5797.02978515625,10938.1396484375,17682.400390625,4080.75
2008-10-06,1056.8900146484375,4589.2001953125,5387.009765625,10473.08984375,16803.759765625,3711.97998046875
2008-10-08,984.9400024414062,4366.7001953125,5013.6201171875,9203.3203125,15431.73046875,3496.889892578125
2008-10-09,909.9199829101562,4313.7998046875,4887.0,9157.490234375,15943.240234375,3442.699951171875
2008-10-10,899.219970703125,3932.10009765625,4544.31005859375,8276.4296875,14796.8701171875,3176.489990234375
2008-10-14,998.010009765625,4394.2001953125,5199.18994140625,9447.5703125,16832.880859375,3628.52001953125
2008-10-15,907.8400268554688,4079.60009765625,4861.6298828125,9547.4697265625,15998.2998046875,3381.070068359375
2008-10-16,946.4299926757812,3861.39990234375,4622.81005859375,8458.4501953125,15230.51953125,3181.0
2008-10-17,940.5499877929688,4063.0,4781.330078125,8693.8203125,14554.2099609375,3329.919921875
2008-10-20,985.4000244140625,4282.7001953125,4835.009765625,9005.58984375,15323.009765625,3448.510009765625
2008-10-21,955.0499877929688,4229.7001953125,4784.41015625,9306.25,15041.169921875,3475.39990234375
2008-10-22,896.780029296875,4040.89990234375,4571.06982421875,8674.6904296875,14266.599609375,3298.179931640625
2008-10-23,908.1099853515625,4087.800048828125,4519.7001953125,8460.98046875,13760.490234375,3310.8701171875
2008-10-24,876.77001953125,3883.39990234375,4295.669921875,7649.080078125,12618.3798828125,3193.7900390625
2008-10-27,848.9199829101562,3852.60009765625,4334.64013671875,7162.89990234375,11015.83984375,3067.35009765625
2008-10-28,940.510009765625,3926.39990234375,4823.4501953125,7621.919921875,12596.2900390625,3114.919921875
2008-10-29,930.0900268554688,4242.5,4808.68994140625,8211.900390625,12702.0703125,3402.570068359375
2008-10-30,954.0900268554688,4291.7001953125,4869.2998046875,9029.759765625,14329.849609375,3407.820068359375
2008-10-31,968.75,4377.2998046875,4987.97021484375,8576.98046875,13968.669921875,3487.070068359375
2008-11-04,1005.75,4639.5,5278.0400390625,9114.599609375,14384.33984375,3691.090087890625
2008-11-05,952.77001953125,4530.7001953125,5166.8701171875,9521.240234375,14840.16015625,3618.110107421875
2008-11-06,904.8800048828125,4272.39990234375,4813.56982421875,8899.1396484375,13790.0400390625,3387.25
2008-11-07,930.989990234375,4365.0,4938.4599609375,8583.0,14243.4296875,3469.1201171875
2008-11-10,919.2100219726562,4403.89990234375,5025.52978515625,9081.4296875,14744.6298828125,3505.75
2008-11-11,898.9500122070312,4246.7001953125,4761.580078125,8809.2998046875,14040.900390625,3336.409912109375
2008-11-12,852.2999877929688,4182.0,4620.7998046875,8695.509765625,13939.08984375,3233.9599609375
2008-11-13,911.2899780273438,4169.2001953125,4649.52001953125,8238.6396484375,13221.349609375,3269.4599609375
2008-11-14,873.2899780273438,4233.0,4710.240234375,8462.3896484375,13542.66015625,3291.469970703125
2008-11-17,850.75,4132.2001953125,4557.27001953125,8522.580078125,13529.5302734375,3182.030029296875
2008-11-18,859.1199951171875,4208.60009765625,4579.47021484375,8328.41015625,12915.8896484375,3217.39990234375
2008-11-19,806.5800170898438,4005.699951171875,4354.08984375,8273.2197265625,12815.7998046875,3087.889892578125
2008-11-20,752.4400024414062,3875.0,4220.2001953125,7703.0400390625,12298.5595703125,2980.419921875
2008-11-21,800.030029296875,3781.0,4127.41015625,7910.7900390625,12659.2001953125,2881.260009765625
2008-11-25,857.3900146484375,4171.2998046875,4560.419921875,8323.9296875,12878.599609375,3209.56005859375
2008-11-26,887.6799926757812,4152.7001953125,4560.5,8213.2197265625,13369.4501953125,3169.85009765625
2008-11-28,896.239990234375,4288.0,4669.43994140625,8512.26953125,13888.240234375,3262.679931640625
2008-12-01,816.2100219726562,4065.5,4394.7900390625,8397.2197265625,14108.83984375,3080.429931640625
2008-12-02,848.8099975585938,4122.89990234375,4531.7900390625,7863.68994140625,13405.849609375,3152.89990234375
2008-12-03,870.739990234375,4170.0,4567.240234375,8004.10009765625,13588.66015625,3166.64990234375
2008-12-04,845.219970703125,4163.60009765625,4564.22998046875,7924.240234375,13509.7802734375,3161.159912109375
2008-12-05,876.0700073242188,4049.39990234375,4381.47021484375,7917.509765625,13846.08984375,2988.010009765625
2008-12-08,909.7000122070312,4300.10009765625,4715.8798828125,8329.0498046875,15044.8701171875,3247.47998046875
2008-12-09,888.6699829101562,4381.2998046875,4779.10986328125,8395.8701171875,14753.2197265625,3297.800048828125
2008-12-10,899.239990234375,4367.2998046875,4804.8798828125,8660.240234375,15577.740234375,3320.31005859375
2008-12-11,873.5900268554688,4388.7001953125,4767.2001953125,8720.5498046875,15613.900390625,3306.1298828125
2008-12-12,879.72998046875,4280.39990234375,4663.3701171875,8235.8701171875,14758.3896484375,3213.60009765625
2008-12-15,868.5700073242188,4277.60009765625,4654.81982421875,8664.66015625,15046.9501953125,3185.659912109375
2008-12-16,913.1799926757812,4309.10009765625,4729.91015625,8568.01953125,15130.2099609375,3251.659912109375
2008-12-17,904.4199829101562,4324.2001953125,4708.3798828125,8612.51953125,15460.51953125,3241.919921875
2008-12-18,885.280029296875,4330.7001953125,4756.39990234375,8667.23046875,15497.8095703125,3234.14990234375
2008-12-19,887.8800048828125,4286.89990234375,4696.7001953125,8588.51953125,15127.509765625,3225.89990234375
2008-12-22,871.6300048828125,4249.2001953125,4639.02001953125,8723.7802734375,14622.3896484375,3151.360107421875
2008-12-29,869.4199829101562,4319.39990234375,4704.85986328125,8747.169921875,14328.48046875,3130.719970703125
2008-12-30,890.6400146484375,4392.7001953125,4810.2001953125,8859.5595703125,14235.5,3217.1298828125
2009-01-05,927.4500122070312,4579.60009765625,4983.990234375,9043.1201171875,15563.3095703125,3359.919921875
2009-01-06,934.7000122070312,4638.89990234375,5026.31005859375,9080.83984375,15509.509765625,3396.219970703125
2009-01-07,906.6500244140625,4507.5,4937.47021484375,9239.240234375,14987.4599609375,3346.090087890625
2009-01-08,909.72998046875,4505.39990234375,4879.91015625,8876.419921875,14415.91015625,3324.330078125
2009-01-09,890.3499755859375,4448.5,4783.89013671875,8836.7998046875,14377.4404296875,3299.5
2009-01-13,871.7899780273438,4399.2001953125,4636.93994140625,8413.91015625,13668.0498046875,3197.889892578125
2009-01-14,842.6199951171875,4180.60009765625,4422.35009765625,8438.4501953125,13704.6103515625,3052.0
2009-01-15,843.739990234375,4121.10009765625,4336.72998046875,8023.31005859375,13242.9599609375,2995.8798828125
2009-01-16,850.1199951171875,4147.10009765625,4366.27978515625,8230.150390625,13255.509765625,3016.75
2009-01-20,805.219970703125,4091.39990234375,4239.85009765625,8065.7900390625,12959.76953125,2925.280029296875
2009-01-21,840.239990234375,4059.89990234375,4261.14990234375,7901.64013671875,12583.6298828125,2905.570068359375
2009-01-22,827.5,4052.199951171875,4219.419921875,8051.740234375,12657.990234375,2869.6201171875
2009-01-23,831.9500122070312,4052.5,4178.93994140625,7745.25,12578.599609375,2849.139892578125
2009-01-29,845.1400146484375,4190.10009765625,4428.10986328125,8251.240234375,13154.4296875,3009.75
2009-01-30,825.8800048828125,4149.60009765625,4338.35009765625,7994.0498046875,13278.2099609375,2973.919921875
2009-02-02,825.4400024414062,4077.800048828125,4271.0400390625,7873.97998046875,12861.490234375,2930.050048828125
2009-02-03,838.510009765625,4164.5,4374.9599609375,7825.509765625,12776.8896484375,2982.389892578125
2009-02-04,832.22998046875,4228.60009765625,4492.7900390625,8038.93994140625,13063.8896484375,3068.989990234375
2009-02-05,845.8499755859375,4228.89990234375,4510.490234375,7949.64990234375,13178.900390625,3066.2900390625
2009-02-06,868.5999755859375,4291.89990234375,4644.6298828125,8076.6201171875,13655.0400390625,3122.7900390625
2009-02-09,869.8900146484375,4307.60009765625,4666.81982421875,7969.02978515625,13769.0595703125,3134.8701171875
2009-02-10,827.1599731445312,4213.10009765625,4505.5400390625,7945.93994140625,13880.6396484375,3020.75
2009-02-12,835.1900024414062,4202.2001953125,4407.56005859375,7705.35986328125,13228.2998046875,2964.340087890625
2009-02-13,826.8400268554688,4189.60009765625,4413.39013671875,7779.39990234375,13554.669921875,2997.860107421875
2009-02-17,789.1699829101562,4034.10009765625,4216.60009765625,7645.509765625,12945.400390625,2875.22998046875
2009-02-18,788.4199829101562,4006.800048828125,4204.9599609375,7534.43994140625,13016.0,2874.070068359375
2009-02-19,778.9400024414062,4018.39990234375,4215.2099609375,7557.64990234375,13023.3603515625,2872.60009765625
2009-02-20,770.0499877929688,3889.10009765625,4014.659912109375,7416.3798828125,12699.169921875,2750.550048828125
2009-02-23,743.3300170898438,3850.699951171875,3936.449951171875,7376.16015625,13175.099609375,2727.8701171875
2009-02-24,773.1400146484375,3816.39990234375,3895.75,7268.56005859375,12798.51953125,2708.050048828125
2009-02-25,764.9000244140625,3849.0,3846.2099609375,7461.22021484375,13005.080078125,2696.919921875
2009-02-26,752.8300170898438,3915.60009765625,3942.6201171875,7457.93017578125,12894.9404296875,2744.840087890625
2009-02-27,735.0900268554688,3830.10009765625,3843.739990234375,7568.419921875,12811.5703125,2702.47998046875
2009-03-02,700.8200073242188,3625.800048828125,3710.070068359375,7280.14990234375,12317.4599609375,2581.4599609375
2009-03-03,696.3300170898438,3512.10009765625,3690.719970703125,7229.72021484375,12033.8798828125,2554.550048828125
2009-03-04,712.8699951171875,3645.89990234375,3890.93994140625,7290.9599609375,12331.150390625,2675.679931640625
2009-03-05,682.5499877929688,3529.89990234375,3695.489990234375,7433.490234375,12211.240234375,2569.6298828125
2009-03-06,683.3800048828125,3530.699951171875,3666.409912109375,7173.10009765625,11921.51953125,2534.449951171875
2009-03-09,676.530029296875,3542.39990234375,3692.030029296875,7086.02978515625,11344.580078125,2519.2900390625
2009-03-10,719.5999755859375,3715.199951171875,3886.97998046875,7054.97998046875,11694.0498046875,2663.679931640625
2009-03-11,721.3599853515625,3693.800048828125,3914.10009765625,7376.1201171875,11930.66015625,2674.199951171875
2009-03-12,750.739990234375,3712.10009765625,3956.219970703125,7198.25,12001.5302734375,2694.25
2009-03-13,756.5499877929688,3753.699951171875,3953.60009765625,7569.27978515625,12525.7998046875,2705.6298828125
2009-03-16,753.8900146484375,3864.0,4044.5400390625,7704.14990234375,12976.7099609375,2791.659912109375
2009-03-17,778.1199951171875,3857.10009765625,3987.77001953125,7949.1298828125,12878.08984375,2767.280029296875
2009-03-18,794.3499755859375,3805.0,3996.320068359375,7972.169921875,13117.169921875,2760.340087890625
2009-03-19,784.0399780273438,3816.89990234375,4043.4599609375,7945.9599609375,13130.919921875,2776.989990234375
2009-03-23,822.9199829101562,3952.800048828125,4176.3701171875,8215.5302734375,13447.419921875,2869.570068359375
2009-03-24,806.1199951171875,3911.5,4187.35986328125,8488.2998046875,13910.33984375,2874.389892578125
2009-03-25,813.8800048828125,3900.300048828125,4223.2900390625,8479.990234375,13622.1103515625,2893.449951171875
2009-03-26,832.8599853515625,3925.199951171875,4259.3701171875,8636.330078125,14108.98046875,2892.070068359375
2009-03-27,815.9400024414062,3898.89990234375,4203.5498046875,8626.9697265625,14119.5,2840.6201171875
2009-03-30,787.530029296875,3762.89990234375,3989.22998046875,8236.080078125,13456.330078125,2719.340087890625
2009-03-31,797.8699951171875,3926.10009765625,4084.760009765625,8109.52978515625,13576.01953125,2807.340087890625
2009-04-01,811.0800170898438,3955.60009765625,4131.06982421875,8351.91015625,13519.5400390625,2839.610107421875
2009-04-02,834.3800048828125,4125.0,4381.919921875,8719.7802734375,14521.9697265625,2992.06005859375
2009-04-03,842.5,4029.699951171875,4384.990234375,8749.83984375,14545.6904296875,2958.739990234375
2009-04-06,835.47998046875,3993.5,4349.81005859375,8857.9296875,14998.0400390625,2929.75
2009-04-07,815.5499877929688,3930.5,4322.5,8832.849609375,14928.9697265625,2902.31005859375
2009-04-08,825.1599731445312,3925.5,4357.919921875,8595.009765625,14474.8603515625,2921.06005859375
2009-04-09,856.5599975585938,3983.699951171875,4491.1201171875,8916.0595703125,14901.41015625,2974.179931640625
2009-04-14,841.5,3989.0,4557.009765625,8842.6796875,15580.16015625,3000.219970703125
2009-04-15,852.0599975585938,3968.39990234375,4549.7900390625,8742.9599609375,15669.6201171875,2985.739990234375
2009-04-16,865.2999877929688,4053.0,4609.4599609375,8755.259765625,15582.990234375,3038.179931640625
2009-04-17,869.5999755859375,4092.800048828125,4676.83984375,8907.580078125,15601.26953125,3091.9599609375
2009-04-20,832.3900146484375,3990.89990234375,4486.2998046875,8924.75,15750.91015625,2969.39990234375
2009-04-21,850.0800170898438,3987.5,4501.6298828125,8711.330078125,15285.8896484375,2973.93994140625
2009-04-22,843.5499877929688,4030.699951171875,4594.419921875,8727.2998046875,14878.4501953125,3025.239990234375
2009-04-23,851.9199829101562,4018.199951171875,4538.2099609375,8847.009765625,15214.4599609375,3008.6201171875
2009-04-24,866.22998046875,4156.0,4674.31982421875,8707.990234375,15258.849609375,3102.85009765625
2009-04-27,857.510009765625,4167.0,4694.06982421875,8726.33984375,14840.419921875,3102.429931640625
2009-04-28,855.1599731445312,4096.39990234375,4607.419921875,8493.76953125,14555.1103515625,3051.02001953125
2009-04-30,872.8099975585938,4243.7001953125,4769.4501953125,8828.259765625,15520.990234375,3159.85009765625
2009-05-07,907.3900146484375,4398.7001953125,4804.10009765625,9385.7001953125,17217.890625,3251.52001953125
2009-05-08,929.22998046875,4462.10009765625,4913.89990234375,9432.830078125,17389.869140625,3312.590087890625
2009-05-11,909.239990234375,4435.5,4866.91015625,9451.98046875,17087.94921875,3248.669921875
2009-05-12,908.3499755859375,4425.5,4854.10986328125,9298.6103515625,17153.640625,3231.10009765625
2009-05-13,883.9199829101562,4331.39990234375,4727.60986328125,9340.490234375,17059.619140625,3152.89990234375
2009-05-14,893.0700073242188,4362.60009765625,4738.47021484375,9093.73046875,16541.689453125,3156.2900390625
2009-05-15,882.8800048828125,4348.10009765625,4737.5,9265.01953125,16790.69921875,3169.050048828125
2009-05-18,909.7100219726562,4446.5,4851.9599609375,9038.6904296875,17022.91015625,3245.389892578125
2009-05-19,908.1300048828125,4482.2998046875,4959.6201171875,9290.2900390625,17544.029296875,3274.9599609375
2009-05-20,903.469970703125,4468.39990234375,5038.93994140625,9344.6396484375,17475.83984375,3303.3701171875
2009-05-21,888.3300170898438,4345.5,4900.669921875,9264.150390625,17199.490234375,3217.409912109375
2009-05-22,887.0,4365.2998046875,4918.75,9225.8095703125,17062.51953125,3227.969970703125
2009-05-26,910.3300170898438,4411.7001953125,4985.60009765625,9310.8095703125,16991.560546875,3270.090087890625
2009-05-27,893.0599975585938,4416.2001953125,5000.77001953125,9438.76953125,17885.26953125,3294.860107421875
2009-05-29,919.1400146484375,4417.89990234375,4940.81982421875,9522.5,18171.0,3277.64990234375
2009-06-01,942.8699951171875,4506.2001953125,5142.56005859375,9677.75,18888.58984375,3379.489990234375
2009-06-02,944.739990234375,4477.0,5144.06005859375,9704.3095703125,18389.080078125,3378.0400390625
2009-06-03,931.760009765625,4383.39990234375,5054.52978515625,9741.669921875,18576.470703125,3309.64990234375
2009-06-04,942.4600219726562,4386.89990234375,5064.7998046875,9668.9599609375,18502.76953125,3312.030029296875
2009-06-05,940.0900268554688,4438.60009765625,5077.02978515625,9768.009765625,18679.529296875,3339.050048828125
2009-06-08,939.1400146484375,4405.2001953125,5004.72021484375,9865.6298828125,18253.390625,3289.659912109375
2009-06-09,942.4299926757812,4404.7998046875,4997.85986328125,9786.8203125,18058.490234375,3296.72998046875
2009-06-10,939.1500244140625,4436.7998046875,5051.18017578125,9991.490234375,18785.66015625,3315.27001953125
2009-06-11,944.8900146484375,4461.89990234375,5107.259765625,9981.330078125,18791.029296875,3334.93994140625
2009-06-12,946.2100219726562,4442.0,5069.240234375,10135.8203125,18889.6796875,3326.139892578125
2009-06-15,923.719970703125,4326.0,4889.93994140625,10039.669921875,18498.9609375,3219.580078125
2009-06-16,911.969970703125,4328.60009765625,4890.72021484375,9752.8798828125,18165.5,3213.949951171875
2009-06-17,910.7100219726562,4278.5,4799.97998046875,9840.849609375,18084.599609375,3161.139892578125
2009-06-18,918.3699951171875,4280.89990234375,4837.47998046875,9703.7197265625,17776.66015625,3194.06005859375
2009-06-19,921.22998046875,4345.89990234375,4839.4599609375,9786.259765625,17920.9296875,3221.27001953125
2009-06-22,893.0399780273438,4234.10009765625,4693.39990234375,9826.26953125,18059.55078125,3123.25
2009-06-23,895.0999755859375,4230.0,4707.14990234375,9549.6103515625,17538.369140625,3116.820068359375
2009-06-24,900.9400024414062,4280.0,4836.009765625,9590.3203125,17892.150390625,3184.760009765625
2009-06-25,920.260009765625,4252.60009765625,4800.56005859375,9796.080078125,18275.029296875,3163.10009765625
2009-06-26,918.9000244140625,4241.0,4776.47021484375,9877.3896484375,18600.259765625,3129.72998046875
2009-06-29,927.22998046875,4294.0,4885.08984375,9783.4697265625,18528.509765625,3193.679931640625
2009-06-30,919.3200073242188,4249.2001953125,4808.64013671875,9958.4404296875,18378.73046875,3140.43994140625
2009-07-02,896.4199829101562,4234.2998046875,4718.490234375,9876.150390625,18178.05078125,3116.409912109375
2009-07-06,898.719970703125,4194.89990234375,4651.81982421875,9680.8701171875,17979.41015625,3082.159912109375
2009-07-07,881.030029296875,4187.0,4598.18994140625,9647.7900390625,17862.26953125,3048.570068359375
2009-07-08,879.5599975585938,4140.2001953125,4572.64990234375,9420.75,17721.0703125,3009.7099609375
2009-07-09,882.6799926757812,4158.7001953125,4630.06982421875,9291.0595703125,17790.58984375,3025.93994140625
2009-07-10,879.1300048828125,4127.2001953125,4576.31005859375,9287.2802734375,17708.419921875,2983.10009765625
2009-07-13,901.0499877929688,4202.10009765625,4722.33984375,9050.330078125,17254.630859375,3052.080078125
2009-07-14,905.8400268554688,4237.7001953125,4781.68994140625,9261.8095703125,17885.73046875,3081.8701171875
2009-07-15,932.6799926757812,4346.5,4928.43994140625,9269.25,18258.66015625,3171.27001953125
2009-07-16,940.739990234375,4361.7998046875,4957.18994140625,9344.16015625,18361.869140625,3199.679931640625
2009-07-17,940.3800048828125,4388.7998046875,4978.39990234375,9395.3203125,18805.66015625,3218.4599609375
2009-07-21,954.5800170898438,4481.2001953125,5093.97021484375,9652.01953125,19501.73046875,3302.889892578125
2009-07-22,954.0700073242188,4493.7001953125,5121.56005859375,9723.16015625,19248.169921875,3305.070068359375
2009-07-23,976.2899780273438,4559.7998046875,5247.27978515625,9792.9404296875,19817.69921875,3373.719970703125
2009-07-24,979.260009765625,4576.60009765625,5229.35986328125,9944.5498046875,19982.7890625,3366.449951171875
2009-07-27,982.1799926757812,4586.10009765625,5251.5498046875,10088.66015625,20251.619140625,3372.360107421875
2009-07-28,979.6199951171875,4528.7998046875,5174.740234375,10087.259765625,20624.5390625,3330.969970703125
2009-07-29,975.1500244140625,4547.5,5270.31982421875,10113.240234375,20135.5,3365.6201171875
2009-07-30,986.75,4631.60009765625,5360.66015625,10165.2099609375,20234.080078125,3435.489990234375
2009-07-31,987.47998046875,4608.39990234375,5332.14013671875,10356.830078125,20573.330078125,3426.27001953125
2009-08-03,1002.6300048828125,4682.5,5426.85009765625,10352.4697265625,20807.259765625,3477.800048828125
2009-08-04,1005.6500244140625,4671.39990234375,5417.02001953125,10375.009765625,20796.4296875,3476.3701171875
2009-08-05,1002.719970703125,4647.10009765625,5353.009765625,10252.5302734375,20494.76953125,3458.530029296875
2009-08-06,997.0800170898438,4690.5,5369.97998046875,10388.08984375,20899.240234375,3477.830078125
2009-08-07,1010.47998046875,4731.60009765625,5458.9599609375,10412.08984375,20375.369140625,3521.139892578125
2009-08-10,1007.0999755859375,4722.2001953125,5418.1201171875,10524.259765625,20929.51953125,3504.5400390625
2009-08-11,994.3499755859375,4671.2998046875,5285.81005859375,10585.4599609375,21074.2109375,3456.179931640625
2009-08-12,1005.8099975585938,4716.7998046875,5350.08984375,10435.0,20435.240234375,3507.239990234375
2009-08-13,1012.72998046875,4755.5,5401.10986328125,10517.1904296875,20861.30078125,3524.389892578125
2009-08-14,1004.0900268554688,4714.0,5309.10986328125,10597.330078125,20893.330078125,3495.27001953125
2009-08-17,979.72998046875,4645.0,5201.60986328125,10268.6103515625,20137.650390625,3419.68994140625
2009-08-18,989.6699829101562,4685.7998046875,5250.740234375,10284.9599609375,20306.26953125,3450.68994140625
2009-08-19,996.4600219726562,4689.7001953125,5231.97998046875,10204.0,19954.23046875,3450.340087890625
2009-08-20,1007.3699951171875,4756.60009765625,5311.06005859375,10383.41015625,20328.859375,3505.320068359375
2009-08-21,1026.1300048828125,4850.89990234375,5462.740234375,10238.2001953125,20199.01953125,3615.81005859375
2009-08-24,1025.5699462890625,4896.2001953125,5519.75,10581.0498046875,20535.939453125,3652.169921875
2009-08-25,1028.0,4916.7998046875,5557.08984375,10497.3603515625,20435.240234375,3680.610107421875
2009-08-26,1028.1199951171875,4890.60009765625,5521.97021484375,10639.7099609375,20456.3203125,3668.340087890625
2009-08-27,1030.97998046875,4869.39990234375,5470.330078125,10473.9697265625,20242.75,3648.530029296875
2009-08-28,1028.9300537109375,4908.89990234375,5517.35009765625,10534.1396484375,20098.619140625,3693.139892578125
2009-09-02,994.75,4817.60009765625,5319.83984375,10280.4599609375,19522.0,3573.1298828125
2009-09-03,1003.239990234375,4796.7998046875,5301.419921875,10214.6396484375,19761.6796875,3553.510009765625
2009-09-04,1016.4000244140625,4851.7001953125,5384.43017578125,10187.1103515625,20318.619140625,3598.760009765625
2009-09-08,1025.3900146484375,4947.2998046875,5481.72998046875,10393.23046875,21069.810546875,3660.9599609375
2009-09-09,1033.3699951171875,5004.2998046875,5574.259765625,10312.1396484375,20851.0390625,3707.68994140625
2009-09-10,1044.1400146484375,4987.7001953125,5594.77001953125,10513.669921875,21069.560546875,3705.8701171875
2009-09-11,1042.72998046875,5011.5,5624.02001953125,10444.330078125,21161.419921875,3734.889892578125
2009-09-14,1049.3399658203125,5018.89990234375,5620.240234375,10202.0595703125,20932.19921875,3730.610107421875
2009-09-15,1052.6300048828125,5042.10009765625,5628.97998046875,10217.6201171875,20866.369140625,3752.2099609375
2009-09-16,1068.760009765625,5124.10009765625,5700.259765625,10270.76953125,21402.919921875,3813.7900390625
2009-09-17,1065.489990234375,5164.0,5731.14013671875,10443.7998046875,21768.509765625,3835.27001953125
2009-09-18,1068.300048828125,5172.89990234375,5703.830078125,10370.5400390625,21623.44921875,3827.840087890625
2009-09-24,1050.780029296875,5079.2998046875,5605.2099609375,10544.2197265625,21050.73046875,3758.360107421875
2009-09-25,1044.3800048828125,5082.2001953125,5581.41015625,10265.98046875,21024.400390625,3739.139892578125
2009-09-28,1062.97998046875,5165.7001953125,5736.31005859375,10009.51953125,20588.41015625,3825.0
2009-09-29,1060.6099853515625,5159.7001953125,5713.52001953125,10100.2001953125,21013.169921875,3814.10009765625
2009-09-30,1057.0799560546875,5133.89990234375,5675.16015625,10133.23046875,20955.25,3795.409912109375
2009-10-02,1025.2099609375,4988.7001953125,5467.89990234375,9731.8701171875,20375.490234375,3649.89990234375
2009-10-05,1040.4599609375,5024.2998046875,5508.85009765625,9674.490234375,20429.0703125,3675.010009765625
2009-10-06,1054.719970703125,5138.0,5657.64013671875,9691.7998046875,20811.529296875,3770.2099609375
2009-10-07,1057.5799560546875,5108.89990234375,5640.75,9799.599609375,21241.58984375,3756.409912109375
2009-10-08,1065.47998046875,5154.60009765625,5716.5400390625,9832.4697265625,21492.900390625,3806.81005859375
2009-10-09,1071.489990234375,5161.89990234375,5711.8798828125,10016.3896484375,21499.439453125,3799.610107421875
2009-10-13,1073.18994140625,5154.2001953125,5714.31005859375,10076.5595703125,21467.359375,3801.389892578125
2009-10-14,1092.02001953125,5256.10009765625,5854.14013671875,10060.2099609375,21886.48046875,3882.669921875
2009-10-15,1096.56005859375,5223.0,5830.77001953125,10238.650390625,21999.080078125,3883.830078125
2009-10-16,1087.6800537109375,5190.2001953125,5743.39013671875,10257.5595703125,21929.900390625,3827.60009765625
2009-10-19,1097.9100341796875,5281.5,5852.56005859375,10236.509765625,22200.4609375,3892.360107421875
2009-10-20,1091.06005859375,5243.39990234375,5811.77001953125,10336.83984375,22384.9609375,3871.449951171875
2009-10-21,1081.4000244140625,5257.89990234375,5833.490234375,10333.3896484375,22318.109375,3873.219970703125
2009-10-22,1092.9100341796875,5207.39990234375,5762.93017578125,10267.169921875,22210.51953125,3820.85009765625
2009-10-23,1079.5999755859375,5242.60009765625,5740.25,10282.990234375,22589.73046875,3808.239990234375
2009-10-27,1063.4100341796875,5201.0,5635.02001953125,10212.4599609375,22169.58984375,3743.949951171875
2009-10-28,1042.6300048828125,5080.39990234375,5496.27001953125,10075.0498046875,21761.580078125,3663.780029296875
2009-10-29,1066.1099853515625,5137.7001953125,5587.4501953125,9891.099609375,21264.990234375,3714.02001953125
2009-10-30,1036.18994140625,5044.60009765625,5414.9599609375,10034.740234375,21752.869140625,3607.68994140625
2009-11-02,1042.8800048828125,5104.5,5430.81982421875,9802.9501953125,21620.189453125,3639.4599609375
2009-11-04,1046.5,5107.89990234375,5444.22998046875,9844.3095703125,21614.76953125,3670.330078125
2009-11-05,1066.6300048828125,5125.60009765625,5480.919921875,9717.4404296875,21479.080078125,3708.72998046875
2009-11-06,1069.300048828125,5142.7001953125,5488.25,9789.349609375,21829.720703125,3707.2900390625
2009-11-09,1093.0799560546875,5235.2001953125,5619.72021484375,9808.990234375,22207.55078125,3785.489990234375
2009-11-10,1093.010009765625,5230.60009765625,5613.2001953125,9870.73046875,22268.16015625,3785.590087890625
2009-11-11,1098.510009765625,5266.7998046875,5668.35009765625,9871.6796875,22627.2109375,3814.389892578125
2009-11-12,1087.239990234375,5276.5,5663.9599609375,9804.490234375,22397.5703125,3808.070068359375
2009-11-13,1093.47998046875,5296.39990234375,5686.830078125,9770.3095703125,22553.630859375,3806.010009765625
2009-11-16,1109.300048828125,5382.7001953125,5804.81982421875,9791.1796875,22943.98046875,3863.159912109375
2009-11-17,1110.3199462890625,5345.89990234375,5778.43017578125,9729.9296875,22914.150390625,3829.06005859375
2009-11-18,1109.800048828125,5342.10009765625,5787.60986328125,9676.7998046875,22840.330078125,3828.159912109375
2009-11-19,1094.9000244140625,5267.7001953125,5702.18017578125,9549.4697265625,22643.16015625,3760.219970703125
2009-11-20,1091.3800048828125,5251.39990234375,5663.14990234375,9497.6796875,22455.83984375,3729.360107421875
2009-11-24,1105.6500244140625,5324.0,5769.31005859375,9401.580078125,22423.140625,3784.6201171875
2009-11-25,1110.6300048828125,5364.7998046875,5803.02001953125,9441.6396484375,22611.80078125,3809.159912109375
2009-11-27,1091.489990234375,5245.7001953125,5685.60986328125,9081.51953125,21134.5,3721.449951171875
2009-11-30,1095.6300048828125,5190.7001953125,5625.9501953125,9345.5498046875,21821.5,3680.14990234375
2009-12-01,1108.8599853515625,5312.2001953125,5776.60986328125,9572.2001953125,22113.150390625,3775.739990234375
2009-12-02,1109.239990234375,5327.39990234375,5781.68017578125,9608.9404296875,22289.5703125,3795.919921875
2009-12-03,1099.9200439453125,5313.0,5770.35009765625,9977.669921875,22553.869140625,3799.110107421875
2009-12-04,1105.97998046875,5322.39990234375,5817.64990234375,10022.58984375,22498.150390625,3846.6201171875
2009-12-07,1103.25,5310.7001953125,5784.75,10167.599609375,22324.9609375,3840.050048828125
2009-12-08,1091.93994140625,5223.10009765625,5688.580078125,10140.4697265625,22060.51953125,3785.300048828125
2009-12-09,1095.949951171875,5203.89990234375,5647.83984375,10004.7197265625,21741.759765625,3757.389892578125
2009-12-10,1102.3499755859375,5244.39990234375,5709.02001953125,9862.8203125,21700.0390625,3798.3798828125
2009-12-11,1106.4100341796875,5261.60009765625,5756.2900390625,10107.8701171875,21902.109375,3803.719970703125
2009-12-14,1114.1099853515625,5315.2998046875,5802.259765625,10105.6796875,22085.75,3830.43994140625
2009-12-15,1107.9300537109375,5285.7998046875,5811.33984375,10083.48046875,21813.919921875,3834.090087890625
2009-12-16,1109.1800537109375,5320.2998046875,5903.43017578125,10177.41015625,21611.740234375,3875.820068359375
2009-12-17,1096.0799560546875,5217.60009765625,5844.43994140625,10163.7998046875,21347.630859375,3830.820068359375
2009-12-18,1102.469970703125,5196.7998046875,5831.2099609375,10142.0498046875,21175.880859375,3794.43994140625
2009-12-21,1114.050048828125,5294.0,5930.52978515625,10183.4697265625,20948.099609375,3872.06005859375
2009-12-22,1118.02001953125,5328.7001953125,5945.68994140625,10378.0302734375,21092.0390625,3898.3798828125
2009-12-29,1126.199951171875,5437.60009765625,6011.5498046875,10638.0595703125,21499.439453125,3959.97998046875
2009-12-30,1126.4200439453125,5397.89990234375,5957.43017578125,10546.4404296875,21496.619140625,3935.5
2010-01-04,1132.989990234375,5500.2998046875,6048.2998046875,10654.7900390625,21823.279296875,4013.969970703125
2010-01-05,1136.52001953125,5522.5,6031.85986328125,10681.830078125,22279.580078125,4012.909912109375
2010-01-06,1137.1400146484375,5530.0,6034.330078125,10731.4501953125,22416.669921875,4017.669921875
2010-01-07,1141.68994140625,5526.7001953125,6019.35986328125,10681.66015625,22269.44921875,4024.800048828125
2010-01-08,1144.97998046875,5534.2001953125,6037.60986328125,10798.3203125,22296.75,4045.139892578125
2010-01-12,1136.219970703125,5498.7001953125,5943.0,10879.1396484375,22326.640625,4000.050048828125
2010-01-13,1145.6800537109375,5473.5,5963.14013671875,10735.0302734375,21748.599609375,4000.860107421875
2010-01-14,1148.4599609375,5498.2001953125,5988.8798828125,10907.6796875,21716.94921875,4015.77001953125
2010-01-15,1136.030029296875,5455.39990234375,5875.97021484375,10982.099609375,21654.16015625,3954.3798828125
2010-01-19,1150.22998046875,5513.10009765625,5976.47998046875,10764.900390625,21677.98046875,4009.669921875
2010-01-20,1138.0400390625,5420.7998046875,5851.52978515625,10737.51953125,21286.169921875,3928.949951171875
2010-01-21,1116.47998046875,5335.10009765625,5746.97021484375,10868.41015625,20862.669921875,3862.159912109375
2010-01-22,1091.760009765625,5303.0,5695.31982421875,10590.5498046875,20726.1796875,3820.780029296875
2010-01-25,1096.780029296875,5260.2998046875,5631.3701171875,10512.6904296875,20598.55078125,3781.85009765625
2010-01-26,1092.1700439453125,5276.89990234375,5668.93017578125,10325.2802734375,20109.330078125,3807.0400390625
2010-01-27,1097.5,5217.5,5643.2001953125,10252.080078125,20033.0703125,3759.800048828125
2010-01-28,1084.530029296875,5145.7001953125,5540.330078125,10414.2900390625,20356.369140625,3688.7900390625
2010-01-29,1073.8699951171875,5188.5,5608.7900390625,10198.0400390625,20121.990234375,3739.4599609375
2010-02-01,1089.18994140625,5247.39990234375,5654.47998046875,10205.01953125,20243.75,3762.010009765625
2010-02-02,1103.3199462890625,5283.2998046875,5709.66015625,10371.08984375,20272.1796875,3812.1298828125
2010-02-03,1097.280029296875,5253.2001953125,5672.08984375,10404.330078125,20722.080078125,3793.469970703125
2010-02-04,1063.1099853515625,5139.2998046875,5533.240234375,10355.98046875,20341.640625,3689.25
2010-02-05,1066.18994140625,5060.89990234375,5434.33984375,10057.08984375,19665.080078125,3563.760009765625
2010-02-08,1056.739990234375,5092.2998046875,5484.85009765625,9951.8203125,19550.890625,3607.27001953125
2010-02-09,1070.52001953125,5111.7998046875,5498.259765625,9932.900390625,19790.279296875,3612.760009765625
2010-02-10,1068.1300048828125,5132.0,5536.3701171875,9963.990234375,19922.220703125,3635.610107421875
2010-02-12,1075.510009765625,5142.5,5500.39013671875,10092.1904296875,20268.689453125,3599.070068359375
2010-02-17,1099.510009765625,5276.60009765625,5648.33984375,10306.830078125,20534.009765625,3725.2099609375
2010-02-18,1106.75,5325.10009765625,5680.41015625,10335.6904296875,20422.150390625,3747.830078125
2010-02-19,1109.1700439453125,5358.2001953125,5722.0498046875,10123.580078125,19894.01953125,3769.5400390625
2010-02-22,1108.010009765625,5352.10009765625,5688.43994140625,10400.4697265625,20377.26953125,3756.699951171875
2010-02-23,1094.5999755859375,5315.10009765625,5604.06982421875,10352.099609375,20623.0,3707.06005859375
2010-02-24,1105.239990234375,5342.89990234375,5615.509765625,10198.830078125,20467.740234375,3715.679931640625
2010-02-25,1102.93994140625,5278.2001953125,5532.330078125,10101.9599609375,20399.5703125,3640.77001953125
2010-02-26,1104.489990234375,5354.5,5598.4599609375,10126.0302734375,20608.69921875,3708.800048828125
2010-03-01,1115.7099609375,5405.89990234375,5713.509765625,10172.0595703125,21056.9296875,3769.5400390625
2010-03-02,1118.31005859375,5484.10009765625,5776.56005859375,10221.83984375,20906.109375,3811.919921875
2010-03-03,1118.7900390625,5533.2001953125,5817.8798828125,10253.1396484375,20876.7890625,3842.52001953125
2010-03-04,1122.969970703125,5527.2001953125,5795.31982421875,10145.7197265625,20575.779296875,3828.409912109375
2010-03-05,1138.699951171875,5599.7998046875,5877.35986328125,10368.9599609375,20787.970703125,3910.419921875
2010-03-08,1138.5,5606.7001953125,5875.91015625,10585.919921875,21196.869140625,3903.5400390625
2010-03-09,1140.449951171875,5602.2998046875,5885.89013671875,10567.650390625,21207.55078125,3910.010009765625
2010-03-10,1145.6099853515625,5640.60009765625,5936.72021484375,10563.919921875,21208.2890625,3943.550048828125
2010-03-11,1150.239990234375,5617.2998046875,5928.6298828125,10664.9501953125,21228.19921875,3928.949951171875
2010-03-12,1149.989990234375,5625.7001953125,5945.10986328125,10751.259765625,21209.740234375,3927.39990234375
2010-03-15,1150.510009765625,5593.89990234375,5903.56005859375,10751.98046875,21079.099609375,3890.909912109375
2010-03-16,1159.4599609375,5620.39990234375,5970.990234375,10721.7099609375,21022.9296875,3938.949951171875
2010-03-17,1166.2099609375,5644.60009765625,6024.27978515625,10846.98046875,21384.490234375,3957.889892578125
2010-03-18,1165.8299560546875,5642.60009765625,6012.31005859375,10744.0302734375,21330.669921875,3938.179931640625
2010-03-19,1159.9000244140625,5650.10009765625,5982.43017578125,10824.7197265625,21370.8203125,3925.43994140625
2010-03-23,1174.1700439453125,5673.60009765625,6017.27001953125,10774.150390625,20987.779296875,3952.550048828125
2010-03-24,1167.719970703125,5677.89990234375,6039.0,10815.0302734375,21008.619140625,3949.81005859375
2010-03-25,1165.72998046875,5727.7001953125,6132.9501953125,10828.849609375,20778.55078125,4000.47998046875
2010-03-26,1166.5899658203125,5703.0,6120.0498046875,10996.3701171875,21053.109375,3988.929931640625
2010-03-29,1173.219970703125,5710.7001953125,6156.85009765625,10986.4697265625,21237.4296875,4000.659912109375
2010-03-30,1173.27001953125,5672.2998046875,6142.4501953125,11097.1396484375,21374.7890625,3987.409912109375
2010-03-31,1169.4300537109375,5679.60009765625,6153.5498046875,11089.9404296875,21239.349609375,3974.010009765625
2010-04-01,1178.0999755859375,5744.89990234375,6235.56005859375,11244.400390625,21537.0,4034.22998046875
2010-04-07,1182.449951171875,5762.10009765625,6222.41015625,11292.830078125,21928.76953125,4026.969970703125
2010-04-08,1186.43994140625,5712.7001953125,6171.830078125,11168.2001953125,21867.0390625,3978.4599609375
2010-04-09,1194.3699951171875,5771.0,6249.7001953125,11204.33984375,22208.5,4050.5400390625
2010-04-12,1196.47998046875,5777.7001953125,6250.68994140625,11251.900390625,22138.169921875,4050.5
2010-04-13,1197.300048828125,5761.7001953125,6230.830078125,11161.23046875,22103.529296875,4031.989990234375
2010-04-14,1210.6500244140625,5796.2998046875,6278.39990234375,11204.900390625,22121.4296875,4057.699951171875
2010-04-15,1211.6700439453125,5825.0,6291.4501953125,11273.7900390625,22157.8203125,4065.64990234375
2010-04-16,1192.1300048828125,5744.0,6180.89990234375,11102.1796875,21865.259765625,3986.6298828125
2010-04-19,1197.52001953125,5727.89990234375,6162.43994140625,10908.76953125,21405.169921875,3970.469970703125
2010-04-20,1207.1700439453125,5783.7001953125,6264.22998046875,10900.6796875,21623.380859375,4026.64990234375
2010-04-21,1205.93994140625,5723.39990234375,6230.3798828125,11090.0498046875,21510.9296875,3977.669921875
2010-04-22,1208.6700439453125,5665.2998046875,6168.72021484375,10949.08984375,21454.939453125,3924.64990234375
2010-04-23,1217.280029296875,5723.7001953125,6259.52978515625,10914.4599609375,21244.490234375,3951.300048828125
2010-04-26,1212.050048828125,5753.89990234375,6332.10009765625,11165.7900390625,21587.060546875,3997.389892578125
2010-04-27,1183.7099609375,5603.5,6159.509765625,11212.66015625,21261.7890625,3844.60009765625
2010-04-28,1191.3599853515625,5586.60009765625,6084.33984375,10924.7900390625,20949.400390625,3787.0
2010-04-30,1186.68994140625,5553.2998046875,6135.7001953125,11057.400390625,21108.58984375,3816.989990234375
2010-05-06,1128.1500244140625,5261.0,5908.259765625,10695.6904296875,20133.41015625,3556.110107421875
2010-05-07,1110.8800048828125,5123.0,5715.08984375,10364.58984375,19920.2890625,3392.590087890625
2010-05-10,1159.72998046875,5387.39990234375,6017.91015625,10530.7001953125,20426.640625,3720.2900390625
2010-05-11,1155.7900390625,5334.2001953125,6037.7099609375,10411.099609375,20146.509765625,3693.199951171875
2010-05-12,1171.6700439453125,5383.5,6183.490234375,10394.0302734375,20212.490234375,3733.8701171875
2010-05-13,1157.43994140625,5433.7001953125,6251.97021484375,10620.5498046875,20422.4609375,3731.5400390625
2010-05-14,1135.6800537109375,5262.89990234375,6056.7099609375,10462.509765625,20145.4296875,3560.360107421875
2010-05-17,1136.93994140625,5262.5,6066.919921875,10235.759765625,19715.19921875,3543.550048828125
2010-05-18,1120.800048828125,5307.2998046875,6155.93017578125,10242.6396484375,19944.939453125,3617.320068359375
2010-05-19,1115.050048828125,5158.10009765625,5988.669921875,10186.83984375,19578.98046875,3511.669921875
2010-05-20,1071.5899658203125,5073.10009765625,5867.8798828125,10030.3095703125,19545.830078125,3432.52001953125
2010-05-24,1073.6500244140625,5069.60009765625,5805.68017578125,9758.400390625,19667.759765625,3430.929931640625
2010-05-25,1074.030029296875,4940.7001953125,5670.0400390625,9459.8896484375,18985.5,3331.2900390625
2010-05-26,1067.949951171875,5038.10009765625,5758.02001953125,9522.66015625,19196.44921875,3408.590087890625
2010-05-27,1103.06005859375,5195.2001953125,5937.14013671875,9639.7197265625,19431.369140625,3525.31005859375
2010-05-28,1089.4100341796875,5188.39990234375,5946.18017578125,9762.98046875,19766.7109375,3515.06005859375
2010-06-01,1070.7099609375,5163.2998046875,5981.27001953125,9711.830078125,19496.94921875,3503.080078125
2010-06-02,1098.3800048828125,5151.2998046875,5981.2001953125,9603.240234375,19471.80078125,3501.5
2010-06-03,1102.8299560546875,5211.2001953125,6054.6298828125,9914.1904296875,19786.7109375,3557.340087890625
2010-06-04,1064.8800048828125,5126.0,5938.8798828125,9901.1904296875,19780.0703125,3455.610107421875
2010-06-07,1050.469970703125,5069.10009765625,5904.9501953125,9520.7998046875,19378.150390625,3413.719970703125
2010-06-08,1062.0,5028.2001953125,5868.5498046875,9537.9404296875,19487.48046875,3380.360107421875
2010-06-09,1055.68994140625,5085.89990234375,5984.75,9439.1298828125,19621.240234375,3446.77001953125
2010-06-10,1086.8399658203125,5132.5,6056.58984375,9542.650390625,19632.69921875,3516.639892578125
2010-06-11,1091.5999755859375,5163.7001953125,6047.830078125,9705.25,19872.380859375,3555.52001953125
2010-06-14,1089.6300048828125,5202.10009765625,6125.0,9879.849609375,20051.91015625,3626.0400390625
2010-06-15,1115.22998046875,5217.7998046875,6175.0498046875,9887.8896484375,20062.150390625,3661.510009765625
2010-06-17,1116.0400390625,5253.89990234375,6223.5400390625,9999.400390625,20138.400390625,3683.080078125
2010-06-18,1117.510009765625,5250.7998046875,6216.97998046875,9995.01953125,20286.7109375,3687.2099609375
2010-06-21,1113.199951171875,5299.10009765625,6292.97021484375,10238.009765625,20912.1796875,3736.14990234375
2010-06-22,1095.31005859375,5247.0,6269.0400390625,10112.8896484375,20819.080078125,3705.320068359375
2010-06-23,1092.0400390625,5178.5,6204.52001953125,9923.7001953125,20856.609375,3641.7900390625
2010-06-24,1073.68994140625,5100.2001953125,6115.47998046875,9928.33984375,20733.490234375,3555.360107421875
2010-06-25,1076.760009765625,5046.5,6070.60009765625,9737.48046875,20690.7890625,3519.72998046875
2010-06-28,1074.5699462890625,5071.7001953125,6157.22021484375,9693.9404296875,20726.6796875,3576.449951171875
2010-06-29,1041.239990234375,4914.2001953125,5952.02978515625,9570.669921875,20248.900390625,3432.989990234375
2010-06-30,1030.7099609375,4916.89990234375,5965.52001953125,9382.6396484375,20128.990234375,3442.889892578125
2010-07-02,1022.5800170898438,4838.10009765625,5834.14990234375,9203.7099609375,19905.3203125,3348.3701171875
2010-07-06,1028.06005859375,4965.0,5940.97998046875,9338.0400390625,20084.119140625,3423.360107421875
2010-07-07,1060.27001953125,5014.7998046875,5992.85986328125,9279.650390625,19857.0703125,3483.43994140625
2010-07-08,1070.25,5105.5,6035.66015625,9535.740234375,20050.560546875,3538.25
2010-07-09,1077.9599609375,5132.89990234375,6065.240234375,9585.3203125,20378.66015625,3554.47998046875
2010-07-12,1078.75,5167.0,6077.18994140625,9548.1103515625,20467.4296875,3567.659912109375
2010-07-13,1095.3399658203125,5271.0,6191.1298828125,9537.23046875,20431.060546875,3637.760009765625
2010-07-14,1095.1700439453125,5253.5,6209.759765625,9795.240234375,20560.810546875,3632.97998046875
2010-07-15,1096.47998046875,5211.2998046875,6149.35986328125,9685.5302734375,20255.619140625,3581.820068359375
2010-07-16,1064.8800048828125,5158.89990234375,6040.27001953125,9408.3603515625,20250.16015625,3500.159912109375
2010-07-21,1069.5899658203125,5214.60009765625,5990.3798828125,9278.830078125,20487.23046875,3493.919921875
2010-07-22,1093.6700439453125,5313.7998046875,6142.14990234375,9220.8798828125,20589.69921875,3600.570068359375
2010-07-23,1102.6600341796875,5312.60009765625,6166.33984375,9430.9599609375,20815.330078125,3607.050048828125
2010-07-26,1115.010009765625,5351.10009765625,6194.2099609375,9503.66015625,20839.91015625,3636.179931640625
2010-07-27,1113.8399658203125,5365.7001953125,6207.31005859375,9496.849609375,20973.390625,3666.39990234375
2010-07-28,1106.1300048828125,5319.7001953125,6178.93994140625,9753.26953125,21091.1796875,3670.360107421875
2010-07-29,1101.530029296875,5314.0,6134.7001953125,9696.01953125,21093.8203125,3651.909912109375
2010-07-30,1101.5999755859375,5258.0,6147.97021484375,9537.2998046875,21029.810546875,3643.139892578125
2010-08-02,1125.8599853515625,5397.10009765625,6292.1298828125,9570.3095703125,21412.7890625,3752.030029296875
2010-08-03,1120.4599609375,5396.5,6307.91015625,9694.009765625,21457.66015625,3747.510009765625
2010-08-04,1127.239990234375,5386.2001953125,6331.330078125,9489.33984375,21549.880859375,3760.719970703125
2010-08-05,1125.81005859375,5365.7998046875,6333.580078125,9653.919921875,21551.720703125,3764.18994140625
2010-08-06,1121.6400146484375,5332.39990234375,6259.6298828125,9642.1201171875,21678.80078125,3716.050048828125
2010-08-09,1127.7900390625,5410.5,6351.60009765625,9572.490234375,21801.58984375,3777.3701171875
2010-08-10,1121.06005859375,5376.39990234375,6286.25,9551.0498046875,21473.599609375,3730.580078125
2010-08-11,1089.469970703125,5245.2001953125,6154.06982421875,9292.849609375,21294.5390625,3628.2900390625
2010-08-12,1083.6099853515625,5266.10009765625,6135.169921875,9212.58984375,21105.7109375,3621.070068359375
2010-08-13,1079.25,5275.39990234375,6110.41015625,9253.4599609375,21071.5703125,3610.909912109375
2010-08-16,1079.3800048828125,5276.10009765625,6110.56982421875,9196.669921875,21112.119140625,3597.60009765625
2010-08-17,1092.5400390625,5350.60009765625,6206.39990234375,9161.6796875,21137.4296875,3663.1298828125
2010-08-18,1094.1600341796875,5302.89990234375,6186.31005859375,9240.5400390625,21022.73046875,3647.929931640625
2010-08-19,1075.6300048828125,5211.2998046875,6075.1298828125,9362.6796875,21072.4609375,3572.39990234375
2010-08-20,1071.68994140625,5195.2998046875,6005.16015625,9179.3798828125,20981.8203125,3526.1201171875
2010-08-23,1067.3599853515625,5234.7998046875,6010.91015625,9116.6904296875,20889.009765625,3553.22998046875
2010-08-24,1051.8699951171875,5156.0,5935.43994140625,8995.1396484375,20658.7109375,3491.110107421875
2010-08-25,1055.3299560546875,5109.39990234375,5899.5,8845.3896484375,20634.98046875,3450.18994140625
2010-08-26,1047.219970703125,5155.7998046875,5912.580078125,8906.48046875,20612.060546875,3475.030029296875
2010-08-27,1064.5899658203125,5201.60009765625,5951.169921875,8991.0595703125,20597.349609375,3507.43994140625
2010-08-31,1049.3299560546875,5225.2001953125,5925.22021484375,8824.0595703125,20536.490234375,3490.7900390625
2010-09-01,1080.2900390625,5366.39990234375,6083.89990234375,8927.01953125,20623.830078125,3623.840087890625
2010-09-02,1090.0999755859375,5371.0,6083.85009765625,9062.83984375,20868.919921875,3631.429931640625
2010-09-03,1104.510009765625,5428.2001953125,6134.6201171875,9114.1298828125,20971.5,3672.199951171875
2010-09-07,1091.8399658203125,5407.7998046875,6117.89013671875,9226.0,21401.7890625,3643.81005859375
2010-09-08,1098.8699951171875,5429.7001953125,6164.43994140625,9024.599609375,21088.859375,3677.2099609375
2010-09-09,1104.1800537109375,5494.2001953125,6221.52001953125,9098.3896484375,21167.26953125,3722.14990234375
2010-09-10,1109.550048828125,5501.60009765625,6214.77001953125,9239.169921875,21257.390625,3725.820068359375
2010-09-13,1121.9000244140625,5565.5,6261.68017578125,9321.8203125,21658.349609375,3767.14990234375
2010-09-14,1121.0999755859375,5567.39990234375,6275.41015625,9299.3095703125,21696.0390625,3774.39990234375
2010-09-16,1124.6600341796875,5540.10009765625,6249.64990234375,9509.5,21691.44921875,3736.300048828125
2010-09-17,1125.5899658203125,5508.5,6209.759765625,9626.08984375,21970.859375,3722.02001953125
2010-09-21,1139.780029296875,5576.2001953125,6275.97998046875,9602.1103515625,22002.58984375,3784.39990234375
2010-09-22,1134.280029296875,5551.89990234375,6208.330078125,9566.3203125,22047.7109375,3735.050048828125
2010-09-24,1148.6700439453125,5598.5,6298.2998046875,9471.669921875,22119.4296875,3782.47998046875
2010-09-27,1142.1600341796875,5573.39990234375,6278.89013671875,9603.1396484375,22340.83984375,3766.159912109375
2010-09-28,1147.699951171875,5578.39990234375,6276.08984375,9495.759765625,22109.94921875,3762.35009765625
2010-09-29,1144.72998046875,5569.2998046875,6246.919921875,9559.3798828125,22378.669921875,3737.1201171875
2010-09-30,1141.199951171875,5548.60009765625,6229.02001953125,9369.349609375,22358.169921875,3715.179931640625
2010-10-04,1137.030029296875,5556.0,6134.2099609375,9381.0595703125,22618.66015625,3649.81005859375
2010-10-05,1160.75,5635.7998046875,6215.830078125,9518.759765625,22639.140625,3731.929931640625
2010-10-06,1159.969970703125,5681.39990234375,6270.72998046875,9691.4296875,22880.41015625,3764.909912109375
2010-10-07,1158.06005859375,5662.10009765625,6276.25,9684.8095703125,22884.3203125,3770.469970703125
2010-10-08,1165.1500244140625,5657.60009765625,6291.669921875,9588.8798828125,22944.1796875,3763.179931640625
2010-10-12,1169.77001953125,5661.60009765625,6304.56982421875,9388.6396484375,23121.69921875,3748.860107421875
2010-10-13,1178.0999755859375,5747.39990234375,6434.52001953125,9403.509765625,23457.689453125,3828.340087890625
2010-10-14,1173.81005859375,5727.2001953125,6455.27001953125,9583.509765625,23852.169921875,3819.169921875
2010-10-15,1176.18994140625,5703.39990234375,6492.2998046875,9500.25,23757.630859375,3827.3701171875
2010-10-18,1184.7099609375,5742.5,6516.6298828125,9498.490234375,23469.380859375,3834.5
2010-10-19,1165.9000244140625,5703.89990234375,6490.68994140625,9539.4501953125,23763.73046875,3807.169921875
2010-10-20,1178.1700439453125,5728.89990234375,6524.5498046875,9381.599609375,23556.5,3828.14990234375
2010-10-21,1180.260009765625,5757.89990234375,6611.009765625,9376.48046875,23649.48046875,3878.27001953125
2010-10-22,1183.0799560546875,5741.39990234375,6605.83984375,9426.7099609375,23517.5390625,3868.5400390625
2010-10-25,1185.6199951171875,5752.0,6639.2099609375,9401.16015625,23627.91015625,3870.0
2010-10-26,1185.6400146484375,5707.2998046875,6613.7998046875,9377.3798828125,23601.240234375,3852.659912109375
2010-10-27,1182.449951171875,5646.0,6568.0,9387.0302734375,23164.580078125,3815.77001953125
2010-10-28,1183.780029296875,5677.89990234375,6595.27978515625,9366.0302734375,23210.859375,3834.840087890625
2010-10-29,1183.260009765625,5675.2001953125,6601.3701171875,9202.4501953125,23096.3203125,3833.5
2010-11-01,1184.3800048828125,5694.60009765625,6604.85986328125,9154.7197265625,23652.939453125,3841.110107421875
2010-11-02,1193.5699462890625,5757.39990234375,6654.31005859375,9159.98046875,23671.419921875,3865.719970703125
2010-11-04,1221.06005859375,5862.7998046875,6734.68994140625,9358.7802734375,24535.630859375,3916.780029296875
2010-11-05,1225.8499755859375,5875.39990234375,6754.2001953125,9625.990234375,24876.8203125,3916.72998046875
2010-11-08,1223.25,5850.0,6750.5,9732.919921875,24964.369140625,3913.699951171875
2010-11-09,1213.4000244140625,5875.2001953125,6787.81005859375,9694.490234375,24710.599609375,3945.7099609375
2010-11-10,1218.7099609375,5816.89990234375,6719.83984375,9830.51953125,24500.609375,3888.449951171875
2010-11-11,1213.5400390625,5815.2001953125,6723.41015625,9861.4599609375,24700.30078125,3867.35009765625
2010-11-12,1199.2099609375,5796.89990234375,6734.60986328125,9724.8095703125,24222.580078125,3831.1201171875
2010-11-15,1197.75,5820.39990234375,6790.169921875,9827.509765625,24027.1796875,3864.239990234375
2010-11-16,1178.3399658203125,5681.89990234375,6663.240234375,9797.099609375,23693.01953125,3762.469970703125
2010-11-17,1178.5899658203125,5692.60009765625,6700.06982421875,9811.66015625,23214.4609375,3792.35009765625
2010-11-18,1196.68994140625,5768.7001953125,6832.10986328125,10013.6298828125,23637.390625,3867.969970703125
2010-11-19,1199.72998046875,5732.7998046875,6843.5498046875,10022.3896484375,23605.7109375,3860.159912109375
2010-11-22,1197.8399658203125,5680.7998046875,6822.0498046875,10115.1904296875,23524.01953125,3818.889892578125
2010-11-24,1198.3499755859375,5657.10009765625,6823.7998046875,10030.1103515625,23023.859375,3747.610107421875
2010-11-26,1189.4000244140625,5668.7001953125,6848.97998046875,10039.5595703125,22877.25,3728.64990234375
2010-11-29,1187.760009765625,5551.0,6697.97021484375,10125.990234375,23166.220703125,3636.9599609375
2010-11-30,1180.550048828125,5528.2998046875,6688.490234375,9937.0400390625,23007.990234375,3610.43994140625
2010-12-01,1206.0699462890625,5642.5,6866.6298828125,9988.0498046875,23249.80078125,3669.2900390625
2010-12-02,1221.530029296875,5767.60009765625,6957.60986328125,10168.51953125,23448.779296875,3747.0400390625
2010-12-03,1224.7099609375,5745.2998046875,6947.72021484375,10178.3203125,23320.51953125,3750.550048828125
2010-12-06,1223.1199951171875,5770.2998046875,6954.3798828125,10167.23046875,23237.689453125,3749.22998046875
2010-12-07,1223.75,5808.5,7001.91015625,10141.099609375,23428.150390625,3810.5
2010-12-08,1228.280029296875,5794.5,6975.8701171875,10232.330078125,23092.51953125,3831.97998046875
2010-12-09,1233.0,5808.0,6964.16015625,10285.8798828125,23171.80078125,3858.050048828125
2010-12-10,1240.4000244140625,5813.0,7006.169921875,10211.9501953125,23162.91015625,3857.35009765625
2010-12-13,1240.4599609375,5860.7998046875,7029.39013671875,10293.8896484375,23317.609375,3892.43994140625
2010-12-14,1241.5899658203125,5891.2001953125,7027.39990234375,10316.76953125,23431.189453125,3902.8701171875
2010-12-15,1235.22998046875,5882.2001953125,7016.3701171875,10309.7802734375,22975.349609375,3880.18994140625
2010-12-16,1242.8699951171875,5881.10009765625,7024.39990234375,10311.2900390625,22668.779296875,3888.360107421875
2010-12-17,1243.9100341796875,5871.7998046875,6982.4501953125,10303.830078125,22714.849609375,3867.35009765625
2010-12-20,1247.0799560546875,5891.60009765625,7018.60009765625,10216.41015625,22639.080078125,3885.080078125
2010-12-21,1254.5999755859375,5951.7998046875,7077.990234375,10370.5302734375,22993.859375,3927.489990234375
2010-12-22,1258.8399658203125,5983.5,7067.919921875,10346.48046875,23045.189453125,3919.7099609375
2010-12-29,1259.780029296875,5996.39990234375,6995.47021484375,10344.5400390625,22969.30078125,3890.64990234375
2010-12-30,1257.8800048828125,5971.0,6914.18994140625,10228.919921875,22999.33984375,3850.760009765625
2011-01-04,1270.199951171875,6013.89990234375,6975.35009765625,10398.099609375,23668.48046875,3916.030029296875
2011-01-05,1276.56005859375,6043.89990234375,6939.81982421875,10380.76953125,23757.8203125,3904.610107421875
2011-01-06,1273.8499755859375,6019.5,6981.39013671875,10529.759765625,23786.30078125,3904.419921875
2011-01-07,1271.5,5984.2998046875,6947.83984375,10541.0400390625,23686.630859375,3865.580078125
2011-01-11,1274.47998046875,6014.0,6941.56982421875,10510.6796875,23760.33984375,3861.919921875
2011-01-12,1285.9599609375,6050.7001953125,7068.77978515625,10512.7998046875,24125.609375,3945.070068359375
2011-01-13,1283.760009765625,6023.89990234375,7075.10986328125,10589.759765625,24238.98046875,3974.830078125
2011-01-14,1293.239990234375,6002.10009765625,7075.7001953125,10499.0400390625,24283.23046875,3983.280029296875
2011-01-18,1295.02001953125,6056.39990234375,7143.4501953125,10518.98046875,24153.98046875,4012.679931640625
2011-01-19,1281.9200439453125,5976.7001953125,7082.759765625,10557.099609375,24419.619140625,3976.7099609375
2011-01-20,1280.260009765625,5867.89990234375,7024.27001953125,10437.3095703125,24003.69921875,3964.840087890625
2011-01-21,1283.3499755859375,5896.2998046875,7062.419921875,10274.51953125,23876.859375,4017.449951171875
2011-01-24,1290.8399658203125,5943.89990234375,7067.77001953125,10345.1103515625,23801.779296875,4033.2099609375
2011-01-25,1291.1800537109375,5917.7001953125,7059.009765625,10464.419921875,23788.830078125,4019.6201171875
2011-01-26,1296.6300048828125,5969.2001953125,7127.35009765625,10401.900390625,23843.240234375,4049.070068359375
2011-01-27,1299.5400390625,5965.10009765625,7155.580078125,10478.66015625,23779.619140625,4059.570068359375
2011-01-28,1276.3399658203125,5881.39990234375,7102.7998046875,10360.33984375,23617.01953125,4002.320068359375
2011-01-31,1286.1199951171875,5862.89990234375,7077.47998046875,10237.919921875,23447.33984375,4005.5
2011-02-01,1307.5899658203125,5957.7998046875,7184.27001953125,10274.5,23482.94921875,4072.6201171875
2011-02-02,1304.030029296875,6000.10009765625,7183.669921875,10457.3603515625,23908.9609375,4066.530029296875
2011-02-07,1319.050048828125,6051.0,7283.6201171875,10592.0400390625,23553.58984375,4090.800048828125
2011-02-08,1324.5699462890625,6091.2998046875,7323.240234375,10635.98046875,23484.30078125,4108.27001953125
2011-02-09,1320.8800048828125,6052.2998046875,7320.89990234375,10617.830078125,23164.029296875,4090.739990234375
2011-02-10,1321.8699951171875,6020.0,7340.27978515625,10605.650390625,22708.619140625,4095.139892578125
2011-02-14,1332.3199462890625,6060.10009765625,7396.6298828125,10725.5400390625,23121.060546875,4096.6201171875
2011-02-15,1328.010009765625,6037.10009765625,7400.0400390625,10746.669921875,22899.779296875,4110.33984375
2011-02-16,1336.3199462890625,6085.2998046875,7414.2998046875,10808.2900390625,23156.970703125,4151.259765625
2011-02-17,1340.4300537109375,6087.39990234375,7405.509765625,10836.6396484375,23301.83984375,4152.31005859375
2011-02-18,1343.010009765625,6083.0,7426.81005859375,10842.7998046875,23595.240234375,4157.14013671875
2011-02-22,1315.43994140625,5996.7998046875,7318.35009765625,10664.7001953125,22990.810546875,4050.27001953125
2011-02-23,1307.4000244140625,5923.5,7194.60009765625,10579.099609375,22906.900390625,4013.1201171875
2011-02-24,1306.0999755859375,5920.0,7130.5,10452.7099609375,22601.0390625,4009.639892578125
2011-02-25,1319.8800048828125,6001.2001953125,7185.169921875,10526.759765625,23012.369140625,4070.3798828125
2011-02-28,1327.219970703125,5994.0,7272.31982421875,10624.08984375,23338.01953125,4110.35009765625
2011-03-01,1306.3299560546875,5935.7998046875,7223.2998046875,10754.0302734375,23396.419921875,4067.14990234375
2011-03-02,1308.43994140625,5914.89990234375,7181.1201171875,10492.3798828125,23048.66015625,4034.320068359375
2011-03-03,1330.969970703125,6005.10009765625,7225.9599609375,10586.01953125,23122.419921875,4060.760009765625
2011-03-04,1321.1500244140625,5990.39990234375,7178.89990234375,10693.66015625,23408.859375,4020.2099609375
2011-03-07,1310.1300048828125,5973.7998046875,7161.93017578125,10505.01953125,23313.189453125,3990.409912109375
2011-03-08,1321.8199462890625,5974.7998046875,7164.75,10525.1904296875,23711.69921875,4015.909912109375
2011-03-09,1320.02001953125,5937.2998046875,7131.7998046875,10589.5,23810.109375,3993.81005859375
2011-03-10,1295.1099853515625,5845.2998046875,7063.08984375,10434.3798828125,23614.890625,3963.989990234375
2011-03-11,1304.280029296875,5828.7001953125,6981.490234375,10254.4296875,23249.779296875,3928.679931640625
2011-03-14,1296.3900146484375,5775.2001953125,6866.6298828125,9620.490234375,23345.880859375,3878.0400390625
2011-03-15,1281.8699951171875,5695.2998046875,6647.66015625,8605.150390625,22678.25,3780.85009765625
2011-03-16,1256.8800048828125,5598.2001953125,6513.83984375,9093.7197265625,22700.880859375,3696.56005859375
2011-03-17,1273.719970703125,5696.10009765625,6656.8798828125,8962.669921875,22284.4296875,3786.2099609375
2011-03-18,1279.2099609375,5718.10009765625,6664.39990234375,9206.75,22300.23046875,3810.219970703125
2011-03-22,1293.77001953125,5762.7001953125,6780.97021484375,9608.3203125,22857.900390625,3892.7099609375
2011-03-23,1297.5400390625,5795.89990234375,6804.4501953125,9449.4697265625,22825.400390625,3913.72998046875
2011-03-24,1309.6600341796875,5880.89990234375,6933.580078125,9435.009765625,22915.279296875,3968.840087890625
2011-03-25,1313.800048828125,5900.7998046875,6946.35986328125,9536.1298828125,23158.669921875,3972.3798828125
2011-03-28,1310.18994140625,5904.5,6938.6298828125,9478.5302734375,23068.189453125,3976.949951171875
2011-03-29,1319.43994140625,5932.2001953125,6934.43994140625,9459.080078125,23060.359375,3987.800048828125
2011-03-30,1328.260009765625,5948.2998046875,7057.14990234375,9708.7900390625,23451.4296875,4024.43994140625
2011-03-31,1325.8299560546875,5908.7998046875,7041.31005859375,9755.099609375,23527.51953125,3989.179931640625
2011-04-01,1332.4100341796875,6009.89990234375,7179.81005859375,9708.3896484375,23801.900390625,4054.760009765625
2011-04-04,1332.8699951171875,6017.0,7175.330078125,9718.8896484375,24150.580078125,4042.919921875
2011-04-06,1335.5400390625,6041.10009765625,7215.10986328125,9584.3701171875,24285.05078125,4048.159912109375
2011-04-07,1333.510009765625,6007.39990234375,7178.77978515625,9590.9296875,24281.80078125,4028.300048828125
2011-04-08,1328.1700439453125,6055.7998046875,7217.02001953125,9768.080078125,24396.0703125,4061.909912109375
2011-04-11,1324.4599609375,6053.39990234375,7204.85986328125,9719.7001953125,24303.0703125,4038.699951171875
2011-04-12,1314.1600341796875,5964.5,7102.91015625,9555.259765625,23976.369140625,3976.60009765625
2011-04-13,1314.4100341796875,6010.39990234375,7177.97021484375,9641.1796875,24135.029296875,4006.22998046875
2011-04-14,1314.52001953125,5963.7998046875,7146.56005859375,9653.919921875,24014.0,3970.389892578125
2011-04-15,1319.6800537109375,5996.0,7178.2900390625,9591.51953125,24008.0703125,3974.47998046875
2011-04-18,1305.1400146484375,5870.10009765625,7026.85009765625,9556.650390625,23830.310546875,3881.239990234375
2011-04-19,1312.6199951171875,5896.89990234375,7039.31005859375,9441.0302734375,23520.619140625,3908.580078125
2011-04-20,1330.3599853515625,6022.2998046875,7249.18994140625,9606.8203125,23896.099609375,4004.6201171875
2011-04-21,1337.3800048828125,6018.2998046875,7295.490234375,9685.76953125,24138.310546875,4021.8798828125
2011-04-26,1347.239990234375,6069.39990234375,7356.509765625,9558.6904296875,24007.380859375,4045.2900390625
2011-04-27,1355.6600341796875,6068.2001953125,7404.9501953125,9691.83984375,23892.83984375,4067.719970703125
2011-04-28,1360.47998046875,6069.89990234375,7475.22021484375,9849.740234375,23805.630859375,4104.89990234375
2011-05-06,1340.199951171875,5976.7998046875,7492.25,9859.2001953125,23159.140625,4058.010009765625
2011-05-09,1346.2900390625,5942.7001953125,7410.52001953125,9794.3798828125,23336.0,4007.260009765625
2011-05-11,1342.0799560546875,5976.0,7495.0498046875,9864.259765625,23291.80078125,4058.080078125
2011-05-12,1348.6500244140625,5945.0,7443.9501953125,9716.650390625,23073.759765625,4023.2900390625
2011-05-13,1337.77001953125,5925.89990234375,7403.31005859375,9648.76953125,23276.26953125,4018.85009765625
2011-05-16,1329.469970703125,5923.7001953125,7387.5400390625,9558.2998046875,22960.630859375,3989.820068359375
2011-05-17,1328.97998046875,5861.0,7256.64990234375,9567.01953125,22901.080078125,3941.580078125
2011-05-18,1340.6800537109375,5923.5,7303.52978515625,9662.080078125,23011.140625,3978.0
2011-05-19,1343.5999755859375,5956.0,7358.22998046875,9620.8203125,23163.380859375,4027.739990234375
2011-05-20,1333.27001953125,5948.5,7266.81982421875,9607.080078125,23199.390625,3990.85009765625
2011-05-23,1317.3699951171875,5835.89990234375,7121.52001953125,9460.6298828125,22711.01953125,3906.97998046875
2011-05-24,1316.280029296875,5858.39990234375,7150.66015625,9477.169921875,22730.779296875,3916.8798828125
2011-05-25,1320.469970703125,5870.10009765625,7170.93994140625,9422.8798828125,22747.279296875,3928.989990234375
2011-05-26,1325.68994140625,5881.0,7114.08984375,9562.0498046875,22900.7890625,3917.219970703125
2011-05-27,1331.0999755859375,5938.89990234375,7163.47021484375,9521.9404296875,23118.0703125,3950.97998046875
2011-05-31,1345.199951171875,5990.0,7293.68994140625,9693.73046875,23684.130859375,4006.93994140625
2011-06-01,1314.550048828125,5928.60009765625,7217.43017578125,9719.6103515625,23626.4296875,3964.81005859375
2011-06-02,1312.93994140625,5847.89990234375,7074.1201171875,9555.0400390625,23253.83984375,3889.8701171875
2011-06-03,1300.1600341796875,5855.0,7109.02978515625,9492.2099609375,22949.560546875,3890.679931640625
2011-06-07,1284.93994140625,5864.7001953125,7103.25,9442.9501953125,22868.669921875,3871.919921875
2011-06-08,1279.56005859375,5808.89990234375,7060.22998046875,9449.4599609375,22661.630859375,3837.97998046875
2011-06-09,1289.0,5856.2998046875,7159.66015625,9467.150390625,22609.830078125,3878.64990234375
2011-06-10,1270.97998046875,5765.7998046875,7069.89990234375,9514.4404296875,22420.369140625,3805.090087890625
2011-06-13,1271.8299560546875,5773.5,7085.14013671875,9448.2099609375,22508.080078125,3807.610107421875
2011-06-14,1287.8699951171875,5803.10009765625,7204.7900390625,9547.7900390625,22496.0,3864.580078125
2011-06-15,1265.4200439453125,5742.60009765625,7115.080078125,9574.3203125,22343.76953125,3806.85009765625
2011-06-16,1267.6400146484375,5698.7998046875,7110.2001953125,9411.2802734375,21953.109375,3792.31005859375
2011-06-17,1271.5,5714.89990234375,7164.0498046875,9351.400390625,21695.259765625,3823.739990234375
2011-06-20,1278.3599853515625,5693.39990234375,7150.2099609375,9354.3203125,21599.509765625,3799.659912109375
2011-06-21,1295.52001953125,5775.2998046875,7285.509765625,9459.66015625,21850.58984375,3877.070068359375
2011-06-22,1287.1400146484375,5773.0,7278.18994140625,9629.4296875,21859.970703125,3871.3701171875
2011-06-23,1283.5,5674.39990234375,7149.43994140625,9596.740234375,21759.140625,3787.7900390625
2011-06-24,1268.449951171875,5697.7001953125,7121.3798828125,9678.7099609375,22171.94921875,3784.800048828125
2011-06-27,1280.0999755859375,5722.2998046875,7107.89990234375,9578.3095703125,22041.76953125,3796.550048828125
2011-06-28,1296.6700439453125,5766.89990234375,7170.43017578125,9648.98046875,22061.779296875,3851.889892578125
2011-06-29,1307.4100341796875,5856.0,7294.14013671875,9797.259765625,22061.1796875,3924.22998046875
2011-06-30,1320.6400146484375,5945.7001953125,7376.240234375,9816.08984375,22398.099609375,3982.2099609375
2011-07-05,1337.8800048828125,6024.0,7439.43994140625,9972.4599609375,22747.94921875,3978.830078125
2011-07-06,1339.219970703125,6002.89990234375,7431.18994140625,10082.48046875,22517.55078125,3961.340087890625
2011-07-07,1353.219970703125,6054.60009765625,7471.43994140625,10071.1396484375,22530.1796875,3979.9599609375
2011-07-08,1343.800048828125,5990.60009765625,7402.72998046875,10137.73046875,22726.4296875,3913.550048828125
2011-07-11,1319.489990234375,5929.2001953125,7230.25,10069.5302734375,22347.23046875,3807.510009765625
2011-07-12,1313.6400146484375,5869.0,7174.14013671875,9925.919921875,21663.16015625,3774.1201171875
2011-07-13,1317.719970703125,5906.39990234375,7267.8701171875,9963.1396484375,21926.880859375,3793.27001953125
2011-07-14,1308.8699951171875,5847.0,7214.740234375,9936.1201171875,21940.19921875,3751.22998046875
2011-07-15,1316.1400146484375,5843.7001953125,7220.1201171875,9974.4697265625,21875.380859375,3726.590087890625
2011-07-19,1326.72998046875,5790.0,7192.669921875,9889.7197265625,21902.400390625,3694.949951171875
2011-07-20,1325.8399658203125,5853.7998046875,7221.35986328125,10005.900390625,22003.689453125,3754.60009765625
2011-07-21,1343.800048828125,5899.89990234375,7290.14013671875,10010.3896484375,21987.2890625,3816.75
2011-07-22,1345.02001953125,5935.0,7326.39013671875,10132.1103515625,22444.80078125,3842.699951171875
2011-07-25,1337.4300537109375,5925.2998046875,7344.5400390625,10050.009765625,22293.2890625,3812.969970703125
2011-07-26,1331.93994140625,5929.7001953125,7349.4501953125,10097.7197265625,22572.080078125,3787.8798828125
2011-07-27,1304.8900146484375,5856.60009765625,7252.68017578125,10047.1904296875,22541.689453125,3734.070068359375
2011-07-28,1300.6700439453125,5873.2001953125,7190.06005859375,9901.349609375,22570.740234375,3712.659912109375
2011-07-29,1292.280029296875,5815.2001953125,7158.77001953125,9833.0302734375,22440.25,3672.77001953125
2011-08-01,1286.93994140625,5774.39990234375,6953.97998046875,9965.009765625,22663.369140625,3588.050048828125
2011-08-02,1254.050048828125,5718.39990234375,6796.75,9844.58984375,22421.4609375,3522.7900390625
2011-08-03,1260.3399658203125,5584.5,6640.58984375,9637.1396484375,21992.720703125,3454.93994140625
2011-08-04,1200.0699462890625,5393.10009765625,6414.759765625,9659.1796875,21884.740234375,3320.35009765625
2011-08-05,1199.3800048828125,5247.0,6236.16015625,9299.8798828125,20946.140625,3278.56005859375
2011-08-08,1119.4599609375,5069.0,5923.27001953125,9097.5595703125,20490.5703125,3125.18994140625
2011-08-09,1172.530029296875,5164.89990234375,5917.080078125,8944.48046875,19330.69921875,3176.18994140625
2011-08-10,1120.760009765625,5007.2001953125,5613.419921875,9038.740234375,19783.669921875,3002.989990234375
2011-08-11,1172.6400146484375,5162.7998046875,5797.66015625,8981.9404296875,19595.140625,3089.659912109375
2011-08-12,1178.81005859375,5320.0,5997.740234375,8963.7197265625,19620.009765625,3213.8798828125
2011-08-15,1204.489990234375,5350.60009765625,6022.240234375,9086.41015625,20260.099609375,3239.06005859375
2011-08-16,1192.760009765625,5357.60009765625,5994.89990234375,9107.4296875,20212.080078125,3230.89990234375
2011-08-17,1193.8900146484375,5331.60009765625,5948.93994140625,9057.259765625,20289.029296875,3254.340087890625
2011-08-18,1140.6500244140625,5092.2001953125,5602.7998046875,8943.759765625,20016.26953125,3076.0400390625
2011-08-19,1123.530029296875,5040.7998046875,5480.0,8719.240234375,19399.919921875,3016.989990234375
2011-08-22,1123.8199462890625,5095.2998046875,5473.77978515625,8628.1298828125,19486.869140625,3051.360107421875
2011-08-23,1162.3499755859375,5129.39990234375,5532.3798828125,8733.009765625,19875.529296875,3084.3701171875
2011-08-24,1177.5999755859375,5205.89990234375,5681.080078125,8639.6103515625,19466.7890625,3139.550048828125
2011-08-25,1159.27001953125,5131.10009765625,5584.14013671875,8772.3603515625,19752.48046875,3119.0
2011-08-26,1176.800048828125,5129.89990234375,5537.47998046875,8797.7802734375,19582.880859375,3087.639892578125
2011-08-30,1212.9200439453125,5268.7001953125,5643.919921875,8953.900390625,20204.169921875,3159.739990234375
2011-08-31,1218.8900146484375,5394.5,5784.85009765625,8955.2001953125,20534.849609375,3256.760009765625
2011-09-01,1204.4200439453125,5418.7001953125,5730.6298828125,9060.7998046875,20585.330078125,3265.830078125
2011-09-02,1173.969970703125,5292.0,5538.330078125,8950.740234375,20212.91015625,3148.530029296875
2011-09-06,1165.239990234375,5156.7998046875,5193.97021484375,8590.5703125,19710.5,2965.639892578125
2011-09-07,1198.6199951171875,5318.60009765625,5405.52978515625,8763.41015625,20048.0,3073.179931640625
2011-09-08,1185.9000244140625,5340.39990234375,5408.4599609375,8793.1201171875,19912.8203125,3085.830078125
2011-09-09,1154.22998046875,5214.7001953125,5189.93017578125,8737.66015625,19866.630859375,2974.590087890625
2011-09-12,1162.27001953125,5129.60009765625,5072.330078125,8535.669921875,19030.5390625,2854.81005859375
2011-09-14,1188.6800537109375,5227.0,5340.18994140625,8518.5703125,19045.439453125,2949.139892578125
2011-09-15,1209.1099853515625,5337.5,5508.240234375,8668.8603515625,19181.5,3045.6201171875
2011-09-16,1216.010009765625,5368.39990234375,5573.509765625,8864.16015625,19455.310546875,3031.080078125
2011-09-20,1202.0899658203125,5363.7001953125,5571.68017578125,8721.240234375,19014.80078125,2984.050048828125
2011-09-21,1166.760009765625,5288.39990234375,5433.7998046875,8741.16015625,18824.169921875,2935.820068359375
2011-09-22,1129.56005859375,5041.60009765625,5164.2099609375,8560.259765625,17911.94921875,2781.679931640625
2011-09-26,1162.949951171875,5089.39990234375,5345.56005859375,8374.1298828125,17407.80078125,2859.340087890625
2011-09-27,1175.3800048828125,5294.10009765625,5628.43994140625,8609.9501953125,18130.55078125,3023.3798828125
2011-09-28,1151.06005859375,5217.60009765625,5578.419921875,8615.650390625,18011.060546875,2995.6201171875
2011-09-30,1131.4200439453125,5128.5,5502.02001953125,8700.2900390625,17592.41015625,2981.9599609375
2011-10-04,1123.949951171875,4944.39990234375,5216.7099609375,8456.1201171875,16250.26953125,2850.550048828125
2011-10-06,1164.969970703125,5291.2998046875,5645.25,8522.01953125,17172.279296875,3075.3701171875
2011-10-07,1155.4599609375,5303.39990234375,5675.7001953125,8605.6201171875,17707.009765625,3095.56005859375
2011-10-11,1195.5400390625,5395.7001953125,5865.009765625,8773.6796875,18141.58984375,3153.52001953125
2011-10-12,1207.25,5441.7998046875,5994.47021484375,8738.900390625,18329.4609375,3229.760009765625
2011-10-13,1203.6600341796875,5403.39990234375,5914.83984375,8823.25,18757.810546875,3186.93994140625
2011-10-14,1224.5799560546875,5466.39990234375,5967.2001953125,8747.9599609375,18501.7890625,3217.889892578125
2011-10-17,1200.8599853515625,5436.7001953125,5859.43017578125,8879.599609375,18873.990234375,3166.06005859375
2011-10-18,1225.3800048828125,5410.39990234375,5877.41015625,8741.91015625,18076.4609375,3141.10009765625
2011-10-19,1209.8800048828125,5450.5,5913.52978515625,8772.5400390625,18309.220703125,3157.340087890625
2011-10-20,1215.3900146484375,5384.7001953125,5766.47998046875,8682.150390625,17983.099609375,3084.070068359375
2011-10-21,1238.25,5488.7001953125,5970.9599609375,8678.8896484375,18025.720703125,3171.340087890625
2011-10-24,1254.18994140625,5548.10009765625,6055.27001953125,8843.98046875,18771.8203125,3220.4599609375
2011-10-25,1229.050048828125,5525.5,6046.75,8762.3095703125,18968.19921875,3174.2900390625
2011-10-26,1242.0,5553.2001953125,6016.06982421875,8748.4697265625,19066.5390625,3169.6201171875
2011-10-27,1284.5899658203125,5713.7998046875,6337.83984375,8926.5400390625,19688.69921875,3368.6201171875
2011-10-28,1285.0899658203125,5702.2001953125,6346.18994140625,9050.4697265625,20019.240234375,3348.6298828125
2011-10-31,1253.300048828125,5544.2001953125,6141.33984375,8988.3896484375,19864.869140625,3242.840087890625
2011-11-01,1218.280029296875,5421.60009765625,5834.509765625,8835.51953125,19369.9609375,3068.330078125
2011-11-02,1237.9000244140625,5484.10009765625,5965.6298828125,8640.419921875,19733.7109375,3110.590087890625
2011-11-04,1253.22998046875,5527.2001953125,5966.16015625,8801.400390625,19842.7890625,3123.550048828125
2011-11-07,1261.1199951171875,5510.7998046875,5928.68017578125,8767.08984375,19677.890625,3103.60009765625
2011-11-08,1275.9200439453125,5567.2998046875,5961.43994140625,8655.509765625,19678.470703125,3143.300048828125
2011-11-09,1229.0999755859375,5460.39990234375,5829.5400390625,8755.4404296875,20014.4296875,3075.159912109375
2011-11-10,1239.699951171875,5444.7998046875,5867.81005859375,8500.7998046875,18963.890625,3064.840087890625
2011-11-11,1263.8499755859375,5545.39990234375,6057.02978515625,8514.4697265625,19137.169921875,3149.3798828125
2011-11-14,1251.780029296875,5519.0,5985.02001953125,8603.7001953125,19508.1796875,3108.949951171875
2011-11-15,1257.81005859375,5517.39990234375,5933.14013671875,8541.9296875,19348.439453125,3049.1298828125
2011-11-16,1236.9100341796875,5509.0,5913.35986328125,8463.16015625,18960.900390625,3064.89990234375
2011-11-17,1216.1300048828125,5423.10009765625,5850.169921875,8479.6298828125,18817.470703125,3010.2900390625
2011-11-18,1215.6500244140625,5362.89990234375,5800.240234375,8374.91015625,18491.23046875,2997.010009765625
2011-11-21,1192.97998046875,5222.60009765625,5606.0,8348.26953125,18225.849609375,2894.93994140625
2011-11-22,1188.0400390625,5206.7998046875,5537.39013671875,8314.740234375,18251.58984375,2870.679931640625
2011-11-25,1158.6700439453125,5164.7001953125,5492.8701171875,8160.009765625,17689.48046875,2856.969970703125
2011-11-28,1192.550048828125,5312.7998046875,5745.330078125,8287.490234375,18037.810546875,3012.929931640625
2011-11-29,1195.18994140625,5337.0,5799.91015625,8477.8203125,18256.19921875,3026.760009765625
2011-11-30,1246.9599609375,5505.39990234375,6088.83984375,8434.6103515625,17989.349609375,3154.6201171875
2011-12-01,1244.5799560546875,5489.2998046875,6035.8798828125,8597.3798828125,19002.259765625,3129.949951171875
2011-12-02,1244.280029296875,5552.2998046875,6080.68017578125,8643.75,19040.390625,3164.949951171875
2011-12-05,1257.0799560546875,5568.0,6106.08984375,8695.98046875,19179.689453125,3201.280029296875
2011-12-06,1258.469970703125,5568.7001953125,6028.81982421875,8575.16015625,18942.23046875,3179.6298828125
2011-12-07,1261.010009765625,5546.89990234375,5994.72998046875,8722.169921875,19240.580078125,3175.97998046875
2011-12-08,1234.3499755859375,5483.7998046875,5874.43994140625,8664.580078125,19107.810546875,3095.489990234375
2011-12-09,1255.18994140625,5529.2001953125,5986.7099609375,8536.4599609375,18586.23046875,3172.35009765625
2011-12-12,1236.469970703125,5427.89990234375,5785.43017578125,8653.8203125,18575.66015625,3089.590087890625
2011-12-13,1225.72998046875,5490.2001953125,5774.259765625,8552.8095703125,18447.169921875,3078.719970703125
2011-12-14,1211.8199462890625,5366.7998046875,5675.14013671875,8519.1298828125,18354.4296875,2976.169921875
2011-12-15,1215.75,5400.89990234375,5730.6201171875,8377.3701171875,18026.83984375,2998.72998046875
2011-12-16,1219.6600341796875,5387.2998046875,5701.77978515625,8401.7197265625,18285.390625,2972.300048828125
2011-12-19,1205.3499755859375,5365.0,5670.7099609375,8296.1201171875,18070.2109375,2974.199951171875
2011-12-20,1241.300048828125,5419.60009765625,5847.02978515625,8336.48046875,18080.19921875,3055.389892578125
2011-12-21,1243.719970703125,5389.7001953125,5791.52978515625,8459.98046875,18416.44921875,3030.469970703125
2011-12-22,1254.0,5457.0,5852.18017578125,8395.16015625,18378.23046875,3071.800048828125
2011-12-28,1249.6400146484375,5507.39990234375,5771.27001953125,8423.6201171875,18518.669921875,3071.080078125
2011-12-29,1263.02001953125,5566.7998046875,5848.77978515625,8398.8896484375,18397.919921875,3127.56005859375
2011-12-30,1257.5999755859375,5572.2998046875,5898.35009765625,8455.349609375,18434.390625,3159.81005859375
2012-01-04,1277.300048828125,5668.5,6111.5498046875,8560.1103515625,18727.310546875,3193.64990234375
2012-01-05,1281.06005859375,5624.2998046875,6095.990234375,8488.7099609375,18813.41015625,3144.909912109375
2012-01-06,1277.81005859375,5649.7001953125,6057.919921875,8390.349609375,18593.060546875,3137.360107421875
2012-01-10,1292.0799560546875,5696.7001953125,6162.97998046875,8422.259765625,19004.279296875,3210.7900390625
2012-01-11,1292.47998046875,5670.7998046875,6152.33984375,8447.8798828125,19151.939453125,3204.830078125
2012-01-12,1295.5,5662.39990234375,6179.2099609375,8385.58984375,19095.380859375,3199.97998046875
2012-01-13,1289.0899658203125,5636.60009765625,6143.080078125,8500.01953125,19204.419921875,3196.489990234375
2012-01-17,1293.6700439453125,5694.0,6332.93017578125,8466.400390625,19627.75,3269.989990234375
2012-01-18,1308.0400390625,5702.39990234375,6354.56982421875,8550.580078125,19686.919921875,3264.929931640625
2012-01-19,1314.5,5741.2001953125,6416.259765625,8639.6796875,19942.94921875,3328.93994140625
2012-01-20,1315.3800048828125,5728.60009765625,6404.39013671875,8766.3603515625,20110.369140625,3321.5
2012-01-26,1318.4300537109375,5795.2001953125,6539.85009765625,8849.4697265625,20439.140625,3363.22998046875
2012-01-27,1316.3299560546875,5733.5,6511.97998046875,8841.2197265625,20501.669921875,3318.760009765625
2012-01-30,1313.010009765625,5671.10009765625,6444.4501953125,8793.0498046875,20160.41015625,3265.639892578125
2012-01-31,1312.4100341796875,5681.60009765625,6458.91015625,8802.509765625,20390.490234375,3298.550048828125
2012-02-01,1324.0899658203125,5790.7001953125,6616.64013671875,8809.7900390625,20333.369140625,3367.4599609375
2012-02-02,1325.5400390625,5796.10009765625,6655.6298828125,8876.8203125,20739.44921875,3376.659912109375
2012-02-03,1344.9000244140625,5901.10009765625,6766.669921875,8831.9296875,20756.98046875,3427.919921875
2012-02-06,1344.3299560546875,5892.2001953125,6764.830078125,8929.2001953125,20709.939453125,3405.27001953125
2012-02-07,1347.050048828125,5890.2998046875,6754.2001953125,8917.51953125,20699.189453125,3411.5400390625
2012-02-08,1349.9599609375,5875.89990234375,6748.759765625,9015.58984375,21018.4609375,3410.0
2012-02-09,1351.949951171875,5895.5,6788.7998046875,9002.240234375,21010.009765625,3424.7099609375
2012-02-10,1342.6400146484375,5852.39990234375,6692.9599609375,8947.169921875,20783.859375,3373.139892578125
2012-02-13,1351.77001953125,5905.7001953125,6738.47021484375,8999.1796875,20887.400390625,3384.550048828125
2012-02-14,1350.5,5899.89990234375,6728.18994140625,9052.0703125,20917.830078125,3375.639892578125
2012-02-15,1343.22998046875,5892.2001953125,6757.93994140625,9260.33984375,21365.23046875,3390.35009765625
2012-02-16,1358.0400390625,5885.39990234375,6751.9599609375,9238.099609375,21277.279296875,3393.25
2012-02-17,1361.22998046875,5905.10009765625,6848.02978515625,9384.169921875,21491.619140625,3439.6201171875
2012-02-21,1362.2099609375,5928.2001953125,6908.18017578125,9463.01953125,21478.720703125,3465.239990234375
2012-02-22,1357.6600341796875,5916.60009765625,6843.8701171875,9554.0,21549.279296875,3447.3701171875
2012-02-23,1363.4599609375,5937.89990234375,6809.4599609375,9595.5703125,21380.990234375,3447.31005859375
2012-02-24,1365.739990234375,5935.10009765625,6864.43017578125,9647.3798828125,21406.859375,3467.030029296875
2012-02-27,1367.5899658203125,5915.60009765625,6849.60009765625,9633.9296875,21217.859375,3441.449951171875
2012-02-28,1372.1800537109375,5927.89990234375,6887.6298828125,9722.51953125,21568.73046875,3453.989990234375
2012-02-29,1365.6800537109375,5871.5,6856.080078125,9723.240234375,21680.080078125,3452.449951171875
2012-03-01,1374.0899658203125,5931.2998046875,6941.77001953125,9707.3701171875,21387.9609375,3499.72998046875
2012-03-02,1369.6300048828125,5911.10009765625,6921.3701171875,9777.0302734375,21562.259765625,3501.169921875
2012-03-05,1364.3299560546875,5874.7998046875,6866.4599609375,9698.58984375,21265.310546875,3487.5400390625
2012-03-06,1343.3599853515625,5765.7998046875,6633.10986328125,9637.6298828125,20806.25,3362.56005859375
2012-03-07,1352.6300048828125,5791.39990234375,6671.10986328125,9576.0595703125,20627.779296875,3392.330078125
2012-03-08,1365.9100341796875,5859.7001953125,6834.5400390625,9768.9599609375,20900.73046875,3478.360107421875
2012-03-09,1370.8699951171875,5887.5,6880.2099609375,9929.740234375,21086.0,3487.47998046875
2012-03-12,1371.0899658203125,5892.7998046875,6901.35009765625,9889.8603515625,21134.1796875,3490.06005859375
2012-03-13,1395.949951171875,5955.89990234375,6995.91015625,9899.080078125,21339.69921875,3550.159912109375
2012-03-14,1394.280029296875,5945.39990234375,7079.419921875,10050.51953125,21307.890625,3564.510009765625
2012-03-15,1402.5999755859375,5940.7001953125,7144.4501953125,10123.2802734375,21353.529296875,3580.2099609375
2012-03-16,1404.1700439453125,5965.60009765625,7157.81982421875,10129.830078125,21317.849609375,3594.830078125
2012-03-21,1402.8900146484375,5892.0,7071.31982421875,10086.490234375,20856.630859375,3527.3701171875
2012-03-22,1392.780029296875,5845.7001953125,6981.259765625,10127.080078125,20901.560546875,3472.4599609375
2012-03-23,1397.1099853515625,5854.89990234375,6995.6201171875,10011.4697265625,20668.80078125,3476.179931640625
2012-03-26,1416.510009765625,5902.7001953125,7079.22998046875,10018.240234375,20668.859375,3501.97998046875
2012-03-27,1412.52001953125,5869.60009765625,7078.89990234375,10255.150390625,21046.91015625,3469.590087890625
2012-03-28,1405.5400390625,5809.0,6998.7998046875,10182.5703125,20885.419921875,3430.14990234375
2012-03-29,1403.280029296875,5742.0,6875.14990234375,10114.7900390625,20609.390625,3381.1201171875
2012-03-30,1408.469970703125,5768.5,6946.830078125,10083.5595703125,20555.580078125,3423.81005859375
2012-04-02,1419.0400390625,5874.89990234375,7056.64990234375,10109.8701171875,20522.259765625,3462.909912109375
2012-04-03,1413.3800048828125,5838.2998046875,6982.27978515625,10050.3896484375,20790.98046875,3406.780029296875
2012-04-05,1398.0799560546875,5723.7001953125,6775.259765625,9767.6103515625,20593.0,3319.81005859375
2012-04-10,1358.5899658203125,5595.60009765625,6606.43017578125,9538.01953125,20356.240234375,3217.60009765625
2012-04-11,1368.7099609375,5634.7001953125,6674.72998046875,9458.740234375,20140.669921875,3237.68994140625
2012-04-12,1387.5699462890625,5710.5,6743.240234375,9524.7900390625,20327.3203125,3269.7900390625
2012-04-13,1370.260009765625,5651.7998046875,6583.89990234375,9637.990234375,20701.0390625,3189.090087890625
2012-04-16,1369.5699462890625,5666.2998046875,6625.18994140625,9470.6396484375,20610.640625,3205.280029296875
2012-04-17,1390.780029296875,5767.0,6801.0,9464.7099609375,20562.310546875,3292.510009765625
2012-04-18,1385.1400146484375,5745.2998046875,6732.02978515625,9667.259765625,20780.73046875,3240.2900390625
2012-04-19,1376.9200439453125,5744.60009765625,6671.22021484375,9588.3798828125,20995.009765625,3174.02001953125
2012-04-20,1378.530029296875,5772.2001953125,6750.1201171875,9561.3603515625,21010.640625,3188.580078125
2012-04-23,1366.93994140625,5665.60009765625,6523.0,9542.169921875,20624.390625,3098.3701171875
2012-04-24,1371.969970703125,5709.5,6590.41015625,9468.0400390625,20677.16015625,3169.320068359375
2012-04-25,1390.68994140625,5718.89990234375,6704.5,9561.009765625,20646.2890625,3233.4599609375
2012-04-26,1399.97998046875,5748.7001953125,6739.89990234375,9561.830078125,20809.7109375,3229.320068359375
2012-04-27,1403.3599853515625,5777.10009765625,6801.31982421875,9520.8896484375,20741.44921875,3266.27001953125
2012-05-02,1402.31005859375,5758.10009765625,6710.77001953125,9380.25,21309.080078125,3226.330078125
2012-05-08,1363.719970703125,5554.60009765625,6444.740234375,9181.650390625,20484.75,3124.800048828125
2012-05-09,1354.5799560546875,5530.10009765625,6475.31005859375,9045.0595703125,20330.640625,3118.64990234375
2012-05-10,1357.989990234375,5544.0,6518.0,9009.650390625,20227.279296875,3130.169921875
2012-05-11,1353.3900146484375,5575.5,6579.93017578125,8953.3095703125,19964.630859375,3129.77001953125
2012-05-14,1338.3499755859375,5465.5,6451.97021484375,8973.83984375,19735.0390625,3057.989990234375
2012-05-15,1330.6600341796875,5437.60009765625,6401.06005859375,8900.740234375,19894.310546875,3039.27001953125
2012-05-16,1324.800048828125,5405.2998046875,6384.259765625,8801.169921875,19259.830078125,3048.669921875
2012-05-17,1304.8599853515625,5338.39990234375,6308.9599609375,8876.58984375,19200.9296875,3011.989990234375
2012-05-18,1295.219970703125,5267.60009765625,6271.22021484375,8611.3095703125,18951.849609375,3008.0
2012-05-21,1315.989990234375,5304.5,6331.0400390625,8633.8896484375,18922.3203125,3027.14990234375
2012-05-22,1316.6300048828125,5403.2998046875,6435.60009765625,8729.2900390625,19039.150390625,3084.090087890625
2012-05-23,1318.8599853515625,5266.39990234375,6285.75,8556.599609375,18786.189453125,3003.27001953125
2012-05-24,1320.6800537109375,5350.10009765625,6315.89013671875,8563.3798828125,18666.400390625,3038.25
2012-05-25,1317.8199462890625,5351.5,6339.93994140625,8580.3896484375,18713.41015625,3047.93994140625
2012-05-29,1332.4200439453125,5391.10009765625,6396.83984375,8657.080078125,19055.4609375,3084.699951171875
2012-05-30,1313.3199462890625,5297.2998046875,6280.7998046875,8633.1904296875,18690.220703125,3015.580078125
2012-05-31,1310.3299560546875,5320.89990234375,6264.3798828125,8542.73046875,18629.51953125,3017.010009765625
2012-06-01,1278.0400390625,5260.2001953125,6050.2900390625,8440.25,18558.33984375,2950.469970703125
2012-06-06,1315.1300048828125,5384.10009765625,6093.990234375,8533.5302734375,18520.529296875,3058.43994140625
2012-06-07,1314.989990234375,5447.7998046875,6144.22021484375,8639.7197265625,18678.2890625,3071.159912109375
2012-06-08,1325.6600341796875,5435.10009765625,6130.81982421875,8459.259765625,18502.33984375,3051.68994140625
2012-06-11,1308.9300537109375,5432.39990234375,6141.0498046875,8624.900390625,18953.630859375,3042.760009765625
2012-06-12,1324.1800537109375,5473.7001953125,6161.240234375,8536.7197265625,18872.560546875,3046.909912109375
2012-06-13,1314.8800048828125,5483.7998046875,6152.490234375,8587.83984375,19026.51953125,3030.0400390625
2012-06-14,1329.0999755859375,5467.10009765625,6138.60986328125,8568.8896484375,18808.400390625,3032.449951171875
2012-06-15,1342.8399658203125,5478.7998046875,6229.41015625,8569.3203125,19233.939453125,3087.6201171875
2012-06-18,1344.780029296875,5491.10009765625,6248.2001953125,8721.01953125,19427.810546875,3066.18994140625
2012-06-19,1357.97998046875,5586.2998046875,6363.35986328125,8655.8701171875,19416.669921875,3117.919921875
2012-06-20,1355.68994140625,5622.2998046875,6392.1298828125,8752.3095703125,19518.849609375,3126.52001953125
2012-06-21,1325.510009765625,5566.39990234375,6343.1298828125,8824.0703125,19265.0703125,3114.219970703125
2012-06-22,1335.02001953125,5513.7001953125,6263.25,8798.349609375,18995.130859375,3090.89990234375
2012-06-25,1313.719970703125,5450.7001953125,6132.39013671875,8734.6201171875,18897.44921875,3021.639892578125
2012-06-26,1319.989990234375,5447.0,6136.68994140625,8663.990234375,18981.83984375,3012.7099609375
2012-06-27,1331.8499755859375,5523.89990234375,6228.990234375,8730.490234375,19176.94921875,3063.1201171875
2012-06-28,1329.0400390625,5493.10009765625,6149.91015625,8874.1103515625,19025.26953125,3051.679931640625
2012-06-29,1362.1600341796875,5571.2001953125,6416.27978515625,9006.7802734375,19441.4609375,3196.64990234375
2012-07-03,1374.02001953125,5687.7001953125,6578.2099609375,9066.58984375,19735.529296875,3271.199951171875
2012-07-05,1367.5799560546875,5692.60009765625,6535.56005859375,9079.7998046875,19809.130859375,3229.360107421875
2012-07-06,1354.6800537109375,5662.60009765625,6410.10986328125,9020.75,19800.640625,3168.7900390625
2012-07-09,1352.4599609375,5627.2998046875,6387.56982421875,8896.8798828125,19428.08984375,3156.800048828125
2012-07-10,1341.469970703125,5664.10009765625,6438.330078125,8857.73046875,19396.359375,3175.409912109375
2012-07-11,1341.449951171875,5664.5,6453.85009765625,8851.0,19419.869140625,3157.25
2012-07-12,1334.760009765625,5608.2998046875,6419.35009765625,8720.009765625,19025.109375,3135.179931640625
2012-07-13,1356.780029296875,5666.10009765625,6557.10009765625,8724.1201171875,19092.630859375,3180.81005859375
2012-07-17,1363.6700439453125,5629.10009765625,6577.64013671875,8755.0,19455.330078125,3176.969970703125
2012-07-18,1372.780029296875,5685.7998046875,6684.419921875,8726.740234375,19239.880859375,3235.39990234375
2012-07-19,1376.510009765625,5714.2001953125,6758.39013671875,8795.5498046875,19559.05078125,3263.639892578125
2012-07-20,1362.6600341796875,5651.7998046875,6630.02001953125,8669.8701171875,19640.80078125,3193.889892578125
2012-07-23,1350.52001953125,5533.89990234375,6419.330078125,8508.3203125,19053.470703125,3101.530029296875
2012-07-24,1338.31005859375,5499.2001953125,6390.41015625,8488.08984375,18903.19921875,3074.679931640625
2012-07-25,1337.8900146484375,5498.2998046875,6406.52001953125,8365.900390625,18877.330078125,3081.739990234375
2012-07-26,1360.02001953125,5573.2001953125,6582.9599609375,8443.099609375,18892.7890625,3207.1201171875
2012-07-27,1385.969970703125,5627.2001953125,6689.39990234375,8566.6396484375,19274.9609375,3280.18994140625
2012-07-30,1385.300048828125,5693.60009765625,6774.06005859375,8635.4404296875,19585.400390625,3320.7099609375
2012-07-31,1379.3199462890625,5635.2998046875,6772.259765625,8695.0595703125,19796.810546875,3291.659912109375
2012-08-01,1375.3199462890625,5712.7998046875,6754.4599609375,8641.849609375,19820.380859375,3321.56005859375
2012-08-02,1365.0,5662.2998046875,6606.08984375,8653.1796875,19690.19921875,3232.4599609375
2012-08-03,1390.989990234375,5787.2998046875,6865.66015625,8555.1103515625,19666.1796875,3374.18994140625
2012-08-06,1394.22998046875,5808.7998046875,6918.72021484375,8726.2900390625,19998.720703125,3401.56005859375
2012-08-07,1401.3499755859375,5841.2001953125,6967.9501953125,8803.3095703125,20072.55078125,3453.280029296875
2012-08-08,1402.219970703125,5845.89990234375,6966.14990234375,8881.16015625,20065.51953125,3438.260009765625
2012-08-09,1402.800048828125,5851.5,6964.990234375,8978.599609375,20269.470703125,3456.7099609375
2012-08-10,1405.8699951171875,5847.10009765625,6944.56005859375,8891.4404296875,20136.119140625,3435.6201171875
2012-08-13,1404.1099853515625,5831.89990234375,6909.68017578125,8885.150390625,20081.359375,3426.409912109375
2012-08-14,1403.9300537109375,5864.7998046875,6974.39013671875,8929.8798828125,20291.6796875,3450.27001953125
2012-08-15,1405.530029296875,5833.0,6946.7998046875,8925.0400390625,20052.2890625,3449.199951171875
2012-08-16,1415.510009765625,5834.5,6996.2900390625,9092.759765625,19962.94921875,3480.489990234375
2012-08-17,1418.1600341796875,5852.39990234375,7040.8798828125,9162.5,20116.0703125,3488.3798828125
2012-08-20,1418.1300048828125,5824.39990234375,7033.68017578125,9171.16015625,20104.26953125,3480.580078125
2012-08-21,1413.1700439453125,5857.5,7089.31982421875,9156.919921875,20100.08984375,3513.280029296875
2012-08-22,1413.489990234375,5774.2001953125,7017.75,9131.740234375,19887.779296875,3461.64990234375
2012-08-23,1402.0799560546875,5776.60009765625,6949.56982421875,9178.1201171875,20132.240234375,3432.56005859375
2012-08-24,1411.1300048828125,5776.60009765625,6971.06982421875,9070.759765625,19880.029296875,3433.2099609375
2012-08-28,1409.300048828125,5775.7001953125,7002.68017578125,9033.2900390625,19811.80078125,3431.550048828125
2012-08-29,1410.489990234375,5743.5,7010.56982421875,9069.8095703125,19788.509765625,3413.889892578125
2012-08-30,1399.47998046875,5719.5,6895.490234375,8983.7802734375,19552.91015625,3379.110107421875
2012-08-31,1406.5799560546875,5711.5,6970.7900390625,8839.91015625,19482.5703125,3413.070068359375
2012-09-04,1404.93994140625,5672.0,6932.580078125,8775.509765625,19429.91015625,3399.0400390625
2012-09-05,1403.43994140625,5657.89990234375,6964.68994140625,8679.8203125,19145.0703125,3405.7900390625
2012-09-06,1432.1199951171875,5777.2998046875,7167.330078125,8680.5703125,19209.30078125,3509.8798828125
2012-09-07,1437.9200439453125,5794.7998046875,7214.5,8871.650390625,19802.16015625,3519.050048828125
2012-09-10,1429.0799560546875,5793.2001953125,7213.7001953125,8869.3701171875,19827.169921875,3506.050048828125
2012-09-11,1433.56005859375,5792.2001953125,7310.10986328125,8807.3798828125,19857.880859375,3537.300048828125
2012-09-12,1436.56005859375,5782.10009765625,7343.52978515625,8959.9599609375,20075.390625,3543.7900390625
2012-09-13,1459.989990234375,5819.89990234375,7310.31982421875,8995.150390625,20047.630859375,3502.090087890625
2012-09-14,1465.77001953125,5915.60009765625,7412.1298828125,9159.3896484375,20629.779296875,3581.580078125
2012-09-18,1459.3199462890625,5868.2001953125,7347.68994140625,9123.76953125,20601.9296875,3512.68994140625
2012-09-19,1461.050048828125,5888.5,7390.759765625,9232.2099609375,20841.91015625,3531.820068359375
2012-09-20,1460.260009765625,5854.60009765625,7389.490234375,9086.98046875,20590.919921875,3509.919921875
2012-09-21,1460.1500244140625,5852.60009765625,7451.6201171875,9110.0,20734.939453125,3530.719970703125
2012-09-24,1456.8900146484375,5838.7998046875,7413.16015625,9069.2900390625,20694.69921875,3497.219970703125
2012-09-25,1441.5899658203125,5859.7001953125,7425.10986328125,9091.5400390625,20698.6796875,3513.81005859375
2012-09-26,1433.3199462890625,5768.10009765625,7276.509765625,8906.7001953125,20527.73046875,3414.840087890625
2012-09-27,1447.1500244140625,5779.39990234375,7290.02001953125,8949.8701171875,20762.2890625,3439.320068359375
2012-09-28,1440.6700439453125,5742.10009765625,7216.14990234375,8870.16015625,20840.380859375,3354.820068359375
2012-10-04,1461.4000244140625,5827.7998046875,7305.2099609375,8824.58984375,20907.94921875,3401.199951171875
2012-10-05,1460.9300537109375,5871.0,7397.8701171875,8863.2998046875,21012.380859375,3457.0400390625
2012-10-09,1441.47998046875,5810.2998046875,7234.52978515625,8769.58984375,20937.279296875,3382.780029296875
2012-10-10,1432.56005859375,5776.7001953125,7205.22998046875,8596.23046875,20919.599609375,3365.8701171875
2012-10-11,1432.8399658203125,5829.7998046875,7281.7001953125,8546.7802734375,20999.05078125,3413.719970703125
2012-10-12,1428.5899658203125,5793.2998046875,7232.490234375,8534.1201171875,21136.4296875,3389.080078125
2012-10-15,1440.1300048828125,5805.60009765625,7261.25,8577.9296875,21148.25,3420.280029296875
2012-10-16,1454.9200439453125,5870.5,7376.27001953125,8701.3095703125,21207.0703125,3500.93994140625
2012-10-17,1460.9100341796875,5910.89990234375,7394.5498046875,8806.5498046875,21416.640625,3527.5
2012-10-18,1457.3399658203125,5917.10009765625,7437.22998046875,8982.8603515625,21518.7109375,3535.179931640625
2012-10-19,1433.18994140625,5896.2001953125,7380.64013671875,9002.6796875,21551.759765625,3504.56005859375
2012-10-22,1433.8199462890625,5882.89990234375,7328.0498046875,9010.7099609375,21697.55078125,3483.25
2012-10-24,1408.75,5804.7998046875,7192.85009765625,8954.2998046875,21763.779296875,3426.489990234375
2012-10-25,1412.969970703125,5805.10009765625,7200.22998046875,9055.2001953125,21810.23046875,3411.530029296875
2012-10-26,1411.93994140625,5806.7001953125,7231.85009765625,8933.0595703125,21545.5703125,3435.090087890625
2012-10-31,1412.1600341796875,5782.7001953125,7260.6298828125,8928.2900390625,21641.8203125,3429.27001953125
2012-11-01,1427.5899658203125,5861.89990234375,7335.669921875,8946.8701171875,21821.869140625,3475.39990234375
2012-11-02,1414.199951171875,5868.60009765625,7363.85009765625,9051.2197265625,22111.330078125,3492.4599609375
2012-11-05,1417.260009765625,5839.10009765625,7326.47021484375,9007.4404296875,22006.400390625,3448.5
2012-11-06,1428.3900146484375,5884.89990234375,7377.759765625,8975.150390625,21944.4296875,3478.659912109375
2012-11-07,1394.530029296875,5791.60009765625,7232.830078125,8972.8896484375,22099.849609375,3409.590087890625
2012-11-08,1377.510009765625,5776.10009765625,7204.9599609375,8837.150390625,21566.91015625,3407.679931640625
2012-11-09,1379.8499755859375,5769.7001953125,7163.5,8757.599609375,21384.380859375,3423.570068359375
2012-11-12,1380.030029296875,5767.2998046875,7168.759765625,8676.4404296875,21430.30078125,3411.64990234375
2012-11-13,1374.530029296875,5786.2998046875,7169.1201171875,8661.0498046875,21188.650390625,3430.60009765625
2012-11-14,1355.489990234375,5722.0,7101.919921875,8664.73046875,21441.990234375,3400.02001953125
2012-11-15,1353.3299560546875,5677.7998046875,7043.419921875,8829.7197265625,21108.9296875,3382.39990234375
2012-11-16,1359.8800048828125,5605.60009765625,6950.52978515625,9024.16015625,21159.009765625,3341.52001953125
2012-11-19,1386.8900146484375,5737.7001953125,7123.83984375,9153.2001953125,21262.060546875,3439.580078125
2012-11-20,1387.81005859375,5748.10009765625,7172.990234375,9142.6396484375,21228.279296875,3462.06005859375
2012-11-21,1391.030029296875,5752.0,7184.7099609375,9222.51953125,21524.359375,3477.360107421875
2012-11-26,1406.2900390625,5786.7001953125,7292.02978515625,9388.9404296875,21861.810546875,3500.93994140625
2012-11-27,1398.93994140625,5799.7001953125,7332.330078125,9423.2998046875,21844.029296875,3502.1298828125
2012-11-28,1409.9300537109375,5803.2998046875,7343.41015625,9308.349609375,21708.98046875,3515.18994140625
2012-11-29,1415.949951171875,5870.2998046875,7400.9599609375,9400.8798828125,21922.890625,3568.8798828125
2012-11-30,1416.1800537109375,5866.7998046875,7405.5,9446.009765625,22030.390625,3557.280029296875
2012-12-03,1409.4599609375,5871.2001953125,7435.2099609375,9458.1796875,21767.849609375,3566.590087890625
2012-12-04,1407.050048828125,5869.0,7435.1201171875,9432.4599609375,21799.970703125,3580.47998046875
2012-12-05,1409.280029296875,5892.10009765625,7454.5498046875,9468.83984375,22270.91015625,3590.5
2012-12-06,1413.93994140625,5901.39990234375,7534.5400390625,9545.16015625,22249.810546875,3601.64990234375
2012-12-07,1418.0699462890625,5914.39990234375,7517.7998046875,9527.3896484375,22191.169921875,3605.610107421875
2012-12-10,1418.550048828125,5921.60009765625,7530.919921875,9533.75,22276.720703125,3612.10009765625
2012-12-11,1427.8399658203125,5925.0,7589.75,9525.3203125,22323.939453125,3646.14990234375
2012-12-12,1428.47998046875,5945.89990234375,7614.7900390625,9581.4599609375,22503.349609375,3646.659912109375
2012-12-13,1419.449951171875,5929.60009765625,7581.97998046875,9742.73046875,22445.580078125,3643.1298828125
2012-12-14,1413.5799560546875,5921.7998046875,7596.47021484375,9737.5595703125,22605.98046875,3643.280029296875
2012-12-17,1430.3599853515625,5912.2001953125,7604.93994140625,9828.8798828125,22513.609375,3638.10009765625
2012-12-18,1446.7900390625,5935.89990234375,7653.580078125,9923.009765625,22494.73046875,3648.6298828125
2012-12-19,1435.81005859375,5961.60009765625,7668.5,10160.400390625,22623.369140625,3664.590087890625
2012-12-20,1443.68994140625,5958.2998046875,7672.10009765625,10039.330078125,22659.779296875,3666.72998046875
2012-12-21,1430.1500244140625,5940.0,7636.22998046875,9940.0595703125,22506.2890625,3661.39990234375
2012-12-27,1418.0999755859375,5954.2998046875,7655.8798828125,10322.98046875,22619.779296875,3674.260009765625
2012-12-28,1402.4300537109375,5925.39990234375,7612.39013671875,10395.1796875,22666.58984375,3620.25
2013-01-04,1466.469970703125,6089.7998046875,7776.3701171875,10688.1103515625,23331.08984375,3730.02001953125
2013-01-07,1461.8900146484375,6064.60009765625,7732.66015625,10599.009765625,23329.75,3704.639892578125
2013-01-08,1457.1500244140625,6053.60009765625,7695.830078125,10508.0595703125,23111.189453125,3705.8798828125
2013-01-09,1461.02001953125,6098.7001953125,7720.47021484375,10578.5703125,23218.470703125,3717.449951171875
2013-01-10,1472.1199951171875,6101.5,7708.47021484375,10652.6396484375,23354.310546875,3703.1201171875
2013-01-11,1472.050048828125,6121.60009765625,7715.52978515625,10801.5703125,23264.0703125,3706.02001953125
2013-01-15,1472.3399658203125,6117.2998046875,7675.91015625,10879.080078125,23381.509765625,3697.35009765625
2013-01-16,1472.6300048828125,6104.0,7691.1298828125,10600.4404296875,23356.990234375,3708.489990234375
2013-01-17,1480.93994140625,6132.39990234375,7735.4599609375,10609.6396484375,23339.759765625,3744.110107421875
2013-01-18,1485.97998046875,6154.39990234375,7702.22998046875,10913.2998046875,23601.779296875,3741.580078125
2013-01-22,1492.56005859375,6179.2001953125,7696.2099609375,10709.9296875,23658.990234375,3741.010009765625
2013-01-23,1494.81005859375,6197.60009765625,7707.5400390625,10486.990234375,23635.099609375,3726.169921875
2013-01-24,1494.8199462890625,6264.89990234375,7748.1298828125,10620.8701171875,23598.900390625,3752.169921875
2013-01-25,1502.9599609375,6284.5,7857.97021484375,10926.650390625,23580.4296875,3778.159912109375
2013-01-28,1500.1800537109375,6294.39990234375,7833.0,10824.3095703125,23671.880859375,3780.889892578125
2013-01-29,1507.8399658203125,6339.2001953125,7848.56982421875,10866.7197265625,23655.169921875,3785.820068359375
2013-01-30,1501.9599609375,6323.10009765625,7811.31005859375,11113.9501953125,23822.060546875,3765.52001953125
2013-01-31,1498.1099853515625,6276.89990234375,7776.0498046875,11138.66015625,23729.529296875,3732.60009765625
2013-02-01,1513.1700439453125,6347.2001953125,7833.39013671875,11191.33984375,23721.83984375,3773.530029296875
2013-02-04,1495.7099609375,6246.7998046875,7638.22998046875,11260.349609375,23685.009765625,3659.909912109375
2013-02-05,1511.2900390625,6282.7998046875,7664.66015625,11046.919921875,23148.529296875,3694.699951171875
2013-02-06,1512.1199951171875,6295.2998046875,7581.18017578125,11463.75,23256.9296875,3642.89990234375
2013-02-07,1509.3900146484375,6228.39990234375,7590.85009765625,11357.0703125,23177.0,3601.050048828125
2013-02-08,1517.9300537109375,6263.89990234375,7652.14013671875,11153.16015625,23215.16015625,3649.5
2013-02-14,1521.3800048828125,6327.39990234375,7631.18994140625,11307.2802734375,23413.25,3669.60009765625
2013-02-15,1519.7900390625,6328.2998046875,7593.509765625,11173.830078125,23444.560546875,3660.3701171875
2013-02-19,1530.93994140625,6379.10009765625,7752.4501953125,11372.33984375,23143.91015625,3735.820068359375
2013-02-20,1511.949951171875,6395.39990234375,7728.89990234375,11468.2802734375,23307.41015625,3709.8798828125
2013-02-21,1502.4200439453125,6291.5,7583.56982421875,11309.1298828125,22906.669921875,3624.800048828125
2013-02-22,1515.5999755859375,6335.7001953125,7661.91015625,11385.9404296875,22782.439453125,3706.280029296875
2013-02-25,1487.8499755859375,6355.39990234375,7773.18994140625,11662.51953125,22820.080078125,3721.330078125
2013-02-26,1496.93994140625,6270.39990234375,7597.10986328125,11398.8095703125,22519.689453125,3621.919921875
2013-02-27,1515.989990234375,6325.89990234375,7675.830078125,11253.9697265625,22577.009765625,3691.489990234375
2013-02-28,1514.6800537109375,6360.7998046875,7741.7001953125,11559.3603515625,23020.26953125,3723.0
2013-03-01,1518.199951171875,6378.60009765625,7708.16015625,11606.3798828125,22880.220703125,3699.909912109375
2013-03-04,1525.199951171875,6345.60009765625,7691.68017578125,11652.2900390625,22537.810546875,3709.760009765625
2013-03-05,1539.7900390625,6432.0,7870.31005859375,11683.4501953125,22560.5,3787.18994140625
2013-03-06,1541.4599609375,6427.60009765625,7919.330078125,11932.26953125,22777.83984375,3773.760009765625
2013-03-07,1544.260009765625,6439.2001953125,7939.77001953125,11968.080078125,22771.439453125,3793.780029296875
2013-03-08,1551.1800537109375,6483.60009765625,7986.47021484375,12283.6201171875,23091.94921875,3840.14990234375
2013-03-11,1556.219970703125,6503.60009765625,7984.2900390625,12349.0498046875,23090.8203125,3836.27001953125
2013-03-12,1552.47998046875,6510.60009765625,7966.1201171875,12314.8095703125,22890.599609375,3839.969970703125
2013-03-13,1554.52001953125,6481.5,7970.91015625,12239.66015625,22556.650390625,3836.0400390625
2013-03-14,1563.22998046875,6529.39990234375,8058.3701171875,12381.1904296875,22619.1796875,3871.580078125
2013-03-15,1560.699951171875,6489.7001953125,8042.85009765625,12560.9501953125,22533.109375,3844.030029296875
2013-03-18,1552.0999755859375,6457.89990234375,8010.7001953125,12220.6298828125,22083.359375,3825.469970703125
2013-03-19,1548.3399658203125,6441.2998046875,7947.7900390625,12468.23046875,22041.859375,3775.75
2013-03-21,1545.800048828125,6388.60009765625,7932.509765625,12635.6904296875,22225.880859375,3774.85009765625
2013-03-22,1556.8900146484375,6392.7998046875,7911.35009765625,12338.5302734375,22115.30078125,3770.2900390625
2013-03-25,1551.68994140625,6378.39990234375,7870.89990234375,12546.4599609375,22251.150390625,3727.97998046875
2013-03-26,1563.77001953125,6399.39990234375,7879.669921875,12471.6201171875,22311.080078125,3748.639892578125
2013-03-27,1562.8499755859375,6387.60009765625,7789.08984375,12493.7900390625,22464.8203125,3711.639892578125
2013-03-28,1569.18994140625,6411.7001953125,7795.31005859375,12335.9599609375,22299.630859375,3731.419921875
2013-04-02,1570.25,6490.7001953125,7943.8701171875,12003.4296875,22367.8203125,3805.3701171875
2013-04-03,1553.68994140625,6420.2998046875,7874.75,12362.2001953125,22337.490234375,3754.9599609375
2013-04-05,1553.280029296875,6249.7998046875,7658.75,12833.6396484375,21726.900390625,3663.47998046875
2013-04-08,1563.0699462890625,6276.89990234375,7662.64013671875,13192.58984375,21718.05078125,3666.780029296875
2013-04-09,1568.6099853515625,6313.2001953125,7637.509765625,13192.349609375,21870.33984375,3670.719970703125
2013-04-10,1587.72998046875,6387.39990234375,7810.6298828125,13288.1298828125,22034.560546875,3743.7099609375
2013-04-11,1593.3699951171875,6416.10009765625,7871.6298828125,13549.16015625,22101.26953125,3775.659912109375
2013-04-12,1588.8499755859375,6384.39990234375,7744.77001953125,13485.1396484375,22089.05078125,3729.300048828125
2013-04-15,1552.3599853515625,6343.60009765625,7712.6298828125,13275.66015625,21772.669921875,3710.47998046875
2013-04-16,1574.5699462890625,6304.60009765625,7682.580078125,13221.4404296875,21672.029296875,3685.7900390625
2013-04-17,1552.010009765625,6244.2001953125,7503.02978515625,13382.8896484375,21569.669921875,3599.22998046875
2013-04-18,1541.6099853515625,6243.7001953125,7473.72998046875,13220.0703125,21512.51953125,3599.360107421875
2013-04-19,1555.25,6286.60009765625,7459.9599609375,13316.48046875,22013.5703125,3651.9599609375
2013-04-22,1562.5,6280.60009765625,7478.10986328125,13568.3701171875,22044.369140625,3652.1298828125
2013-04-23,1578.780029296875,6406.10009765625,7658.2099609375,13529.650390625,21806.609375,3783.050048828125
2013-04-24,1578.7900390625,6431.7998046875,7759.02978515625,13843.4599609375,22183.05078125,3842.93994140625
2013-04-25,1585.1600341796875,6442.60009765625,7832.85986328125,13926.080078125,22401.240234375,3840.469970703125
2013-04-26,1582.239990234375,6426.39990234375,7814.759765625,13884.1298828125,22547.7109375,3810.050048828125
2013-04-30,1597.5699462890625,6430.10009765625,7913.7099609375,13860.8603515625,22737.009765625,3856.75
2013-05-02,1597.5899658203125,6460.7001953125,7961.7099609375,13694.0400390625,22668.30078125,3858.760009765625
2013-05-07,1625.9599609375,6557.2998046875,8181.77978515625,14180.240234375,23047.08984375,3921.320068359375
2013-05-08,1632.68994140625,6583.5,8249.7099609375,14285.6904296875,23244.349609375,3956.280029296875
2013-05-09,1626.6700439453125,6592.7001953125,8262.5498046875,14191.48046875,23211.48046875,3928.580078125
2013-05-10,1633.699951171875,6625.0,8278.58984375,14607.5400390625,23321.220703125,3953.830078125
2013-05-13,1633.77001953125,6631.7998046875,8279.2900390625,14782.2099609375,22989.810546875,3945.199951171875
2013-05-14,1650.3399658203125,6686.10009765625,8339.1103515625,14758.419921875,22930.279296875,3966.06005859375
2013-05-15,1658.780029296875,6693.60009765625,8362.419921875,15096.0302734375,23044.240234375,3982.22998046875
2013-05-16,1650.469970703125,6687.7998046875,8369.8701171875,15037.240234375,23082.6796875,3979.070068359375
2013-05-20,1666.2900390625,6755.60009765625,8455.830078125,15360.8095703125,23493.029296875,4022.85009765625
2013-05-21,1669.1600341796875,6803.89990234375,8472.2001953125,15381.01953125,23366.369140625,4036.179931640625
2013-05-22,1655.3499755859375,6840.2998046875,8530.8896484375,15627.259765625,23261.080078125,4051.110107421875
2013-05-23,1650.510009765625,6696.7998046875,8351.98046875,14483.98046875,22669.6796875,3967.14990234375
2013-05-24,1649.5999755859375,6654.2998046875,8305.3203125,14612.4501953125,22618.669921875,3956.7900390625
2013-05-28,1660.06005859375,6762.0,8480.8701171875,14311.98046875,22924.25,4050.56005859375
2013-05-29,1648.3599853515625,6627.2001953125,8336.580078125,14326.4599609375,22554.9296875,3974.1201171875
2013-05-30,1654.4100341796875,6657.0,8400.2001953125,13589.0302734375,22484.310546875,3996.31005859375
2013-05-31,1630.739990234375,6583.10009765625,8348.83984375,13774.5400390625,22392.16015625,3948.590087890625
2013-06-03,1640.4200439453125,6525.10009765625,8285.7998046875,13261.8203125,22282.189453125,3920.669921875
2013-06-04,1631.3800048828125,6558.60009765625,8295.9599609375,13533.759765625,22285.51953125,3925.830078125
2013-06-05,1608.9000244140625,6419.2998046875,8196.1796875,13014.8701171875,22069.240234375,3852.43994140625
2013-06-06,1622.56005859375,6336.10009765625,8098.81005859375,12904.01953125,21838.4296875,3814.280029296875
2013-06-07,1643.3800048828125,6412.0,8254.6796875,12877.5302734375,21575.259765625,3872.590087890625
2013-06-10,1642.81005859375,6400.5,8307.6904296875,13514.2001953125,21615.08984375,3864.360107421875
2013-06-11,1626.1300048828125,6340.10009765625,8222.4599609375,13317.6201171875,21354.66015625,3810.56005859375
2013-06-13,1636.3599853515625,6304.60009765625,8095.39013671875,12445.3798828125,20887.0390625,3797.97998046875
2013-06-14,1626.72998046875,6308.2998046875,8127.9599609375,12686.51953125,20969.140625,3805.159912109375
2013-06-17,1639.0400390625,6330.5,8215.73046875,13033.1201171875,21225.900390625,3863.659912109375
2013-06-18,1651.81005859375,6374.2001953125,8229.509765625,13007.2802734375,21225.880859375,3860.550048828125
2013-06-19,1628.9300537109375,6348.7998046875,8197.080078125,13245.2197265625,20986.890625,3839.340087890625
2013-06-20,1588.18994140625,6159.5,7928.47998046875,13014.580078125,20382.869140625,3698.929931640625
2013-06-21,1592.4300537109375,6116.2001953125,7789.240234375,13230.1298828125,20263.310546875,3658.0400390625
2013-06-24,1573.0899658203125,6029.10009765625,7692.4501953125,13062.7802734375,19813.98046875,3595.6298828125
2013-06-25,1588.030029296875,6101.89990234375,7811.2998046875,12969.33984375,19855.720703125,3649.820068359375
2013-06-26,1603.260009765625,6165.5,7940.990234375,12834.009765625,20338.55078125,3726.0400390625
2013-06-27,1613.199951171875,6243.39990234375,7990.75,13213.5498046875,20440.080078125,3762.18994140625
2013-06-28,1606.280029296875,6215.5,7959.22021484375,13677.3203125,20803.2890625,3738.909912109375
2013-07-02,1614.0799560546875,6303.89990234375,7910.77001953125,14098.740234375,20658.650390625,3742.570068359375
2013-07-03,1615.4100341796875,6229.89990234375,7829.31982421875,14055.5595703125,20147.310546875,3702.010009765625
2013-07-05,1631.8900146484375,6375.5,7806.0,14309.9697265625,20854.669921875,3753.85009765625
2013-07-08,1640.4599609375,6450.10009765625,7968.5400390625,14109.33984375,20582.189453125,3823.830078125
2013-07-09,1652.3199462890625,6513.10009765625,8057.75,14472.900390625,20683.009765625,3843.56005859375
2013-07-10,1652.6199951171875,6505.0,8066.47998046875,14416.599609375,20904.560546875,3840.530029296875
2013-07-11,1675.02001953125,6543.39990234375,8158.7998046875,14472.580078125,21437.490234375,3868.97998046875
2013-07-12,1680.18994140625,6544.89990234375,8212.76953125,14506.25,21277.279296875,3855.090087890625
2013-07-16,1676.260009765625,6556.39990234375,8201.0498046875,14599.1201171875,21312.380859375,3851.030029296875
2013-07-17,1680.9100341796875,6571.89990234375,8254.7197265625,14615.0400390625,21371.869140625,3872.02001953125
2013-07-18,1689.3699951171875,6634.39990234375,8337.08984375,14808.5,21345.220703125,3927.7900390625
2013-07-19,1692.0899658203125,6630.7001953125,8331.5703125,14589.91015625,21362.419921875,3925.320068359375
2013-07-22,1695.530029296875,6623.2001953125,8331.0595703125,14658.0400390625,21416.5,3939.919921875
2013-07-23,1692.3900146484375,6597.39990234375,8314.23046875,14778.509765625,21915.419921875,3923.090087890625
2013-07-24,1685.93994140625,6620.39990234375,8379.1103515625,14731.2802734375,21968.9296875,3962.75
2013-07-25,1690.25,6588.0,8298.98046875,14562.9296875,21900.9609375,3956.02001953125
2013-07-26,1691.6500244140625,6554.7998046875,8244.91015625,14129.98046875,21968.94921875,3968.840087890625
2013-07-29,1685.3299560546875,6560.2998046875,8259.0302734375,13661.1298828125,21850.150390625,3968.909912109375
2013-07-30,1685.9599609375,6571.0,8271.01953125,13869.8203125,21953.9609375,3986.610107421875
2013-07-31,1685.72998046875,6621.10009765625,8275.9697265625,13668.3203125,21883.66015625,3992.68994140625
2013-08-01,1706.8699951171875,6682.0,8410.73046875,14005.76953125,22088.7890625,4042.72998046875
2013-08-02,1709.6700439453125,6647.89990234375,8406.9404296875,14466.16015625,22190.970703125,4045.64990234375
2013-08-05,1707.1400146484375,6619.60009765625,8398.3798828125,14258.0400390625,22222.009765625,4049.969970703125
2013-08-06,1697.3699951171875,6604.2001953125,8299.73046875,14401.0595703125,21923.69921875,4032.570068359375
2013-08-07,1690.9100341796875,6511.2001953125,8260.48046875,13824.9404296875,21588.83984375,4038.489990234375
2013-08-08,1697.47998046875,6529.7001953125,8318.3203125,13605.5595703125,21655.880859375,4064.320068359375
2013-08-09,1691.4200439453125,6583.39990234375,8338.3095703125,13615.1904296875,21807.560546875,4076.550048828125
2013-08-12,1689.469970703125,6574.2998046875,8359.25,13519.4296875,22271.279296875,4071.679931640625
2013-08-13,1694.1600341796875,6611.89990234375,8415.759765625,13867.0,22541.130859375,4092.5
2013-08-15,1661.3199462890625,6483.2998046875,8376.2900390625,13752.9404296875,22539.25,4093.199951171875
2013-08-16,1655.8299560546875,6500.0,8391.9404296875,13650.1103515625,22517.810546875,4123.89013671875
2013-08-19,1646.06005859375,6465.7001953125,8366.2900390625,13758.1298828125,22463.69921875,4083.97998046875
2013-08-20,1652.3499755859375,6453.5,8300.0302734375,13396.3798828125,21970.2890625,4028.929931640625
2013-08-21,1642.800048828125,6390.7998046875,8285.41015625,13424.330078125,21817.73046875,4015.090087890625
2013-08-22,1656.9599609375,6446.89990234375,8397.8896484375,13365.169921875,21895.400390625,4059.1201171875
2013-08-23,1663.5,6492.10009765625,8416.990234375,13660.5498046875,21863.509765625,4069.469970703125
2013-08-27,1630.47998046875,6441.0,8242.5595703125,13542.3701171875,21874.76953125,3968.72998046875
2013-08-28,1634.9599609375,6430.10009765625,8157.89990234375,13338.4599609375,21524.650390625,3960.4599609375
2013-08-29,1638.1700439453125,6483.10009765625,8194.5498046875,13459.7099609375,21704.779296875,3986.35009765625
2013-08-30,1632.969970703125,6412.89990234375,8103.14990234375,13388.8603515625,21731.369140625,3933.780029296875
2013-09-03,1639.77001953125,6468.39990234375,8180.7099609375,13978.4404296875,22394.580078125,3974.070068359375
2013-09-04,1653.0799560546875,6474.7001953125,8195.919921875,14053.8701171875,22326.220703125,3980.419921875
2013-09-05,1655.0799560546875,6532.39990234375,8234.98046875,14064.8203125,22597.970703125,4006.800048828125
2013-09-06,1655.1700439453125,6547.2998046875,8275.669921875,13860.8095703125,22621.220703125,4049.18994140625
2013-09-09,1671.7099609375,6530.7001953125,8276.3203125,14205.23046875,22750.650390625,4040.330078125
2013-09-10,1683.989990234375,6584.0,8446.5400390625,14423.3603515625,22976.650390625,4116.64013671875
2013-09-11,1689.1300048828125,6588.39990234375,8495.73046875,14425.0703125,22937.140625,4119.10986328125
2013-09-12,1683.4200439453125,6589.0,8494.0,14387.26953125,22953.720703125,4106.6298828125
2013-09-13,1687.989990234375,6583.7998046875,8509.419921875,14404.669921875,22915.279296875,4114.5
2013-09-17,1704.760009765625,6570.2001953125,8596.9501953125,14311.669921875,23180.51953125,4145.509765625
2013-09-18,1725.52001953125,6558.7998046875,8636.0595703125,14505.3603515625,23117.44921875,4170.39990234375
2013-09-19,1722.3399658203125,6625.39990234375,8694.1796875,14766.1796875,23502.509765625,4206.0400390625
2013-09-24,1697.4200439453125,6571.5,8664.599609375,14732.6103515625,23179.0390625,4195.60986328125
2013-09-25,1692.77001953125,6551.5,8665.6298828125,14620.5302734375,23209.630859375,4195.35009765625
2013-09-26,1698.6700439453125,6565.60009765625,8664.099609375,14799.1201171875,23125.029296875,4186.72021484375
2013-09-27,1691.75,6512.7001953125,8661.509765625,14760.0703125,23207.0390625,4186.77001953125
2013-09-30,1681.550048828125,6462.2001953125,8594.400390625,14455.7998046875,22859.859375,4143.43994140625
2013-10-02,1693.8699951171875,6437.5,8629.419921875,14170.490234375,22984.48046875,4158.16015625
2013-10-04,1690.5,6453.89990234375,8622.9697265625,14024.3095703125,23138.5390625,4164.25
2013-10-07,1676.1199951171875,6437.2998046875,8591.580078125,13853.3203125,22973.94921875,4165.580078125
2013-10-08,1655.449951171875,6365.7998046875,8555.8896484375,13894.6103515625,23178.849609375,4133.52978515625
2013-10-09,1656.4000244140625,6337.89990234375,8516.6904296875,14037.83984375,23033.970703125,4127.0498046875
2013-10-10,1692.56005859375,6430.5,8685.76953125,14194.7099609375,22951.30078125,4218.10986328125
2013-10-11,1703.199951171875,6487.2001953125,8724.830078125,14404.740234375,23218.3203125,4219.97998046875
2013-10-15,1698.06005859375,6549.10009765625,8804.4404296875,14441.5400390625,23336.51953125,4256.02001953125
2013-10-16,1721.5400390625,6571.60009765625,8846.0,14467.1396484375,23228.330078125,4243.72021484375
2013-10-17,1733.1500244140625,6576.2001953125,8811.98046875,14586.509765625,23094.880859375,4239.64013671875
2013-10-18,1744.5,6622.60009765625,8865.099609375,14561.5400390625,23340.099609375,4286.02978515625
2013-10-21,1744.6600341796875,6654.2001953125,8867.2197265625,14693.5703125,23438.150390625,4276.919921875
2013-10-22,1754.6700439453125,6695.7001953125,8947.4599609375,14713.25,23315.990234375,4295.43017578125
2013-10-23,1746.3800048828125,6674.5,8919.8603515625,14426.0498046875,22999.94921875,4260.66015625
2013-10-24,1752.0699462890625,6713.2001953125,8980.6298828125,14486.41015625,22835.8203125,4275.68994140625
2013-10-25,1759.77001953125,6721.2998046875,8985.740234375,14088.1904296875,22698.33984375,4272.31005859375
2013-10-28,1762.1099853515625,6725.7998046875,8978.650390625,14396.0400390625,22806.580078125,4251.60986328125
2013-10-29,1771.949951171875,6774.7001953125,9022.0400390625,14325.98046875,22846.5390625,4278.08984375
2013-10-30,1763.31005859375,6777.7001953125,9010.26953125,14502.349609375,23304.01953125,4274.10986328125
2013-10-31,1756.5400390625,6731.39990234375,9033.919921875,14327.9404296875,23206.369140625,4299.89013671875
2013-11-01,1761.6400146484375,6734.7001953125,9007.830078125,14201.5703125,23249.7890625,4273.18994140625
2013-11-05,1762.969970703125,6746.7998046875,9009.1103515625,14225.3701171875,23038.94921875,4253.33984375
2013-11-06,1770.489990234375,6741.7001953125,9040.8701171875,14337.3095703125,23036.939453125,4286.93017578125
2013-11-07,1747.1500244140625,6697.2001953125,9081.0302734375,14228.4404296875,22881.029296875,4280.990234375
2013-11-08,1770.6099853515625,6708.39990234375,9078.2802734375,14086.7998046875,22744.390625,4260.43994140625
2013-11-11,1771.8900146484375,6728.39990234375,9107.8603515625,14269.83984375,23069.849609375,4290.14013671875
2013-11-12,1767.68994140625,6726.7998046875,9076.48046875,14588.6796875,22901.41015625,4263.77978515625
2013-11-13,1782.0,6630.0,9054.830078125,14567.16015625,22463.830078125,4239.93994140625
2013-11-14,1790.6199951171875,6666.10009765625,9149.66015625,14876.41015625,22649.150390625,4283.91015625
2013-11-15,1798.1800537109375,6693.39990234375,9168.6904296875,15165.919921875,23032.150390625,4292.22998046875
2013-11-18,1791.530029296875,6723.5,9225.4296875,15164.2998046875,23660.060546875,4320.68017578125
2013-11-19,1787.8699951171875,6698.0,9193.2900390625,15126.5595703125,23657.810546875,4272.2900390625
2013-11-20,1781.3699951171875,6681.10009765625,9202.0703125,15076.080078125,23700.859375,4268.3701171875
2013-11-21,1795.8499755859375,6681.2998046875,9196.080078125,15365.599609375,23580.2890625,4253.89990234375
2013-11-22,1804.760009765625,6674.2998046875,9219.0400390625,15381.7197265625,23696.279296875,4278.52978515625
2013-11-25,1802.47998046875,6694.60009765625,9299.9501953125,15619.1298828125,23684.44921875,4301.97021484375
2013-11-26,1802.75,6636.2001953125,9290.0703125,15515.240234375,23681.279296875,4277.56982421875
2013-11-27,1807.22998046875,6649.5,9351.1298828125,15449.6298828125,23806.349609375,4293.06005859375
2013-11-29,1805.81005859375,6650.60009765625,9405.2998046875,15661.8701171875,23881.2890625,4295.2099609375
2013-12-02,1800.9000244140625,6595.2998046875,9401.9599609375,15655.0703125,24038.55078125,4285.81005859375
2013-12-03,1795.1500244140625,6532.39990234375,9223.400390625,15749.66015625,23910.470703125,4172.43994140625
2013-12-04,1792.81005859375,6510.0,9140.6298828125,15407.9404296875,23728.69921875,4148.52001953125
2013-12-05,1785.030029296875,6498.2998046875,9084.9501953125,15177.490234375,23712.5703125,4099.91015625
2013-12-06,1805.0899658203125,6552.0,9172.41015625,15299.8603515625,23743.099609375,4129.3701171875
2013-12-09,1808.3699951171875,6559.5,9195.169921875,15650.2099609375,23811.169921875,4134.10009765625
2013-12-10,1802.6199951171875,6523.2998046875,9114.4404296875,15611.3095703125,23744.189453125,4091.139892578125
2013-12-11,1782.219970703125,6507.7001953125,9077.1103515625,15515.0595703125,23338.240234375,4086.860107421875
2013-12-12,1775.5,6445.2998046875,9017.0,15341.8203125,23218.119140625,4069.1201171875
2013-12-13,1775.3199462890625,6440.0,9006.4599609375,15403.1103515625,23245.9609375,4059.7099609375
2013-12-16,1786.5400390625,6522.2001953125,9163.5595703125,15152.91015625,23114.66015625,4119.8798828125
2013-12-17,1781.0,6486.2001953125,9085.1201171875,15278.6298828125,23069.23046875,4068.639892578125
2013-12-18,1810.6500244140625,6492.10009765625,9181.75,15587.7998046875,23143.8203125,4109.509765625
2013-12-19,1809.5999755859375,6584.7001953125,9335.740234375,15859.2197265625,22888.75,4154.27001953125
2013-12-20,1818.3199462890625,6606.60009765625,9400.1796875,15870.419921875,22812.1796875,4193.77001953125
2013-12-27,1841.4000244140625,6750.89990234375,9589.3896484375,16178.9404296875,23243.240234375,4277.64990234375
2013-12-30,1841.0699462890625,6731.2998046875,9552.16015625,16291.3095703125,23244.869140625,4275.7099609375
2014-01-06,1826.77001953125,6730.7001953125,9428.0,15908.8798828125,22684.150390625,4227.5400390625
2014-01-07,1837.8800048828125,6755.5,9506.2001953125,15814.3701171875,22712.779296875,4262.68017578125
2014-01-08,1837.489990234375,6721.7998046875,9497.83984375,16121.4501953125,22996.58984375,4260.9599609375
2014-01-09,1838.1300048828125,6691.2998046875,9421.6103515625,15880.330078125,22787.330078125,4225.14013671875
2014-01-10,1842.3699951171875,6739.89990234375,9473.240234375,15912.0595703125,22846.25,4250.60009765625
2014-01-14,1838.8800048828125,6766.89990234375,9540.509765625,15422.400390625,22791.279296875,4274.2001953125
2014-01-15,1848.3800048828125,6819.89990234375,9733.8095703125,15808.73046875,22902.0,4332.06982421875
2014-01-16,1845.8900146484375,6815.39990234375,9717.7099609375,15747.2001953125,22986.41015625,4319.27001953125
2014-01-17,1838.699951171875,6829.2998046875,9742.9599609375,15734.4599609375,23133.349609375,4327.5
2014-01-21,1843.800048828125,6834.2998046875,9730.1201171875,15795.9599609375,23033.119140625,4323.8701171875
2014-01-22,1844.8599853515625,6826.2998046875,9720.1103515625,15820.9599609375,23082.25,4324.97998046875
2014-01-23,1828.4599609375,6773.2998046875,9631.0400390625,15695.8896484375,22733.900390625,4280.9599609375
2014-01-24,1790.2900390625,6663.7001953125,9392.01953125,15391.5595703125,22450.060546875,4161.47021484375
2014-01-27,1781.56005859375,6550.7001953125,9349.2197265625,15005.73046875,21976.099609375,4144.56005859375
2014-01-28,1792.5,6572.2998046875,9406.91015625,14980.16015625,21960.640625,4185.2900390625
2014-01-29,1774.199951171875,6544.2998046875,9336.73046875,15383.91015625,22141.609375,4156.97998046875
2014-01-30,1794.18994140625,6538.5,9373.48046875,15007.0595703125,22035.419921875,4180.02001953125
2014-02-04,1755.199951171875,6449.2998046875,9127.91015625,14008.4697265625,21397.76953125,4117.4501953125
2014-02-05,1751.6400146484375,6457.89990234375,9116.3203125,14180.3798828125,21269.380859375,4117.7900390625
2014-02-06,1773.4300537109375,6558.2998046875,9256.580078125,14155.1201171875,21423.130859375,4188.10009765625
2014-02-07,1797.02001953125,6571.7001953125,9301.919921875,14462.41015625,21636.849609375,4228.18017578125
2014-02-10,1799.8399658203125,6591.60009765625,9289.8603515625,14718.33984375,21579.259765625,4237.1298828125
2014-02-12,1819.260009765625,6675.0,9540.0,14800.0595703125,22285.7890625,4305.5
2014-02-13,1829.8299560546875,6659.39990234375,9596.76953125,14534.740234375,22165.529296875,4312.7998046875
2014-02-14,1838.6300048828125,6663.60009765625,9662.400390625,14313.0302734375,22298.41015625,4340.14013671875
2014-02-18,1840.760009765625,6796.39990234375,9659.7802734375,14843.240234375,22587.720703125,4330.7099609375
2014-02-19,1828.75,6796.7001953125,9660.0498046875,14766.5302734375,22664.51953125,4341.10009765625
2014-02-20,1839.780029296875,6813.0,9618.849609375,14449.1796875,22394.080078125,4355.490234375
2014-02-21,1836.25,6838.10009765625,9656.9501953125,14865.669921875,22568.240234375,4381.06005859375
2014-02-24,1847.6099853515625,6865.89990234375,9708.9404296875,14837.6796875,22388.560546875,4419.1298828125
2014-02-25,1845.1199951171875,6830.5,9699.349609375,15051.599609375,22317.19921875,4414.5498046875
2014-02-26,1845.1600341796875,6799.2001953125,9661.73046875,14970.9697265625,22437.439453125,4396.91015625
2014-02-27,1854.2900390625,6810.2998046875,9588.330078125,14923.1103515625,22828.1796875,4396.39013671875
2014-02-28,1859.449951171875,6809.7001953125,9692.080078125,14841.0703125,22836.9609375,4408.080078125
2014-03-03,1845.72998046875,6708.39990234375,9358.8896484375,14652.23046875,22500.669921875,4290.8701171875
2014-03-04,1873.9100341796875,6823.7998046875,9589.150390625,14721.48046875,22657.630859375,4395.89990234375
2014-03-05,1873.81005859375,6775.39990234375,9542.01953125,14897.6298828125,22579.779296875,4391.25
2014-03-06,1877.030029296875,6788.5,9542.8701171875,15134.75,22702.970703125,4417.0400390625
2014-03-07,1878.0400390625,6712.7001953125,9350.75,15274.0703125,22660.490234375,4366.419921875
2014-03-10,1877.1700439453125,6689.5,9265.5,15120.1396484375,22264.9296875,4370.83984375
2014-03-11,1867.6300048828125,6685.5,9307.7900390625,15224.1103515625,22269.609375,4349.72021484375
2014-03-12,1868.199951171875,6620.89990234375,9188.6904296875,14830.3896484375,21901.94921875,4306.259765625
2014-03-13,1846.3399658203125,6553.7998046875,9017.7900390625,14815.98046875,21756.080078125,4250.509765625
2014-03-14,1841.1300048828125,6527.89990234375,9056.41015625,14327.66015625,21539.490234375,4216.3701171875
2014-03-17,1858.8299560546875,6568.39990234375,9180.8896484375,14277.669921875,21473.94921875,4271.9599609375
2014-03-18,1872.25,6605.2998046875,9242.5498046875,14411.26953125,21583.5,4313.259765625
2014-03-19,1860.77001953125,6573.10009765625,9277.0498046875,14462.51953125,21568.689453125,4308.06005859375
2014-03-20,1872.010009765625,6542.39990234375,9296.1201171875,14224.23046875,21182.16015625,4327.91015625
2014-03-24,1857.43994140625,6520.39990234375,9188.76953125,14475.2998046875,21846.44921875,4276.33984375
2014-03-25,1865.6199951171875,6604.89990234375,9338.400390625,14423.1904296875,21732.3203125,4344.1201171875
2014-03-26,1852.56005859375,6605.2998046875,9448.580078125,14477.16015625,21887.75,4385.14990234375
2014-03-27,1849.0400390625,6588.2998046875,9451.2099609375,14622.8896484375,21834.44921875,4379.06005859375
2014-03-28,1857.6199951171875,6615.60009765625,9587.1904296875,14696.0302734375,22065.529296875,4411.259765625
2014-03-31,1872.3399658203125,6598.39990234375,9555.91015625,14827.830078125,22151.060546875,4391.5
2014-04-01,1885.52001953125,6652.60009765625,9603.7099609375,14791.990234375,22448.5390625,4426.72021484375
2014-04-02,1890.9000244140625,6659.0,9623.3603515625,14946.3203125,22523.939453125,4430.85986328125
2014-04-03,1888.77001953125,6649.10009765625,9628.8203125,15071.8798828125,22565.080078125,4449.330078125
2014-04-04,1865.0899658203125,6695.60009765625,9695.76953125,15063.76953125,22510.080078125,4484.5498046875
2014-04-07,1845.0400390625,6622.7998046875,9510.849609375,14808.849609375,22377.150390625,4436.080078125
2014-04-08,1851.9599609375,6590.7001953125,9490.7900390625,14606.8798828125,22596.970703125,4424.830078125
2014-04-09,1872.1800537109375,6635.60009765625,9506.349609375,14299.6904296875,22843.169921875,4442.68017578125
2014-04-10,1833.0799560546875,6642.0,9454.5400390625,14300.1201171875,23186.9609375,4413.490234375
2014-04-11,1815.68994140625,6561.7001953125,9315.2900390625,13960.0498046875,23003.640625,4365.85986328125
2014-04-14,1830.6099853515625,6583.7998046875,9339.169921875,13910.16015625,23038.80078125,4384.56005859375
2014-04-15,1842.97998046875,6541.60009765625,9173.7099609375,13996.8095703125,22671.259765625,4345.35009765625
2014-04-16,1862.31005859375,6584.2001953125,9317.8203125,14417.6796875,22696.009765625,4405.66015625
2014-04-17,1864.8499755859375,6625.2998046875,9409.7099609375,14417.5302734375,22760.240234375,4431.81005859375
2014-04-22,1879.550048828125,6681.7998046875,9600.08984375,14388.76953125,22730.6796875,4484.2099609375
2014-04-23,1875.3900146484375,6674.7001953125,9544.1904296875,14546.26953125,22509.640625,4451.080078125
2014-04-24,1878.6099853515625,6703.0,9548.6796875,14404.990234375,22562.80078125,4479.5400390625
2014-04-25,1863.4000244140625,6685.7001953125,9401.5498046875,14429.259765625,22223.529296875,4443.6298828125
2014-04-28,1869.4300537109375,6700.2001953125,9446.3603515625,14288.23046875,22132.529296875,4460.52978515625
2014-04-30,1883.949951171875,6780.0,9603.23046875,14304.1103515625,22133.970703125,4487.39013671875
2014-05-02,1881.1400146484375,6822.39990234375,9556.01953125,14457.509765625,22260.669921875,4458.169921875
2014-05-07,1878.2099609375,6796.39990234375,9521.2998046875,14033.4501953125,21746.259765625,4446.43994140625
2014-05-08,1875.6300048828125,6839.2998046875,9607.400390625,14163.7802734375,21837.119140625,4507.240234375
2014-05-09,1878.47998046875,6814.60009765625,9581.4501953125,14199.58984375,21862.990234375,4477.27978515625
2014-05-12,1896.6500244140625,6851.7998046875,9702.4599609375,14149.51953125,22261.609375,4493.64990234375
2014-05-13,1897.449951171875,6873.10009765625,9754.4296875,14425.4404296875,22352.380859375,4505.02001953125
2014-05-14,1888.530029296875,6878.5,9754.3896484375,14405.759765625,22582.76953125,4501.0400390625
2014-05-15,1870.8499755859375,6840.89990234375,9656.0498046875,14298.2099609375,22730.859375,4444.93017578125
2014-05-16,1877.8599853515625,6855.7998046875,9629.099609375,14096.58984375,22712.91015625,4456.27978515625
2014-05-19,1885.0799560546875,6844.60009765625,9659.3896484375,14006.4404296875,22704.5,4469.759765625
2014-05-20,1872.8299560546875,6802.0,9639.080078125,14075.25,22834.6796875,4452.35009765625
2014-05-21,1888.030029296875,6821.0,9697.8701171875,14042.169921875,22836.51953125,4469.02978515625
2014-05-22,1892.489990234375,6820.60009765625,9720.91015625,14337.7900390625,22953.759765625,4478.2099609375
2014-05-23,1900.530029296875,6815.7998046875,9768.009765625,14462.169921875,22965.859375,4493.14990234375
2014-05-27,1911.9100341796875,6844.89990234375,9940.8203125,14636.51953125,22944.30078125,4529.75
2014-05-28,1909.780029296875,6851.2001953125,9939.169921875,14670.9501953125,23080.029296875,4531.6298828125
2014-05-29,1920.030029296875,6871.2998046875,9938.900390625,14681.7197265625,23010.140625,4530.509765625
2014-05-30,1923.5699462890625,6844.5,9943.26953125,14632.3798828125,23081.650390625,4519.56982421875
2014-06-03,1924.239990234375,6836.2998046875,9919.740234375,15034.25,23291.0390625,4503.68994140625
2014-06-04,1927.8800048828125,6818.60009765625,9926.669921875,15067.9599609375,23151.7109375,4501.0
2014-06-05,1940.4599609375,6813.5,9947.830078125,15079.3701171875,23109.66015625,4548.72998046875
2014-06-06,1949.43994140625,6858.2001953125,9987.1904296875,15077.240234375,22951.0,4581.1201171875
2014-06-09,1951.27001953125,6875.0,10008.6298828125,15124.0,23117.470703125,4589.1201171875
2014-06-10,1950.7900390625,6873.60009765625,10028.7998046875,14994.7998046875,23315.740234375,4595.0
2014-06-11,1943.8900146484375,6838.89990234375,9949.8095703125,15069.48046875,23257.2890625,4555.10986328125
2014-06-12,1930.1099853515625,6843.10009765625,9938.7001953125,14973.5302734375,23175.01953125,4554.39990234375
2014-06-13,1936.1600341796875,6777.89990234375,9912.8701171875,15097.83984375,23319.169921875,4543.27978515625
2014-06-16,1937.780029296875,6754.60009765625,9883.98046875,14933.2900390625,23300.669921875,4510.0498046875
2014-06-17,1941.989990234375,6766.7998046875,9920.3203125,14975.9697265625,23203.58984375,4536.06982421875
2014-06-18,1956.97998046875,6778.60009765625,9930.330078125,15115.7998046875,23181.720703125,4530.3701171875
2014-06-19,1959.47998046875,6808.10009765625,10004.0,15361.16015625,23167.73046875,4563.0400390625
2014-06-20,1962.8699951171875,6825.2001953125,9987.240234375,15349.419921875,23194.060546875,4541.33984375
2014-06-23,1962.6099853515625,6800.60009765625,9920.919921875,15369.2802734375,22804.810546875,4515.56982421875
2014-06-24,1949.97998046875,6787.10009765625,9938.080078125,15376.240234375,22880.640625,4518.33984375
2014-06-25,1959.530029296875,6733.60009765625,9867.75,15266.6103515625,22866.69921875,4460.60009765625
2014-06-26,1957.219970703125,6735.10009765625,9804.900390625,15308.490234375,23197.830078125,4439.6298828125
2014-06-27,1960.9599609375,6757.7998046875,9815.169921875,15095.0,23221.51953125,4436.990234375
2014-06-30,1960.22998046875,6743.89990234375,9833.0703125,15162.099609375,23190.720703125,4422.83984375
2014-07-02,1974.6199951171875,6816.39990234375,9911.26953125,15369.9697265625,23549.619140625,4444.72021484375
2014-07-03,1985.43994140625,6865.2001953125,10029.4296875,15348.2900390625,23531.439453125,4489.8798828125
2014-07-07,1977.6500244140625,6823.5,9906.0703125,15379.4404296875,23540.919921875,4405.759765625
2014-07-08,1963.7099609375,6738.5,9772.669921875,15314.41015625,23541.380859375,4342.52978515625
2014-07-09,1972.8299560546875,6718.0,9808.2001953125,15302.650390625,23176.0703125,4359.83984375
2014-07-10,1964.6800537109375,6672.39990234375,9659.1298828125,15216.4697265625,23238.990234375,4301.259765625
2014-07-11,1967.5699462890625,6690.2001953125,9666.33984375,15164.0400390625,23233.44921875,4316.5
2014-07-14,1977.0999755859375,6746.10009765625,9783.009765625,15296.8203125,23346.669921875,4350.0400390625
2014-07-15,1973.280029296875,6710.5,9719.41015625,15395.16015625,23459.9609375,4305.31005859375
2014-07-16,1981.5699462890625,6784.7001953125,9859.26953125,15379.2998046875,23523.279296875,4369.06005859375
2014-07-17,1958.1199951171875,6738.2998046875,9753.8798828125,15370.259765625,23520.869140625,4316.1201171875
2014-07-18,1978.219970703125,6749.5,9720.01953125,15215.7099609375,23454.7890625,4335.31005859375
2014-07-22,1983.530029296875,6795.2998046875,9734.330078125,15343.2802734375,23782.109375,4369.52001953125
2014-07-23,1987.010009765625,6798.2001953125,9753.5595703125,15328.5595703125,23971.869140625,4376.31982421875
2014-07-24,1987.97998046875,6821.5,9794.0595703125,15284.419921875,24141.5,4410.64990234375
2014-07-25,1978.3399658203125,6791.60009765625,9644.009765625,15457.8701171875,24216.009765625,4330.5498046875
2014-07-28,1978.9100341796875,6788.10009765625,9598.169921875,15529.400390625,24428.630859375,4344.77001953125
2014-07-29,1969.949951171875,6807.7998046875,9653.6298828125,15618.0703125,24640.529296875,4365.580078125
2014-07-30,1970.0699462890625,6773.39990234375,9593.6796875,15646.23046875,24732.2109375,4312.2998046875
2014-07-31,1930.6700439453125,6730.10009765625,9407.48046875,15620.76953125,24756.849609375,4246.14013671875
2014-08-01,1925.1500244140625,6679.2001953125,9210.080078125,15523.1103515625,24532.4296875,4202.77978515625
2014-08-04,1938.989990234375,6677.5,9154.1396484375,15474.5,24600.080078125,4217.22021484375
2014-08-05,1920.2099609375,6682.5,9189.740234375,15320.3095703125,24648.259765625,4232.8798828125
2014-08-06,1920.239990234375,6636.2001953125,9130.0400390625,15159.7900390625,24584.130859375,4207.14013671875
2014-08-07,1909.5699462890625,6597.39990234375,9038.9697265625,15232.3701171875,24387.560546875,4149.830078125
2014-08-08,1931.5899658203125,6567.39990234375,9009.3203125,14778.3701171875,24331.41015625,4147.81005859375
2014-08-11,1936.9200439453125,6632.7998046875,9180.740234375,15130.51953125,24646.01953125,4197.7001953125
2014-08-12,1933.75,6632.39990234375,9069.4697265625,15161.3095703125,24689.41015625,4162.16015625
2014-08-13,1946.719970703125,6656.7001953125,9198.8798828125,15213.6298828125,24890.33984375,4194.7900390625
2014-08-14,1955.1800537109375,6685.2998046875,9225.099609375,15314.5703125,24801.359375,4205.43017578125
2014-08-15,1955.06005859375,6689.10009765625,9092.599609375,15318.33984375,24954.939453125,4174.35986328125
2014-08-18,1971.739990234375,6741.2998046875,9245.330078125,15322.599609375,24955.4609375,4230.64990234375
2014-08-19,1981.5999755859375,6779.2998046875,9334.2802734375,15449.7900390625,25122.94921875,4254.4501953125
2014-08-20,1986.510009765625,6755.5,9314.5703125,15454.4501953125,25159.759765625,4240.7900390625
2014-08-21,1992.3699951171875,6777.7001953125,9401.5302734375,15586.2001953125,24994.099609375,4292.93017578125
2014-08-22,1988.4000244140625,6775.2998046875,9339.169921875,15539.1904296875,25112.23046875,4252.7998046875
2014-08-26,2000.02001953125,6822.7998046875,9588.150390625,15521.2197265625,25074.5,4393.41015625
2014-08-27,2000.1199951171875,6830.7001953125,9569.7099609375,15534.8203125,24918.75,4395.259765625
2014-08-28,1996.739990234375,6805.7998046875,9462.5595703125,15459.8603515625,24741.0,4366.0400390625
2014-08-29,2003.3699951171875,6819.7998046875,9470.169921875,15424.58984375,24742.060546875,4381.0400390625
2014-09-02,2002.280029296875,6829.2001953125,9507.01953125,15668.599609375,24749.01953125,4378.330078125
2014-09-03,2000.719970703125,6873.60009765625,9626.490234375,15728.349609375,25317.94921875,4421.8701171875
2014-09-04,1997.6500244140625,6878.0,9724.259765625,15676.1796875,25297.919921875,4494.93994140625
2014-09-05,2007.7099609375,6855.10009765625,9747.01953125,15668.6796875,25240.150390625,4486.490234375
2014-09-08,2001.5400390625,6834.7998046875,9758.0302734375,15705.1103515625,25190.44921875,4474.93017578125
2014-09-10,1995.68994140625,6830.10009765625,9700.169921875,15788.7802734375,24705.359375,4450.7900390625
2014-09-11,1997.449951171875,6799.60009765625,9691.2802734375,15909.2001953125,24662.640625,4440.89990234375
2014-09-12,1985.5400390625,6807.0,9651.1298828125,15948.2900390625,24595.3203125,4441.7001953125
2014-09-16,1998.97998046875,6792.2001953125,9632.9296875,15911.5302734375,24136.009765625,4409.14990234375
2014-09-17,2001.5699462890625,6780.89990234375,9661.5,15888.669921875,24376.41015625,4431.41015625
2014-09-18,2011.3599853515625,6819.2998046875,9798.1298828125,16067.5703125,24168.720703125,4464.7001953125
2014-09-19,2010.4000244140625,6837.89990234375,9799.259765625,16321.169921875,24306.16015625,4461.22021484375
2014-09-22,1994.2900390625,6773.60009765625,9749.5400390625,16205.900390625,23955.490234375,4442.5498046875
2014-09-24,1998.300048828125,6706.2998046875,9661.9697265625,16167.4501953125,23921.609375,4413.72021484375
2014-09-25,1965.989990234375,6639.7001953125,9510.009765625,16374.1396484375,23768.130859375,4355.27978515625
2014-09-26,1982.8499755859375,6649.39990234375,9490.5498046875,16229.8603515625,23678.41015625,4394.75
2014-09-29,1977.800048828125,6646.60009765625,9422.91015625,16310.6396484375,23229.2109375,4358.06982421875
2014-09-30,1972.2900390625,6622.7001953125,9474.2998046875,16173.51953125,22932.98046875,4416.240234375
2014-10-06,1964.8199462890625,6563.7001953125,9209.509765625,15890.9501953125,23315.0390625,4286.52001953125
2014-10-07,1935.0999755859375,6495.60009765625,9086.2099609375,15783.830078125,23422.51953125,4209.14013671875
2014-10-08,1968.8900146484375,6482.2001953125,8995.330078125,15595.98046875,23263.330078125,4168.1201171875
2014-10-09,1928.2099609375,6431.89990234375,9005.01953125,15478.9296875,23534.529296875,4141.4501953125
2014-10-10,1906.1300048828125,6340.0,8788.8095703125,15300.5498046875,23088.5390625,4073.7099609375
2014-10-14,1877.699951171875,6392.7001953125,8825.2099609375,14936.509765625,23047.970703125,4088.25
2014-10-15,1862.489990234375,6211.60009765625,8571.9501953125,15073.51953125,23140.05078125,3939.719970703125
2014-10-16,1862.760009765625,6195.89990234375,8582.900390625,14738.3798828125,22900.939453125,3918.6201171875
2014-10-17,1886.760009765625,6310.2998046875,8850.26953125,14532.509765625,23023.2109375,4033.179931640625
2014-10-20,1904.010009765625,6267.10009765625,8717.759765625,15111.23046875,23070.259765625,3991.239990234375
2014-10-21,1941.280029296875,6372.2998046875,8886.9599609375,14804.2802734375,23088.580078125,4081.239990234375
2014-10-22,1927.1099853515625,6399.7001953125,8940.1396484375,15195.76953125,23403.970703125,4105.08984375
2014-10-23,1950.8199462890625,6419.2001953125,9047.3095703125,15138.9599609375,23333.1796875,4157.68017578125
2014-10-24,1964.5799560546875,6388.7001953125,8987.7998046875,15291.6396484375,23302.19921875,4128.89990234375
2014-10-27,1961.6300048828125,6363.5,8902.6103515625,15388.7197265625,23143.23046875,4096.740234375
2014-10-28,1985.050048828125,6402.2001953125,9068.1904296875,15329.91015625,23520.359375,4112.669921875
2014-10-29,1982.300048828125,6453.89990234375,9082.8095703125,15553.91015625,23819.869140625,4110.64013671875
2014-10-30,1994.6500244140625,6463.60009765625,9114.83984375,15658.2001953125,23702.0390625,4141.240234375
2014-10-31,2018.050048828125,6546.5,9326.8701171875,16413.759765625,23998.060546875,4233.08984375
2014-11-04,2012.0999755859375,6454.0,9166.4697265625,16862.470703125,23845.66015625,4130.18994140625
2014-11-05,2023.5699462890625,6539.10009765625,9315.48046875,16937.3203125,23695.619140625,4208.419921875
2014-11-06,2031.2099609375,6551.2001953125,9377.41015625,16792.48046875,23649.310546875,4227.68017578125
2014-11-07,2031.9200439453125,6567.2001953125,9291.830078125,16880.380859375,23550.240234375,4189.89013671875
2014-11-10,2038.260009765625,6611.2998046875,9351.8701171875,16780.529296875,23744.69921875,4222.81982421875
2014-11-11,2039.6800537109375,6627.39990234375,9369.0302734375,17124.109375,23808.279296875,4244.10009765625
2014-11-12,2038.25,6611.0,9210.9599609375,17197.05078125,23938.1796875,4179.8798828125
2014-11-13,2039.3299560546875,6635.5,9248.509765625,17392.7890625,24019.939453125,4187.9501953125
2014-11-14,2039.8199462890625,6654.39990234375,9252.9404296875,17490.830078125,24087.380859375,4202.4599609375
2014-11-17,2041.3199462890625,6672.0,9306.349609375,16973.80078125,23797.080078125,4226.10009765625
2014-11-18,2051.800048828125,6709.10009765625,9456.5302734375,17344.060546875,23529.169921875,4262.3798828125
2014-11-19,2048.719970703125,6696.60009765625,9472.7998046875,17288.75,23373.310546875,4266.18994140625
2014-11-20,2052.75,6678.89990234375,9483.9697265625,17300.859375,23349.640625,4234.2099609375
2014-11-21,2063.5,6750.7998046875,9732.5498046875,17357.509765625,23437.119140625,4347.22998046875
2014-11-25,2067.030029296875,6731.10009765625,9861.2099609375,17407.619140625,23843.91015625,4382.31005859375
2014-11-26,2072.830078125,6729.2001953125,9915.5595703125,17383.580078125,24111.98046875,4373.419921875
2014-11-28,2067.56005859375,6722.60009765625,9980.849609375,17459.849609375,23987.44921875,4390.18017578125
2014-12-01,2053.43994140625,6656.39990234375,9963.509765625,17590.099609375,23367.44921875,4377.330078125
2014-12-02,2066.550048828125,6742.10009765625,9934.080078125,17663.220703125,23654.30078125,4388.2998046875
2014-12-03,2074.330078125,6716.60009765625,9971.7900390625,17720.4296875,23428.619140625,4391.85986328125
2014-12-04,2071.919921875,6679.39990234375,9851.349609375,17887.2109375,23832.560546875,4323.89013671875
2014-12-05,2075.3701171875,6742.7998046875,10087.1201171875,17920.44921875,24002.640625,4419.47998046875
2014-12-08,2060.31005859375,6672.2001953125,10014.990234375,17935.640625,24047.669921875,4375.47998046875
2014-12-09,2059.820068359375,6529.5,9793.7099609375,17813.380859375,23485.830078125,4263.93994140625
2014-12-10,2026.1400146484375,6500.0,9799.73046875,17412.580078125,23524.51953125,4227.91015625
2014-12-11,2035.3299560546875,6461.7001953125,9862.5302734375,17257.400390625,23312.5390625,4225.85986328125
2014-12-12,2002.3299560546875,6300.60009765625,9594.73046875,17371.580078125,23249.19921875,4108.93017578125
2014-12-15,1989.6300048828125,6182.7001953125,9334.009765625,17099.400390625,23027.849609375,4005.3798828125
2014-12-16,1972.739990234375,6331.7998046875,9563.8896484375,16755.3203125,22670.5,4093.199951171875
2014-12-17,2012.8900146484375,6336.5,9544.4296875,16819.73046875,22585.83984375,4111.91015625
2014-12-18,2061.22998046875,6466.0,9811.0595703125,17210.05078125,22832.2109375,4249.490234375
2014-12-19,2070.64990234375,6545.2998046875,9786.9599609375,17621.400390625,23116.630859375,4241.64990234375
2014-12-22,2078.5400390625,6576.7001953125,9865.759765625,17635.140625,23408.5703125,4254.43017578125
2014-12-29,2090.570068359375,6633.5,9927.1298828125,17729.83984375,23773.1796875,4317.93017578125
2014-12-30,2080.35009765625,6547.0,9805.5498046875,17450.76953125,23501.099609375,4245.5400390625
2015-01-05,2020.5799560546875,6417.2001953125,9473.16015625,17408.7109375,23721.3203125,4111.35986328125
2015-01-06,2002.6099853515625,6366.5,9469.66015625,16883.189453125,23485.41015625,4083.5
2015-01-07,2025.9000244140625,6419.7998046875,9518.1796875,16885.330078125,23681.259765625,4112.72998046875
2015-01-08,2062.139892578125,6570.0,9837.6103515625,17167.099609375,23835.529296875,4260.18994140625
2015-01-09,2044.81005859375,6501.10009765625,9648.5,17197.73046875,23919.94921875,4179.06982421875
2015-01-13,2023.030029296875,6542.2001953125,9941.0,17087.7109375,24215.970703125,4290.27978515625
2015-01-14,2011.27001953125,6388.5,9817.080078125,16795.9609375,24112.599609375,4223.240234375
2015-01-15,1992.6700439453125,6498.7998046875,10032.6103515625,17108.69921875,24350.91015625,4323.2001953125
2015-01-16,2019.4200439453125,6550.2998046875,10167.76953125,16864.16015625,24103.51953125,4379.6201171875
2015-01-20,2022.550048828125,6620.10009765625,10257.1298828125,17366.30078125,23951.16015625,4446.02001953125
2015-01-21,2032.1199951171875,6728.0,10299.23046875,17280.48046875,24352.580078125,4484.81982421875
2015-01-22,2063.14990234375,6796.60009765625,10435.6201171875,17329.01953125,24522.630859375,4552.7998046875
2015-01-23,2051.820068359375,6832.7998046875,10649.580078125,17511.75,24850.44921875,4640.68994140625
2015-01-26,2057.090087890625,6852.39990234375,10798.330078125,17468.51953125,24909.900390625,4675.1298828125
2015-01-27,2029.550048828125,6811.60009765625,10628.580078125,17768.30078125,24807.279296875,4624.2099609375
2015-01-28,2002.1600341796875,6825.89990234375,10710.9697265625,17795.73046875,24861.810546875,4610.93994140625
2015-01-29,2021.25,6810.60009765625,10737.8701171875,17606.220703125,24595.849609375,4631.43017578125
2015-01-30,1994.989990234375,6749.39990234375,10694.3203125,17674.390625,24507.05078125,4604.25
2015-02-02,2020.8499755859375,6782.60009765625,10828.009765625,17558.0390625,24484.740234375,4627.669921875
2015-02-03,2050.030029296875,6871.7998046875,10890.9501953125,17335.849609375,24554.779296875,4677.89990234375
2015-02-04,2041.510009765625,6860.0,10911.3203125,17678.740234375,24679.759765625,4696.2998046875
2015-02-05,2062.52001953125,6865.89990234375,10905.41015625,17504.619140625,24765.490234375,4703.2998046875
2015-02-06,2055.469970703125,6853.39990234375,10846.3896484375,17648.5,24679.390625,4691.02978515625
2015-02-09,2046.739990234375,6837.2001953125,10663.509765625,17711.9296875,24521.0,4651.080078125
2015-02-10,2068.590087890625,6829.10009765625,10753.830078125,17652.6796875,24528.099609375,4695.64990234375
2015-02-12,2088.47998046875,6828.10009765625,10919.650390625,17979.720703125,24422.150390625,4726.2001953125
2015-02-13,2096.989990234375,6873.5,10963.400390625,17913.359375,24682.5390625,4759.35986328125
2015-02-17,2100.340087890625,6898.10009765625,10895.6201171875,17987.08984375,24784.880859375,4753.990234375
2015-02-18,2099.679931640625,6898.10009765625,10961.0,18199.169921875,24832.080078125,4799.02978515625
2015-02-23,2109.659912109375,6912.2001953125,11130.919921875,18466.919921875,24836.759765625,4862.2998046875
2015-02-24,2115.47998046875,6949.60009765625,11205.740234375,18603.48046875,24750.0703125,4886.43994140625
2015-02-25,2113.860107421875,6935.39990234375,11210.26953125,18585.19921875,24778.279296875,4882.22021484375
2015-02-26,2110.739990234375,6949.7001953125,11327.1904296875,18785.7890625,24902.060546875,4910.6201171875
2015-02-27,2104.5,6946.7001953125,11401.66015625,18797.939453125,24823.2890625,4951.47998046875
2015-03-02,2117.389892578125,6940.60009765625,11410.3603515625,18826.880859375,24887.439453125,4917.31982421875
2015-03-03,2107.780029296875,6889.10009765625,11280.3603515625,18815.16015625,24702.779296875,4869.25
2015-03-04,2098.530029296875,6919.2001953125,11390.3798828125,18703.599609375,24465.380859375,4917.35009765625
2015-03-05,2101.0400390625,6961.10009765625,11504.009765625,18751.83984375,24193.0390625,4963.509765625
2015-03-06,2071.260009765625,6911.7998046875,11550.9697265625,18971.0,24164.0,4964.35009765625
2015-03-09,2079.429931640625,6876.5,11582.1103515625,18790.55078125,24123.05078125,4937.2001953125
2015-03-10,2044.1600341796875,6702.7998046875,11500.3798828125,18665.109375,23896.98046875,4881.9501953125
2015-03-11,2040.239990234375,6721.5,11805.990234375,18723.51953125,23717.970703125,4997.75
2015-03-12,2065.949951171875,6761.10009765625,11799.3896484375,18991.109375,23797.9609375,4987.330078125
2015-03-13,2053.39990234375,6740.60009765625,11901.6103515625,19254.25,23823.2109375,5010.4599609375
2015-03-16,2081.18994140625,6804.10009765625,12167.7197265625,19246.060546875,23949.55078125,5061.16015625
2015-03-17,2074.280029296875,6837.60009765625,11980.849609375,19437.0,23901.490234375,5028.93017578125
2015-03-18,2099.5,6945.2001953125,11922.76953125,19544.48046875,24120.080078125,5033.419921875
2015-03-19,2089.27001953125,6962.2998046875,11899.400390625,19476.560546875,24468.890625,5037.18017578125
2015-03-20,2108.10009765625,7022.5,12039.3701171875,19560.220703125,24375.240234375,5087.490234375
2015-03-23,2104.419921875,7037.7001953125,11895.83984375,19754.359375,24494.509765625,5054.52001953125
2015-03-24,2091.5,7019.7001953125,12005.6904296875,19713.44921875,24399.599609375,5088.27978515625
2015-03-25,2061.050048828125,6991.0,11865.3203125,19746.19921875,24528.23046875,5020.990234375
2015-03-26,2056.14990234375,6895.2998046875,11843.6796875,19471.119140625,24497.080078125,5006.35009765625
2015-03-27,2061.02001953125,6855.0,11868.330078125,19285.630859375,24486.19921875,5034.06005859375
2015-03-30,2086.239990234375,6891.39990234375,12086.009765625,19411.400390625,24855.119140625,5083.52001953125
2015-03-31,2067.889892578125,6773.0,11966.169921875,19206.990234375,24900.890625,5033.64013671875
2015-04-01,2059.68994140625,6809.5,12001.3798828125,19034.83984375,25082.75,5062.22021484375
2015-04-02,2066.9599609375,6833.5,11967.3896484375,19312.7890625,25275.640625,5074.14013671875
2015-04-08,2081.89990234375,6937.39990234375,12035.8603515625,19789.810546875,26236.859375,5136.85986328125
2015-04-09,2091.179931640625,7015.39990234375,12166.4404296875,19937.720703125,26944.390625,5208.9501953125
2015-04-10,2102.06005859375,7089.7998046875,12374.73046875,19907.630859375,27272.390625,5240.4599609375
2015-04-13,2092.429931640625,7064.2998046875,12338.73046875,19905.4609375,28016.33984375,5254.1201171875
2015-04-14,2095.840087890625,7075.2998046875,12227.599609375,19908.6796875,27561.490234375,5218.06005859375
2015-04-15,2106.6298828125,7096.7998046875,12231.33984375,19869.759765625,27618.8203125,5254.35009765625
2015-04-16,2104.989990234375,7060.5,11998.8603515625,19885.76953125,27739.7109375,5224.490234375
2015-04-17,2081.179931640625,6994.60009765625,11688.7001953125,19652.880859375,27653.119140625,5143.259765625
2015-04-20,2100.39990234375,7052.10009765625,11891.91015625,19634.490234375,27094.9296875,5187.58984375
2015-04-21,2097.2900390625,7062.89990234375,11939.580078125,19909.08984375,27850.490234375,5192.64013671875
2015-04-22,2107.9599609375,7028.2001953125,11867.3701171875,20133.900390625,27933.849609375,5211.08984375
2015-04-23,2112.929931640625,7053.7001953125,11723.580078125,20187.650390625,27827.69921875,5178.91015625
2015-04-24,2117.68994140625,7070.7001953125,11810.849609375,20020.0390625,28060.98046875,5201.4501953125
2015-04-27,2108.919921875,7104.0,12039.16015625,19983.3203125,28433.58984375,5268.91015625
2015-04-28,2114.760009765625,7030.5,11811.66015625,20058.94921875,28442.75,5173.3798828125
2015-04-30,2085.510009765625,6960.60009765625,11454.3798828125,19520.009765625,28133.0,5046.490234375
2015-05-07,2088.0,6887.0,11407.9697265625,19291.990234375,27289.970703125,4967.22021484375
2015-05-08,2116.10009765625,7046.7998046875,11709.73046875,19379.189453125,27577.33984375,5090.39013671875
2015-05-11,2105.330078125,7029.89990234375,11673.349609375,19620.91015625,27718.19921875,5027.8701171875
2015-05-12,2099.1201171875,6933.7998046875,11472.41015625,19624.83984375,27407.1796875,4974.64990234375
2015-05-13,2098.47998046875,6949.60009765625,11351.4599609375,19764.720703125,27249.279296875,4961.85986328125
2015-05-14,2121.10009765625,6973.0,11559.8203125,19570.240234375,27286.55078125,5029.31005859375
2015-05-15,2122.72998046875,6960.5,11447.0302734375,19732.919921875,27822.279296875,4993.81982421875
2015-05-18,2129.199951171875,6968.89990234375,11594.2802734375,19890.26953125,27591.25,5012.31005859375
2015-05-19,2127.830078125,6995.10009765625,11853.330078125,20026.380859375,27693.5390625,5117.2998046875
2015-05-20,2125.85009765625,7007.2998046875,11848.4697265625,20196.560546875,27585.05078125,5133.2998046875
2015-05-21,2130.820068359375,7013.5,11864.58984375,20202.869140625,27523.720703125,5146.7001953125
2015-05-22,2126.06005859375,7031.7001953125,11815.009765625,20264.41015625,27992.830078125,5142.89013671875
2015-05-26,2104.199951171875,6949.0,11625.1298828125,20437.48046875,28249.859375,5083.5400390625
2015-05-27,2123.47998046875,7033.2998046875,11771.1298828125,20472.580078125,28081.2109375,5182.52978515625
2015-05-28,2120.7900390625,7040.89990234375,11677.5703125,20551.4609375,27454.310546875,5137.830078125
2015-05-29,2107.389892578125,6984.39990234375,11413.8203125,20563.150390625,27424.189453125,5007.89013671875
2015-06-01,2111.72998046875,6953.60009765625,11436.0498046875,20569.869140625,27597.16015625,5025.2998046875
2015-06-02,2109.60009765625,6928.2998046875,11328.7998046875,20543.189453125,27466.720703125,5004.4599609375
2015-06-03,2114.070068359375,6950.5,11419.6201171875,20473.509765625,27657.470703125,5034.169921875
2015-06-04,2095.840087890625,6859.2001953125,11340.599609375,20488.189453125,27551.890625,4987.1298828125
2015-06-05,2092.830078125,6804.60009765625,11197.150390625,20460.900390625,27260.16015625,4920.740234375
2015-06-08,2079.280029296875,6790.0,11064.919921875,20457.189453125,27316.279296875,4857.66015625
2015-06-09,2080.14990234375,6753.7998046875,11001.2900390625,20096.30078125,26989.51953125,4850.22021484375
2015-06-10,2105.199951171875,6830.2998046875,11265.3896484375,20046.359375,26687.640625,4934.91015625
2015-06-11,2108.860107421875,6846.7001953125,11332.7802734375,20382.970703125,26907.849609375,4971.3701171875
2015-06-12,2094.110107421875,6784.89990234375,11196.490234375,20407.080078125,27280.5390625,4901.18994140625
2015-06-15,2084.429931640625,6710.5,10984.9697265625,20387.7890625,26861.810546875,4815.35986328125
2015-06-16,2096.2900390625,6710.10009765625,11044.009765625,20257.939453125,26566.69921875,4839.85986328125
2015-06-17,2100.43994140625,6680.60009765625,10978.009765625,20219.26953125,26753.7890625,4790.6201171875
2015-06-18,2121.239990234375,6707.89990234375,11100.2998046875,19990.8203125,26694.66015625,4803.47998046875
2015-06-19,2109.989990234375,6710.5,11040.099609375,20174.240234375,26760.529296875,4815.3701171875
2015-06-22,2122.85009765625,6825.7001953125,11460.5,20428.189453125,27080.849609375,4998.60986328125
2015-06-23,2124.199951171875,6834.89990234375,11542.5400390625,20809.419921875,27333.4609375,5057.68017578125
2015-06-24,2108.580078125,6844.7998046875,11471.259765625,20868.029296875,27404.970703125,5045.35009765625
2015-06-25,2102.31005859375,6807.7998046875,11473.1298828125,20771.400390625,27145.75,5041.7099609375
2015-06-26,2101.489990234375,6753.7001953125,11492.4296875,20706.150390625,26663.869140625,5059.169921875
2015-06-29,2057.639892578125,6620.5,11083.2001953125,20109.94921875,25966.98046875,4869.81982421875
2015-06-30,2063.110107421875,6521.0,10944.9697265625,20235.73046875,26250.029296875,4790.2001953125
2015-07-02,2076.780029296875,6630.5,11099.349609375,20522.5,26282.3203125,4835.56005859375
2015-07-06,2068.760009765625,6535.7001953125,10890.6298828125,20112.119140625,25236.279296875,4711.5400390625
2015-07-07,2081.340087890625,6432.2001953125,10676.7802734375,20376.58984375,24975.310546875,4604.64013671875
2015-07-08,2046.6800537109375,6490.7001953125,10747.2998046875,19737.640625,23516.560546875,4639.02001953125
2015-07-09,2051.31005859375,6581.60009765625,10996.41015625,19855.5,24392.7890625,4757.22021484375
2015-07-10,2076.6201171875,6673.39990234375,11315.6298828125,19779.830078125,24901.279296875,4903.06982421875
2015-07-13,2099.60009765625,6738.0,11484.3798828125,20089.76953125,25224.009765625,4998.10009765625
2015-07-14,2108.949951171875,6753.7998046875,11516.900390625,20385.330078125,25120.91015625,5032.47021484375
2015-07-15,2107.39990234375,6753.7998046875,11539.66015625,20463.330078125,25055.759765625,5047.240234375
2015-07-16,2124.2900390625,6796.5,11716.759765625,20600.119140625,25162.779296875,5121.5
2015-07-17,2126.639892578125,6775.10009765625,11673.419921875,20650.919921875,25415.26953125,5124.39013671875
2015-07-21,2119.2099609375,6769.10009765625,11604.7998046875,20841.970703125,25536.4296875,5106.56982421875
2015-07-22,2114.14990234375,6667.2998046875,11520.669921875,20593.669921875,25282.619140625,5082.56982421875
2015-07-23,2102.14990234375,6655.0,11512.1103515625,20683.94921875,25398.849609375,5086.740234375
2015-07-24,2079.64990234375,6579.7998046875,11347.4501953125,20544.529296875,25128.509765625,5057.35986328125
2015-07-27,2067.639892578125,6505.10009765625,11056.400390625,20350.099609375,24351.9609375,4927.60009765625
2015-07-28,2093.25,6555.2998046875,11173.91015625,20328.890625,24503.939453125,4977.31982421875
2015-07-29,2108.570068359375,6631.0,11211.849609375,20302.91015625,24619.44921875,5017.43994140625
2015-07-30,2108.6298828125,6668.89990234375,11257.150390625,20522.830078125,24497.98046875,5046.419921875
2015-07-31,2103.840087890625,6696.2998046875,11308.990234375,20585.240234375,24636.279296875,5082.60986328125
2015-08-03,2098.0400390625,6688.60009765625,11443.7197265625,20548.109375,24411.419921875,5120.52001953125
2015-08-04,2093.320068359375,6686.60009765625,11456.0703125,20520.359375,24406.119140625,5112.14013671875
2015-08-05,2099.840087890625,6752.39990234375,11636.2998046875,20614.060546875,24514.16015625,5196.72998046875
2015-08-06,2083.56005859375,6747.10009765625,11585.099609375,20664.439453125,24375.279296875,5192.10986328125
2015-08-07,2077.570068359375,6718.5,11490.830078125,20724.560546875,24552.470703125,5154.75
2015-08-10,2104.179931640625,6736.2001953125,11604.7802734375,20808.689453125,24521.119140625,5195.41015625
2015-08-11,2084.070068359375,6664.5,11293.650390625,20720.75,24498.2109375,5099.02978515625
2015-08-12,2086.050048828125,6571.2001953125,10924.6103515625,20392.76953125,23916.01953125,4925.43017578125
2015-08-13,2083.389892578125,6568.2998046875,11014.6298828125,20595.55078125,24018.80078125,4986.85009765625
2015-08-14,2091.5400390625,6550.7001953125,10985.1396484375,20519.44921875,23991.029296875,4956.47021484375
2015-08-17,2102.43994140625,6550.2998046875,10940.330078125,20620.259765625,23814.650390625,4984.830078125
2015-08-18,2096.919921875,6526.2998046875,10915.919921875,20554.470703125,23474.970703125,4971.25
2015-08-19,2079.610107421875,6403.5,10682.150390625,20222.630859375,23167.849609375,4884.10009765625
2015-08-20,2035.72998046875,6367.89990234375,10432.1904296875,20033.51953125,22757.470703125,4783.5498046875
2015-08-21,1970.8900146484375,6187.7001953125,10124.51953125,19435.830078125,22409.619140625,4630.990234375
2015-08-24,1893.2099609375,5898.89990234375,9648.4296875,18540.6796875,21251.5703125,4383.4599609375
2015-08-25,1867.6099853515625,6081.2998046875,10128.1201171875,17806.69921875,21404.9609375,4564.85986328125
2015-08-26,1940.510009765625,5979.2001953125,9997.4296875,18376.830078125,21080.390625,4501.0498046875
2015-08-27,1987.6600341796875,6192.0,10315.6201171875,18574.439453125,21838.5390625,4658.18017578125
2015-08-28,1988.8699951171875,6247.89990234375,10298.5302734375,19136.3203125,21612.390625,4675.1298828125
2015-09-01,1913.8499755859375,6058.5,10015.5703125,18165.689453125,21185.4296875,4541.16015625
2015-09-02,1948.8599853515625,6083.2998046875,10048.0498046875,18095.400390625,20934.939453125,4554.919921875
2015-09-04,1921.219970703125,6042.89990234375,10038.0400390625,17792.16015625,20840.609375,4523.080078125
2015-09-08,1969.4100341796875,6146.10009765625,10271.3603515625,17427.080078125,21259.0390625,4598.259765625
2015-09-09,1942.0400390625,6229.0,10303.1201171875,18770.509765625,22131.310546875,4664.58984375
2015-09-10,1952.2900390625,6155.7998046875,10210.4404296875,18299.619140625,21562.5,4596.52978515625
2015-09-11,1961.050048828125,6117.7998046875,10123.5595703125,18264.220703125,21504.369140625,4548.72021484375
2015-09-14,1953.030029296875,6084.60009765625,10131.740234375,17965.69921875,21561.900390625,4518.14990234375
2015-09-15,1978.0899658203125,6137.60009765625,10188.1298828125,18026.48046875,21455.23046875,4569.3701171875
2015-09-16,1995.31005859375,6229.2001953125,10227.2099609375,18171.599609375,21966.66015625,4645.83984375
2015-09-17,1990.199951171875,6187.0,10229.580078125,18432.26953125,21854.630859375,4655.14013671875
2015-09-18,1958.030029296875,6104.10009765625,9916.16015625,18070.2109375,21920.830078125,4535.85009765625
2015-09-24,1932.239990234375,5961.5,9427.6396484375,17571.830078125,21095.98046875,4347.240234375
2015-09-25,1931.3399658203125,6109.0,9688.5302734375,17880.509765625,21186.3203125,4480.66015625
2015-09-29,1884.0899658203125,5909.2001953125,9450.400390625,16930.83984375,20556.599609375,4343.72998046875
2015-09-30,1920.030029296875,6061.60009765625,9660.4404296875,17388.150390625,20846.30078125,4455.2900390625
2015-10-02,1951.3599853515625,6130.0,9553.0703125,17725.130859375,21506.08984375,4458.8798828125
2015-10-05,1987.050048828125,6298.89990234375,9814.7900390625,18005.490234375,21854.5,4616.89990234375
2015-10-06,1979.9200439453125,6326.2001953125,9902.830078125,18186.099609375,21831.619140625,4660.64013671875
2015-10-07,1995.8299560546875,6336.39990234375,9970.400390625,18322.98046875,22515.759765625,4667.33984375
2015-10-08,2013.4300537109375,6374.7998046875,9993.0703125,18141.169921875,22354.91015625,4675.91015625
2015-10-09,2014.8900146484375,6416.2001953125,10096.599609375,18438.669921875,22458.80078125,4701.39013671875
2015-10-13,2003.68994140625,6342.2998046875,10032.8203125,18234.740234375,22600.4609375,4643.3798828125
2015-10-14,1994.239990234375,6269.60009765625,9915.849609375,17891.0,22439.91015625,4609.02978515625
2015-10-15,2023.8599853515625,6338.7001953125,10064.7998046875,18096.900390625,22888.169921875,4675.2900390625
2015-10-16,2033.1099853515625,6378.0,10104.4296875,18291.80078125,23067.369140625,4702.7900390625
2015-10-19,2033.6600341796875,6352.2998046875,10164.3095703125,18131.23046875,23075.609375,4704.06982421875
2015-10-20,2030.77001953125,6345.10009765625,10147.6796875,18207.150390625,22989.220703125,4673.81005859375
2015-10-22,2052.510009765625,6376.2998046875,10491.9697265625,18435.869140625,22845.369140625,4802.18017578125
2015-10-23,2075.14990234375,6444.10009765625,10794.5400390625,18825.30078125,23151.939453125,4923.64013671875
2015-10-26,2071.179931640625,6417.0,10801.33984375,18947.119140625,23116.25,4897.1298828125
2015-10-27,2065.889892578125,6365.2998046875,10692.1904296875,18777.0390625,23142.73046875,4847.06982421875
2015-10-28,2090.35009765625,6437.7998046875,10831.9599609375,18903.01953125,22956.5703125,4890.580078125
2015-10-29,2089.409912109375,6395.7998046875,10800.83984375,18935.7109375,22819.939453125,4885.81982421875
2015-10-30,2079.360107421875,6361.10009765625,10850.1396484375,19083.099609375,22640.0390625,4897.66015625
2015-11-02,2104.050048828125,6361.7998046875,10950.669921875,18683.240234375,22370.0390625,4916.2099609375
2015-11-04,2102.31005859375,6412.89990234375,10845.240234375,18926.91015625,23053.5703125,4948.2900390625
2015-11-05,2099.929931640625,6364.89990234375,10887.740234375,19116.41015625,23051.0390625,4980.0400390625
2015-11-06,2099.199951171875,6353.7998046875,10988.0302734375,19265.599609375,22867.330078125,4984.14990234375
2015-11-09,2078.580078125,6295.2001953125,10815.4501953125,19642.740234375,22726.76953125,4911.169921875
2015-11-10,2081.719970703125,6275.2998046875,10832.51953125,19671.259765625,22401.69921875,4912.16015625
2015-11-11,2075.0,6297.2001953125,10907.8701171875,19691.390625,22352.169921875,4952.509765625
2015-11-12,2045.969970703125,6178.7001953125,10782.6298828125,19697.76953125,22888.919921875,4856.64990234375
2015-11-13,2023.0400390625,6118.2998046875,10708.400390625,19596.91015625,22396.140625,4807.9501953125
2015-11-16,2053.18994140625,6146.39990234375,10713.23046875,19393.689453125,22010.8203125,4804.31005859375
2015-11-17,2050.43994140625,6268.7998046875,10971.0400390625,19630.630859375,22264.25,4937.31005859375
2015-11-18,2083.580078125,6279.0,10959.9501953125,19649.1796875,22188.259765625,4906.72021484375
2015-11-19,2081.239990234375,6329.89990234375,11085.4404296875,19859.810546875,22500.220703125,4915.10009765625
2015-11-20,2089.169921875,6334.60009765625,11119.830078125,19879.810546875,22754.720703125,4910.97021484375
2015-11-24,2089.139892578125,6277.2001953125,10933.990234375,19924.890625,22587.630859375,4820.27978515625
2015-11-25,2088.8701171875,6337.60009765625,11169.5400390625,19847.580078125,22498.0,4892.990234375
2015-11-27,2090.110107421875,6375.2001953125,11293.759765625,19883.939453125,22068.3203125,4930.14013671875
2015-11-30,2080.409912109375,6356.10009765625,11382.23046875,19747.470703125,21996.419921875,4957.60009765625
2015-12-01,2102.6298828125,6395.7001953125,11261.240234375,20012.400390625,22381.349609375,4914.52978515625
2015-12-02,2079.510009765625,6420.89990234375,11190.01953125,19938.130859375,22479.689453125,4905.759765625
2015-12-03,2049.6201171875,6275.0,10789.240234375,19939.900390625,22417.009765625,4730.2099609375
2015-12-04,2091.68994140625,6238.2998046875,10752.099609375,19504.48046875,22235.890625,4714.7900390625
2015-12-07,2077.070068359375,6223.5,10886.08984375,19698.150390625,22203.220703125,4756.41015625
2015-12-08,2063.590087890625,6135.2001953125,10673.599609375,19492.599609375,21905.130859375,4681.85986328125
2015-12-09,2047.6199951171875,6126.7001953125,10592.490234375,19301.0703125,21803.759765625,4637.4501953125
2015-12-10,2052.22998046875,6088.10009765625,10598.9296875,19046.55078125,21704.609375,4635.06005859375
2015-12-11,2012.3699951171875,5952.7998046875,10340.0595703125,19230.48046875,21464.05078125,4549.56005859375
2015-12-14,2021.93994140625,5874.10009765625,10139.33984375,18883.419921875,21309.849609375,4473.06982421875
2015-12-15,2043.4100341796875,6017.7998046875,10450.3798828125,18565.900390625,21274.369140625,4614.39990234375
2015-12-16,2073.070068359375,6061.2001953125,10469.259765625,19049.91015625,21701.2109375,4624.669921875
2015-12-17,2041.8900146484375,6102.5,10738.1201171875,19353.560546875,21872.060546875,4677.5400390625
2015-12-18,2005.550048828125,6052.39990234375,10608.1904296875,18986.80078125,21755.560546875,4625.259765625
2015-12-21,2021.1500244140625,6034.7998046875,10497.76953125,18916.01953125,21791.6796875,4565.169921875
2015-12-22,2038.969970703125,6083.10009765625,10488.75,18886.69921875,21830.01953125,4567.60009765625
2015-12-29,2078.360107421875,6314.60009765625,10860.1396484375,18982.23046875,21999.619140625,4701.35986328125
2015-12-30,2063.360107421875,6274.10009765625,10743.009765625,19033.7109375,21882.150390625,4677.14013671875
2016-01-04,2012.6600341796875,6093.39990234375,10283.4404296875,18450.98046875,21327.119140625,4522.4501953125
2016-01-05,2016.7099609375,6137.2001953125,10310.099609375,18374.0,21188.720703125,4537.6298828125
2016-01-06,1990.260009765625,6073.39990234375,10214.01953125,18191.3203125,20980.810546875,4480.47021484375
2016-01-07,1943.0899658203125,5954.10009765625,9979.849609375,17767.33984375,20333.33984375,4403.580078125
2016-01-08,1922.030029296875,5912.39990234375,9849.33984375,17697.9609375,20453.7109375,4333.759765625
2016-01-12,1938.6800537109375,5929.2001953125,9985.4296875,17218.9609375,19711.759765625,4378.75
2016-01-13,1890.280029296875,5961.0,9960.9599609375,17715.630859375,19934.880859375,4391.93994140625
2016-01-14,1921.8399658203125,5918.2001953125,9794.2001953125,17240.94921875,19817.41015625,4312.89013671875
2016-01-15,1880.3299560546875,5804.10009765625,9545.26953125,17147.109375,19520.76953125,4210.16015625
2016-01-19,1881.3299560546875,5876.7998046875,9664.2099609375,17048.369140625,19635.810546875,4272.259765625
2016-01-20,1859.3299560546875,5673.60009765625,9391.6396484375,16416.189453125,18886.30078125,4124.9501953125
2016-01-21,1868.989990234375,5773.7998046875,9574.16015625,16017.259765625,18542.150390625,4206.39990234375
2016-01-22,1906.9000244140625,5900.0,9764.8798828125,16958.529296875,19080.509765625,4336.68994140625
2016-01-25,1877.0799560546875,5877.0,9736.150390625,17110.91015625,19340.140625,4311.330078125
2016-01-26,1903.6300048828125,5911.5,9822.75,16708.900390625,18860.80078125,4356.81005859375
2016-01-27,1882.949951171875,5990.39990234375,9880.8203125,17163.919921875,19052.44921875,4380.35986328125
2016-01-28,1893.3599853515625,5931.7998046875,9639.58984375,17041.44921875,19195.830078125,4322.16015625
2016-01-29,1940.239990234375,6083.7998046875,9798.1103515625,17518.30078125,19683.109375,4417.02001953125
2016-02-01,1939.3800048828125,6060.10009765625,9757.8798828125,17865.23046875,19595.5,4392.330078125
2016-02-02,1903.030029296875,5922.0,9581.0400390625,17750.6796875,19446.83984375,4283.990234375
2016-02-03,1912.530029296875,5837.10009765625,9434.8203125,17191.25,18991.58984375,4226.9599609375
2016-02-04,1915.449951171875,5898.7998046875,9393.3603515625,17044.990234375,19183.08984375,4228.52978515625
2016-02-05,1880.050048828125,5848.10009765625,9286.23046875,16819.58984375,19288.169921875,4200.669921875
2016-02-12,1864.780029296875,5707.60009765625,8967.509765625,14952.6103515625,18319.580078125,3995.06005859375
2016-02-16,1895.5799560546875,5862.2001953125,9135.1103515625,16054.4296875,19122.080078125,4110.66015625
2016-02-17,1926.8199462890625,6030.2998046875,9377.2099609375,15836.3603515625,18924.5703125,4233.47021484375
2016-02-18,1917.8299560546875,5972.0,9463.6396484375,16196.7998046875,19363.080078125,4239.759765625
2016-02-19,1917.780029296875,5950.2001953125,9388.0498046875,15967.169921875,19285.5,4223.0400390625
2016-02-22,1945.5,6037.7001953125,9573.58984375,16111.0498046875,19464.08984375,4298.7001953125
2016-02-23,1921.27001953125,5962.2998046875,9416.76953125,16052.0498046875,19414.779296875,4238.419921875
2016-02-24,1929.800048828125,5867.2001953125,9167.7998046875,15915.7900390625,19192.44921875,4155.33984375
2016-02-25,1951.699951171875,6012.7998046875,9331.48046875,16140.33984375,18888.75,4248.4501953125
2016-02-26,1948.050048828125,6096.0,9513.2998046875,16188.41015625,19364.150390625,4314.56982421875
2016-02-29,1932.22998046875,6097.10009765625,9495.400390625,16026.759765625,19111.9296875,4353.5498046875
2016-03-01,1978.3499755859375,6152.89990234375,9717.16015625,16085.509765625,19407.4609375,4406.83984375
2016-03-02,1986.449951171875,6147.10009765625,9776.6201171875,16746.55078125,20003.490234375,4424.89013671875
2016-03-03,1993.4000244140625,6130.5,9751.919921875,16960.16015625,19941.759765625,4416.080078125
2016-03-04,1999.989990234375,6199.39990234375,9824.169921875,17014.779296875,20176.69921875,4456.6201171875
2016-03-07,2001.760009765625,6182.39990234375,9778.9296875,16911.3203125,20159.720703125,4442.2900390625
2016-03-08,1979.260009765625,6125.39990234375,9692.8203125,16783.150390625,20011.580078125,4404.02001953125
2016-03-09,1989.260009765625,6146.2998046875,9723.08984375,16642.19921875,19996.259765625,4425.64990234375
2016-03-10,1989.5699462890625,6036.7001953125,9498.150390625,16852.349609375,19984.419921875,4350.35009765625
2016-03-11,2022.18994140625,6139.7998046875,9831.1298828125,16938.869140625,20199.599609375,4492.7900390625
2016-03-14,2019.6400146484375,6174.60009765625,9990.259765625,17233.75,20435.33984375,4506.58984375
2016-03-15,2015.9300537109375,6140.0,9933.849609375,17117.0703125,20288.76953125,4472.6298828125
2016-03-16,2027.219970703125,6175.5,9983.41015625,16974.44921875,20257.69921875,4463.0
2016-03-17,2040.5899658203125,6201.10009765625,9892.2001953125,16936.380859375,20503.810546875,4442.89013671875
2016-03-18,2049.580078125,6189.60009765625,9950.7998046875,16724.810546875,20671.630859375,4462.509765625
2016-03-22,2049.800048828125,6192.7001953125,9990.0,17048.55078125,20666.75,4431.97021484375
2016-03-23,2036.7099609375,6199.10009765625,10022.9296875,17000.98046875,20615.23046875,4423.97998046875
2016-03-24,2035.93994140625,6106.5,9851.349609375,16892.330078125,20345.609375,4329.68017578125
2016-03-29,2055.010009765625,6105.89990234375,9887.9404296875,17103.529296875,20366.30078125,4366.669921875
2016-03-30,2063.949951171875,6203.2001953125,10046.6103515625,16878.9609375,20803.390625,4444.419921875
2016-03-31,2059.739990234375,6174.89990234375,9965.509765625,16758.669921875,20776.69921875,4385.06005859375
2016-04-01,2072.780029296875,6146.10009765625,9794.6396484375,16164.16015625,20498.919921875,4322.240234375
2016-04-05,2045.1700439453125,6091.2001953125,9563.3603515625,15732.8203125,20177.0,4250.27978515625
2016-04-06,2066.659912109375,6161.60009765625,9624.509765625,15715.3603515625,20206.669921875,4284.64013671875
2016-04-07,2041.9100341796875,6136.89990234375,9530.6201171875,15749.83984375,20266.05078125,4245.91015625
2016-04-08,2047.5999755859375,6204.39990234375,9622.259765625,15821.51953125,20370.400390625,4303.1201171875
2016-04-11,2041.989990234375,6200.10009765625,9682.990234375,15751.1298828125,20440.810546875,4312.6298828125
2016-04-12,2061.719970703125,6242.39990234375,9761.4697265625,15928.7900390625,20504.439453125,4345.91015625
2016-04-13,2082.419921875,6362.89990234375,10026.099609375,16381.2197265625,21158.7109375,4490.31005859375
2016-04-14,2082.780029296875,6365.10009765625,10093.650390625,16911.05078125,21337.810546875,4511.509765625
2016-04-15,2080.72998046875,6343.7998046875,10051.5703125,16848.029296875,21316.470703125,4495.169921875
2016-04-18,2094.340087890625,6353.5,10120.3095703125,16275.9501953125,21161.5,4506.83984375
2016-04-19,2100.800048828125,6405.39990234375,10349.58984375,16874.439453125,21436.2109375,4566.47998046875
2016-04-20,2102.39990234375,6410.2998046875,10421.2900390625,16906.5390625,21236.310546875,4591.919921875
2016-04-21,2091.47998046875,6381.39990234375,10435.73046875,17363.619140625,21622.25,4582.830078125
2016-04-22,2091.580078125,6310.39990234375,10373.490234375,17572.490234375,21467.0390625,4569.66015625
2016-04-25,2087.7900390625,6260.89990234375,10294.349609375,17439.30078125,21304.439453125,4546.1201171875
2016-04-26,2091.699951171875,6284.5,10259.58984375,17353.279296875,21407.26953125,4533.18017578125
2016-04-27,2095.14990234375,6319.89990234375,10299.830078125,17290.490234375,21361.599609375,4559.39990234375
2016-04-28,2075.81005859375,6322.39990234375,10321.150390625,16666.05078125,21388.029296875,4557.35986328125
2016-05-06,2057.139892578125,6125.7001953125,9869.9501953125,16106.7197265625,20109.869140625,4301.240234375
2016-05-09,2058.68994140625,6114.7998046875,9980.490234375,16216.0302734375,20156.810546875,4322.81005859375
2016-05-10,2084.389892578125,6156.7001953125,10045.4404296875,16565.189453125,20242.6796875,4338.2099609375
2016-05-11,2064.4599609375,6162.5,9975.3203125,16579.009765625,20055.2890625,4316.669921875
2016-05-12,2064.110107421875,6104.2001953125,9862.1201171875,16646.33984375,19915.4609375,4293.27001953125
2016-05-13,2046.6099853515625,6138.5,9952.900390625,16412.2109375,19719.2890625,4319.990234375
2016-05-17,2047.2099609375,6167.7998046875,9890.1904296875,16652.80078125,20118.80078125,4297.56982421875
2016-05-18,2047.6300048828125,6165.7998046875,9943.23046875,16644.689453125,19826.41015625,4319.2998046875
2016-05-19,2040.0400390625,6053.39990234375,9795.8896484375,16646.66015625,19694.330078125,4282.5400390625
2016-05-20,2052.320068359375,6156.2998046875,9916.01953125,16736.349609375,19852.19921875,4353.89990234375
2016-05-23,2048.0400390625,6136.39990234375,9842.2900390625,16654.599609375,19809.029296875,4325.10009765625
2016-05-24,2076.06005859375,6219.2998046875,10057.3095703125,16498.759765625,19830.4296875,4431.52001953125
2016-05-25,2090.5400390625,6262.89990234375,10205.2099609375,16757.349609375,20368.05078125,4481.64013671875
2016-05-26,2090.10009765625,6265.7001953125,10272.7099609375,16772.4609375,20397.109375,4512.64013671875
2016-05-27,2099.06005859375,6270.7998046875,10286.3095703125,16834.83984375,20576.76953125,4514.740234375
2016-05-31,2096.949951171875,6230.7998046875,10262.740234375,17234.98046875,20815.08984375,4505.6201171875
2016-06-01,2099.330078125,6191.89990234375,10204.4404296875,16955.73046875,20760.98046875,4475.39013671875
2016-06-02,2105.260009765625,6185.60009765625,10208.0,16562.55078125,20859.220703125,4466.0
2016-06-03,2099.1298828125,6209.60009765625,10103.259765625,16642.23046875,20947.240234375,4421.77978515625
2016-06-06,2109.409912109375,6273.39990234375,10121.080078125,16580.029296875,21030.220703125,4423.3798828125
2016-06-07,2112.1298828125,6284.5,10287.6796875,16675.44921875,21328.240234375,4475.85986328125
2016-06-08,2119.1201171875,6301.5,10217.0302734375,16830.919921875,21297.880859375,4448.72998046875
2016-06-10,2096.070068359375,6115.7998046875,9834.6201171875,16601.359375,21042.640625,4306.72021484375
2016-06-13,2079.06005859375,6045.0,9657.4404296875,16019.1796875,20512.990234375,4227.02001953125
2016-06-14,2075.320068359375,5923.5,9519.2001953125,15859.0,20387.529296875,4130.330078125
2016-06-15,2071.5,5966.7998046875,9606.7099609375,15919.580078125,20467.51953125,4171.580078125
2016-06-16,2077.989990234375,5950.5,9550.4697265625,15434.1396484375,20038.419921875,4153.009765625
2016-06-17,2071.219970703125,6021.10009765625,9631.3603515625,15599.66015625,20169.98046875,4193.830078125
2016-06-20,2083.25,6204.0,9962.01953125,15965.2998046875,20510.19921875,4340.759765625
2016-06-21,2088.89990234375,6226.60009765625,10015.5400390625,16169.1103515625,20668.439453125,4367.240234375
2016-06-22,2085.449951171875,6261.2001953125,10071.0595703125,16065.7197265625,20795.119140625,4380.02978515625
2016-06-23,2113.320068359375,6338.10009765625,10257.0302734375,16238.349609375,20868.33984375,4465.89990234375
2016-06-24,2037.4100341796875,6138.7001953125,9557.16015625,14952.01953125,20259.130859375,4106.72998046875
2016-06-27,2000.5400390625,5982.2001953125,9268.66015625,15309.2099609375,20227.30078125,4030.300048828125
2016-06-28,2036.0899658203125,6140.39990234375,9447.2802734375,15323.1396484375,20172.4609375,4088.85009765625
2016-06-29,2070.77001953125,6360.10009765625,9612.26953125,15566.830078125,20436.119140625,4195.31982421875
2016-06-30,2098.860107421875,6504.2998046875,9680.08984375,15575.919921875,20794.369140625,4237.47998046875
2016-07-05,2088.550048828125,6545.39990234375,9532.6103515625,15669.330078125,20750.720703125,4163.419921875
2016-07-06,2099.72998046875,6463.60009765625,9373.259765625,15378.990234375,20495.2890625,4085.300048828125
2016-07-07,2097.89990234375,6533.7998046875,9418.7802734375,15276.240234375,20706.919921875,4117.85009765625
2016-07-08,2129.89990234375,6590.60009765625,9629.66015625,15106.98046875,20564.169921875,4190.68017578125
2016-07-11,2137.159912109375,6682.89990234375,9833.41015625,15708.8203125,20880.5,4264.52978515625
2016-07-12,2152.139892578125,6680.7001953125,9964.0703125,16095.650390625,21224.740234375,4331.3798828125
2016-07-13,2152.429931640625,6670.39990234375,9930.7099609375,16231.4296875,21322.369140625,4335.259765625
2016-07-14,2163.75,6654.5,10068.2998046875,16385.890625,21561.060546875,4385.52001953125
2016-07-15,2161.739990234375,6669.2001953125,10066.900390625,16497.849609375,21659.25,4372.509765625
2016-07-19,2163.780029296875,6697.39990234375,9981.240234375,16723.310546875,21673.19921875,4330.1298828125
2016-07-20,2173.02001953125,6729.0,10142.009765625,16681.890625,21882.48046875,4379.759765625
2016-07-21,2165.169921875,6699.89990234375,10156.2099609375,16810.220703125,22000.490234375,4376.25
2016-07-22,2175.030029296875,6730.5,10147.4599609375,16627.25,21964.26953125,4381.10009765625
2016-07-25,2168.47998046875,6710.10009765625,10198.240234375,16620.2890625,21993.439453125,4388.0
2016-07-26,2169.179931640625,6724.0,10247.759765625,16383.0400390625,22129.73046875,4394.77001953125
2016-07-27,2166.580078125,6750.39990234375,10319.5498046875,16664.8203125,22218.990234375,4446.9599609375
2016-07-28,2170.06005859375,6721.10009765625,10274.9296875,16476.83984375,22174.33984375,4420.580078125
2016-07-29,2173.60009765625,6724.39990234375,10337.5,16569.26953125,21891.369140625,4439.81005859375
2016-08-01,2170.840087890625,6694.0,10330.51953125,16635.76953125,22129.140625,4409.169921875
2016-08-03,2163.7900390625,6634.39990234375,10170.2099609375,16083.1103515625,21739.119140625,4321.080078125
2016-08-04,2164.25,6740.2001953125,10227.8603515625,16254.8896484375,21832.23046875,4345.6298828125
2016-08-05,2182.8701171875,6793.5,10367.2099609375,16254.4501953125,22146.08984375,4410.5498046875
2016-08-08,2180.889892578125,6809.10009765625,10432.3603515625,16650.5703125,22494.759765625,4415.4599609375
2016-08-09,2181.739990234375,6851.2998046875,10692.900390625,16764.970703125,22465.609375,4468.06982421875
2016-08-10,2175.489990234375,6866.39990234375,10650.8896484375,16735.119140625,22492.4296875,4452.009765625
2016-08-12,2184.050048828125,6916.0,10713.4296875,16919.919921875,22766.91015625,4500.18994140625
2016-08-15,2190.14990234375,6941.2001953125,10739.2099609375,16869.560546875,22932.509765625,4497.85986328125
2016-08-16,2178.14990234375,6893.89990234375,10676.650390625,16596.509765625,22910.83984375,4460.43994140625
2016-08-17,2182.219970703125,6859.2001953125,10537.669921875,16745.640625,22799.779296875,4417.68017578125
2016-08-18,2187.02001953125,6869.0,10603.0302734375,16486.009765625,23023.16015625,4437.06005859375
2016-08-19,2183.8701171875,6859.0,10544.3603515625,16545.8203125,22937.220703125,4400.52001953125
2016-08-22,2182.639892578125,6828.5,10494.349609375,16598.189453125,22997.91015625,4389.93994140625
2016-08-23,2186.89990234375,6868.5,10592.8798828125,16497.359375,22998.9296875,4421.4501953125
2016-08-24,2175.43994140625,6835.7998046875,10622.9697265625,16597.30078125,22820.779296875,4435.47021484375
2016-08-25,2172.469970703125,6816.89990234375,10529.58984375,16555.94921875,22814.94921875,4406.60986328125
2016-08-26,2169.0400390625,6838.10009765625,10587.76953125,16360.7099609375,22909.5390625,4441.8701171875
2016-08-30,2176.1201171875,6820.7998046875,10657.6396484375,16725.359375,23016.109375,4457.490234375
2016-08-31,2170.949951171875,6781.5,10592.6904296875,16887.400390625,22976.880859375,4438.22021484375
2016-09-01,2170.860107421875,6746.0,10534.3095703125,16926.83984375,23162.33984375,4439.669921875
2016-09-02,2179.97998046875,6894.60009765625,10683.8203125,16925.6796875,23266.69921875,4542.169921875
2016-09-06,2186.47998046875,6826.10009765625,10687.1396484375,17081.98046875,23787.6796875,4529.9599609375
2016-09-07,2186.159912109375,6846.60009765625,10752.98046875,17012.439453125,23741.810546875,4557.66015625
2016-09-08,2181.300048828125,6858.7001953125,10675.2900390625,16958.76953125,23919.33984375,4542.2001953125
2016-09-09,2127.81005859375,6777.0,10573.4404296875,16965.759765625,24099.69921875,4491.39990234375
2016-09-12,2159.0400390625,6700.89990234375,10431.76953125,16672.919921875,23290.599609375,4439.7998046875
2016-09-13,2127.02001953125,6665.60009765625,10386.599609375,16729.0390625,23215.759765625,4387.18017578125
2016-09-14,2125.77001953125,6673.2998046875,10378.400390625,16614.240234375,23190.640625,4370.259765625
2016-09-15,2147.260009765625,6730.2998046875,10431.2001953125,16405.009765625,23335.58984375,4373.22021484375
2016-09-20,2139.760009765625,6830.7998046875,10393.8603515625,16492.150390625,23530.859375,4388.60009765625
2016-09-21,2163.1201171875,6834.7998046875,10436.490234375,16807.619140625,23669.900390625,4409.5498046875
2016-09-23,2164.68994140625,6909.39990234375,10626.9697265625,16754.01953125,23686.48046875,4488.68994140625
2016-09-26,2146.10009765625,6818.0,10393.7099609375,16544.560546875,23317.919921875,4407.85009765625
2016-09-27,2159.929931640625,6807.7001953125,10361.48046875,16683.9296875,23571.900390625,4398.68017578125
2016-09-28,2171.3701171875,6849.39990234375,10438.33984375,16465.400390625,23619.650390625,4432.4501953125
2016-09-29,2151.1298828125,6919.39990234375,10405.5400390625,16693.7109375,23739.470703125,4443.83984375
2016-09-30,2168.27001953125,6899.2998046875,10511.01953125,16449.83984375,23297.150390625,4448.259765625
2016-10-04,2150.489990234375,7074.2998046875,10619.6103515625,16735.650390625,23689.439453125,4503.08984375
2016-10-05,2159.72998046875,7033.2998046875,10585.7802734375,16819.240234375,23788.310546875,4489.9501953125
2016-10-06,2160.77001953125,7000.0,10568.7998046875,16899.099609375,23952.5,4480.10009765625
2016-10-07,2153.739990234375,7044.39990234375,10490.8603515625,16860.08984375,23851.8203125,4449.91015625
2016-10-11,2136.72998046875,7070.89990234375,10577.16015625,17024.759765625,23549.51953125,4471.740234375
2016-10-12,2139.179931640625,7024.0,10523.0703125,16840.0,23407.05078125,4452.240234375
2016-10-13,2132.550048828125,6977.7001953125,10414.0703125,16774.240234375,23031.30078125,4405.169921875
2016-10-14,2132.97998046875,7013.60009765625,10580.3798828125,16856.369140625,23233.310546875,4470.919921875
2016-10-17,2126.5,6947.60009765625,10503.5703125,16900.119140625,23037.5390625,4450.22998046875
2016-10-18,2139.60009765625,7000.10009765625,10631.5498046875,16963.609375,23394.390625,4508.91015625
2016-10-19,2144.2900390625,7021.89990234375,10645.6796875,16998.91015625,23304.970703125,4520.2998046875
2016-10-20,2141.340087890625,7026.89990234375,10701.3896484375,17235.5,23374.400390625,4540.1201171875
2016-10-24,2151.330078125,6986.39990234375,10761.169921875,17234.419921875,23604.080078125,4552.580078125
2016-10-25,2143.159912109375,7017.60009765625,10757.3095703125,17365.25,23565.109375,4540.83984375
2016-10-26,2139.429931640625,6958.10009765625,10709.6796875,17391.83984375,23325.4296875,4534.58984375
2016-10-27,2133.0400390625,6986.60009765625,10717.080078125,17336.419921875,23132.349609375,4533.56982421875
2016-10-28,2126.409912109375,6996.2998046875,10696.1904296875,17446.41015625,22954.810546875,4548.580078125
2016-10-31,2126.14990234375,6954.2001953125,10665.009765625,17425.01953125,22934.5390625,4509.259765625
2016-11-01,2111.719970703125,6917.10009765625,10526.16015625,17442.400390625,23147.0703125,4470.27978515625
2016-11-02,2097.93994140625,6845.39990234375,10370.9296875,17134.6796875,22810.5,4414.669921875
2016-11-04,2085.179931640625,6693.2998046875,10259.1298828125,16905.359375,22642.619140625,4377.4599609375
2016-11-07,2131.52001953125,6806.89990234375,10456.9501953125,17177.2109375,22801.400390625,4461.2099609375
2016-11-08,2139.56005859375,6843.10009765625,10482.3203125,17171.380859375,22909.470703125,4476.89013671875
2016-11-09,2163.260009765625,6911.7998046875,10646.009765625,16251.5400390625,22415.189453125,4543.47998046875
2016-11-10,2167.47998046875,6828.0,10630.1201171875,17344.419921875,22839.109375,4530.9501953125
2016-11-11,2164.449951171875,6730.39990234375,10667.9501953125,17374.7890625,22531.08984375,4489.27001953125
2016-11-14,2164.199951171875,6753.2001953125,10693.6904296875,17672.619140625,22222.220703125,4508.5498046875
2016-11-15,2180.389892578125,6792.7001953125,10735.1396484375,17668.150390625,22323.91015625,4536.52978515625
2016-11-16,2176.93994140625,6749.7001953125,10663.8701171875,17862.2109375,22280.529296875,4501.14013671875
2016-11-17,2187.1201171875,6794.7001953125,10685.5400390625,17862.630859375,22262.880859375,4527.77001953125
2016-11-18,2181.89990234375,6775.7998046875,10664.5595703125,17967.41015625,22344.2109375,4504.35009765625
2016-11-21,2198.179931640625,6778.0,10685.1298828125,18106.01953125,22357.779296875,4529.580078125
2016-11-22,2202.93994140625,6819.7001953125,10713.849609375,18162.939453125,22678.0703125,4548.35009765625
2016-11-25,2213.35009765625,6840.7998046875,10699.26953125,18381.220703125,22723.44921875,4550.27001953125
2016-11-28,2201.719970703125,6799.5,10582.669921875,18356.890625,22830.5703125,4510.39013671875
2016-11-29,2204.659912109375,6772.0,10620.490234375,18307.0390625,22737.0703125,4551.4599609375
2016-11-30,2198.81005859375,6783.7998046875,10640.2998046875,18308.48046875,22789.76953125,4578.33984375
2016-12-01,2191.080078125,6752.89990234375,10534.0498046875,18513.119140625,22878.23046875,4560.60986328125
2016-12-02,2191.949951171875,6730.7001953125,10513.349609375,18426.080078125,22564.8203125,4528.81982421875
2016-12-05,2204.7099609375,6746.7998046875,10684.830078125,18274.990234375,22505.55078125,4574.31982421875
2016-12-06,2212.22998046875,6779.7998046875,10775.3203125,18360.5390625,22675.150390625,4631.93994140625
2016-12-07,2241.35009765625,6902.2001953125,10986.6904296875,18496.689453125,22800.919921875,4694.72021484375
2016-12-08,2246.18994140625,6931.60009765625,11179.419921875,18765.470703125,22861.83984375,4735.47998046875
2016-12-09,2259.530029296875,6954.2001953125,11203.6298828125,18996.369140625,22760.98046875,4764.06982421875
2016-12-12,2256.9599609375,6890.39990234375,11190.2099609375,19155.029296875,22433.01953125,4760.77001953125
2016-12-13,2271.719970703125,6968.60009765625,11284.650390625,19250.51953125,22446.69921875,4803.8701171875
2016-12-14,2253.280029296875,6949.2001953125,11244.83984375,19253.609375,22456.619140625,4769.240234375
2016-12-15,2262.030029296875,6999.0,11366.400390625,19273.7890625,22059.400390625,4819.22998046875
2016-12-16,2258.070068359375,7011.60009765625,11404.009765625,19401.150390625,22020.75,4833.27001953125
2016-12-19,2262.530029296875,7017.2001953125,11426.7001953125,19391.599609375,21832.6796875,4822.77001953125
2016-12-20,2270.760009765625,7044.0,11464.740234375,19494.529296875,21729.060546875,4849.89013671875
2016-12-21,2265.179931640625,7041.39990234375,11468.6396484375,19444.490234375,21809.80078125,4833.81982421875
2016-12-22,2260.9599609375,7063.7001953125,11456.099609375,19427.669921875,21636.19921875,4834.6298828125
2016-12-28,2249.919921875,7106.10009765625,11474.990234375,19401.720703125,21754.740234375,4848.009765625
2016-12-29,2249.260009765625,7120.2998046875,11451.0498046875,19145.140625,21790.91015625,4838.47021484375
2016-12-30,2238.830078125,7142.7998046875,11481.0595703125,19114.369140625,22000.560546875,4862.31005859375
2017-01-04,2270.75,7189.7001953125,11584.3095703125,19594.16015625,22134.470703125,4899.39990234375
2017-01-05,2269.0,7195.2998046875,11584.9404296875,19520.689453125,22456.689453125,4900.64013671875
2017-01-06,2276.97998046875,7210.10009765625,11599.009765625,19454.330078125,22503.009765625,4909.83984375
2017-01-10,2268.89990234375,7275.5,11583.2998046875,19301.439453125,22744.849609375,4888.22998046875
2017-01-11,2275.320068359375,7290.5,11646.169921875,19364.669921875,22935.349609375,4888.7099609375
2017-01-12,2270.43994140625,7292.39990234375,11521.0400390625,19134.69921875,22829.01953125,4863.97021484375
2017-01-13,2274.639892578125,7337.7998046875,11629.1796875,19287.279296875,22937.380859375,4922.490234375
2017-01-17,2267.889892578125,7220.39990234375,11540.0,18813.529296875,22840.970703125,4859.68994140625
2017-01-18,2271.889892578125,7247.60009765625,11599.3896484375,18894.369140625,23098.259765625,4853.39990234375
2017-01-19,2263.68994140625,7208.39990234375,11596.8896484375,19072.25,23049.9609375,4841.14013671875
2017-01-20,2271.31005859375,7198.39990234375,11630.1298828125,19137.91015625,22885.91015625,4850.669921875
2017-01-23,2265.199951171875,7151.2001953125,11545.75,18891.029296875,22898.51953125,4821.41015625
2017-01-24,2280.070068359375,7150.2998046875,11594.9404296875,18787.990234375,22949.859375,4830.02978515625
2017-01-25,2298.3701171875,7164.39990234375,11806.0498046875,19057.5,23049.119140625,4877.669921875
2017-01-26,2296.679931640625,7161.5,11848.6298828125,19402.390625,23374.169921875,4867.240234375
2017-01-27,2294.68994140625,7184.5,11814.26953125,19467.400390625,23360.779296875,4839.97998046875
2017-02-01,2279.550048828125,7107.7001953125,11659.5,19148.080078125,23318.390625,4794.580078125
2017-02-02,2280.85009765625,7140.7998046875,11627.9501953125,18914.580078125,23184.51953125,4794.2900390625
2017-02-03,2297.419921875,7188.2998046875,11651.490234375,18918.19921875,23129.2109375,4825.419921875
2017-02-06,2292.56005859375,7172.2001953125,11509.83984375,18976.7109375,23348.240234375,4778.080078125
2017-02-07,2293.080078125,7186.2001953125,11549.4404296875,18910.779296875,23331.5703125,4754.47021484375
2017-02-08,2294.669921875,7188.7998046875,11543.3798828125,19007.599609375,23485.130859375,4766.60009765625
2017-02-09,2307.8701171875,7229.5,11642.8603515625,18907.669921875,23525.140625,4826.240234375
2017-02-10,2316.10009765625,7258.7998046875,11666.9697265625,19378.9296875,23574.98046875,4828.31982421875
2017-02-13,2328.25,7278.89990234375,11774.4296875,19459.150390625,23710.98046875,4888.18994140625
2017-02-14,2337.580078125,7268.60009765625,11771.8095703125,19238.98046875,23703.009765625,4895.81982421875
2017-02-15,2349.25,7302.39990234375,11793.9296875,19437.98046875,23994.869140625,4924.85986328125
2017-02-16,2347.219970703125,7277.89990234375,11757.240234375,19347.529296875,24107.69921875,4899.4599609375
2017-02-17,2351.159912109375,7300.0,11757.01953125,19234.619140625,24033.740234375,4867.580078125
2017-02-21,2365.3798828125,7274.7998046875,11967.490234375,19381.439453125,23963.630859375,4888.759765625
2017-02-22,2362.820068359375,7302.2998046875,11998.58984375,19379.869140625,24201.9609375,4895.8798828125
2017-02-23,2363.81005859375,7271.39990234375,11947.830078125,19371.4609375,24114.859375,4891.2900390625
2017-02-24,2367.340087890625,7243.7001953125,11804.0302734375,19283.5390625,23965.69921875,4845.240234375
2017-02-27,2369.75,7253.0,11822.669921875,19107.470703125,23925.05078125,4845.18017578125
2017-02-28,2363.639892578125,7263.39990234375,11834.41015625,19118.990234375,23740.73046875,4858.580078125
2017-03-01,2395.9599609375,7382.89990234375,12067.1904296875,19393.5390625,23776.490234375,4960.830078125
2017-03-02,2381.919921875,7382.39990234375,12059.5703125,19564.80078125,23728.0703125,4963.7998046875
2017-03-03,2383.1201171875,7374.2998046875,12027.3603515625,19469.169921875,23552.720703125,4995.1298828125
2017-03-06,2375.31005859375,7350.10009765625,11958.400390625,19379.140625,23596.279296875,4972.18994140625
2017-03-07,2368.389892578125,7339.0,11966.1396484375,19344.150390625,23681.0703125,4955.0
2017-03-08,2362.97998046875,7334.60009765625,11967.3095703125,19254.029296875,23782.26953125,4960.47998046875
2017-03-09,2364.8701171875,7315.0,11978.3896484375,19318.580078125,23501.560546875,4981.509765625
2017-03-10,2372.60009765625,7343.10009765625,11963.1796875,19604.609375,23568.669921875,4993.31982421875
2017-03-13,2373.469970703125,7367.10009765625,11990.0302734375,19633.75,23829.669921875,4999.60009765625
2017-03-14,2365.449951171875,7357.89990234375,11988.7900390625,19609.5,23827.94921875,4974.259765625
2017-03-15,2385.260009765625,7368.60009765625,12009.8701171875,19577.380859375,23792.849609375,4985.47998046875
2017-03-16,2381.3798828125,7416.0,12083.1796875,19590.140625,24288.279296875,5013.3798828125
2017-03-17,2378.25,7425.0,12095.240234375,19521.58984375,24309.9296875,5029.240234375
2017-03-21,2344.02001953125,7378.2998046875,11962.1298828125,19455.880859375,24593.119140625,5002.43017578125
2017-03-22,2348.449951171875,7324.7001953125,11904.1201171875,19041.380859375,24320.41015625,4994.7001953125
2017-03-23,2345.9599609375,7340.7001953125,12039.6796875,19085.310546875,24327.69921875,5032.759765625
2017-03-24,2343.97998046875,7336.7998046875,12064.26953125,19262.529296875,24358.26953125,5020.89990234375
2017-03-27,2341.590087890625,7293.5,11996.0703125,18985.58984375,24193.69921875,5017.43017578125
2017-03-28,2358.570068359375,7343.39990234375,12149.419921875,19202.869140625,24345.869140625,5046.2001953125
2017-03-29,2361.1298828125,7373.7001953125,12203.0,19217.48046875,24392.05078125,5069.0400390625
2017-03-30,2368.06005859375,7369.5,12256.4296875,19063.220703125,24301.08984375,5089.64013671875
2017-03-31,2362.719970703125,7322.89990234375,12312.8701171875,18909.259765625,24111.58984375,5122.509765625
2017-04-03,2358.840087890625,7282.7001953125,12257.2001953125,18983.23046875,24261.48046875,5085.91015625
2017-04-05,2352.949951171875,7331.7001953125,12217.5400390625,18861.26953125,24400.80078125,5091.85009765625
2017-04-06,2357.489990234375,7303.2001953125,12230.8896484375,18597.060546875,24273.720703125,5121.43994140625
2017-04-07,2355.5400390625,7349.39990234375,12225.0595703125,18664.630859375,24267.30078125,5135.27978515625
2017-04-10,2357.159912109375,7348.89990234375,12200.51953125,18797.880859375,24262.1796875,5107.4501953125
2017-04-11,2353.780029296875,7365.5,12139.349609375,18747.869140625,24088.4609375,5101.85986328125
2017-04-12,2344.929931640625,7349.0,12154.7001953125,18552.609375,24313.5,5101.10986328125
2017-04-13,2328.949951171875,7327.60009765625,12109.0,18426.83984375,24261.66015625,5071.10009765625
2017-04-18,2342.18994140625,7147.5,12000.4404296875,18418.58984375,23924.5390625,4990.25
2017-04-19,2338.169921875,7114.39990234375,12016.4501953125,18432.19921875,23825.880859375,5003.72998046875
2017-04-20,2355.840087890625,7118.5,12027.3203125,18430.490234375,24056.98046875,5077.91015625
2017-04-21,2348.68994140625,7114.60009765625,12048.5703125,18620.75,24042.01953125,5059.2001953125
2017-04-24,2374.14990234375,7264.7001953125,12454.98046875,18875.880859375,24139.48046875,5268.85009765625
2017-04-25,2388.610107421875,7275.60009765625,12467.0400390625,19079.330078125,24455.939453125,5277.8798828125
2017-04-26,2387.449951171875,7288.7001953125,12472.7998046875,19289.4296875,24578.4296875,5287.8798828125
2017-04-27,2388.77001953125,7237.2001953125,12443.7900390625,19251.869140625,24698.48046875,5271.7001953125
2017-04-28,2384.199951171875,7203.89990234375,12438.009765625,19196.740234375,24615.130859375,5267.330078125
2017-05-02,2391.169921875,7250.10009765625,12507.900390625,19445.69921875,24696.130859375,5304.14990234375
2017-05-08,2399.3798828125,7300.89990234375,12694.5498046875,19895.69921875,24577.91015625,5382.9501953125
2017-05-09,2396.919921875,7342.2001953125,12749.1201171875,19843.0,24889.029296875,5398.009765625
2017-05-10,2399.6298828125,7385.2001953125,12757.4599609375,19900.08984375,25015.419921875,5400.4599609375
2017-05-11,2394.43994140625,7386.60009765625,12711.0595703125,19961.55078125,25125.55078125,5383.419921875
2017-05-12,2390.89990234375,7435.39990234375,12770.41015625,19883.900390625,25156.33984375,5405.419921875
2017-05-15,2402.320068359375,7454.39990234375,12807.0400390625,19869.849609375,25371.58984375,5417.39990234375
2017-05-16,2400.669921875,7522.0,12804.5302734375,19919.8203125,25335.939453125,5406.10009765625
2017-05-17,2357.030029296875,7503.5,12631.6103515625,19814.880859375,25293.630859375,5317.89013671875
2017-05-18,2365.719970703125,7436.39990234375,12590.0595703125,19553.859375,25136.51953125,5289.72998046875
2017-05-19,2381.72998046875,7470.7001953125,12638.6904296875,19590.759765625,25174.869140625,5324.39990234375
2017-05-22,2394.02001953125,7496.2998046875,12619.4599609375,19678.279296875,25391.33984375,5322.8798828125
2017-05-23,2398.419921875,7485.2998046875,12659.150390625,19613.279296875,25403.150390625,5348.16015625
2017-05-24,2404.389892578125,7514.89990234375,12642.8701171875,19742.98046875,25428.5,5341.33984375
2017-05-25,2415.070068359375,7517.7001953125,12621.7197265625,19813.130859375,25630.779296875,5337.16015625
2017-05-26,2415.820068359375,7547.60009765625,12602.1796875,19686.83984375,25639.26953125,5336.64013671875
2017-05-31,2411.800048828125,7520.0,12615.0595703125,19650.5703125,25660.650390625,5283.6298828125
2017-06-01,2430.06005859375,7543.7998046875,12664.919921875,19860.029296875,25809.220703125,5318.669921875
2017-06-02,2439.070068359375,7547.60009765625,12822.9404296875,20177.279296875,25924.05078125,5343.41015625
2017-06-06,2429.330078125,7525.0,12690.1201171875,19979.900390625,25997.140625,5269.22021484375
2017-06-07,2433.139892578125,7478.60009765625,12672.490234375,19984.619140625,25974.16015625,5265.52978515625
2017-06-08,2433.7900390625,7450.0,12713.580078125,19909.259765625,26063.060546875,5264.240234375
2017-06-09,2431.77001953125,7527.2998046875,12815.7197265625,20013.259765625,26030.2890625,5299.7099609375
2017-06-12,2429.389892578125,7511.89990234375,12690.4404296875,19908.580078125,25708.0390625,5240.58984375
2017-06-13,2440.35009765625,7500.39990234375,12764.98046875,19898.75,25852.099609375,5261.740234375
2017-06-14,2437.919921875,7474.39990234375,12805.9501953125,19883.51953125,25875.900390625,5243.2900390625
2017-06-15,2432.4599609375,7419.39990234375,12691.8095703125,19831.8203125,25565.33984375,5216.8798828125
2017-06-16,2433.14990234375,7463.5,12752.73046875,19943.259765625,25626.490234375,5263.31005859375
2017-06-19,2453.4599609375,7523.7998046875,12888.9501953125,20067.75,25924.55078125,5310.72021484375
2017-06-20,2437.030029296875,7472.7001953125,12814.7900390625,20230.41015625,25843.0390625,5293.64990234375
2017-06-21,2435.610107421875,7447.7998046875,12774.259765625,20138.7890625,25694.580078125,5274.259765625
2017-06-22,2434.5,7439.2998046875,12794.0,20110.509765625,25674.529296875,5281.93017578125
2017-06-23,2438.300048828125,7424.10009765625,12733.41015625,20132.669921875,25670.05078125,5266.1201171875
2017-06-26,2439.070068359375,7446.7998046875,12770.830078125,20153.349609375,25871.890625,5295.75
2017-06-27,2419.3798828125,7434.39990234375,12671.01953125,20225.08984375,25839.990234375,5258.580078125
2017-06-28,2440.68994140625,7387.7998046875,12647.26953125,20130.41015625,25683.5,5252.89990234375
2017-06-29,2419.699951171875,7350.2998046875,12416.1904296875,20220.30078125,25965.419921875,5154.35009765625
2017-06-30,2423.409912109375,7312.7001953125,12325.1201171875,20033.4296875,25764.580078125,5120.68017578125
2017-07-03,2429.010009765625,7377.10009765625,12475.3095703125,20055.80078125,25784.169921875,5195.72021484375
2017-07-05,2432.5400390625,7367.60009765625,12453.6796875,20081.630859375,25521.970703125,5180.10009765625
2017-07-06,2409.75,7337.2998046875,12381.25,19994.060546875,25465.220703125,5152.39990234375
2017-07-07,2425.179931640625,7350.89990234375,12388.6796875,19929.08984375,25340.849609375,5145.16015625
2017-07-10,2427.429931640625,7370.0,12445.919921875,20080.98046875,25500.060546875,5165.64013671875
2017-07-11,2425.530029296875,7329.7998046875,12437.01953125,20195.48046875,25877.640625,5140.60009765625
2017-07-12,2443.25,7416.89990234375,12626.580078125,20098.380859375,26043.640625,5222.1298828125
2017-07-13,2447.830078125,7413.39990234375,12641.330078125,20099.810546875,26346.169921875,5235.39990234375
2017-07-14,2459.27001953125,7378.39990234375,12631.7197265625,20118.859375,26389.23046875,5235.31005859375
2017-07-18,2460.610107421875,7390.2001953125,12430.3896484375,19999.91015625,26524.939453125,5173.27001953125
2017-07-19,2473.830078125,7430.89990234375,12452.0498046875,20020.859375,26672.16015625,5216.06982421875
2017-07-20,2473.449951171875,7487.89990234375,12447.25,20144.58984375,26740.2109375,5199.22021484375
2017-07-21,2472.5400390625,7452.89990234375,12240.0595703125,20099.75,26706.08984375,5117.66015625
2017-07-24,2469.909912109375,7377.7001953125,12208.9501953125,19975.669921875,26846.830078125,5127.7001953125
2017-07-25,2477.1298828125,7434.7998046875,12264.3095703125,19955.19921875,26852.05078125,5161.080078125
2017-07-26,2477.830078125,7452.2998046875,12305.1103515625,20050.16015625,26941.01953125,5190.169921875
2017-07-27,2475.419921875,7443.0,12212.0400390625,20079.640625,27131.169921875,5186.9501953125
2017-07-28,2472.10009765625,7368.39990234375,12162.7001953125,19959.83984375,26979.390625,5131.39013671875
2017-07-31,2470.300048828125,7372.0,12118.25,19925.1796875,27323.990234375,5093.77001953125
2017-08-01,2476.35009765625,7423.7001953125,12251.2900390625,19985.7890625,27540.23046875,5127.02978515625
2017-08-02,2477.570068359375,7411.39990234375,12181.48046875,20080.0390625,27607.380859375,5107.25
2017-08-03,2472.159912109375,7474.7998046875,12154.7197265625,20029.259765625,27531.009765625,5130.490234375
2017-08-04,2476.830078125,7511.7001953125,12297.7197265625,19952.330078125,27562.6796875,5203.43994140625
2017-08-07,2480.909912109375,7531.89990234375,12257.169921875,20055.890625,27690.359375,5207.89013671875
2017-08-08,2474.919921875,7542.7001953125,12292.0498046875,19996.009765625,27854.91015625,5218.89013671875
2017-08-09,2474.02001953125,7498.10009765625,12154.0,19738.7109375,27757.08984375,5145.7001953125
2017-08-10,2438.2099609375,7389.89990234375,12014.2998046875,19729.740234375,27444.0,5115.22998046875
2017-08-14,2465.840087890625,7353.89990234375,12165.1201171875,19537.099609375,27250.23046875,5121.669921875
2017-08-15,2464.610107421875,7383.89990234375,12177.0400390625,19753.310546875,27174.9609375,5140.25
2017-08-16,2468.110107421875,7433.0,12263.8603515625,19729.279296875,27409.0703125,5176.60986328125
2017-08-17,2430.010009765625,7387.89990234375,12203.4599609375,19702.630859375,27344.220703125,5146.85009765625
2017-08-18,2425.550048828125,7324.0,12165.1904296875,19470.41015625,27047.5703125,5114.14990234375
2017-08-21,2428.3701171875,7318.89990234375,12065.990234375,19393.130859375,27154.6796875,5087.58984375
2017-08-22,2452.510009765625,7381.7001953125,12229.33984375,19383.83984375,27401.669921875,5131.85986328125
2017-08-24,2438.969970703125,7407.10009765625,12180.830078125,19353.76953125,27518.599609375,5113.1298828125
2017-08-25,2443.050048828125,7401.5,12167.9404296875,19452.609375,27848.16015625,5104.330078125
2017-08-29,2446.300048828125,7337.39990234375,11945.8798828125,19362.55078125,27765.009765625,5031.919921875
2017-08-30,2457.590087890625,7365.2998046875,12002.4697265625,19506.5390625,28094.609375,5056.33984375
2017-08-31,2471.64990234375,7430.60009765625,12055.83984375,19646.240234375,27970.30078125,5085.58984375
2017-09-01,2476.550048828125,7438.5,12142.6396484375,19691.470703125,27953.16015625,5123.259765625
2017-09-05,2457.85009765625,7372.89990234375,12123.7099609375,19385.810546875,27741.349609375,5086.56005859375
2017-09-06,2465.5400390625,7354.10009765625,12214.5400390625,19357.970703125,27613.759765625,5101.41015625
2017-09-07,2465.10009765625,7397.0,12296.6298828125,19396.51953125,27522.919921875,5114.6201171875
2017-09-08,2461.429931640625,7377.60009765625,12303.98046875,19274.8203125,27668.470703125,5113.490234375
2017-09-11,2488.110107421875,7413.60009765625,12475.240234375,19545.76953125,27955.130859375,5176.7099609375
2017-09-12,2496.47998046875,7400.7001953125,12524.76953125,19776.619140625,27972.240234375,5209.009765625
2017-09-13,2498.3701171875,7379.7001953125,12553.5703125,19865.8203125,27894.080078125,5217.58984375
2017-09-14,2495.6201171875,7295.39990234375,12540.4501953125,19807.439453125,27777.19921875,5225.2001953125
2017-09-15,2500.22998046875,7215.5,12518.8095703125,19909.5,27807.58984375,5213.91015625
2017-09-19,2506.64990234375,7275.2998046875,12561.7900390625,20299.380859375,28051.41015625,5237.43994140625
2017-09-20,2508.239990234375,7272.0,12569.169921875,20310.4609375,28127.80078125,5241.66015625
2017-09-21,2500.60009765625,7263.89990234375,12600.0302734375,20347.48046875,28110.330078125,5267.2900390625
2017-09-22,2502.219970703125,7310.60009765625,12592.349609375,20296.44921875,27880.529296875,5281.2900390625
2017-09-25,2496.659912109375,7301.2998046875,12594.8095703125,20397.580078125,27500.33984375,5267.1298828125
2017-09-26,2496.840087890625,7285.7001953125,12605.2001953125,20330.189453125,27513.009765625,5268.759765625
2017-09-27,2507.0400390625,7313.5,12657.41015625,20267.05078125,27642.4296875,5281.9599609375
2017-09-28,2510.06005859375,7322.7998046875,12704.650390625,20363.109375,27421.599609375,5293.77001953125
2017-09-29,2519.360107421875,7372.7998046875,12828.8603515625,20356.279296875,27554.30078125,5329.81005859375
2017-10-04,2537.739990234375,7467.60009765625,12970.51953125,20626.66015625,28379.1796875,5363.22998046875
2017-10-06,2549.330078125,7522.89990234375,12955.9404296875,20690.7109375,28458.0390625,5359.89990234375
2017-10-10,2550.639892578125,7538.2998046875,12949.25,20823.509765625,28490.830078125,5363.64990234375
2017-10-11,2555.239990234375,7533.7998046875,12970.6796875,20881.26953125,28389.5703125,5362.41015625
2017-10-12,2550.929931640625,7556.2001953125,12982.8896484375,20954.720703125,28459.029296875,5360.81005859375
2017-10-13,2553.169921875,7535.39990234375,12991.8701171875,21155.1796875,28476.4296875,5351.740234375
2017-10-16,2557.639892578125,7527.0,13003.7001953125,21255.560546875,28692.80078125,5362.8798828125
2017-10-17,2559.360107421875,7516.2001953125,12995.0595703125,21336.119140625,28697.490234375,5361.3701171875
2017-10-18,2561.260009765625,7542.89990234375,13043.0302734375,21363.05078125,28711.759765625,5383.81005859375
2017-10-19,2562.10009765625,7523.0,12990.099609375,21448.51953125,28159.08984375,5368.2900390625
2017-10-20,2575.2099609375,7523.2001953125,12991.2802734375,21457.640625,28487.240234375,5372.3798828125
2017-10-23,2564.97998046875,7524.5,13003.1396484375,21696.650390625,28305.880859375,5386.81005859375
2017-10-24,2569.1298828125,7526.5,13013.1904296875,21805.169921875,28154.970703125,5394.7998046875
2017-10-25,2557.14990234375,7447.2001953125,12953.41015625,21707.619140625,28302.890625,5374.89013671875
2017-10-26,2560.39990234375,7486.5,13133.2802734375,21739.779296875,28202.380859375,5455.39990234375
2017-10-27,2581.070068359375,7505.0,13217.5400390625,22008.44921875,28438.849609375,5494.1298828125
2017-10-30,2572.830078125,7487.7998046875,13229.5703125,22011.669921875,28336.189453125,5493.6298828125
2017-11-01,2579.360107421875,7488.0,13465.509765625,22420.080078125,28594.060546875,5514.2900390625
2017-11-02,2579.85009765625,7555.2998046875,13440.9296875,22539.119140625,28518.640625,5510.5
2017-11-06,2591.1298828125,7562.2998046875,13468.7900390625,22548.349609375,28596.80078125,5507.25
2017-11-07,2590.639892578125,7513.10009765625,13379.26953125,22937.599609375,28994.33984375,5480.64013671875
2017-11-08,2594.3798828125,7529.7001953125,13382.419921875,22913.8203125,28907.599609375,5471.43017578125
2017-11-09,2584.6201171875,7484.10009765625,13182.5595703125,22868.7109375,29136.5703125,5407.75
2017-11-10,2582.300048828125,7433.0,13127.4697265625,22681.419921875,29120.919921875,5380.72021484375
2017-11-13,2584.840087890625,7415.2001953125,13074.419921875,22380.990234375,29182.1796875,5341.6298828125
2017-11-14,2578.8701171875,7414.39990234375,13033.48046875,22380.009765625,29152.119140625,5315.580078125
2017-11-15,2564.6201171875,7372.60009765625,12976.3701171875,22028.3203125,28851.689453125,5301.25
2017-11-16,2585.639892578125,7386.89990234375,13047.2197265625,22351.119140625,29018.759765625,5336.39013671875
2017-11-17,2578.85009765625,7380.7001953125,12993.73046875,22396.80078125,29199.0390625,5319.169921875
2017-11-20,2582.139892578125,7389.5,13058.66015625,22261.759765625,29260.310546875,5340.4501953125
2017-11-21,2599.030029296875,7411.2998046875,13167.5400390625,22416.48046875,29818.0703125,5366.14990234375
2017-11-22,2597.080078125,7419.0,13015.0400390625,22523.150390625,30003.490234375,5352.759765625
2017-11-24,2602.419921875,7409.60009765625,13059.83984375,22550.849609375,29866.3203125,5390.4599609375
2017-11-27,2601.419921875,7383.89990234375,13000.2001953125,22495.990234375,29686.189453125,5360.08984375
2017-11-28,2627.0400390625,7460.7001953125,13059.5302734375,22486.240234375,29680.849609375,5390.47998046875
2017-11-29,2626.070068359375,7393.60009765625,13061.8701171875,22597.19921875,29623.830078125,5398.0498046875
2017-11-30,2647.580078125,7326.7001953125,13023.98046875,22724.9609375,29177.349609375,5372.7900390625
2017-12-01,2642.219970703125,7300.5,12861.490234375,22819.029296875,29074.240234375,5316.89013671875
2017-12-04,2639.43994140625,7339.0,13058.5498046875,22707.16015625,29138.279296875,5389.2900390625
2017-12-05,2629.570068359375,7327.5,13048.5400390625,22622.380859375,28842.80078125,5375.52978515625
2017-12-06,2629.27001953125,7348.0,12998.849609375,22177.0390625,28224.80078125,5374.35009765625
2017-12-07,2636.97998046875,7320.7998046875,13045.150390625,22498.029296875,28303.189453125,5383.85986328125
2017-12-08,2651.5,7394.0,13153.7001953125,22811.080078125,28639.849609375,5399.08984375
2017-12-11,2659.989990234375,7453.5,13123.650390625,22938.73046875,28965.2890625,5386.830078125
2017-12-12,2664.110107421875,7500.39990234375,13183.5302734375,22866.169921875,28793.880859375,5427.18994140625
2017-12-13,2662.85009765625,7496.5,13125.6396484375,22758.0703125,29222.099609375,5399.4501953125
2017-12-14,2652.010009765625,7448.10009765625,13068.080078125,22694.44921875,29166.380859375,5357.14013671875
2017-12-15,2675.81005859375,7490.60009765625,13103.5595703125,22553.220703125,28848.109375,5349.2998046875
2017-12-18,2690.159912109375,7537.0,13312.2998046875,22901.76953125,29050.41015625,5420.580078125
2017-12-19,2681.469970703125,7544.10009765625,13215.7900390625,22868.0,29253.66015625,5382.91015625
2017-12-20,2679.25,7525.2001953125,13069.169921875,22891.720703125,29234.08984375,5352.77001953125
2017-12-21,2684.570068359375,7604.0,13109.740234375,22866.099609375,29367.060546875,5385.97021484375
2017-12-22,2683.340087890625,7592.7001953125,13072.7900390625,22902.759765625,29578.009765625,5364.72021484375
2017-12-27,2682.6201171875,7620.7001953125,13070.01953125,22911.2109375,29597.66015625,5368.83984375
2017-12-28,2687.5400390625,7622.89990234375,12979.9404296875,22783.98046875,29863.7109375,5339.419921875
2017-12-29,2673.610107421875,7687.7998046875,12917.6396484375,22764.939453125,29919.150390625,5312.56005859375
2018-01-04,2723.989990234375,7695.89990234375,13167.8896484375,23506.330078125,30736.48046875,5413.68994140625
2018-01-05,2743.14990234375,7724.2001953125,13319.6396484375,23714.529296875,30814.640625,5470.75
2018-01-09,2751.2900390625,7731.0,13385.58984375,23849.990234375,31011.41015625,5523.93994140625
2018-01-10,2748.22998046875,7748.5,13281.33984375,23788.19921875,31073.720703125,5504.68017578125
2018-01-11,2767.56005859375,7762.89990234375,13202.900390625,23710.4296875,31120.390625,5488.5498046875
2018-01-12,2786.239990234375,7778.60009765625,13245.0302734375,23653.8203125,31412.5390625,5517.06005859375
2018-01-16,2776.419921875,7755.89990234375,13246.330078125,23951.810546875,31904.75,5513.81982421875
2018-01-17,2802.56005859375,7725.39990234375,13183.9599609375,23868.33984375,31983.41015625,5493.990234375
2018-01-18,2798.030029296875,7701.0,13281.4296875,23763.369140625,32121.939453125,5494.830078125
2018-01-19,2810.300048828125,7730.7998046875,13434.4501953125,23808.060546875,32254.890625,5526.509765625
2018-01-22,2832.969970703125,7715.39990234375,13463.6904296875,23816.330078125,32393.41015625,5541.990234375
2018-01-23,2839.1298828125,7731.7998046875,13559.599609375,24124.150390625,32930.69921875,5535.259765625
2018-01-24,2837.5400390625,7643.39990234375,13414.740234375,23940.779296875,32958.69140625,5495.16015625
2018-01-25,2839.25,7615.7998046875,13298.3603515625,23669.490234375,32654.44921875,5481.2099609375
2018-01-26,2872.8701171875,7665.5,13340.169921875,23631.880859375,33154.12109375,5529.14990234375
2018-01-29,2853.530029296875,7671.5,13324.48046875,23629.33984375,32966.890625,5521.58984375
2018-01-30,2822.429931640625,7588.0,13197.7099609375,23291.970703125,32607.2890625,5473.77978515625
2018-01-31,2823.81005859375,7533.60009765625,13189.48046875,23098.2890625,32887.26953125,5481.93017578125
2018-02-01,2821.97998046875,7490.39990234375,13003.900390625,23486.109375,32642.08984375,5454.5498046875
2018-02-02,2762.1298828125,7443.39990234375,12785.16015625,23274.529296875,32601.779296875,5364.97998046875
2018-02-05,2648.93994140625,7335.0,12687.490234375,22682.080078125,32245.220703125,5285.830078125
2018-02-06,2695.139892578125,7141.39990234375,12392.66015625,21610.240234375,30595.419921875,5161.81005859375
2018-02-07,2681.659912109375,7279.39990234375,12590.4296875,21645.369140625,30323.19921875,5255.89990234375
2018-02-08,2581.0,7170.7001953125,12260.2900390625,21890.859375,30451.26953125,5151.68017578125
2018-02-09,2619.550048828125,7092.39990234375,12107.48046875,21382.619140625,29507.419921875,5079.2099609375
2018-02-13,2662.93994140625,7168.0,12196.5,21244.6796875,29839.529296875,5109.240234375
2018-02-14,2698.6298828125,7214.0,12339.16015625,21154.169921875,30515.599609375,5165.259765625
2018-02-15,2731.199951171875,7234.7998046875,12346.169921875,21464.98046875,31115.4296875,5222.52001953125
2018-02-20,2716.260009765625,7246.7998046875,12487.900390625,21925.099609375,30873.630859375,5289.85986328125
2018-02-21,2701.330078125,7281.60009765625,12470.490234375,21970.810546875,31431.890625,5302.169921875
2018-02-22,2703.9599609375,7252.39990234375,12461.91015625,21736.439453125,30965.6796875,5309.22998046875
2018-02-23,2747.300048828125,7244.39990234375,12483.7900390625,21892.779296875,31267.169921875,5317.3701171875
2018-02-26,2779.60009765625,7289.60009765625,12527.0400390625,22153.630859375,31498.599609375,5344.259765625
2018-02-27,2744.280029296875,7282.5,12490.73046875,22389.859375,31268.66015625,5343.93017578125
2018-02-28,2713.830078125,7231.89990234375,12435.849609375,22068.240234375,30844.720703125,5320.490234375
2018-03-01,2677.669921875,7175.60009765625,12190.9404296875,21724.470703125,31044.25,5262.56005859375
2018-03-02,2691.25,7069.89990234375,11913.7099609375,21181.640625,30583.44921875,5136.580078125
2018-03-05,2720.93994140625,7116.0,12090.8701171875,21042.08984375,29886.390625,5167.22998046875
2018-03-06,2728.1201171875,7146.7998046875,12113.8701171875,21417.759765625,30510.73046875,5170.22998046875
2018-03-07,2726.800048828125,7157.7998046875,12245.3603515625,21252.720703125,30196.919921875,5187.830078125
2018-03-08,2738.969970703125,7203.2001953125,12355.5703125,21368.0703125,30654.51953125,5254.10009765625
2018-03-09,2786.570068359375,7224.5,12346.6796875,21469.19921875,30996.2109375,5274.39990234375
2018-03-12,2783.02001953125,7214.7998046875,12418.3896484375,21824.029296875,31594.330078125,5276.7099609375
2018-03-13,2765.31005859375,7138.7998046875,12221.0302734375,21968.099609375,31601.44921875,5242.7900390625
2018-03-14,2749.47998046875,7132.7001953125,12237.740234375,21777.2890625,31435.009765625,5233.35986328125
2018-03-15,2747.330078125,7139.7998046875,12345.5595703125,21803.94921875,31541.099609375,5267.259765625
2018-03-16,2752.010009765625,7164.10009765625,12389.580078125,21676.509765625,31501.970703125,5282.75
2018-03-19,2712.919921875,7042.89990234375,12217.01953125,21480.900390625,31513.759765625,5222.83984375
2018-03-20,2716.93994140625,7061.2998046875,12307.330078125,21380.970703125,31549.9296875,5252.43017578125
2018-03-22,2643.68994140625,6952.60009765625,12100.080078125,21591.990234375,31071.05078125,5167.2099609375
2018-03-23,2588.260009765625,6921.89990234375,11886.3095703125,20617.859375,30309.2890625,5095.22021484375
2018-03-26,2658.550048828125,6888.7001953125,11787.259765625,20766.099609375,30548.76953125,5066.27978515625
2018-03-27,2612.6201171875,7000.10009765625,11970.830078125,21317.3203125,30790.830078125,5115.740234375
2018-03-28,2605.0,7044.7001953125,11940.7099609375,21031.310546875,30022.529296875,5130.43994140625
2018-03-29,2640.8701171875,7056.60009765625,12096.73046875,21159.080078125,30093.380859375,5167.2998046875
2018-04-03,2614.449951171875,7030.5,12002.4501953125,21292.2890625,30180.099609375,5152.1201171875
2018-04-04,2644.68994140625,7034.0,11957.900390625,21319.55078125,29518.689453125,5141.7998046875
2018-04-06,2604.469970703125,7183.60009765625,12241.26953125,21567.51953125,29844.939453125,5258.240234375
2018-04-09,2613.159912109375,7194.7998046875,12261.75,21678.259765625,30229.580078125,5263.39013671875
2018-04-10,2656.8701171875,7266.7998046875,12397.3203125,21794.3203125,30728.740234375,5307.56005859375
2018-04-11,2642.18994140625,7257.10009765625,12293.9697265625,21687.099609375,30897.7109375,5277.93994140625
2018-04-12,2663.989990234375,7258.2998046875,12415.009765625,21660.279296875,30831.279296875,5309.22021484375
2018-04-13,2656.300048828125,7264.60009765625,12442.400390625,21778.740234375,30808.380859375,5315.02001953125
2018-04-16,2677.840087890625,7198.2001953125,12391.41015625,21835.529296875,30315.58984375,5312.9599609375
2018-04-17,2706.389892578125,7226.10009765625,12585.5703125,21847.58984375,30062.75,5353.5400390625
2018-04-18,2708.639892578125,7317.2998046875,12590.830078125,22158.19921875,30284.25,5380.169921875
2018-04-19,2693.1298828125,7328.89990234375,12567.419921875,22191.1796875,30708.439453125,5391.64013671875
2018-04-20,2670.139892578125,7368.2001953125,12540.5,22162.240234375,30418.330078125,5412.830078125
2018-04-23,2670.2900390625,7398.89990234375,12572.3896484375,22088.0390625,30254.400390625,5438.5498046875
2018-04-24,2634.56005859375,7425.39990234375,12550.8203125,22278.119140625,30636.240234375,5444.16015625
2018-04-25,2639.39990234375,7379.2998046875,12422.2998046875,22215.3203125,30328.150390625,5413.2998046875
2018-04-26,2666.93994140625,7421.39990234375,12500.4697265625,22319.609375,30007.6796875,5453.580078125
2018-04-27,2669.909912109375,7502.2001953125,12580.8701171875,22467.869140625,30280.669921875,5483.18994140625
2018-05-02,2635.669921875,7543.2001953125,12802.25,22472.779296875,30723.880859375,5529.22021484375
2018-05-08,2671.919921875,7565.7998046875,12912.2099609375,22508.689453125,30402.810546875,5521.93017578125
2018-05-09,2697.7900390625,7662.5,12943.0595703125,22408.880859375,30536.140625,5534.6298828125
2018-05-10,2723.070068359375,7701.0,13022.8701171875,22497.1796875,30809.220703125,5545.9501953125
2018-05-11,2727.719970703125,7724.60009765625,13001.240234375,22758.48046875,31122.060546875,5541.93994140625
2018-05-14,2730.1298828125,7711.0,12977.7099609375,22865.859375,31541.080078125,5540.68017578125
2018-05-15,2711.449951171875,7723.0,12970.0400390625,22818.01953125,31152.029296875,5553.16015625
2018-05-16,2722.4599609375,7734.2001953125,12996.330078125,22717.23046875,31110.19921875,5567.5400390625
2018-05-17,2720.1298828125,7788.0,13114.6103515625,22838.369140625,30942.150390625,5621.919921875
2018-05-18,2712.969970703125,7778.7998046875,13077.7197265625,22930.359375,31047.91015625,5614.509765625
2018-05-23,2733.2900390625,7788.39990234375,12976.83984375,22689.740234375,30665.640625,5565.85009765625
2018-05-24,2727.760009765625,7716.7001953125,12855.08984375,22437.009765625,30760.41015625,5548.4501953125
2018-05-25,2721.330078125,7730.2998046875,12938.009765625,22450.7890625,30588.0390625,5542.5498046875
2018-05-29,2689.860107421875,7632.60009765625,12666.509765625,22358.4296875,30484.580078125,5438.06005859375
2018-05-30,2724.010009765625,7689.60009765625,12783.759765625,22018.51953125,30056.7890625,5427.35009765625
2018-05-31,2705.27001953125,7678.2001953125,12604.8896484375,22201.8203125,30468.560546875,5398.39990234375
2018-06-01,2734.6201171875,7701.7998046875,12724.26953125,22171.349609375,30492.91015625,5465.52978515625
2018-06-04,2746.8701171875,7741.2998046875,12770.75,22475.939453125,30997.98046875,5472.91015625
2018-06-05,2748.800048828125,7686.7998046875,12787.1298828125,22539.5390625,31093.44921875,5460.9501953125
2018-06-06,2772.35009765625,7712.39990234375,12830.0703125,22625.73046875,31259.099609375,5457.56005859375
2018-06-07,2770.3701171875,7704.39990234375,12811.0498046875,22823.259765625,31512.630859375,5448.35986328125
2018-06-08,2779.030029296875,7681.10009765625,12766.5498046875,22694.5,30958.2109375,5450.22021484375
2018-06-11,2782.0,7737.39990234375,12842.91015625,22804.0390625,31063.69921875,5473.91015625
2018-06-12,2786.85009765625,7703.7998046875,12842.2998046875,22878.349609375,31103.060546875,5453.3701171875
2018-06-13,2775.6298828125,7703.7001953125,12890.580078125,22966.380859375,30725.150390625,5452.72998046875
2018-06-14,2782.489990234375,7765.7998046875,13107.099609375,22738.609375,30440.169921875,5528.4599609375
2018-06-15,2779.659912109375,7633.89990234375,13010.5498046875,22851.75,30309.490234375,5501.8798828125
2018-06-19,2762.590087890625,7603.89990234375,12677.9697265625,22278.48046875,29468.150390625,5390.6298828125
2018-06-20,2767.320068359375,7627.39990234375,12695.16015625,22555.4296875,29696.169921875,5372.31005859375
2018-06-21,2749.760009765625,7556.39990234375,12511.91015625,22693.0390625,29296.05078125,5316.009765625
2018-06-22,2754.8798828125,7682.2998046875,12579.7197265625,22516.830078125,29338.69921875,5387.3798828125
2018-06-25,2717.070068359375,7509.7998046875,12270.330078125,22338.150390625,28961.390625,5283.85986328125
2018-06-26,2723.06005859375,7537.89990234375,12234.33984375,22342.0,28881.400390625,5281.2900390625
2018-06-27,2699.6298828125,7621.7001953125,12348.6103515625,22271.76953125,28356.259765625,5327.2001953125
2018-06-28,2716.31005859375,7615.60009765625,12177.23046875,22270.390625,28497.3203125,5275.64013671875
2018-06-29,2718.3701171875,7636.89990234375,12306.0,22304.509765625,28955.109375,5323.52978515625
2018-07-03,2713.219970703125,7593.2998046875,12349.1396484375,21785.5390625,28545.5703125,5316.77001953125
2018-07-05,2736.610107421875,7603.2001953125,12464.2900390625,21546.990234375,28182.08984375,5366.31982421875
2018-07-06,2759.820068359375,7617.7001953125,12496.169921875,21788.140625,28315.619140625,5375.77001953125
2018-07-09,2784.169921875,7688.0,12543.8896484375,22052.1796875,28688.5,5398.10986328125
2018-07-10,2793.840087890625,7692.0,12609.849609375,22196.890625,28682.25,5434.35986328125
2018-07-11,2774.02001953125,7592.0,12417.1298828125,21932.2109375,28311.689453125,5353.93017578125
2018-07-12,2798.2900390625,7651.2998046875,12492.9697265625,22187.9609375,28480.830078125,5405.89990234375
2018-07-13,2801.31005859375,7661.89990234375,12540.73046875,22597.349609375,28525.439453125,5429.2001953125
2018-07-16,2798.429931640625,7600.5,12561.01953125,22597.349609375,28539.66015625,5409.43017578125
2018-07-17,2809.550048828125,7626.2998046875,12661.5400390625,22697.359375,28181.6796875,5422.5400390625
2018-07-18,2815.6201171875,7676.2998046875,12765.9404296875,22794.189453125,28117.419921875,5447.43994140625
2018-07-19,2804.489990234375,7684.0,12686.2900390625,22764.6796875,28010.859375,5417.06982421875
2018-07-20,2801.830078125,7678.7998046875,12561.419921875,22697.880859375,28224.48046875,5398.31982421875
2018-07-23,2806.97998046875,7655.7998046875,12548.5703125,22396.990234375,28256.119140625,5378.25
2018-07-24,2820.39990234375,7709.10009765625,12689.3896484375,22510.48046875,28662.5703125,5434.18994140625
2018-07-25,2846.070068359375,7658.2998046875,12579.330078125,22614.25,28920.900390625,5426.41015625
2018-07-26,2837.43994140625,7663.2001953125,12809.23046875,22586.869140625,28781.140625,5480.5498046875
2018-07-27,2818.820068359375,7701.2998046875,12860.400390625,22712.75,28804.279296875,5511.759765625
2018-07-30,2802.60009765625,7700.89990234375,12798.2001953125,22544.83984375,28733.130859375,5491.22021484375
2018-07-31,2816.2900390625,7748.7998046875,12805.5,22553.720703125,28583.009765625,5511.2998046875
2018-08-01,2813.360107421875,7652.89990234375,12737.0498046875,22746.69921875,28340.740234375,5498.3701171875
2018-08-02,2827.219970703125,7575.89990234375,12546.330078125,22512.529296875,27714.560546875,5460.97998046875
2018-08-03,2840.35009765625,7659.10009765625,12615.759765625,22525.1796875,27676.3203125,5478.97998046875
2018-08-06,2850.39990234375,7663.7998046875,12598.2099609375,22507.3203125,27819.560546875,5477.18017578125
2018-08-07,2858.449951171875,7718.5,12648.1904296875,22662.740234375,28248.880859375,5521.31005859375
2018-08-08,2857.699951171875,7776.7001953125,12633.5400390625,22644.310546875,28359.140625,5501.89990234375
2018-08-09,2853.580078125,7741.7998046875,12676.1103515625,22598.390625,28607.30078125,5502.25
2018-08-10,2833.280029296875,7667.0,12424.349609375,22298.080078125,28366.619140625,5414.68017578125
2018-08-13,2821.929931640625,7642.5,12358.740234375,21857.4296875,27936.5703125,5412.31982421875
2018-08-14,2839.9599609375,7611.60009765625,12358.8701171875,22356.080078125,27752.9296875,5403.41015625
2018-08-15,2818.3701171875,7497.89990234375,12163.009765625,22204.220703125,27323.58984375,5305.22021484375
2018-08-16,2840.68994140625,7556.39990234375,12237.169921875,22192.0390625,27100.060546875,5349.02001953125
2018-08-17,2850.1298828125,7558.60009765625,12210.5498046875,22270.380859375,27213.41015625,5344.93017578125
2018-08-20,2857.050048828125,7591.2998046875,12331.2998046875,22199.0,27598.01953125,5379.64990234375
2018-08-21,2862.9599609375,7565.7001953125,12384.490234375,22219.73046875,27752.7890625,5408.60009765625
2018-08-22,2861.820068359375,7574.2001953125,12385.7001953125,22362.55078125,27927.580078125,5420.60986328125
2018-08-23,2856.97998046875,7563.2001953125,12365.580078125,22410.8203125,27790.4609375,5419.330078125
2018-08-24,2874.68994140625,7577.5,12394.51953125,22601.76953125,27671.869140625,5432.5
2018-08-28,2897.52001953125,7617.2001953125,12527.419921875,22813.470703125,28351.619140625,5484.990234375
2018-08-29,2914.0400390625,7563.2001953125,12561.6796875,22848.220703125,28416.439453125,5501.330078125
2018-08-30,2901.1298828125,7516.0,12494.240234375,22869.5,28164.05078125,5478.06005859375
2018-08-31,2901.52001953125,7432.39990234375,12364.0595703125,22865.150390625,27888.55078125,5406.85009765625
2018-09-04,2896.719970703125,7457.89990234375,12210.2099609375,22696.900390625,27973.33984375,5342.7001953125
2018-09-05,2888.60009765625,7383.2998046875,12040.4599609375,22580.830078125,27243.849609375,5260.22021484375
2018-09-06,2878.050048828125,7319.0,11955.25,22487.939453125,26974.8203125,5243.83984375
2018-09-07,2871.679931640625,7277.7001953125,11959.6298828125,22307.060546875,26973.470703125,5252.22021484375
2018-09-10,2877.1298828125,7279.2998046875,11986.33984375,22373.08984375,26613.419921875,5269.6298828125
2018-09-11,2887.889892578125,7273.5,11970.26953125,22664.689453125,26422.55078125,5283.7900390625
2018-09-12,2888.919921875,7313.39990234375,12032.2998046875,22604.609375,26345.0390625,5332.1298828125
2018-09-13,2904.179931640625,7281.60009765625,12055.5498046875,22821.3203125,27014.490234375,5328.1201171875
2018-09-14,2904.97998046875,7304.0,12124.330078125,23094.669921875,27286.41015625,5352.56982421875
2018-09-18,2904.31005859375,7300.2001953125,12157.669921875,23420.5390625,27084.66015625,5363.7900390625
2018-09-19,2907.949951171875,7331.10009765625,12219.01953125,23672.51953125,27407.369140625,5393.740234375
2018-09-20,2930.75,7367.2998046875,12326.48046875,23674.9296875,27477.669921875,5451.58984375
2018-09-21,2929.669921875,7490.2001953125,12430.8798828125,23869.9296875,27953.580078125,5494.169921875
2018-09-26,2905.969970703125,7511.5,12385.8896484375,24033.7890625,27816.869140625,5512.72998046875
2018-09-27,2914.0,7545.39990234375,12435.58984375,23796.740234375,27715.669921875,5540.41015625
2018-09-28,2913.97998046875,7510.2001953125,12246.73046875,24120.0390625,27788.51953125,5493.490234375
2018-10-02,2923.429931640625,7474.60009765625,12287.580078125,24270.619140625,27126.380859375,5467.89013671875
2018-10-04,2901.610107421875,7418.2998046875,12244.1396484375,23975.619140625,26623.869140625,5410.85009765625
2018-10-05,2885.570068359375,7318.5,12111.900390625,23783.720703125,26572.5703125,5359.35986328125
2018-10-09,2880.340087890625,7237.60009765625,11977.2197265625,23469.390625,26172.91015625,5318.5498046875
2018-10-10,2785.679931640625,7145.7001953125,11712.5,23506.0390625,26193.0703125,5206.22021484375
2018-10-11,2728.3701171875,7006.89990234375,11539.349609375,22590.859375,25266.369140625,5106.3701171875
2018-10-12,2767.1298828125,6995.89990234375,11523.8095703125,22694.66015625,25801.490234375,5095.97998046875
2018-10-15,2750.7900390625,7029.2001953125,11614.16015625,22271.30078125,25445.060546875,5095.06982421875
2018-10-16,2809.919921875,7059.39990234375,11776.5498046875,22549.240234375,25462.259765625,5173.0498046875
2018-10-18,2768.780029296875,7027.0,11589.2099609375,22658.16015625,25454.55078125,5116.7900390625
2018-10-19,2767.780029296875,7049.7998046875,11553.830078125,22532.080078125,25561.400390625,5084.66015625
2018-10-22,2755.8798828125,7042.7998046875,11524.33984375,22614.8203125,26153.150390625,5053.31005859375
2018-10-23,2740.68994140625,6955.2001953125,11274.2802734375,22010.779296875,25346.55078125,4967.68994140625
2018-10-24,2656.10009765625,6963.0,11191.6298828125,22091.1796875,25249.779296875,4953.08984375
2018-10-25,2705.570068359375,7004.10009765625,11307.1201171875,21268.73046875,24994.4609375,5032.2998046875
2018-10-26,2658.68994140625,6939.60009765625,11200.6201171875,21184.599609375,24717.630859375,4967.3701171875
2018-10-29,2641.25,7026.2998046875,11335.48046875,21149.80078125,24812.0390625,4989.35009765625
2018-10-30,2682.6298828125,7035.89990234375,11287.3896484375,21457.2890625,24585.529296875,4978.52978515625
2018-10-31,2711.739990234375,7128.10009765625,11447.509765625,21920.4609375,24979.689453125,5093.43994140625
2018-11-01,2740.3701171875,7114.7001953125,11468.5400390625,21687.650390625,25416.0,5085.77978515625
2018-11-02,2723.06005859375,7094.10009765625,11518.990234375,22243.66015625,26486.349609375,5102.1298828125
2018-11-05,2738.31005859375,7103.7998046875,11494.9599609375,21898.990234375,25934.390625,5101.39013671875
2018-11-06,2755.449951171875,7040.7001953125,11484.33984375,22147.75,26120.9609375,5075.18994140625
2018-11-07,2813.889892578125,7117.2998046875,11579.099609375,22085.80078125,26147.689453125,5137.93994140625
2018-11-08,2806.830078125,7140.7001953125,11527.3203125,22486.919921875,26227.720703125,5131.4501953125
2018-11-09,2781.010009765625,7105.2998046875,11529.16015625,22250.25,25601.919921875,5106.75
2018-11-12,2726.219970703125,7053.10009765625,11325.4404296875,22269.880859375,25633.1796875,5059.08984375
2018-11-13,2722.179931640625,7053.7998046875,11472.2197265625,21810.51953125,25792.869140625,5101.85009765625
2018-11-14,2701.580078125,7033.7998046875,11412.5302734375,21846.48046875,25654.4296875,5068.85009765625
2018-11-15,2730.199951171875,7038.0,11353.669921875,21803.619140625,26103.33984375,5033.6201171875
2018-11-16,2736.27001953125,7013.89990234375,11341.0,21680.33984375,26183.529296875,5025.2001953125
2018-11-19,2690.72998046875,7000.89990234375,11244.5400390625,21821.16015625,26372.0,4985.4501953125
2018-11-20,2641.889892578125,6947.89990234375,11066.41015625,21583.119140625,25840.33984375,4924.89013671875
2018-11-21,2649.929931640625,7050.2001953125,11244.169921875,21507.5390625,25971.470703125,4975.5
2018-11-26,2673.449951171875,7036.0,11354.7197265625,21812.0,26376.1796875,4994.97998046875
2018-11-27,2682.169921875,7016.89990234375,11309.1103515625,21952.400390625,26331.9609375,4983.14990234375
2018-11-28,2743.7900390625,7004.5,11298.8798828125,22177.01953125,26682.560546875,4983.240234375
2018-11-29,2737.800048828125,7039.0,11298.23046875,22262.599609375,26451.029296875,5006.25
2018-11-30,2760.169921875,6980.2001953125,11257.240234375,22351.060546875,26506.75,5003.919921875
2018-12-03,2790.3701171875,7062.39990234375,11465.4599609375,22574.759765625,27182.0390625,5053.97998046875
2018-12-04,2700.06005859375,7022.7998046875,11335.3203125,22036.05078125,27260.439453125,5012.66015625
2018-12-06,2695.949951171875,6704.10009765625,10810.98046875,21501.619140625,26156.380859375,4780.4599609375
2018-12-07,2633.080078125,6778.10009765625,10788.08984375,21678.6796875,26063.759765625,4813.1298828125
2018-12-10,2637.719970703125,6721.5,10622.0703125,21219.5,25752.380859375,4742.3798828125
2018-12-11,2636.780029296875,6806.89990234375,10780.509765625,21148.01953125,25771.669921875,4806.2001953125
2018-12-12,2651.070068359375,6880.2001953125,10929.4296875,21602.75,26186.7109375,4909.4501953125
2018-12-13,2650.5400390625,6877.5,10924.7001953125,21816.189453125,26524.349609375,4896.919921875
2018-12-14,2599.949951171875,6845.2001953125,10865.76953125,21374.830078125,26094.7890625,4853.7001953125
2018-12-17,2545.93994140625,6773.2001953125,10772.2001953125,21506.880859375,26087.98046875,4799.8701171875
2018-12-18,2546.159912109375,6701.60009765625,10740.8896484375,21115.44921875,25814.25,4754.080078125
2018-12-19,2506.9599609375,6765.89990234375,10766.2099609375,20987.919921875,25865.390625,4777.4501953125
2018-12-20,2467.419921875,6711.89990234375,10611.099609375,20392.580078125,25623.529296875,4692.4599609375
2018-12-21,2416.6201171875,6721.2001953125,10633.8203125,20166.189453125,25753.419921875,4694.3798828125
2018-12-27,2488.830078125,6584.7001953125,10381.509765625,20077.619140625,25478.880859375,4598.60986328125
2018-12-28,2485.739990234375,6734.0,10558.9599609375,20014.76953125,25504.19921875,4678.740234375
2019-01-04,2531.93994140625,6837.39990234375,10767.6904296875,19561.9609375,25626.029296875,4737.1201171875
2019-01-07,2549.68994140625,6810.89990234375,10747.8095703125,20038.970703125,25835.69921875,4719.169921875
2019-01-08,2574.409912109375,6861.60009765625,10803.98046875,20204.0390625,25875.44921875,4773.27001953125
2019-01-09,2584.9599609375,6906.60009765625,10893.3203125,20427.060546875,26462.3203125,4813.580078125
2019-01-10,2596.639892578125,6942.89990234375,10921.58984375,20163.80078125,26521.4296875,4805.66015625
2019-01-11,2596.260009765625,6918.2001953125,10887.4599609375,20359.69921875,26667.26953125,4781.33984375
2019-01-15,2610.300048828125,6895.0,10891.7900390625,20555.2890625,26830.2890625,4786.169921875
2019-01-16,2616.10009765625,6862.7001953125,10931.240234375,20442.75,26902.099609375,4810.740234375
2019-01-17,2635.9599609375,6834.89990234375,10918.6201171875,20402.26953125,26755.630859375,4794.3701171875
2019-01-18,2670.7099609375,6968.2998046875,11205.5400390625,20666.0703125,27090.810546875,4875.93017578125
2019-01-22,2632.89990234375,6901.39990234375,11090.1103515625,20622.91015625,27005.44921875,4847.52978515625
2019-01-23,2638.699951171875,6842.89990234375,11071.5400390625,20593.720703125,27008.19921875,4840.3798828125
2019-01-24,2642.330078125,6819.0,11130.1796875,20574.630859375,27120.98046875,4871.9599609375
2019-01-25,2664.760009765625,6809.2001953125,11281.7900390625,20773.560546875,27569.189453125,4925.81982421875
2019-01-28,2643.85009765625,6747.10009765625,11210.3095703125,20649.0,27576.9609375,4888.580078125
2019-01-29,2640.0,6833.89990234375,11218.830078125,20664.640625,27531.6796875,4928.18017578125
2019-01-30,2681.050048828125,6941.60009765625,11181.66015625,20556.5390625,27642.849609375,4974.759765625
2019-01-31,2704.10009765625,6968.89990234375,11173.099609375,20773.490234375,27942.470703125,4992.72021484375
2019-02-01,2706.530029296875,7020.2001953125,11180.66015625,20788.390625,27930.740234375,5019.259765625
2019-02-04,2724.8701171875,7034.10009765625,11176.580078125,20883.76953125,27990.2109375,5000.18994140625
2019-02-08,2707.8798828125,7071.2001953125,10906.7802734375,20333.169921875,27946.3203125,4961.64013671875
2019-02-12,2744.72998046875,7133.10009765625,11126.080078125,20864.2109375,28171.330078125,5056.35009765625
2019-02-13,2753.030029296875,7190.7998046875,11167.2197265625,21144.48046875,28497.58984375,5074.27001953125
2019-02-14,2745.72998046875,7197.0,11089.7900390625,21139.7109375,28432.05078125,5062.52001953125
2019-02-15,2775.60009765625,7236.7001953125,11299.7998046875,20900.630859375,27900.83984375,5153.18994140625
2019-02-19,2779.760009765625,7179.2001953125,11309.2099609375,21302.650390625,28228.130859375,5160.52001953125
2019-02-20,2784.699951171875,7228.60009765625,11401.9697265625,21431.490234375,28514.05078125,5195.9501953125
2019-02-21,2774.8798828125,7167.39990234375,11423.2802734375,21464.23046875,28629.919921875,5196.10986328125
2019-02-22,2792.669921875,7178.60009765625,11457.7001953125,21425.509765625,28816.30078125,5215.85009765625
2019-02-25,2796.110107421875,7183.7001953125,11505.3896484375,21528.23046875,28959.30078125,5231.85009765625
2019-02-26,2793.89990234375,7151.10009765625,11540.7900390625,21449.390625,28772.060546875,5238.72021484375
2019-02-27,2792.3798828125,7107.2001953125,11487.330078125,21556.509765625,28757.439453125,5225.35009765625
2019-02-28,2784.489990234375,7074.7001953125,11515.6396484375,21385.16015625,28633.1796875,5240.52978515625
2019-03-01,2803.68994140625,7106.7001953125,11601.6796875,21602.689453125,28812.169921875,5265.18994140625
2019-03-04,2792.81005859375,7134.39990234375,11592.66015625,21822.0390625,28959.58984375,5286.56982421875
2019-03-05,2789.64990234375,7183.39990234375,11620.740234375,21726.279296875,28961.599609375,5297.52001953125
2019-03-06,2771.449951171875,7196.0,11587.6298828125,21596.810546875,29037.599609375,5288.81005859375
2019-03-07,2748.929931640625,7157.60009765625,11517.7998046875,21456.009765625,28779.44921875,5267.919921875
2019-03-08,2743.070068359375,7104.2998046875,11457.83984375,21025.560546875,28228.419921875,5231.22021484375
2019-03-11,2783.300048828125,7130.60009765625,11543.48046875,21125.08984375,28503.30078125,5265.9599609375
2019-03-12,2791.52001953125,7151.2001953125,11524.169921875,21503.689453125,28920.869140625,5270.25
2019-03-13,2810.919921875,7159.2001953125,11572.41015625,21290.240234375,28807.44921875,5306.3798828125
2019-03-14,2808.47998046875,7185.39990234375,11587.4697265625,21287.01953125,28851.390625,5349.77978515625
2019-03-15,2822.47998046875,7228.2998046875,11685.6904296875,21450.849609375,29012.259765625,5405.31982421875
2019-03-18,2832.93994140625,7299.2001953125,11657.0595703125,21584.5,29409.009765625,5412.830078125
2019-03-19,2832.570068359375,7324.0,11788.41015625,21566.849609375,29466.279296875,5425.89990234375
2019-03-20,2824.22998046875,7291.0,11603.8896484375,21608.919921875,29320.970703125,5382.66015625
2019-03-22,2800.7099609375,7207.60009765625,11364.169921875,21627.33984375,29113.359375,5269.919921875
2019-03-25,2798.360107421875,7177.60009765625,11346.650390625,20977.109375,28523.349609375,5260.64013671875
2019-03-26,2818.4599609375,7196.2998046875,11419.48046875,21428.390625,28566.91015625,5307.3798828125
2019-03-27,2805.3701171875,7194.2001953125,11419.0400390625,21378.73046875,28728.25,5301.240234375
2019-03-28,2815.43994140625,7234.2998046875,11428.16015625,21033.759765625,28775.2109375,5296.5400390625
2019-03-29,2834.39990234375,7279.2001953125,11526.0400390625,21205.810546875,29051.359375,5350.52978515625
2019-04-01,2867.18994140625,7317.39990234375,11681.990234375,21509.029296875,29562.01953125,5405.52978515625
2019-04-02,2867.239990234375,7391.10009765625,11754.7900390625,21505.310546875,29624.669921875,5423.47021484375
2019-04-03,2873.39990234375,7418.2998046875,11954.400390625,21713.2109375,29986.390625,5468.91015625
2019-04-04,2879.389892578125,7401.89990234375,11988.009765625,21724.94921875,29936.3203125,5463.7998046875
2019-04-08,2895.77001953125,7451.89990234375,11963.400390625,21761.650390625,30077.150390625,5471.77978515625
2019-04-09,2878.199951171875,7425.60009765625,11850.5703125,21802.58984375,30157.490234375,5436.419921875
2019-04-10,2888.2099609375,7421.89990234375,11905.91015625,21687.5703125,30119.560546875,5449.8798828125
2019-04-11,2888.320068359375,7418.0,11935.2001953125,21711.380859375,29839.44921875,5485.72021484375
2019-04-12,2907.409912109375,7437.10009765625,11999.9296875,21870.560546875,29909.759765625,5502.7001953125
2019-04-15,2905.580078125,7436.89990234375,12020.2802734375,22169.109375,29810.720703125,5508.72998046875
2019-04-16,2907.06005859375,7469.89990234375,12101.3203125,22221.66015625,30129.869140625,5528.669921875
2019-04-17,2900.449951171875,7471.2998046875,12153.0703125,22277.970703125,30124.6796875,5563.08984375
2019-04-18,2905.030029296875,7459.89990234375,12222.3896484375,22090.119140625,29963.259765625,5580.3798828125
2019-04-23,2933.679931640625,7523.10009765625,12235.509765625,22259.740234375,29963.240234375,5591.68994140625
2019-04-24,2927.25,7471.7998046875,12313.16015625,22200.0,29805.830078125,5576.06005859375
2019-04-25,2926.169921875,7434.10009765625,12282.599609375,22307.580078125,29549.80078125,5557.669921875
2019-04-26,2939.8798828125,7428.2001953125,12315.1796875,22258.73046875,29605.009765625,5569.35986328125
2019-05-07,2884.050048828125,7260.5,12092.740234375,21923.720703125,29363.01953125,5395.75
2019-05-08,2879.419921875,7271.0,12179.9296875,21602.58984375,29003.19921875,5417.58984375
2019-05-09,2870.719970703125,7207.39990234375,11973.919921875,21402.130859375,28311.0703125,5313.16015625
2019-05-10,2881.39990234375,7203.2998046875,12059.830078125,21344.919921875,28550.240234375,5327.43994140625
2019-05-14,2834.409912109375,7241.60009765625,11991.6201171875,21067.23046875,28122.01953125,5341.35009765625
2019-05-15,2850.9599609375,7297.0,12099.5703125,21188.560546875,28268.7109375,5374.259765625
2019-05-16,2876.320068359375,7353.5,12310.3701171875,21062.98046875,28275.0703125,5448.10986328125
2019-05-17,2859.530029296875,7348.60009765625,12238.9404296875,21250.08984375,27946.4609375,5438.22998046875
2019-05-20,2840.22998046875,7310.89990234375,12041.2900390625,21301.73046875,27787.609375,5358.58984375
2019-05-21,2864.360107421875,7328.89990234375,12143.4697265625,21272.44921875,27657.240234375,5385.4599609375
2019-05-22,2856.27001953125,7334.2001953125,12168.740234375,21283.369140625,27705.939453125,5378.97998046875
2019-05-23,2822.239990234375,7231.0,11952.41015625,21151.140625,27267.130859375,5281.3701171875
2019-05-24,2826.06005859375,7277.7001953125,12011.0400390625,21117.220703125,27353.9296875,5316.509765625
2019-05-28,2802.389892578125,7269.0,12027.0498046875,21260.140625,27390.810546875,5312.68994140625
2019-05-29,2783.02001953125,7185.2998046875,11837.8095703125,21003.369140625,27235.7109375,5222.1201171875
2019-05-30,2788.860107421875,7218.2001953125,11902.080078125,20942.529296875,27114.880859375,5248.91015625
2019-05-31,2752.06005859375,7161.7001953125,11726.83984375,20601.189453125,26901.08984375,5207.6298828125
2019-06-03,2744.449951171875,7184.7998046875,11792.8095703125,20410.880859375,26893.859375,5241.4599609375
2019-06-04,2803.27001953125,7214.2998046875,11971.169921875,20408.5390625,26761.51953125,5268.259765625
2019-06-05,2826.14990234375,7220.2001953125,11980.8095703125,20776.099609375,26895.439453125,5292.0
2019-06-06,2843.489990234375,7259.89990234375,11953.1396484375,20774.0390625,26965.279296875,5278.43017578125
2019-06-11,2885.719970703125,7398.5,12155.8095703125,21204.279296875,27789.33984375,5408.4501953125
2019-06-12,2879.840087890625,7367.60009765625,12115.6796875,21129.720703125,27308.4609375,5374.919921875
2019-06-13,2891.639892578125,7368.60009765625,12169.0498046875,21032.0,27294.7109375,5375.6298828125
2019-06-14,2886.97998046875,7345.7998046875,12096.400390625,21116.890625,27118.349609375,5367.6201171875
2019-06-17,2889.669921875,7357.2998046875,12085.8203125,21124.0,27227.16015625,5390.9501953125
2019-06-18,2917.75,7443.0,12331.75,20972.7109375,27498.76953125,5509.72998046875
2019-06-19,2926.4599609375,7403.5,12308.5302734375,21333.869140625,28202.140625,5518.4501953125
2019-06-20,2954.179931640625,7424.39990234375,12355.3896484375,21462.859375,28550.4296875,5535.56982421875
2019-06-21,2950.4599609375,7407.5,12339.919921875,21258.640625,28473.7109375,5528.330078125
2019-06-24,2945.35009765625,7416.7001953125,12274.5703125,21285.990234375,28513.0,5521.7099609375
2019-06-25,2917.3798828125,7422.39990234375,12228.4404296875,21193.810546875,28185.98046875,5514.56982421875
2019-06-26,2913.780029296875,7416.39990234375,12245.3203125,21086.58984375,28221.98046875,5500.72021484375
2019-06-27,2924.919921875,7402.2998046875,12271.0302734375,21338.169921875,28621.419921875,5493.60986328125
2019-06-28,2941.760009765625,7425.60009765625,12398.7998046875,21275.919921875,28542.619140625,5538.97021484375
2019-07-02,2973.010009765625,7559.2001953125,12526.7197265625,21754.26953125,28875.560546875,5576.81982421875
2019-07-03,2995.820068359375,7609.2998046875,12616.240234375,21638.16015625,28855.140625,5618.81005859375
2019-07-05,2990.409912109375,7553.10009765625,12568.5302734375,21746.380859375,28774.830078125,5593.72021484375
2019-07-08,2975.949951171875,7549.2998046875,12543.509765625,21534.349609375,28331.689453125,5589.18994140625
2019-07-09,2979.6298828125,7536.5,12436.5498046875,21565.150390625,28116.279296875,5572.10009765625
2019-07-10,2993.070068359375,7530.7001953125,12373.41015625,21533.48046875,28204.689453125,5567.58984375
2019-07-11,2999.909912109375,7509.7998046875,12332.1201171875,21643.529296875,28431.80078125,5551.9501953125
2019-07-12,3013.77001953125,7506.0,12323.3203125,21685.900390625,28471.619140625,5572.85986328125
2019-07-16,3004.0400390625,7577.2001953125,12430.9697265625,21535.25,28619.619140625,5614.3798828125
2019-07-17,2984.419921875,7535.5,12341.0302734375,21469.1796875,28593.169921875,5571.7099609375
2019-07-18,2995.110107421875,7493.10009765625,12227.849609375,21046.240234375,28461.66015625,5550.5498046875
2019-07-19,2976.610107421875,7508.7001953125,12260.0703125,21466.990234375,28765.400390625,5552.33984375
2019-07-22,2985.030029296875,7514.89990234375,12289.400390625,21416.7890625,28371.259765625,5567.02001953125
2019-07-23,3005.469970703125,7556.89990234375,12490.740234375,21620.880859375,28466.48046875,5618.16015625
2019-07-24,3019.56005859375,7501.5,12522.8896484375,21709.5703125,28524.0390625,5605.8701171875
2019-07-25,3003.669921875,7489.10009765625,12362.099609375,21756.55078125,28594.30078125,5578.0498046875
2019-07-26,3025.860107421875,7549.10009765625,12419.900390625,21658.150390625,28397.740234375,5610.0498046875
2019-07-29,3020.969970703125,7686.60009765625,12417.4697265625,21616.80078125,28106.41015625,5601.10009765625
2019-07-30,3013.179931640625,7646.7998046875,12147.240234375,21709.310546875,28146.5,5511.06982421875
2019-07-31,2980.3798828125,7586.7998046875,12189.0400390625,21521.529296875,27777.75,5518.89990234375
2019-08-01,2953.56005859375,7584.89990234375,12253.150390625,21540.990234375,27565.69921875,5557.41015625
2019-08-02,2932.050048828125,7407.10009765625,11872.4404296875,21087.16015625,26918.580078125,5359.0
2019-08-05,2844.739990234375,7223.89990234375,11658.509765625,20720.2890625,26151.3203125,5241.5498046875
2019-08-06,2881.77001953125,7171.7001953125,11567.9599609375,20585.310546875,25976.240234375,5234.64990234375
2019-08-07,2883.97998046875,7198.7001953125,11650.150390625,20516.560546875,25997.029296875,5266.509765625
2019-08-08,2938.090087890625,7285.89990234375,11845.41015625,20593.349609375,26120.76953125,5387.9599609375
2019-08-09,2918.64990234375,7253.89990234375,11693.7998046875,20684.8203125,25939.30078125,5327.919921875
2019-08-13,2926.320068359375,7250.89990234375,11750.1298828125,20455.439453125,25281.30078125,5363.06982421875
2019-08-14,2840.60009765625,7147.89990234375,11492.66015625,20655.130859375,25302.279296875,5251.2998046875
2019-08-15,2847.60009765625,7067.0,11412.669921875,20405.650390625,25495.4609375,5236.93017578125
2019-08-16,2888.679931640625,7117.2001953125,11562.740234375,20418.810546875,25734.220703125,5300.7900390625
2019-08-19,2923.64990234375,7189.7001953125,11715.3701171875,20563.16015625,26291.83984375,5371.56005859375
2019-08-20,2900.510009765625,7125.0,11651.1796875,20677.220703125,26231.5390625,5344.64013671875
2019-08-21,2924.429931640625,7204.0,11802.849609375,20618.5703125,26270.0390625,5435.47998046875
2019-08-22,2922.949951171875,7128.2001953125,11747.0400390625,20628.009765625,26048.720703125,5388.25
2019-08-23,2847.110107421875,7095.0,11611.509765625,20710.91015625,26179.330078125,5326.8701171875
2019-08-27,2869.159912109375,7089.60009765625,11730.01953125,20456.080078125,25664.0703125,5387.08984375
2019-08-28,2887.93994140625,7114.7001953125,11701.01953125,20479.419921875,25615.48046875,5368.7998046875
2019-08-29,2924.580078125,7184.2998046875,11838.8798828125,20460.9296875,25703.5,5449.97021484375
2019-08-30,2926.4599609375,7207.2001953125,11939.2802734375,20704.369140625,25724.73046875,5480.47998046875
2019-09-03,2906.27001953125,7268.2001953125,11910.8603515625,20625.16015625,25527.849609375,5466.06982421875
2019-09-04,2937.780029296875,7311.2998046875,12025.0400390625,20649.140625,26523.23046875,5532.06982421875
2019-09-05,2976.0,7271.2001953125,12126.7802734375,21085.939453125,26515.529296875,5593.3701171875
2019-09-06,2978.7099609375,7282.2998046875,12191.73046875,21199.5703125,26690.759765625,5603.990234375
2019-09-09,2978.429931640625,7235.7998046875,12226.099609375,21318.419921875,26681.400390625,5588.9501953125
2019-09-10,2979.389892578125,7268.0,12268.7099609375,21392.099609375,26683.6796875,5593.2099609375
2019-09-11,3000.929931640625,7338.0,12359.0703125,21597.759765625,27159.060546875,5618.06005859375
2019-09-12,3009.570068359375,7344.7001953125,12410.25,21759.609375,27087.630859375,5642.85986328125
2019-09-13,3007.389892578125,7367.5,12468.5302734375,21988.2890625,27352.689453125,5655.4599609375
2019-09-17,3005.699951171875,7320.39990234375,12372.6103515625,22001.3203125,26790.240234375,5615.509765625
2019-09-18,3006.72998046875,7314.10009765625,12389.6201171875,21960.7109375,26754.119140625,5620.64990234375
2019-09-19,3006.7900390625,7356.39990234375,12457.7001953125,22044.44921875,26468.94921875,5659.080078125
2019-09-20,2992.070068359375,7344.89990234375,12468.009765625,22079.08984375,26435.669921875,5690.77978515625
2019-09-24,2966.60009765625,7291.39990234375,12307.150390625,22098.83984375,26281.0,5628.330078125
2019-09-25,2984.8701171875,7290.0,12234.1796875,22020.150390625,25945.349609375,5583.7998046875
2019-09-26,2977.6201171875,7351.10009765625,12288.5400390625,22048.240234375,26041.9296875,5620.56982421875
2019-09-27,2961.7900390625,7426.2001953125,12380.9404296875,21878.900390625,25954.810546875,5640.580078125
2019-09-30,2976.739990234375,7408.2001953125,12428.080078125,21755.83984375,26092.26953125,5677.7900390625
2019-10-02,2887.610107421875,7122.5,11925.25,21778.609375,26042.689453125,5422.77001953125
2019-10-04,2952.010009765625,7155.39990234375,12012.8095703125,21410.19921875,25821.029296875,5488.31982421875
2019-10-08,2893.06005859375,7143.2001953125,11970.2001953125,21587.779296875,25893.400390625,5456.6201171875
2019-10-09,2919.39990234375,7166.5,12094.259765625,21456.380859375,25682.810546875,5499.14013671875
2019-10-10,2938.1298828125,7186.39990234375,12164.2001953125,21551.98046875,25707.9296875,5569.0498046875
2019-10-11,2970.27001953125,7247.10009765625,12511.650390625,21798.869140625,26308.439453125,5665.47998046875
2019-10-15,2995.679931640625,7211.60009765625,12629.7900390625,22207.2109375,26503.9296875,5702.0498046875
2019-10-16,2989.68994140625,7168.0,12670.1103515625,22472.919921875,26664.279296875,5696.89990234375
2019-10-17,2997.949951171875,7182.2998046875,12654.9501953125,22451.859375,26848.490234375,5673.06982421875
2019-10-18,2986.199951171875,7150.60009765625,12633.599609375,22492.6796875,26719.580078125,5636.25
2019-10-21,3006.719970703125,7163.60009765625,12747.9599609375,22548.900390625,26725.6796875,5648.35009765625
2019-10-23,3004.52001953125,7260.7001953125,12798.1904296875,22625.380859375,26566.73046875,5653.43994140625
2019-10-24,3010.2900390625,7328.2998046875,12872.099609375,22750.599609375,26797.94921875,5684.330078125
2019-10-25,3022.550048828125,7324.5,12894.509765625,22799.810546875,26667.390625,5722.14990234375
2019-10-28,3039.419921875,7331.2998046875,12941.7099609375,22867.26953125,26891.259765625,5730.56982421875
2019-10-29,3036.889892578125,7306.2998046875,12939.6201171875,22974.130859375,26786.759765625,5740.14013671875
2019-10-30,3046.77001953125,7330.7998046875,12910.23046875,22843.119140625,26667.7109375,5765.8701171875
2019-10-31,3037.56005859375,7248.39990234375,12866.7900390625,22927.0390625,26906.720703125,5729.85986328125
2019-11-01,3066.909912109375,7302.39990234375,12961.0498046875,22850.76953125,27100.759765625,5761.89013671875
2019-11-05,3074.6201171875,7388.10009765625,13148.5,23251.990234375,27683.400390625,5846.89013671875
2019-11-06,3076.780029296875,7396.7001953125,13179.8896484375,23303.8203125,27688.640625,5866.740234375
2019-11-07,3085.179931640625,7406.39990234375,13289.4599609375,23330.3203125,27847.23046875,5890.990234375
2019-11-08,3093.080078125,7359.39990234375,13228.5595703125,23391.869140625,27651.140625,5889.7001953125
2019-11-11,3087.010009765625,7328.5,13198.3701171875,23331.83984375,26926.55078125,5893.81982421875
2019-11-12,3091.840087890625,7365.39990234375,13283.509765625,23520.009765625,27065.279296875,5919.75
2019-11-13,3094.0400390625,7351.2001953125,13230.0703125,23319.869140625,26571.4609375,5907.08984375
2019-11-14,3096.6298828125,7292.7998046875,13180.23046875,23141.55078125,26323.689453125,5901.080078125
2019-11-15,3120.4599609375,7302.89990234375,13241.75,23303.3203125,26326.66015625,5939.27001953125
2019-11-18,3122.030029296875,7307.7001953125,13207.009765625,23416.759765625,26681.08984375,5929.7900390625
2019-11-19,3120.179931640625,7323.7998046875,13221.1201171875,23292.650390625,27093.80078125,5909.0498046875
2019-11-20,3108.4599609375,7262.5,13158.1396484375,23148.5703125,26889.609375,5894.02978515625
2019-11-21,3103.5400390625,7238.60009765625,13137.7001953125,23038.580078125,26466.880859375,5881.2099609375
2019-11-22,3110.2900390625,7326.7998046875,13163.8798828125,23112.880859375,26595.080078125,5893.1298828125
2019-11-25,3133.639892578125,7396.2998046875,13246.4501953125,23292.810546875,26993.0390625,5924.85986328125
2019-11-26,3140.52001953125,7403.10009765625,13236.419921875,23373.3203125,26913.919921875,5929.6201171875
2019-11-27,3153.6298828125,7429.7998046875,13287.0703125,23437.76953125,26954.0,5926.83984375
2019-11-29,3140.97998046875,7346.5,13236.3798828125,23293.91015625,26346.490234375,5905.169921875
2019-12-02,3113.8701171875,7285.89990234375,12964.6796875,23529.5,26444.720703125,5786.740234375
2019-12-03,3093.199951171875,7158.7998046875,12989.2900390625,23379.810546875,26391.30078125,5727.22021484375
2019-12-04,3112.760009765625,7188.5,13140.5703125,23135.23046875,26062.560546875,5799.68017578125
2019-12-05,3117.429931640625,7137.89990234375,13054.7998046875,23300.08984375,26217.0390625,5801.5498046875
2019-12-06,3145.909912109375,7239.7001953125,13166.580078125,23354.400390625,26498.369140625,5871.91015625
2019-12-09,3135.9599609375,7233.89990234375,13105.6103515625,23430.69921875,26494.73046875,5837.25
2019-12-10,3132.52001953125,7213.7998046875,13070.7197265625,23410.189453125,26436.619140625,5848.02978515625
2019-12-11,3141.6298828125,7216.2998046875,13146.740234375,23391.859375,26645.4296875,5860.8798828125
2019-12-12,3168.570068359375,7273.5,13221.6396484375,23424.810546875,26994.140625,5884.259765625
2019-12-13,3168.800048828125,7353.39990234375,13282.7197265625,24023.099609375,27687.759765625,5919.02001953125
2019-12-16,3191.449951171875,7519.10009765625,13407.66015625,23952.349609375,27508.08984375,5991.66015625
2019-12-17,3192.52001953125,7525.2998046875,13287.830078125,24066.119140625,27843.7109375,5968.259765625
2019-12-18,3191.139892578125,7540.7998046875,13222.16015625,23934.4296875,27884.2109375,5959.60009765625
2019-12-19,3205.3701171875,7573.7998046875,13211.9599609375,23864.849609375,27800.490234375,5972.27978515625
2019-12-20,3221.219970703125,7582.5,13318.900390625,23816.630859375,27871.349609375,6021.52978515625
2019-12-23,3224.010009765625,7623.60009765625,13300.98046875,23821.109375,27906.41015625,6029.3701171875
2019-12-27,3240.02001953125,7644.89990234375,13337.1103515625,23837.720703125,28225.419921875,6037.39013671875
2019-12-30,3221.2900390625,7587.10009765625,13249.009765625,23656.619140625,28319.390625,5982.22021484375
2020-01-06,3246.280029296875,7575.2998046875,13126.990234375,23204.859375,28226.189453125,6013.58984375
2020-01-07,3237.179931640625,7573.89990234375,13226.830078125,23575.720703125,28322.060546875,6012.35009765625
2020-01-08,3253.050048828125,7574.89990234375,13320.1796875,23204.759765625,28087.919921875,6031.0
2020-01-09,3274.699951171875,7598.10009765625,13495.0595703125,23739.869140625,28561.0,6042.5498046875
2020-01-10,3265.35009765625,7587.89990234375,13483.3095703125,23850.5703125,28638.19921875,6037.10986328125
2020-01-14,3283.14990234375,7622.39990234375,13456.490234375,24025.169921875,28885.140625,6040.89013671875
2020-01-15,3289.2900390625,7642.7998046875,13432.2998046875,23916.580078125,28773.58984375,6032.60986328125
2020-01-16,3316.81005859375,7609.7998046875,13429.4296875,23933.130859375,28883.0390625,6039.02978515625
2020-01-17,3329.6201171875,7674.60009765625,13526.1298828125,24041.259765625,29056.419921875,6100.72021484375
2020-01-21,3320.7900390625,7610.7001953125,13555.8701171875,23864.560546875,27985.330078125,6045.990234375
2020-01-22,3321.75,7571.89990234375,13515.75,24031.349609375,28341.0390625,6010.97998046875
2020-01-23,3325.5400390625,7507.7001953125,13388.419921875,23795.439453125,27909.119140625,5971.7900390625
2020-01-24,3295.469970703125,7586.0,13576.6796875,23827.1796875,27949.640625,6024.259765625
2020-01-29,3273.39990234375,7483.60009765625,13345.0,23379.400390625,27160.630859375,5954.89013671875
2020-01-30,3283.659912109375,7382.0,13157.1201171875,22977.75,26449.130859375,5871.77001953125
2020-01-31,3225.52001953125,7286.0,12981.9697265625,23205.1796875,26312.630859375,5806.33984375
2020-02-03,3248.919921875,7326.2998046875,13045.1904296875,22971.939453125,26356.98046875,5832.509765625
2020-02-04,3297.590087890625,7439.7998046875,13281.740234375,23084.58984375,26675.98046875,5935.0498046875
2020-02-05,3334.68994140625,7482.5,13478.330078125,23319.560546875,26786.740234375,5985.39990234375
2020-02-06,3345.780029296875,7504.7998046875,13574.8203125,23873.58984375,27493.69921875,6038.18017578125
2020-02-07,3327.7099609375,7466.7001953125,13513.8095703125,23827.98046875,27404.26953125,6029.75
2020-02-10,3352.090087890625,7446.89990234375,13494.0302734375,23685.98046875,27241.33984375,6015.669921875
2020-02-12,3379.449951171875,7534.39990234375,13749.7802734375,23861.2109375,27823.66015625,6104.72998046875
2020-02-13,3373.93994140625,7452.0,13745.4296875,23827.73046875,27730.0,6093.14013671875
2020-02-14,3380.159912109375,7409.10009765625,13744.2099609375,23687.58984375,27815.599609375,6069.35009765625
2020-02-18,3370.2900390625,7382.0,13681.1904296875,23193.80078125,27530.19921875,6056.81982421875
2020-02-19,3386.14990234375,7457.0,13789.0,23400.69921875,27655.810546875,6111.240234375
2020-02-20,3373.22998046875,7436.60009765625,13664.0,23479.150390625,27609.16015625,6062.2998046875
2020-02-21,3337.75,7403.89990234375,13579.330078125,23386.740234375,27308.810546875,6029.72021484375
2020-02-25,3128.2099609375,7017.89990234375,12790.490234375,22605.41015625,26893.23046875,5679.68017578125
2020-02-26,3116.389892578125,7042.5,12774.8798828125,22426.189453125,26696.490234375,5684.5498046875
2020-02-27,2978.760009765625,6796.39990234375,12367.4599609375,21948.23046875,26778.619140625,5495.60009765625
2020-02-28,2954.219970703125,6580.60009765625,11890.349609375,21142.9609375,26129.9296875,5309.89990234375
2020-03-02,3090.22998046875,6654.89990234375,11857.8701171875,21344.080078125,26291.6796875,5333.52001953125
2020-03-03,3003.3701171875,6718.2001953125,11985.3896484375,21082.73046875,26284.8203125,5393.169921875
2020-03-04,3130.1201171875,6815.60009765625,12127.6904296875,21100.060546875,26222.0703125,5464.89013671875
2020-03-05,3023.93994140625,6705.39990234375,11944.7197265625,21329.119140625,26767.869140625,5361.10009765625
2020-03-06,2972.3701171875,6462.60009765625,11541.8701171875,20749.75,26146.669921875,5139.10986328125
2020-03-09,2746.56005859375,5965.7998046875,10625.01953125,19698.759765625,25040.4609375,4707.91015625
2020-03-10,2882.22998046875,5960.2001953125,10475.490234375,19867.119140625,25392.509765625,4636.60986328125
2020-03-11,2741.3798828125,5876.5,10438.6796875,19416.060546875,25231.609375,4610.25
2020-03-12,2480.639892578125,5237.5,9161.1298828125,18559.630859375,24309.0703125,4044.260009765625
2020-03-13,2711.02001953125,5366.10009765625,9232.080078125,17431.05078125,24032.91015625,4118.35986328125
2020-03-16,2386.1298828125,5151.10009765625,8742.25,17002.0390625,23063.5703125,3881.4599609375
2020-03-17,2529.18994140625,5294.89990234375,8939.099609375,17011.529296875,23263.73046875,3991.780029296875
2020-03-18,2398.10009765625,5080.60009765625,8441.7099609375,16726.55078125,22291.8203125,3754.840087890625
2020-03-19,2409.389892578125,5151.60009765625,8610.4296875,16552.830078125,21709.130859375,3855.5
2020-03-23,2237.39990234375,4993.89990234375,8741.150390625,16887.779296875,21696.130859375,3914.31005859375
2020-03-24,2447.330078125,5446.0,9700.5703125,18092.349609375,22663.490234375,4242.7001953125
2020-03-25,2475.56005859375,5688.2001953125,9874.259765625,19546.630859375,23527.189453125,4432.2998046875
2020-03-26,2630.070068359375,5815.7001953125,10000.9599609375,18664.599609375,23352.33984375,4543.580078125
2020-03-27,2541.469970703125,5510.2998046875,9632.51953125,19389.4296875,23484.279296875,4351.490234375
2020-03-30,2626.64990234375,5563.7001953125,9815.9697265625,19084.970703125,23175.109375,4378.509765625
2020-03-31,2584.590087890625,5672.0,9935.83984375,18917.009765625,23603.48046875,4396.1201171875
2020-04-01,2470.5,5454.60009765625,9544.75,18065.41015625,23085.7890625,4207.240234375
2020-04-02,2526.89990234375,5480.2001953125,9570.8203125,17818.720703125,23280.060546875,4220.9599609375
2020-04-03,2488.64990234375,5415.5,9525.76953125,17820.189453125,23236.109375,4154.580078125
2020-04-06,2663.679931640625,5582.39990234375,10075.169921875,18576.30078125,23749.119140625,4346.14013671875
2020-04-07,2659.409912109375,5704.5,10356.7001953125,18950.1796875,24253.2890625,4438.27001953125
2020-04-08,2749.97998046875,5677.7001953125,10332.8896484375,19353.240234375,23970.369140625,4442.75
2020-04-09,2789.820068359375,5842.7001953125,10564.740234375,19345.76953125,24300.330078125,4506.85009765625
2020-04-14,2846.06005859375,5791.2998046875,10696.5595703125,19638.810546875,24435.400390625,4523.91015625
2020-04-15,2783.360107421875,5597.7001953125,10279.759765625,19550.08984375,24145.33984375,4353.72021484375
2020-04-16,2799.550048828125,5628.39990234375,10301.5400390625,19290.19921875,24006.44921875,4350.16015625
2020-04-17,2874.56005859375,5787.0,10625.7802734375,19897.259765625,24380.0,4499.009765625
2020-04-20,2823.159912109375,5812.7998046875,10675.900390625,19669.119140625,24330.01953125,4528.2998046875
2020-04-21,2736.56005859375,5641.0,10249.849609375,19280.779296875,23793.55078125,4357.4599609375
2020-04-22,2799.31005859375,5770.60009765625,10415.0302734375,19137.94921875,23893.359375,4411.7998046875
2020-04-23,2797.800048828125,5826.60009765625,10513.7900390625,19429.439453125,23977.3203125,4451.0
2020-04-24,2836.739990234375,5752.2001953125,10336.08984375,19262.0,23831.330078125,4393.31982421875
2020-04-27,2878.47998046875,5846.7998046875,10659.990234375,19783.220703125,24280.140625,4505.259765625
2020-04-28,2863.389892578125,5958.5,10795.6298828125,19771.189453125,24575.9609375,4569.7900390625
2020-05-07,2881.18994140625,5936.0,10759.26953125,19674.76953125,23980.630859375,4501.43994140625
2020-05-11,2930.18994140625,5939.7001953125,10824.990234375,20390.66015625,24602.060546875,4490.22021484375
2020-05-12,2870.1201171875,5994.7998046875,10819.5,20366.48046875,24245.6796875,4472.5
2020-05-13,2820.0,5904.10009765625,10542.66015625,20267.05078125,24180.30078125,4344.9501953125
2020-05-14,2852.5,5741.5,10337.01953125,19914.779296875,23829.740234375,4273.1298828125
2020-05-15,2863.699951171875,5799.7998046875,10465.169921875,20037.470703125,23797.470703125,4277.6298828125
2020-05-18,2953.909912109375,6048.60009765625,11058.8701171875,20133.73046875,23934.76953125,4498.33984375
2020-05-19,2922.93994140625,6002.2001953125,11075.2900390625,20433.44921875,24388.130859375,4458.16015625
2020-05-20,2971.610107421875,6067.2001953125,11223.7099609375,20595.150390625,24399.94921875,4496.97998046875
2020-05-21,2948.510009765625,6015.2998046875,11065.9296875,20552.310546875,24280.029296875,4445.4501953125
2020-05-22,2955.449951171875,5993.2998046875,11073.8701171875,20388.16015625,22930.140625,4444.56005859375
2020-05-26,2991.77001953125,6067.7998046875,11504.650390625,21271.169921875,23384.66015625,4606.240234375
2020-05-27,3036.1298828125,6144.2998046875,11657.6904296875,21419.23046875,23301.359375,4688.740234375
2020-05-28,3029.72998046875,6218.7998046875,11781.1298828125,21916.310546875,23132.759765625,4771.39013671875
2020-05-29,3044.31005859375,6076.60009765625,11586.849609375,21877.890625,22961.470703125,4695.43994140625
2020-06-02,3080.820068359375,6220.10009765625,12021.2802734375,22325.609375,23995.939453125,4858.97021484375
2020-06-03,3122.8701171875,6382.39990234375,12487.3603515625,22613.759765625,24325.619140625,5022.3798828125
2020-06-04,3112.35009765625,6341.39990234375,12430.5595703125,22695.740234375,24366.30078125,5011.97998046875
2020-06-05,3193.929931640625,6484.2998046875,12847.6796875,22863.73046875,24770.41015625,5197.7900390625
2020-06-08,3232.389892578125,6472.60009765625,12819.58984375,23178.099609375,24776.76953125,5175.52001953125
2020-06-09,3207.179931640625,6335.7001953125,12617.990234375,23091.029296875,25057.220703125,5095.10986328125
2020-06-10,3190.139892578125,6329.10009765625,12530.16015625,23124.94921875,25049.73046875,5053.419921875
2020-06-11,3002.10009765625,6076.7001953125,11970.2900390625,22472.91015625,24480.150390625,4815.60009765625
2020-06-12,3041.31005859375,6105.2001953125,11949.2802734375,22305.48046875,24301.380859375,4839.259765625
2020-06-15,3066.590087890625,6064.7001953125,11911.349609375,21530.94921875,23776.94921875,4815.72021484375
2020-06-16,3124.739990234375,6242.7998046875,12315.66015625,22582.2109375,24344.08984375,4952.4599609375
2020-06-17,3113.489990234375,6253.2998046875,12382.1396484375,22455.759765625,24481.41015625,4995.97021484375
2020-06-18,3115.340087890625,6224.10009765625,12281.5302734375,22355.4609375,24464.939453125,4958.75
2020-06-19,3097.739990234375,6292.60009765625,12330.759765625,22478.7890625,24643.890625,4979.4501953125
2020-06-22,3117.860107421875,6244.60009765625,12262.9697265625,22437.26953125,24511.33984375,4948.7001953125
2020-06-23,3131.2900390625,6320.10009765625,12523.759765625,22549.05078125,24907.33984375,5017.68017578125
2020-06-24,3050.330078125,6123.7001953125,12093.9404296875,22534.3203125,24781.580078125,4871.35986328125
2020-06-26,3009.050048828125,6159.2998046875,12089.3896484375,22512.080078125,24549.990234375,4909.64013671875
2020-06-29,3053.239990234375,6225.7998046875,12232.1201171875,21995.0390625,24301.279296875,4945.4599609375
2020-06-30,3100.2900390625,6169.7001953125,12310.9296875,22288.140625,24427.189453125,4935.990234375
2020-07-02,3130.010009765625,6240.39990234375,12608.4599609375,22145.9609375,25124.189453125,5049.3798828125
2020-07-06,3179.719970703125,6285.89990234375,12733.4501953125,22714.439453125,26339.16015625,5081.509765625
2020-07-07,3145.320068359375,6189.89990234375,12616.7998046875,22614.689453125,25975.66015625,5043.72998046875
2020-07-08,3169.93994140625,6156.2001953125,12494.8095703125,22438.650390625,26129.1796875,4981.1298828125
2020-07-09,3152.050048828125,6049.60009765625,12489.4599609375,22529.2890625,26210.16015625,4921.009765625
2020-07-10,3185.0400390625,6095.39990234375,12633.7099609375,22290.810546875,25727.41015625,4970.47998046875
2020-07-13,3155.219970703125,6176.2001953125,12799.9697265625,22784.740234375,25772.119140625,5056.22998046875
2020-07-14,3197.52001953125,6179.7998046875,12697.3603515625,22587.009765625,25477.890625,5007.4599609375
2020-07-15,3226.56005859375,6292.7001953125,12930.98046875,22945.5,25481.580078125,5108.97998046875
2020-07-16,3215.570068359375,6250.7001953125,12874.9697265625,22770.359375,24970.689453125,5085.27978515625
2020-07-17,3224.72998046875,6290.2998046875,12919.6103515625,22696.419921875,25089.169921875,5069.419921875
2020-07-20,3251.840087890625,6261.5,13046.919921875,22717.48046875,25057.990234375,5093.18017578125
2020-07-21,3257.300048828125,6269.7001953125,13171.830078125,22884.220703125,25635.66015625,5104.27978515625
2020-07-22,3276.02001953125,6207.10009765625,13104.25,22751.609375,25057.939453125,5037.1201171875
2020-07-27,3239.409912109375,6104.89990234375,12838.66015625,22715.849609375,24603.259765625,4939.6201171875
2020-07-28,3218.43994140625,6129.2998046875,12835.2802734375,22657.380859375,24772.759765625,4928.93994140625
2020-07-29,3258.43994140625,6131.5,12822.259765625,22397.109375,24883.140625,4958.740234375
2020-07-30,3246.219970703125,5990.0,12379.650390625,22339.23046875,24710.58984375,4852.93994140625
2020-07-31,3271.1201171875,5897.7998046875,12313.3603515625,21710.0,24595.349609375,4783.68994140625
2020-08-03,3294.610107421875,6032.89990234375,12646.98046875,22195.380859375,24458.130859375,4875.93017578125
2020-08-04,3306.510009765625,6036.0,12600.8701171875,22573.66015625,24946.630859375,4889.52001953125
2020-08-05,3327.77001953125,6104.7001953125,12660.25,22514.849609375,25102.5390625,4933.33984375
2020-08-06,3349.159912109375,6026.89990234375,12591.6796875,22418.150390625,24930.580078125,4885.1298828125
2020-08-07,3351.280029296875,6032.2001953125,12674.8798828125,22329.939453125,24531.619140625,4889.52001953125
2020-08-11,3333.68994140625,6154.2998046875,12946.8896484375,22750.240234375,24890.6796875,5027.990234375
2020-08-12,3380.35009765625,6280.10009765625,13058.6298828125,22843.9609375,25244.01953125,5073.31005859375
2020-08-13,3373.429931640625,6185.60009765625,12993.7099609375,23249.609375,25230.669921875,5042.3798828125
2020-08-14,3372.85009765625,6090.0,12901.33984375,23289.359375,25183.009765625,4962.93017578125
2020-08-17,3381.989990234375,6127.39990234375,12920.66015625,23096.75,25347.33984375,4971.93994140625
2020-08-18,3389.780029296875,6076.60009765625,12881.759765625,23051.080078125,25367.380859375,4938.06005859375
2020-08-19,3374.85009765625,6112.0,12977.330078125,23110.609375,25178.91015625,4977.22998046875
2020-08-20,3385.510009765625,6013.2998046875,12830.0,22880.619140625,24791.390625,4911.240234375
2020-08-21,3397.159912109375,6001.89990234375,12764.7998046875,22920.30078125,25113.83984375,4896.330078125
2020-08-24,3431.280029296875,6104.7001953125,13066.5400390625,22985.509765625,25551.580078125,5007.89013671875
2020-08-25,3443.6201171875,6037.0,13061.6201171875,23296.76953125,25486.220703125,5008.27001953125
2020-08-26,3478.72998046875,6045.60009765625,13190.150390625,23290.859375,25491.7890625,5048.43017578125
2020-08-27,3484.550048828125,6000.0,13096.3603515625,23208.859375,25281.150390625,5015.97021484375
2020-08-28,3508.010009765625,5963.60009765625,13033.2001953125,22882.650390625,25422.060546875,5002.93994140625
2020-09-01,3526.64990234375,5862.10009765625,12974.25,23138.0703125,25184.849609375,4938.10009765625
2020-09-02,3580.840087890625,5941.0,13243.4296875,23247.150390625,25120.08984375,5031.740234375
2020-09-03,3455.06005859375,5850.89990234375,13057.76953125,23465.529296875,25007.599609375,5009.52001953125
2020-09-04,3426.9599609375,5799.10009765625,12842.66015625,23205.4296875,24695.44921875,4965.06982421875
2020-09-08,3331.840087890625,5930.2998046875,12968.330078125,23274.130859375,24624.33984375,4973.52001953125
2020-09-09,3398.9599609375,6012.7998046875,13237.2099609375,23032.5390625,24468.9296875,5042.97998046875
2020-09-10,3339.18994140625,6003.2998046875,13208.8896484375,23235.470703125,24313.5390625,5023.93017578125
2020-09-11,3340.969970703125,6032.10009765625,13202.83984375,23406.490234375,24503.310546875,5034.14013671875
2020-09-14,3383.5400390625,6026.2998046875,13193.66015625,23559.30078125,24640.279296875,5051.8798828125
2020-09-15,3401.199951171875,6105.5,13217.669921875,23454.890625,24732.759765625,5067.93017578125
2020-09-16,3385.489990234375,6078.5,13255.3701171875,23475.529296875,24725.630859375,5074.419921875
2020-09-17,3357.010009765625,6049.89990234375,13208.1201171875,23319.369140625,24340.849609375,5039.5
2020-09-18,3319.469970703125,6007.10009765625,13116.25,23360.30078125,24455.41015625,4978.18017578125
2020-09-23,3236.919921875,5899.2998046875,12642.9697265625,23346.490234375,23742.509765625,4802.259765625
2020-09-24,3246.590087890625,5822.7998046875,12606.5703125,23087.8203125,23311.0703125,4762.6201171875
2020-09-25,3298.4599609375,5842.7001953125,12469.2001953125,23204.619140625,23235.419921875,4729.66015625
2020-09-28,3351.60009765625,5927.89990234375,12870.8701171875,23511.619140625,23476.05078125,4843.27001953125
2020-09-29,3335.469970703125,5897.5,12825.8203125,23539.099609375,23275.529296875,4832.06982421875
2020-09-30,3363.0,5866.10009765625,12760.73046875,23185.119140625,23459.05078125,4803.43994140625
2020-10-05,3408.60009765625,5942.89990234375,12828.3095703125,23312.140625,23767.779296875,4871.8701171875
2020-10-06,3360.969970703125,5949.89990234375,12906.01953125,23433.73046875,23980.650390625,4895.4599609375
2020-10-07,3419.43994140625,5946.2998046875,12928.5703125,23422.8203125,24242.859375,4882.0
2020-10-08,3446.830078125,5978.0,13042.2099609375,23647.0703125,24193.349609375,4911.93994140625
2020-10-09,3477.139892578125,6016.7001953125,13051.23046875,23619.689453125,24119.130859375,4946.81005859375
2020-10-12,3534.219970703125,6001.39990234375,13138.41015625,23558.689453125,24649.6796875,4979.2900390625
2020-10-14,3488.669921875,5935.10009765625,13028.0595703125,23626.73046875,24667.08984375,4941.66015625
2020-10-15,3483.340087890625,5832.5,12703.75,23507.23046875,24158.5390625,4837.419921875
2020-10-16,3483.81005859375,5919.60009765625,12908.990234375,23410.630859375,24386.7890625,4935.85986328125
2020-10-19,3426.919921875,5884.7001953125,12854.66015625,23671.130859375,24542.259765625,4942.6201171875
2020-10-20,3443.1201171875,5889.2001953125,12736.9501953125,23567.0390625,24569.5390625,4929.27978515625
2020-10-21,3435.56005859375,5776.5,12557.6396484375,23639.4609375,24754.419921875,4853.9501953125
2020-10-22,3453.489990234375,5785.7001953125,12543.0595703125,23474.26953125,24786.130859375,4851.3798828125
2020-10-23,3465.389892578125,5860.2998046875,12645.75,23516.58984375,24918.779296875,4909.64013671875
2020-10-27,3390.679931640625,5729.0,12063.5703125,23485.80078125,24787.189453125,4730.66015625
2020-10-28,3271.030029296875,5582.7998046875,11560.509765625,23418.509765625,24708.80078125,4571.1201171875
2020-10-29,3310.110107421875,5581.7998046875,11598.0703125,23331.939453125,24586.599609375,4569.669921875
2020-10-30,3269.9599609375,5577.2998046875,11556.48046875,22977.130859375,24107.419921875,4594.240234375
2020-11-02,3310.239990234375,5655.0,11788.2802734375,23295.48046875,24460.009765625,4691.14013671875
2020-11-04,3443.43994140625,5883.2998046875,12324.2197265625,23695.23046875,24886.140625,4922.85009765625
2020-11-05,3510.449951171875,5906.2001953125,12568.08984375,24105.279296875,25695.919921875,4983.990234375
2020-11-06,3509.43994140625,5910.0,12480.01953125,24325.23046875,25712.970703125,4960.8798828125
2020-11-09,3550.5,6186.2998046875,13095.9697265625,24839.83984375,26016.169921875,5336.31982421875
2020-11-10,3545.530029296875,6296.89990234375,13163.1103515625,24905.58984375,26301.48046875,5418.97021484375
2020-11-11,3572.659912109375,6382.10009765625,13216.1796875,25349.599609375,26226.98046875,5445.2099609375
2020-11-12,3537.010009765625,6338.89990234375,13052.9501953125,25520.880859375,26169.380859375,5362.56982421875
2020-11-13,3585.14990234375,6316.39990234375,13076.7197265625,25385.869140625,26156.859375,5380.16015625
2020-11-16,3626.909912109375,6421.2998046875,13138.6103515625,25906.9296875,26381.669921875,5471.47998046875
2020-11-17,3609.530029296875,6365.2998046875,13133.4697265625,26014.619140625,26415.08984375,5483.0
2020-11-18,3567.7900390625,6385.2001953125,13201.8896484375,25728.140625,26544.2890625,5511.4501953125
2020-11-19,3581.8701171875,6334.39990234375,13086.16015625,25634.33984375,26356.970703125,5474.66015625
2020-11-20,3557.5400390625,6351.5,13137.25,25527.369140625,26451.5390625,5495.89013671875
2020-11-24,3635.409912109375,6432.2001953125,13292.4404296875,26165.58984375,26588.19921875,5558.419921875
2020-11-25,3629.64990234375,6391.10009765625,13289.7998046875,26296.859375,26669.75,5571.2900390625
2020-11-27,3638.35009765625,6367.60009765625,13335.6796875,26644.7109375,26894.6796875,5598.18017578125
2020-11-30,3621.6298828125,6266.2001953125,13291.16015625,26433.619140625,26341.490234375,5518.5498046875
2020-12-01,3662.449951171875,6384.7001953125,13382.2998046875,26787.5390625,26567.6796875,5581.64013671875
2020-12-02,3669.010009765625,6463.39990234375,13313.240234375,26800.98046875,26532.580078125,5583.009765625
2020-12-03,3666.719970703125,6490.2998046875,13252.8603515625,26809.369140625,26728.5,5574.35986328125
2020-12-04,3699.1201171875,6550.2001953125,13298.9599609375,26751.240234375,26835.919921875,5609.14990234375
2020-12-07,3691.9599609375,6555.39990234375,13271.0,26547.439453125,26506.849609375,5573.3798828125
2020-12-08,3702.25,6558.7998046875,13278.490234375,26467.080078125,26304.560546875,5560.669921875
2020-12-09,3672.820068359375,6564.2998046875,13340.259765625,26817.939453125,26502.83984375,5546.81982421875
2020-12-10,3668.10009765625,6599.7998046875,13295.73046875,26756.240234375,26410.58984375,5549.64990234375
2020-12-11,3663.4599609375,6546.7998046875,13114.2998046875,26652.51953125,26505.869140625,5507.5498046875
2020-12-14,3647.489990234375,6531.7998046875,13223.16015625,26732.439453125,26389.51953125,5527.83984375
2020-12-15,3694.6201171875,6513.2998046875,13362.8701171875,26687.83984375,26207.2890625,5530.31005859375
2020-12-16,3701.169921875,6570.89990234375,13565.98046875,26757.400390625,26460.2890625,5547.68017578125
2020-12-17,3722.47998046875,6551.10009765625,13667.25,26806.669921875,26678.380859375,5549.4599609375
2020-12-18,3709.409912109375,6529.2001953125,13630.509765625,26763.390625,26498.599609375,5527.83984375
2020-12-21,3694.919921875,6416.2998046875,13246.2998046875,26714.419921875,26306.6796875,5393.33984375
2020-12-23,3690.010009765625,6495.7998046875,13587.23046875,26524.7890625,26343.099609375,5527.58984375
2020-12-29,3727.0400390625,6602.7001953125,13761.3798828125,27568.150390625,26568.490234375,5611.7900390625
2020-12-30,3732.0400390625,6555.7998046875,13718.7802734375,27444.169921875,27147.109375,5599.41015625
2021-01-04,3700.64990234375,6571.89990234375,13726.740234375,27258.380859375,27472.810546875,5588.9599609375
2021-01-05,3726.860107421875,6612.2998046875,13651.2197265625,27158.630859375,27649.859375,5564.60009765625
2021-01-06,3748.139892578125,6841.89990234375,13891.9697265625,27055.939453125,27692.30078125,5630.60009765625
2021-01-07,3803.7900390625,6857.0,13968.240234375,27490.130859375,27548.51953125,5669.85009765625
2021-01-08,3824.679931640625,6873.2998046875,14049.5302734375,28139.029296875,27878.220703125,5706.8798828125
2021-01-12,3801.18994140625,6754.10009765625,13925.0595703125,28164.33984375,28276.75,5650.97021484375
2021-01-13,3809.840087890625,6745.5,13939.7099609375,28456.58984375,28235.599609375,5662.669921875
2021-01-14,3795.5400390625,6802.0,13988.7001953125,28698.259765625,28496.859375,5681.14013671875
2021-01-15,3768.25,6735.7001953125,13787.73046875,28519.1796875,28573.859375,5611.68994140625
2021-01-19,3798.909912109375,6713.0,13815.0595703125,28633.4609375,29642.279296875,5598.60986328125
2021-01-20,3851.85009765625,6740.39990234375,13921.3701171875,28523.259765625,29962.470703125,5628.43994140625
2021-01-21,3853.070068359375,6715.39990234375,13906.669921875,28756.859375,29927.759765625,5590.7900390625
2021-01-22,3841.469970703125,6695.10009765625,13873.9697265625,28631.44921875,29447.849609375,5559.56982421875
2021-01-25,3855.360107421875,6638.89990234375,13643.9501953125,28822.2890625,30159.009765625,5472.35986328125
2021-01-26,3849.6201171875,6654.0,13870.990234375,28546.1796875,29391.259765625,5523.52001953125
2021-01-27,3750.77001953125,6567.39990234375,13620.4599609375,28635.2109375,29297.529296875,5459.6201171875
2021-01-28,3787.3798828125,6526.2001953125,13665.9296875,28197.419921875,28550.76953125,5510.52001953125
2021-01-29,3714.239990234375,6407.5,13432.8701171875,27663.390625,28283.7109375,5399.2099609375
2021-02-01,3773.860107421875,6466.39990234375,13622.01953125,28091.05078125,28892.859375,5461.68017578125
2021-02-02,3826.31005859375,6516.7001953125,13835.16015625,28362.169921875,29248.69921875,5563.10986328125
2021-02-03,3830.169921875,6507.7998046875,13933.6298828125,28646.5,29307.4609375,5563.0498046875
2021-02-04,3871.739990234375,6503.7001953125,14060.2900390625,28341.94921875,29113.5,5608.5400390625
2021-02-05,3886.830078125,6489.2998046875,14056.7197265625,28779.189453125,29288.6796875,5659.259765625
2021-02-08,3915.590087890625,6523.5,14059.91015625,29388.5,29319.470703125,5686.02978515625
2021-02-09,3911.22998046875,6531.60009765625,14011.7998046875,29505.9296875,29476.189453125,5691.5400390625
2021-02-10,3909.8798828125,6524.39990234375,13932.9697265625,29562.9296875,30038.720703125,5670.7998046875
2021-02-16,3932.590087890625,6748.89990234375,14064.599609375,30467.75,30746.66015625,5786.52978515625
2021-02-17,3931.330078125,6710.89990234375,13909.26953125,30292.189453125,31084.939453125,5765.83984375
2021-02-18,3913.969970703125,6617.2001953125,13886.9296875,30236.08984375,30595.26953125,5728.330078125
2021-02-19,3906.7099609375,6624.0,13993.23046875,30017.919921875,30644.73046875,5773.5498046875
2021-02-22,3876.5,6612.2001953125,13950.0400390625,30156.029296875,30319.830078125,5767.43994140625
2021-02-24,3925.429931640625,6659.0,13976.0,29671.69921875,29718.240234375,5797.97998046875
2021-02-25,3829.340087890625,6652.0,13879.330078125,30168.26953125,30074.169921875,5783.89013671875
2021-02-26,3811.14990234375,6483.39990234375,13786.2900390625,28966.009765625,28980.2109375,5703.22021484375
2021-03-01,3901.820068359375,6588.5,14012.8203125,29663.5,29452.5703125,5792.7900390625
2021-03-02,3870.2900390625,6613.7998046875,14039.7998046875,29408.169921875,29095.859375,5809.72998046875
2021-03-03,3819.719970703125,6675.5,14080.0302734375,29559.099609375,29880.419921875,5830.06005859375
2021-03-04,3768.469970703125,6650.89990234375,14056.33984375,28930.109375,29236.7890625,5830.64990234375
2021-03-05,3841.93994140625,6630.5,13920.6904296875,28864.3203125,29098.2890625,5782.64990234375
2021-03-08,3821.35009765625,6719.10009765625,14380.91015625,28743.25,28540.830078125,5902.990234375
2021-03-09,3875.43994140625,6730.2998046875,14437.9404296875,29027.939453125,28773.23046875,5924.97021484375
2021-03-10,3898.81005859375,6725.60009765625,14540.25,29036.560546875,28907.51953125,5990.5498046875
2021-03-11,3939.340087890625,6737.0,14569.3896484375,29211.640625,29385.609375,6033.759765625
2021-03-12,3943.340087890625,6761.5,14502.3896484375,29717.830078125,28739.720703125,6046.5498046875
2021-03-15,3968.93994140625,6749.7001953125,14461.419921875,29766.970703125,28833.759765625,6035.97021484375
2021-03-16,3962.7099609375,6803.60009765625,14557.580078125,29921.08984375,29027.689453125,6055.43017578125
2021-03-17,3974.1201171875,6762.7001953125,14596.6103515625,29914.330078125,29034.119140625,6054.81982421875
2021-03-18,3915.4599609375,6779.7001953125,14775.51953125,30216.75,29405.720703125,6062.7900390625
2021-03-19,3913.10009765625,6708.7001953125,14621.0,29792.05078125,28990.939453125,5997.9599609375
2021-03-22,3940.590087890625,6726.10009765625,14657.2099609375,29174.150390625,28885.33984375,5968.47998046875
2021-03-23,3910.52001953125,6699.2001953125,14662.01953125,28995.919921875,28497.380859375,5945.2998046875
2021-03-24,3889.139892578125,6712.89990234375,14610.3896484375,28405.51953125,27918.140625,5947.2900390625
2021-03-25,3909.52001953125,6674.7998046875,14621.3603515625,28729.880859375,27899.609375,5952.41015625
2021-03-26,3974.5400390625,6740.60009765625,14748.9404296875,29176.69921875,28336.4296875,5988.81005859375
2021-03-29,3971.090087890625,6736.2001953125,14817.7197265625,29384.51953125,28338.30078125,6015.509765625
2021-03-30,3958.550048828125,6772.10009765625,15008.6103515625,29432.69921875,28577.5,6088.0400390625
2021-03-31,3972.889892578125,6713.60009765625,15008.33984375,29178.80078125,28378.349609375,6067.22998046875
2021-04-01,4019.8701171875,6737.2998046875,15107.169921875,29388.869140625,28938.740234375,6102.9599609375
2021-04-07,4079.949951171875,6885.2998046875,15176.3603515625,29730.7890625,28674.80078125,6130.66015625
2021-04-08,4097.169921875,6942.2001953125,15202.6796875,29708.98046875,29008.0703125,6165.72021484375
2021-04-09,4128.7998046875,6915.7998046875,15234.16015625,29768.060546875,28698.80078125,6169.41015625
2021-04-12,4127.990234375,6889.10009765625,15215.0,29538.73046875,28453.279296875,6161.68017578125
2021-04-13,4141.58984375,6890.5,15234.3603515625,29751.609375,28497.25,6184.10009765625
2021-04-14,4124.66015625,6939.60009765625,15209.150390625,29620.990234375,28900.830078125,6208.580078125
2021-04-15,4170.419921875,6983.5,15255.330078125,29642.689453125,28793.140625,6234.14013671875
2021-04-16,4185.47021484375,7019.5,15459.75,29683.369140625,28969.7109375,6287.06982421875
2021-04-19,4163.259765625,7000.10009765625,15368.3896484375,29685.369140625,29106.150390625,6296.68994140625
2021-04-20,4134.93994140625,6859.89990234375,15129.509765625,29100.380859375,29135.73046875,6165.10986328125
2021-04-21,4173.419921875,6895.2998046875,15195.9697265625,28508.55078125,28621.919921875,6210.5498046875
2021-04-22,4134.97998046875,6938.2001953125,15320.51953125,29188.169921875,28755.33984375,6267.27978515625
2021-04-23,4180.169921875,6938.60009765625,15279.6201171875,29020.630859375,29078.75,6257.93994140625
2021-04-26,4187.6201171875,6963.10009765625,15296.33984375,29126.23046875,28952.830078125,6275.52001953125
2021-04-27,4186.72021484375,6945.0,15249.26953125,28991.890625,28941.5390625,6273.759765625
2021-04-28,4183.18017578125,6963.7001953125,15292.1796875,29053.970703125,29071.33984375,6306.97998046875
2021-04-30,4181.169921875,6969.7998046875,15135.91015625,28812.630859375,28724.880859375,6269.47998046875
2021-05-06,4201.6201171875,7076.2001953125,15196.740234375,29331.369140625,28637.4609375,6357.08984375
2021-05-07,4232.60009765625,7129.7001953125,15399.650390625,29357.8203125,28610.650390625,6385.509765625
2021-05-10,4188.43017578125,7123.7001953125,15400.41015625,29518.33984375,28595.66015625,6385.990234375
2021-05-11,4152.10009765625,6948.0,15119.75,28608.58984375,28013.810546875,6267.39013671875
2021-05-12,4063.0400390625,7004.60009765625,15150.2197265625,28147.509765625,28231.0390625,6279.35009765625
2021-05-13,4112.5,6963.2998046875,15199.6796875,27448.009765625,27718.669921875,6288.330078125
2021-05-14,4173.85009765625,7043.60009765625,15416.6396484375,28084.470703125,28027.5703125,6385.14013671875
2021-05-17,4163.2900390625,7032.89990234375,15396.6201171875,27824.830078125,28194.08984375,6367.35009765625
2021-05-18,4127.830078125,7034.2001953125,15386.580078125,28406.83984375,28593.810546875,6353.669921875
2021-05-20,4159.1201171875,7019.7998046875,15370.259765625,28098.25,28450.2890625,6343.580078125
2021-05-21,4155.85986328125,7018.10009765625,15437.509765625,28317.830078125,28458.439453125,6386.41015625
2021-05-25,4188.1298828125,7029.7998046875,15465.08984375,28553.98046875,28910.859375,6390.27001953125
2021-05-26,4195.990234375,7026.89990234375,15450.7197265625,28642.189453125,29166.009765625,6391.60009765625
2021-05-27,4200.8798828125,7019.7001953125,15406.73046875,28549.009765625,29113.19921875,6435.7099609375
2021-05-28,4204.10986328125,7022.60009765625,15519.98046875,29149.41015625,29124.41015625,6484.10986328125
2021-06-01,4202.0400390625,7080.5,15567.3603515625,28814.33984375,29468.0,6489.39990234375
2021-06-02,4208.1201171875,7108.0,15602.7099609375,28946.140625,29297.619140625,6521.52001953125
2021-06-03,4192.85009765625,7064.39990234375,15632.669921875,29058.109375,28966.029296875,6507.919921875
2021-06-04,4229.89013671875,7069.0,15692.900390625,28941.51953125,28918.099609375,6515.66015625
2021-06-07,4226.52001953125,7077.2001953125,15677.150390625,29019.240234375,28787.279296875,6543.56005859375
2021-06-08,4227.259765625,7095.10009765625,15640.599609375,28963.560546875,28781.380859375,6551.009765625
2021-06-09,4219.5498046875,7081.0,15581.1396484375,28860.80078125,28742.630859375,6563.4501953125
2021-06-10,4239.18017578125,7088.2001953125,15571.2197265625,28958.560546875,28738.880859375,6546.490234375
2021-06-11,4247.43994140625,7134.10009765625,15693.26953125,28948.73046875,28842.130859375,6600.66015625
2021-06-15,4246.58984375,7172.5,15729.51953125,29441.30078125,28638.529296875,6639.52001953125
2021-06-16,4223.7001953125,7185.0,15710.5703125,29291.009765625,28436.83984375,6652.64990234375
2021-06-17,4221.85986328125,7153.39990234375,15727.669921875,29018.330078125,28558.58984375,6666.259765625
2021-06-18,4166.4501953125,7017.5,15448.0400390625,28964.080078125,28801.26953125,6569.16015625
2021-06-21,4224.7900390625,7062.2998046875,15603.240234375,28010.9296875,28489.0,6602.5400390625
2021-06-22,4246.43994140625,7090.0,15636.330078125,28884.130859375,28309.759765625,6611.5
2021-06-23,4241.83984375,7074.10009765625,15456.3896484375,28874.890625,28817.0703125,6551.06982421875
2021-06-24,4266.490234375,7110.0,15589.23046875,28875.23046875,28882.4609375,6631.14990234375
2021-06-25,4280.7001953125,7136.10009765625,15607.9697265625,29066.1796875,29288.220703125,6622.8701171875
2021-06-28,4290.60986328125,7073.0,15554.1796875,29048.01953125,29268.30078125,6558.02001953125
2021-06-29,4291.7998046875,7087.60009765625,15690.58984375,28812.609375,28994.099609375,6567.43017578125
2021-06-30,4297.5,7037.5,15531.0400390625,28791.529296875,28827.94921875,6507.830078125
2021-07-02,4352.33984375,7123.2998046875,15650.08984375,28783.279296875,28310.419921875,6552.85986328125
2021-07-06,4343.5400390625,7100.89990234375,15511.3798828125,28643.2109375,28072.859375,6507.47998046875
2021-07-07,4358.1298828125,7151.0,15692.7099609375,28366.94921875,27960.619140625,6527.72021484375
2021-07-08,4320.81982421875,7030.7001953125,15420.6396484375,28118.029296875,27153.130859375,6396.72998046875
2021-07-09,4369.5498046875,7121.89990234375,15687.9296875,27940.419921875,27344.5390625,6529.419921875
2021-07-12,4384.6298828125,7125.39990234375,15790.509765625,28569.01953125,27515.240234375,6559.25
2021-07-13,4369.2099609375,7124.7001953125,15789.6396484375,28718.240234375,27963.41015625,6558.47021484375
2021-07-14,4374.2998046875,7091.2001953125,15788.98046875,28608.490234375,27787.4609375,6558.3798828125
2021-07-15,4360.02978515625,7012.0,15629.66015625,28279.08984375,27996.26953125,6493.35986328125
2021-07-16,4327.16015625,7008.10009765625,15540.3095703125,28003.080078125,28004.6796875,6460.080078125
2021-07-19,4258.490234375,6844.39990234375,15133.2001953125,27652.740234375,27489.779296875,6295.97021484375
2021-07-20,4323.06005859375,6881.10009765625,15216.26953125,27388.16015625,27259.25,6346.85009765625
2021-07-21,4358.68994140625,6998.2998046875,15422.5,27548.0,27224.580078125,6464.47998046875
2021-07-26,4422.2998046875,7025.39990234375,15618.98046875,27833.2890625,26192.3203125,6578.60009765625
2021-07-27,4401.4599609375,6996.10009765625,15519.1298828125,27970.220703125,25086.4296875,6531.919921875
2021-07-28,4400.64013671875,7016.60009765625,15570.3603515625,27581.66015625,25473.880859375,6609.31005859375
2021-07-29,4419.14990234375,7078.39990234375,15640.4697265625,27782.419921875,26315.3203125,6633.77001953125
2021-07-30,4395.259765625,7032.2998046875,15544.3896484375,27283.58984375,25961.029296875,6612.759765625
2021-08-02,4387.16015625,7081.7001953125,15568.73046875,27781.01953125,26235.80078125,6675.89990234375
2021-08-03,4423.14990234375,7105.7001953125,15555.080078125,27641.830078125,26194.8203125,6723.81005859375
2021-08-04,4402.66015625,7123.89990234375,15692.1298828125,27584.080078125,26426.55078125,6746.22998046875
2021-08-05,4429.10009765625,7120.39990234375,15744.669921875,27728.119140625,26204.689453125,6781.18994140625
2021-08-06,4436.52001953125,7123.0,15761.4501953125,27820.0390625,26179.400390625,6816.9599609375
2021-08-10,4436.75,7161.0,15770.7099609375,27888.150390625,26605.619140625,6820.2099609375
2021-08-11,4442.41015625,7220.10009765625,15826.08984375,28070.509765625,26660.16015625,6857.990234375
2021-08-12,4460.830078125,7193.2001953125,15937.509765625,28015.01953125,26517.8203125,6882.47021484375
2021-08-13,4468.0,7218.7001953125,15977.4404296875,27977.150390625,26391.619140625,6896.0400390625
2021-08-16,4479.7099609375,7154.0,15925.73046875,27523.189453125,26181.4609375,6838.77001953125
2021-08-17,4448.080078125,7181.10009765625,15921.9501953125,27424.470703125,25745.869140625,6819.83984375
2021-08-18,4400.27001953125,7169.2998046875,15965.9697265625,27585.91015625,25867.009765625,6770.10986328125
2021-08-19,4405.7998046875,7058.89990234375,15765.8095703125,27281.169921875,25316.330078125,6605.89013671875
2021-08-20,4441.669921875,7087.89990234375,15808.0400390625,27013.25,24849.720703125,6626.10986328125
2021-08-23,4479.52978515625,7109.0,15852.7900390625,27494.240234375,25109.58984375,6683.10009765625
2021-08-24,4486.22998046875,7125.7998046875,15905.849609375,27732.099609375,25727.919921875,6664.31005859375
2021-08-25,4496.18994140625,7150.10009765625,15860.66015625,27724.80078125,25693.94921875,6676.47998046875
2021-08-26,4470.0,7125.0,15793.6201171875,27742.2890625,25415.689453125,6666.02978515625
2021-08-27,4509.3701171875,7148.0,15851.75,27641.140625,25407.890625,6681.919921875
2021-08-31,4522.68017578125,7119.7001953125,15835.08984375,28089.5390625,25878.990234375,6680.18017578125
2021-09-01,4524.08984375,7149.7998046875,15824.2900390625,28451.01953125,26028.2890625,6758.68994140625
2021-09-02,4536.9501953125,7163.89990234375,15840.58984375,28543.509765625,26090.4296875,6763.080078125
2021-09-03,4535.43017578125,7138.39990234375,15781.2001953125,29128.109375,25901.990234375,6689.990234375
2021-09-07,4520.02978515625,7149.39990234375,15843.08984375,29916.140625,26353.630859375,6726.06982421875
2021-09-08,4514.06982421875,7095.5,15610.2802734375,30181.2109375,26320.9296875,6668.89013671875
2021-09-09,4493.27978515625,7024.2001953125,15623.150390625,30008.189453125,25716.0,6684.72021484375
2021-09-10,4458.580078125,7029.2001953125,15609.8095703125,30381.83984375,26205.91015625,6663.77001953125
2021-09-13,4468.72998046875,7068.39990234375,15701.419921875,30447.369140625,25813.810546875,6676.93017578125
2021-09-14,4443.0498046875,7034.10009765625,15722.990234375,30670.099609375,25502.23046875,6652.97021484375
2021-09-15,4480.7001953125,7016.5,15616.0,30511.7109375,25033.2109375,6583.6201171875
2021-09-16,4473.75,7027.5,15651.75,30323.33984375,24667.849609375,6622.58984375
2021-09-17,4432.990234375,6963.60009765625,15490.169921875,30500.05078125,24920.759765625,6570.18994140625
2021-09-21,4354.18994140625,6981.0,15348.5302734375,29839.7109375,24221.5390625,6552.72998046875
2021-09-24,4455.47998046875,7051.5,15531.75,30248.810546875,24192.16015625,6638.4599609375
2021-09-27,4443.10986328125,7063.39990234375,15573.8798828125,30240.060546875,24208.779296875,6650.91015625
2021-09-28,4352.6298828125,7028.10009765625,15248.5595703125,30183.9609375,24500.390625,6506.5
2021-09-29,4359.4599609375,7108.2001953125,15365.26953125,29544.2890625,24663.5,6560.7998046875
2021-09-30,4307.5400390625,7086.39990234375,15260.6904296875,29452.66015625,24575.640625,6520.009765625
2021-10-04,4300.4599609375,7011.0,15036.5498046875,28444.890625,24036.369140625,6477.66015625
2021-10-05,4345.72021484375,7077.10009765625,15194.490234375,27822.119140625,24104.150390625,6576.27978515625
2021-10-06,4363.5498046875,6995.89990234375,14973.330078125,27528.869140625,23966.490234375,6493.1201171875
2021-10-07,4399.759765625,7078.0,15250.8603515625,27678.2109375,24701.73046875,6600.18994140625
2021-10-08,4391.33984375,7095.60009765625,15206.1298828125,28048.939453125,24837.849609375,6559.990234375
2021-10-11,4361.18994140625,7146.89990234375,15199.1396484375,28498.19921875,25325.08984375,6570.5400390625
2021-10-12,4350.64990234375,7130.2001953125,15146.8701171875,28230.609375,24962.58984375,6548.10986328125
2021-10-15,4471.3701171875,7234.0,15587.3603515625,29068.630859375,25330.9609375,6727.52001953125
2021-10-18,4486.4599609375,7203.7998046875,15474.4697265625,29025.4609375,25409.75,6673.10009765625
2021-10-19,4519.6298828125,7217.5,15515.830078125,29215.51953125,25787.2109375,6669.85009765625
2021-10-20,4536.18994140625,7223.10009765625,15522.919921875,29255.55078125,26136.01953125,6705.60986328125
2021-10-21,4549.77978515625,7190.2998046875,15472.5595703125,28708.580078125,26017.529296875,6686.169921875
2021-10-22,4544.89990234375,7204.60009765625,15542.98046875,28804.849609375,26126.9296875,6733.68994140625
2021-10-25,4566.47998046875,7222.7998046875,15599.23046875,28600.41015625,26132.029296875,6712.8701171875
2021-10-26,4574.7900390625,7277.60009765625,15757.0595703125,29106.009765625,26038.26953125,6766.509765625
2021-10-27,4551.68017578125,7253.2998046875,15705.8095703125,29098.240234375,25628.740234375,6753.52001953125
2021-10-28,4596.419921875,7249.5,15696.330078125,28820.08984375,25555.73046875,6804.22021484375
2021-10-29,4605.3798828125,7237.60009765625,15688.76953125,28892.689453125,25377.240234375,6830.33984375
2021-11-01,4613.669921875,7288.60009765625,15806.2900390625,29647.080078125,25154.3203125,6893.2900390625
2021-11-02,4630.64990234375,7274.7998046875,15954.4501953125,29520.900390625,25099.669921875,6927.02978515625
2021-11-04,4680.06005859375,7279.89990234375,16029.650390625,29794.369140625,25225.189453125,6987.7900390625
2021-11-05,4697.52978515625,7304.0,16054.3603515625,29611.5703125,24870.509765625,7040.7900390625
2021-11-08,4701.7001953125,7300.39990234375,16046.51953125,29507.05078125,24763.76953125,7047.47998046875
2021-11-09,4685.25,7274.0,16040.4697265625,29285.4609375,24813.130859375,7043.27001953125
2021-11-10,4646.7099609375,7340.2001953125,16067.830078125,29106.779296875,24996.140625,7045.16015625
2021-11-11,4649.27001953125,7384.2001953125,16083.1103515625,29277.859375,25247.990234375,7059.5498046875
2021-11-12,4682.85009765625,7347.89990234375,16094.0703125,29609.970703125,25327.970703125,7091.39990234375
2021-11-15,4682.7998046875,7351.89990234375,16148.6396484375,29776.80078125,25390.91015625,7128.6298828125
2021-11-16,4700.89990234375,7327.0,16247.8603515625,29808.119140625,25713.779296875,7152.60009765625
2021-11-17,4688.669921875,7291.2001953125,16251.1298828125,29688.330078125,25650.080078125,7156.85009765625
2021-11-18,4704.5400390625,7256.0,16221.73046875,29598.66015625,25319.720703125,7141.97998046875
2021-11-19,4697.9599609375,7223.60009765625,16159.9697265625,29745.869140625,25049.970703125,7112.2900390625
2021-11-22,4682.93994140625,7255.5,16115.6904296875,29774.109375,24951.33984375,7105.0
2021-11-24,4701.4599609375,7286.2998046875,15878.3896484375,29302.66015625,24685.5,7042.22998046875
2021-11-26,4594.6201171875,7044.0,15257.0400390625,28751.619140625,24080.51953125,6739.72998046875
2021-11-29,4655.27001953125,7110.0,15280.8603515625,28283.919921875,23852.240234375,6776.25
2021-11-30,4567.0,7059.5,15100.1298828125,27821.759765625,23475.259765625,6721.16015625
2021-12-01,4513.0400390625,7168.7001953125,15472.669921875,27935.619140625,23658.919921875,6881.8701171875
2021-12-02,4577.10009765625,7129.2001953125,15263.1103515625,27753.369140625,23788.9296875,6795.75
2021-12-03,4538.43017578125,7122.2998046875,15169.98046875,28029.5703125,23766.689453125,6765.52001953125
2021-12-06,4591.669921875,7232.2998046875,15380.7900390625,27927.369140625,23349.380859375,6865.77978515625
2021-12-07,4686.75,7339.89990234375,15813.9404296875,28455.599609375,23983.66015625,7065.39013671875
2021-12-08,4701.2099609375,7337.39990234375,15687.08984375,28860.619140625,23996.869140625,7014.56982421875
2021-12-09,4667.4501953125,7321.2998046875,15639.259765625,28725.470703125,24254.859375,7008.22998046875
2021-12-10,4712.02001953125,7291.7998046875,15623.3095703125,28437.76953125,23995.720703125,6991.68017578125
2021-12-13,4668.97021484375,7231.39990234375,15621.7197265625,28640.490234375,23954.580078125,6942.91015625
2021-12-14,4634.08984375,7218.60009765625,15453.5595703125,28432.640625,23635.94921875,6895.31005859375
2021-12-15,4709.85009765625,7170.7998046875,15476.349609375,28459.720703125,23420.759765625,6927.6298828125
2021-12-16,4668.669921875,7260.60009765625,15636.400390625,29066.3203125,23475.5,7005.06982421875
2021-12-17,4620.64013671875,7269.89990234375,15531.6904296875,28545.6796875,23192.630859375,6926.6298828125
2021-12-20,4568.02001953125,7198.0,15239.669921875,27937.810546875,22744.859375,6870.10009765625
2021-12-21,4649.22998046875,7297.39990234375,15447.4404296875,28517.58984375,22971.330078125,6964.990234375
2021-12-22,4696.56005859375,7341.7001953125,15593.4697265625,28562.2109375,23102.330078125,7051.669921875
2021-12-23,4725.7900390625,7373.2998046875,15756.3095703125,28798.369140625,23193.640625,7106.14990234375
2021-12-29,4793.06005859375,7420.7001953125,15852.25,28906.880859375,23086.5390625,7161.52001953125
2021-12-30,4778.72998046875,7403.0,15884.8603515625,28791.7109375,23112.009765625,7173.22998046875
2022-01-04,4793.5400390625,7505.2001953125,16152.6103515625,29301.7890625,23289.83984375,7317.41015625
2022-01-05,4700.580078125,7516.89990234375,16271.75,29332.16015625,22907.25,7376.3701171875
2022-01-06,4696.0498046875,7450.39990234375,16052.0302734375,28487.869140625,23072.859375,7249.66015625
2022-01-07,4677.02978515625,7485.2998046875,15947.740234375,28478.560546875,23493.380859375,7219.47998046875
2022-01-11,4713.06982421875,7491.39990234375,15941.8095703125,28222.48046875,23739.060546875,7183.3798828125
2022-01-12,4726.35009765625,7551.7001953125,16010.3203125,28765.66015625,24402.169921875,7237.18994140625
2022-01-13,4659.02978515625,7563.89990234375,16031.58984375,28489.130859375,24429.76953125,7201.14013671875
2022-01-14,4662.85009765625,7543.0,15883.240234375,28124.279296875,24383.3203125,7143.0
2022-01-18,4577.10986328125,7563.60009765625,15772.5595703125,28257.25,24112.779296875,7133.830078125
2022-01-19,4532.759765625,7589.7001953125,15809.7197265625,27467.23046875,24127.849609375,7172.97998046875
2022-01-20,4482.72998046875,7585.0,15912.330078125,27772.9296875,24952.349609375,7194.16015625
2022-01-21,4397.93994140625,7494.10009765625,15603.8798828125,27522.259765625,24965.55078125,7068.58984375
2022-01-24,4410.1298828125,7297.2001953125,15011.1298828125,27588.369140625,24656.4609375,6787.7900390625
2022-01-25,4356.4501953125,7371.5,15123.8701171875,27131.33984375,24243.609375,6837.9599609375
2022-01-26,4349.93017578125,7469.7998046875,15459.3896484375,27011.330078125,24289.900390625,6981.9599609375
2022-01-27,4326.509765625,7554.2998046875,15524.26953125,26170.30078125,23807.0,7023.7998046875
2022-01-28,4431.85009765625,7466.10009765625,15318.9501953125,26717.33984375,23550.080078125,6965.8798828125
2022-01-31,4515.5498046875,7464.39990234375,15471.2001953125,27001.98046875,23802.259765625,6999.2001953125
2022-02-04,4500.52978515625,7516.39990234375,15099.5595703125,27439.990234375,24573.2890625,6951.3798828125
2022-02-07,4483.8701171875,7573.5,15206.6396484375,27248.869140625,24579.55078125,7009.25
2022-02-08,4521.5400390625,7567.10009765625,15242.3798828125,27284.51953125,24329.490234375,7028.41015625
2022-02-09,4587.18017578125,7643.39990234375,15482.009765625,27579.869140625,24829.990234375,7130.8798828125
2022-02-10,4504.080078125,7672.39990234375,15490.4404296875,27696.080078125,24924.349609375,7101.5498046875
2022-02-14,4401.669921875,7531.60009765625,15113.9697265625,27079.58984375,24556.5703125,6852.2001953125
2022-02-15,4471.06982421875,7608.89990234375,15412.7099609375,26865.189453125,24355.7109375,6979.97021484375
2022-02-16,4475.009765625,7603.7998046875,15396.0703125,27460.400390625,24718.900390625,6964.97998046875
2022-02-17,4380.259765625,7537.39990234375,15267.6298828125,27232.869140625,24792.76953125,6946.81982421875
2022-02-18,4348.8701171875,7513.60009765625,15042.509765625,27122.0703125,24327.7109375,6929.6298828125
2022-02-22,4304.759765625,7494.2001953125,14693.0,26449.609375,23520.0,6787.60009765625
2022-02-24,4288.7001953125,7207.0,14052.099609375,25970.8203125,22901.560546875,6521.0498046875
2022-02-25,4384.64990234375,7489.5,14567.23046875,26476.5,22767.1796875,6752.43017578125
2022-02-28,4373.93994140625,7458.2998046875,14461.01953125,26526.8203125,22713.01953125,6658.830078125
2022-03-01,4306.259765625,7330.2001953125,13904.849609375,26844.720703125,22761.7109375,6396.490234375
2022-03-02,4386.5400390625,7429.60009765625,14000.1103515625,26393.029296875,22343.919921875,6498.02001953125
2022-03-03,4363.490234375,7238.89990234375,13698.400390625,26577.26953125,22467.33984375,6378.3701171875
2022-03-04,4328.8701171875,6987.10009765625,13094.5400390625,25985.470703125,21905.2890625,6061.66015625
2022-03-07,4201.08984375,6959.5,12834.650390625,25221.41015625,21057.630859375,5982.27001953125
2022-03-08,4170.7001953125,6964.10009765625,12831.509765625,24790.94921875,20765.869140625,5962.9599609375
2022-03-09,4277.8798828125,7190.7001953125,13847.9296875,24717.529296875,20627.7109375,6387.830078125
2022-03-10,4259.52001953125,7099.10009765625,13442.099609375,25690.400390625,20890.259765625,6207.2001953125
2022-03-11,4204.31005859375,7155.60009765625,13628.1103515625,25162.779296875,20553.7890625,6260.25
2022-03-14,4173.10986328125,7193.5,13929.1103515625,25307.849609375,19531.66015625,6369.93994140625
2022-03-15,4262.4501953125,7175.7001953125,13917.26953125,25346.48046875,18415.080078125,6355.0
2022-03-16,4357.85986328125,7291.7001953125,14440.740234375,25762.009765625,20087.5,6588.64013671875
2022-03-17,4411.669921875,7385.2998046875,14388.0595703125,26652.890625,21501.23046875,6612.52001953125
2022-03-18,4463.1201171875,7404.7001953125,14413.08984375,26827.4296875,21412.400390625,6620.240234375
2022-03-22,4511.60986328125,7476.7001953125,14473.2001953125,27224.109375,21889.279296875,6659.41015625
2022-03-23,4456.240234375,7460.60009765625,14283.650390625,28040.16015625,22154.080078125,6581.43017578125
2022-03-24,4520.16015625,7467.39990234375,14273.7900390625,28110.390625,21945.94921875,6555.77001953125
2022-03-25,4543.06005859375,7483.39990234375,14305.759765625,28149.83984375,21404.880859375,6553.68017578125
2022-03-28,4575.52001953125,7473.10009765625,14417.3701171875,27943.890625,21684.970703125,6589.10986328125
2022-03-29,4631.60009765625,7537.2998046875,14820.330078125,28252.419921875,21927.630859375,6792.16015625
2022-03-30,4602.4501953125,7578.7998046875,14606.0498046875,28027.25,22232.029296875,6741.58984375
2022-03-31,4530.41015625,7515.7001953125,14414.75,27821.4296875,21996.849609375,6659.8701171875
2022-04-01,4545.85986328125,7537.89990234375,14446.48046875,27665.98046875,22039.55078125,6684.31005859375
2022-04-04,4582.64013671875,7558.89990234375,14518.16015625,27736.470703125,22502.310546875,6731.3701171875
2022-04-06,4481.14990234375,7587.7001953125,14151.6904296875,27350.30078125,22080.51953125,6498.830078125
2022-04-07,4500.2099609375,7551.7998046875,14078.150390625,26888.5703125,21808.98046875,6461.68017578125
2022-04-08,4488.27978515625,7669.60009765625,14283.669921875,26985.80078125,21872.009765625,6548.22021484375
2022-04-11,4412.52978515625,7618.2998046875,14192.7802734375,26821.51953125,21208.30078125,6555.81005859375
2022-04-12,4397.4501953125,7576.7001953125,14124.9501953125,26334.98046875,21319.130859375,6537.41015625
2022-04-13,4446.58984375,7580.7998046875,14076.4404296875,26843.490234375,21374.369140625,6542.14013671875
2022-04-14,4392.58984375,7616.39990234375,14163.849609375,27172.0,21518.080078125,6589.35009765625
2022-04-19,4462.2099609375,7601.2998046875,14153.4599609375,26985.08984375,21027.759765625,6534.7900390625
2022-04-20,4459.4501953125,7629.2001953125,14362.0302734375,27217.849609375,20944.669921875,6624.91015625
2022-04-21,4393.66015625,7628.0,14502.41015625,27553.060546875,20682.220703125,6715.10009765625
2022-04-22,4271.77978515625,7521.7001953125,14142.08984375,27105.259765625,20638.51953125,6581.419921875
2022-04-25,4296.1201171875,7380.5,13924.169921875,26590.779296875,19869.33984375,6449.3798828125
2022-04-26,4175.2001953125,7386.2001953125,13756.400390625,26700.109375,19934.7109375,6414.56982421875
2022-04-27,4183.9599609375,7425.60009765625,13793.9404296875,26386.630859375,19946.359375,6445.259765625
2022-04-28,4287.5,7509.2001953125,13979.83984375,26847.900390625,20276.169921875,6508.14013671875
2022-05-06,4123.33984375,7387.89990234375,13674.2900390625,27003.560546875,20001.9609375,6258.35986328125
2022-05-10,4001.050048828125,7243.2001953125,13534.740234375,26167.099609375,19633.689453125,6116.91015625
2022-05-11,3935.179931640625,7347.7001953125,13828.6396484375,26213.640625,19824.5703125,6269.72998046875
2022-05-12,3930.080078125,7233.2998046875,13739.6396484375,25748.720703125,19380.33984375,6206.259765625
2022-05-13,4023.889892578125,7418.2001953125,14027.9296875,26427.650390625,19898.76953125,6362.68017578125
2022-05-16,4008.010009765625,7464.7998046875,13964.3798828125,26547.05078125,19950.2109375,6347.77001953125
2022-05-17,4088.85009765625,7518.39990234375,14185.9404296875,26659.75,20602.51953125,6430.18994140625
2022-05-18,3923.679931640625,7438.10009765625,14007.759765625,26911.19921875,20644.279296875,6352.93994140625
2022-05-19,3900.7900390625,7302.7001953125,13882.2998046875,26402.83984375,20120.6796875,6272.7099609375
2022-05-20,3901.360107421875,7390.0,13981.91015625,26739.029296875,20717.240234375,6285.240234375
2022-05-23,3973.75,7513.39990234375,14175.400390625,27001.51953125,20470.060546875,6358.740234375
2022-05-24,3941.47998046875,7484.39990234375,13919.75,26748.140625,20112.099609375,6253.14013671875
2022-05-25,3978.72998046875,7522.7998046875,14007.9296875,26677.80078125,20171.26953125,6298.64013671875
2022-05-26,4057.840087890625,7564.89990234375,14231.2900390625,26604.83984375,20116.19921875,6410.580078125
2022-05-27,4158.240234375,7585.5,14462.1904296875,26781.6796875,20697.359375,6515.75
2022-05-31,4132.14990234375,7607.7001953125,14388.349609375,27279.80078125,21415.19921875,6468.7998046875
2022-06-01,4101.22998046875,7533.0,14340.4697265625,27457.890625,21294.939453125,6418.89013671875
2022-06-06,4121.43017578125,7608.2001953125,14653.8095703125,27915.890625,21653.900390625,6548.77978515625
2022-06-07,4160.68017578125,7598.89990234375,14556.6201171875,27943.94921875,21531.669921875,6500.35009765625
2022-06-08,4115.77001953125,7593.0,14445.990234375,28234.2890625,22014.58984375,6448.6298828125
2022-06-09,4017.820068359375,7476.2001953125,14198.7998046875,28246.529296875,21869.05078125,6358.4599609375
2022-06-10,3900.860107421875,7317.5,13761.830078125,27824.2890625,21806.1796875,6187.22998046875
2022-06-13,3749.6298828125,7205.7998046875,13427.0302734375,26987.439453125,21067.580078125,6022.31982421875
2022-06-14,3735.47998046875,7187.5,13304.3896484375,26629.859375,21067.990234375,5949.83984375
2022-06-15,3789.989990234375,7273.39990234375,13485.2900390625,26326.16015625,21308.2109375,6030.1298828125
2022-06-16,3666.77001953125,7045.0,13038.490234375,26431.19921875,20845.4296875,5886.240234375
2022-06-17,3674.840087890625,7016.2998046875,13126.259765625,25963.0,21075.0,5882.64990234375
2022-06-21,3764.7900390625,7152.10009765625,13292.400390625,26246.310546875,21559.58984375,5964.66015625
2022-06-22,3759.889892578125,7089.2001953125,13144.2802734375,26149.55078125,21008.33984375,5916.6298828125
2022-06-23,3795.72998046875,7020.5,12912.58984375,26171.25,21273.869140625,5883.330078125
2022-06-24,3911.739990234375,7208.7998046875,13118.1298828125,26491.970703125,21719.060546875,6073.35009765625
2022-06-27,3900.110107421875,7258.2998046875,13186.0703125,26871.26953125,22229.51953125,6047.31005859375
2022-06-28,3821.550048828125,7323.39990234375,13231.8203125,27049.470703125,22418.970703125,6086.02001953125
2022-06-29,3818.830078125,7312.2998046875,13003.349609375,26804.599609375,21996.890625,6031.47998046875
2022-06-30,3785.3798828125,7169.2998046875,12783.76953125,26393.0390625,21859.7890625,5922.85986328125
2022-07-05,3831.389892578125,7025.5,12401.2001953125,26423.470703125,21853.0703125,5794.9599609375
2022-07-06,3845.080078125,7107.7998046875,12594.51953125,26107.650390625,21586.66015625,5912.3798828125
2022-07-07,3902.6201171875,7189.10009765625,12843.2197265625,26490.529296875,21643.580078125,6006.7001953125
2022-07-08,3899.3798828125,7196.2001953125,13015.23046875,26517.189453125,21725.779296875,6033.1298828125
2022-07-11,3854.429931640625,7196.60009765625,12832.4404296875,26812.30078125,21124.19921875,5996.2998046875
2022-07-12,3818.800048828125,7209.89990234375,12905.48046875,26336.66015625,20844.740234375,6044.2001953125
2022-07-13,3801.780029296875,7156.39990234375,12756.3203125,26478.76953125,20797.94921875,6000.240234375
2022-07-14,3790.3798828125,7039.7998046875,12519.66015625,26643.390625,20751.2109375,5915.41015625
2022-07-15,3863.159912109375,7159.0,12864.7197265625,26788.470703125,20297.720703125,6036.0
2022-07-19,3936.68994140625,7296.2998046875,13308.41015625,26961.6796875,20661.060546875,6201.22021484375
2022-07-20,3959.89990234375,7264.2998046875,13281.98046875,27680.259765625,20890.220703125,6184.66015625
2022-07-21,3998.949951171875,7270.5,13246.6396484375,27803.0,20574.630859375,6201.10986328125
2022-07-22,3961.6298828125,7276.39990234375,13253.6796875,27914.66015625,20609.140625,6216.81982421875
2022-07-25,3966.840087890625,7306.2998046875,13210.3203125,27699.25,20562.939453125,6237.5498046875
2022-07-26,3921.050048828125,7306.2998046875,13096.9296875,27655.2109375,20905.880859375,6211.4501953125
2022-07-27,4023.610107421875,7348.2001953125,13166.3798828125,27715.75,20670.0390625,6257.93994140625
2022-07-28,4072.429931640625,7345.2998046875,13282.1103515625,27815.48046875,20622.6796875,6339.2099609375
2022-07-29,4130.2900390625,7423.39990234375,13484.0498046875,27801.640625,20156.509765625,6448.5
2022-08-01,4118.6298828125,7413.39990234375,13479.6298828125,27993.349609375,20165.83984375,6436.85986328125
2022-08-02,4091.18994140625,7409.10009765625,13449.2001953125,27594.73046875,19689.2109375,6409.7998046875
2022-08-03,4155.169921875,7445.7001953125,13587.5595703125,27741.900390625,19767.08984375,6472.06005859375
2022-08-04,4151.93994140625,7448.10009765625,13662.6796875,27932.19921875,20174.0390625,6513.39013671875
2022-08-05,4145.18994140625,7439.7001953125,13573.9296875,28175.869140625,20201.939453125,6472.35009765625
2022-08-08,4140.06005859375,7482.39990234375,13687.6904296875,28249.240234375,20045.76953125,6524.43994140625
2022-08-09,4122.47021484375,7488.2001953125,13534.9697265625,27999.9609375,20003.439453125,6490.0
2022-08-10,4210.240234375,7507.10009765625,13700.9296875,27819.330078125,19610.83984375,6523.43994140625
2022-08-12,4280.14990234375,7500.89990234375,13795.849609375,28546.98046875,20175.619140625,6553.85986328125
2022-08-15,4297.14013671875,7509.2001953125,13816.6103515625,28871.779296875,20040.859375,6569.9501953125
2022-08-16,4305.2001953125,7536.10009765625,13910.1201171875,28868.91015625,19830.51953125,6592.580078125
2022-08-17,4274.0400390625,7515.7998046875,13626.7099609375,29222.76953125,19922.44921875,6528.31982421875
2022-08-18,4283.740234375,7541.89990234375,13697.41015625,28942.140625,19763.91015625,6557.39990234375
2022-08-19,4228.47998046875,7550.39990234375,13544.51953125,28930.330078125,19773.029296875,6495.830078125
2022-08-22,4137.990234375,7533.7998046875,13230.5703125,28794.5,19656.98046875,6378.740234375
2022-08-23,4128.72998046875,7488.10009765625,13194.23046875,28452.75,19503.25,6362.02001953125
2022-08-24,4140.77001953125,7471.5,13220.0595703125,28313.470703125,19268.740234375,6386.759765625
2022-08-25,4199.1201171875,7479.7001953125,13271.9599609375,28479.009765625,19968.380859375,6381.56005859375
2022-08-26,4057.659912109375,7427.2998046875,12971.4697265625,28641.380859375,20170.0390625,6274.259765625
2022-08-30,3986.159912109375,7361.60009765625,12961.1396484375,28195.580078125,19949.029296875,6210.22021484375
2022-08-31,3955.0,7284.2001953125,12834.9599609375,28091.529296875,19954.390625,6125.10009765625
2022-09-01,3966.85009765625,7148.5,12630.23046875,27661.470703125,19597.310546875,6034.31005859375
2022-09-02,3924.260009765625,7281.2001953125,13050.26953125,27650.83984375,19452.08984375,6167.509765625
2022-09-06,3908.18994140625,7300.39990234375,12871.4404296875,27626.509765625,19202.73046875,6104.60986328125
2022-09-07,3979.8701171875,7237.7998046875,12915.9697265625,27430.30078125,19044.30078125,6105.919921875
2022-09-08,4006.179931640625,7262.10009765625,12904.3203125,28065.279296875,18854.619140625,6125.89990234375
2022-09-09,4067.360107421875,7351.10009765625,13088.2099609375,28214.75,19362.25,6212.330078125
2022-09-13,3932.68994140625,7385.89990234375,13188.9501953125,28614.630859375,19326.859375,6245.68994140625
2022-09-14,3946.010009765625,7277.2998046875,13028.0,27818.619140625,18847.099609375,6222.41015625
2022-09-15,3901.35009765625,7282.10009765625,12956.66015625,27875.91015625,18930.380859375,6157.83984375
2022-09-16,3873.330078125,7236.7001953125,12741.259765625,27567.650390625,18761.689453125,6077.2998046875
2022-09-20,3855.929931640625,7192.7001953125,12670.830078125,27688.419921875,18781.419921875,5979.47021484375
2022-09-21,3789.929931640625,7237.60009765625,12767.150390625,27313.130859375,18444.619140625,6031.330078125
2022-09-22,3757.989990234375,7159.5,12531.6298828125,27153.830078125,18147.94921875,5918.5
2022-09-26,3655.0400390625,7021.0,12227.919921875,26431.55078125,17855.140625,5769.39013671875
2022-09-27,3647.2900390625,6984.60009765625,12139.6796875,26571.869140625,17860.310546875,5753.81982421875
2022-09-28,3719.0400390625,7005.39990234375,12183.2802734375,26173.98046875,17250.880859375,5765.009765625
2022-09-29,3640.469970703125,6881.60009765625,11975.5498046875,26422.05078125,17165.869140625,5676.8701171875
2022-09-30,3585.6201171875,6893.7998046875,12114.3603515625,25937.2109375,17222.830078125,5762.33984375
2022-10-03,3678.429931640625,6908.7998046875,12209.48046875,26215.7890625,17079.509765625,5794.14990234375
2022-10-05,3783.280029296875,7052.60009765625,12517.1796875,27120.529296875,18087.970703125,5985.4599609375
2022-10-06,3744.52001953125,6997.2998046875,12470.7802734375,27311.30078125,18012.150390625,5936.419921875
2022-10-07,3639.659912109375,6991.10009765625,12273.0,27116.109375,17740.05078125,5866.93994140625
2022-10-11,3588.840087890625,6885.2001953125,12220.25,26401.25,16832.359375,5833.2001953125
2022-10-12,3577.030029296875,6826.2001953125,12172.259765625,26396.830078125,16701.029296875,5818.47021484375
2022-10-13,3669.909912109375,6850.2998046875,12355.580078125,26237.419921875,16389.109375,5879.18994140625
2022-10-14,3583.070068359375,6858.7998046875,12437.8095703125,27090.759765625,16587.689453125,5931.919921875
2022-10-17,3677.949951171875,6920.2001953125,12649.0302734375,26775.7890625,16612.900390625,6040.66015625
2022-10-18,3719.97998046875,6936.7001953125,12765.6103515625,27156.140625,16914.580078125,6067.0
2022-10-19,3695.159912109375,6925.0,12741.41015625,27257.380859375,16511.279296875,6040.72021484375
2022-10-20,3665.780029296875,6943.89990234375,12767.41015625,27006.9609375,16280.2197265625,6086.89990234375
2022-10-21,3752.75,6969.7001953125,12730.900390625,26890.580078125,16211.1201171875,6035.39013671875
2022-10-24,3797.340087890625,7014.0,12931.4501953125,26974.900390625,15180.6904296875,6131.35986328125
2022-10-25,3859.110107421875,7013.5,13052.9599609375,27250.279296875,15165.58984375,6250.5498046875
2022-10-26,3830.60009765625,7056.10009765625,13195.8095703125,27431.83984375,15317.669921875,6276.31005859375
2022-10-27,3807.300048828125,7073.7001953125,13211.23046875,27345.240234375,15427.9404296875,6244.02978515625
2022-10-28,3901.06005859375,7047.7001953125,13243.330078125,27105.19921875,14863.0595703125,6273.0498046875
2022-10-31,3871.97998046875,7094.5,13253.740234375,27587.4609375,14687.01953125,6266.77001953125
2022-11-01,3856.10009765625,7186.2001953125,13338.740234375,27678.919921875,15455.26953125,6328.25
2022-11-02,3759.68994140625,7144.10009765625,13256.740234375,27663.390625,15827.169921875,6276.8798828125
2022-11-04,3770.550048828125,7334.7998046875,13459.849609375,27199.740234375,16161.1396484375,6416.43994140625
2022-11-07,3806.800048828125,7300.0,13533.51953125,27527.640625,16595.91015625,6416.60986328125
2022-11-08,3828.110107421875,7306.10009765625,13688.75,27872.109375,16557.310546875,6441.5
2022-11-09,3748.570068359375,7296.2998046875,13666.3203125,27716.4296875,16358.51953125,6430.56982421875
2022-11-10,3956.3701171875,7375.2998046875,14146.08984375,27446.099609375,16081.0400390625,6556.830078125
2022-11-11,3992.929931640625,7318.0,14224.8603515625,28263.5703125,17325.66015625,6594.6201171875
2022-11-14,3957.25,7385.2001953125,14313.2998046875,27963.470703125,17619.7109375,6609.169921875
2022-11-15,3991.72998046875,7369.39990234375,14378.509765625,27990.169921875,18343.119140625,6641.66015625
2022-11-16,3958.7900390625,7351.2001953125,14234.0302734375,28028.30078125,18256.48046875,6607.22021484375
2022-11-17,3946.56005859375,7346.5,14266.3798828125,27930.5703125,18045.66015625,6576.1201171875
2022-11-18,3965.340087890625,7385.5,14431.8603515625,27899.76953125,17992.5390625,6644.4599609375
2022-11-21,3949.93994140625,7376.89990234375,14379.9296875,27944.7890625,17655.91015625,6634.4501953125
2022-11-22,4003.580078125,7452.7998046875,14422.349609375,28115.740234375,17424.41015625,6657.52978515625
2022-11-25,4026.1201171875,7486.7001953125,14541.3798828125,28283.029296875,17573.580078125,6712.47998046875
2022-11-28,3963.93994140625,7474.0,14383.3603515625,28162.830078125,17297.939453125,6665.2001953125
2022-11-29,3957.6298828125,7512.0,14355.4501953125,28027.83984375,18204.6796875,6668.97021484375
2022-11-30,4080.110107421875,7573.10009765625,14397.0400390625,27968.990234375,18597.23046875,6738.5498046875
2022-12-01,4076.570068359375,7558.5,14490.2998046875,28226.080078125,18736.439453125,6753.97021484375
2022-12-02,4071.699951171875,7556.2001953125,14529.3896484375,27777.900390625,18675.349609375,6742.25
2022-12-05,3998.840087890625,7567.5,14447.6103515625,27820.400390625,19518.2890625,6696.9599609375
2022-12-06,3941.260009765625,7521.39990234375,14343.1904296875,27885.869140625,19441.1796875,6687.7900390625
2022-12-07,3933.919921875,7489.2001953125,14261.1904296875,27686.400390625,18814.8203125,6660.58984375
2022-12-08,3963.510009765625,7472.2001953125,14264.5595703125,27574.4296875,19450.23046875,6647.31005859375
2022-12-09,3934.3798828125,7476.60009765625,14370.7197265625,27901.009765625,19900.869140625,6677.64013671875
2022-12-12,3990.56005859375,7446.0,14306.6298828125,27842.330078125,19463.630859375,6650.5498046875
2022-12-13,4019.64990234375,7502.89990234375,14497.8896484375,27954.849609375,19596.19921875,6744.97998046875
2022-12-14,3995.320068359375,7495.89990234375,14460.2001953125,28156.2109375,19673.44921875,6730.7900390625
2022-12-15,3895.75,7426.2001953125,13986.23046875,28051.69921875,19368.58984375,6522.77001953125
2022-12-16,3852.360107421875,7332.10009765625,13893.0703125,27527.119140625,19450.669921875,6452.6298828125
2022-12-19,3817.659912109375,7361.2998046875,13942.8701171875,27237.640625,19352.810546875,6473.2900390625
2022-12-20,3821.6201171875,7370.60009765625,13884.66015625,26568.029296875,19094.80078125,6450.43017578125
2022-12-21,3878.43994140625,7497.2998046875,14097.8203125,26387.720703125,19160.490234375,6580.240234375
2022-12-22,3822.389892578125,7469.2998046875,13914.0703125,26507.869140625,19679.220703125,6517.97021484375
2022-12-23,3844.820068359375,7473.0,13940.9296875,26235.25,19593.060546875,6504.89990234375
2022-12-28,3783.219970703125,7497.2001953125,13925.599609375,26340.5,19898.91015625,6510.490234375
2022-12-29,3849.280029296875,7512.7001953125,14071.7197265625,26093.669921875,19741.140625,6573.47021484375
2022-12-30,3839.5,7451.7001953125,13923.58984375,26094.5,19781.41015625,6473.759765625
2023-01-04,3852.969970703125,7585.2001953125,14490.7802734375,25716.859375,20793.109375,6776.43017578125
2023-01-05,3808.10009765625,7633.5,14436.3095703125,25820.80078125,21052.169921875,6761.5
2023-01-06,3895.080078125,7699.5,14610.01953125,25973.849609375,20991.640625,6860.9501953125
2023-01-10,3919.25,7694.5,14774.599609375,26175.560546875,21331.4609375,6869.14013671875
2023-01-11,3969.610107421875,7725.0,14947.91015625,26446.0,21436.05078125,6924.18994140625
2023-01-12,3983.169921875,7794.0,15058.2998046875,26449.8203125,21514.099609375,6975.68017578125
2023-01-13,3999.090087890625,7844.10009765625,15086.51953125,26119.51953125,21738.66015625,7023.5
2023-01-17,3990.969970703125,7851.0,15187.0703125,26138.6796875,21577.640625,7077.16015625
2023-01-18,3928.860107421875,7830.7001953125,15181.7998046875,26791.119140625,21678.0,7083.39013671875
2023-01-19,3898.85009765625,7747.2998046875,14920.3603515625,26405.23046875,21650.98046875,6951.8701171875
2023-01-20,3972.610107421875,7770.60009765625,15033.5595703125,26553.529296875,22044.650390625,6995.990234375
2023-01-26,4060.429931640625,7761.10009765625,15132.849609375,27362.75,22566.779296875,7095.990234375
2023-01-27,4070.56005859375,7765.2001953125,15150.0302734375,27382.560546875,22688.900390625,7097.2099609375
2023-01-30,4017.77001953125,7784.89990234375,15126.080078125,27433.400390625,22069.73046875,7082.009765625
2023-01-31,4076.60009765625,7771.7001953125,15128.26953125,27327.109375,21842.330078125,7082.419921875
2023-02-01,4119.2099609375,7761.10009765625,15180.740234375,27346.880859375,22072.1796875,7077.10986328125
2023-02-02,4179.759765625,7820.2001953125,15509.1904296875,27402.05078125,21958.359375,7166.27001953125
2023-02-03,4136.47998046875,7901.7998046875,15476.4296875,27509.4609375,21660.470703125,7233.93994140625
2023-02-06,4111.080078125,7836.7001953125,15345.91015625,27693.650390625,21222.16015625,7137.10009765625
2023-02-07,4164.0,7864.7001953125,15320.8798828125,27685.470703125,21298.69921875,7132.35009765625
2023-02-08,4117.85986328125,7885.2001953125,15412.0498046875,27606.4609375,21283.51953125,7119.830078125
2023-02-09,4081.5,7911.2001953125,15523.419921875,27584.349609375,21624.359375,7188.35986328125
2023-02-10,4090.4599609375,7882.5,15307.98046875,27670.98046875,21190.419921875,7129.72998046875
2023-02-13,4137.2900390625,7947.60009765625,15397.33984375,27427.3203125,21164.419921875,7208.58984375
2023-02-14,4136.1298828125,7953.89990234375,15380.5595703125,27602.76953125,21113.759765625,7213.81005859375
2023-02-15,4147.60009765625,7997.7998046875,15506.33984375,27501.859375,20812.169921875,7300.85986328125
2023-02-16,4090.409912109375,8012.5,15533.6396484375,27696.439453125,20987.669921875,7366.16015625
2023-02-17,4079.090087890625,8004.39990234375,15482.0,27513.130859375,20719.810546875,7347.72021484375
2023-02-21,3997.340087890625,7977.7998046875,15397.6201171875,27473.099609375,20529.490234375,7308.64990234375
2023-02-22,3991.050048828125,7930.60009765625,15399.8896484375,27104.3203125,20423.83984375,7299.259765625
2023-02-24,3970.0400390625,7878.7001953125,15209.740234375,27453.48046875,20010.0390625,7187.27001953125
2023-02-27,3982.239990234375,7935.10009765625,15381.4296875,27423.9609375,19943.509765625,7295.5498046875
2023-02-28,3970.14990234375,7876.2998046875,15365.1396484375,27445.560546875,19785.939453125,7267.93017578125
2023-03-01,3951.389892578125,7914.89990234375,15305.01953125,27516.529296875,20619.7109375,7234.25
2023-03-02,3981.35009765625,7944.0,15327.6396484375,27498.869140625,20429.4609375,7284.22021484375
2023-03-03,4045.639892578125,7947.10009765625,15578.3896484375,27927.470703125,20567.5390625,7348.1201171875
2023-03-06,4048.419921875,7929.7998046875,15653.580078125,28237.779296875,20603.189453125,7373.2099609375
2023-03-07,3986.3701171875,7919.5,15559.5302734375,28309.16015625,20534.48046875,7339.27001953125
2023-03-08,3992.010009765625,7929.89990234375,15631.8701171875,28444.189453125,20051.25,7324.759765625
2023-03-09,3918.320068359375,7880.0,15633.2099609375,28623.150390625,19925.740234375,7315.8798828125
2023-03-10,3861.590087890625,7748.39990234375,15427.9697265625,28143.970703125,19319.919921875,7220.669921875
2023-03-13,3855.760009765625,7548.60009765625,14959.4697265625,27832.9609375,19695.970703125,7011.5
2023-03-14,3919.2900390625,7637.10009765625,15232.830078125,27222.0390625,19247.9609375,7141.56982421875
2023-03-15,3891.929931640625,7344.5,14735.259765625,27229.48046875,19539.869140625,6885.7099609375
2023-03-16,3960.280029296875,7410.0,14967.099609375,27010.609375,19203.91015625,7025.72021484375
2023-03-17,3916.639892578125,7335.39990234375,14768.2001953125,27333.7890625,19518.58984375,6925.39990234375
2023-03-20,3951.570068359375,7403.89990234375,14933.3798828125,26945.669921875,19000.7109375,7013.14013671875
2023-03-22,3936.969970703125,7566.7998046875,15216.1904296875,27466.609375,19591.4296875,7131.1201171875
2023-03-23,3948.719970703125,7499.60009765625,15210.3896484375,27419.609375,20049.640625,7139.25
2023-03-24,3970.989990234375,7405.5,14957.23046875,27385.25,19915.6796875,7015.10009765625
2023-03-27,3977.530029296875,7471.7998046875,15127.6796875,27476.869140625,19567.689453125,7078.27001953125
2023-03-28,3971.27001953125,7484.2998046875,15142.01953125,27518.25,19784.650390625,7088.33984375
2023-03-29,4027.81005859375,7564.2998046875,15328.7802734375,27883.779296875,20192.400390625,7186.990234375
2023-03-30,4050.830078125,7620.39990234375,15522.400390625,27782.9296875,20309.130859375,7263.3701171875
2023-03-31,4109.31005859375,7631.7001953125,15628.83984375,28041.48046875,20400.109375,7322.39013671875
2023-04-03,4124.509765625,7673.0,15580.919921875,28188.150390625,20409.1796875,7345.9599609375
2023-04-04,4100.60009765625,7634.5,15603.4697265625,28287.419921875,20274.58984375,7344.9599609375
2023-04-06,4105.02001953125,7741.60009765625,15597.8896484375,27472.630859375,20331.19921875,7324.75
2023-04-11,4108.93994140625,7785.7001953125,15655.169921875,27923.369140625,20485.240234375,7390.27978515625
2023-04-12,4091.949951171875,7824.7998046875,15703.599609375,28082.69921875,20309.859375,7396.93994140625
2023-04-13,4146.22021484375,7843.39990234375,15729.4599609375,28156.970703125,20344.48046875,7480.830078125
2023-04-14,4137.64013671875,7871.89990234375,15807.5,28493.470703125,20438.810546875,7519.60986328125
2023-04-17,4151.31982421875,7879.5,15789.5302734375,28514.779296875,20782.44921875,7498.18017578125
2023-04-18,4154.8701171875,7909.39990234375,15882.669921875,28658.830078125,20650.509765625,7533.6298828125
2023-04-19,4154.52001953125,7898.7998046875,15895.2001953125,28606.759765625,20367.759765625,7549.43994140625
2023-04-20,4129.7900390625,7902.60009765625,15795.9697265625,28657.5703125,20396.970703125,7538.7099609375
2023-04-21,4133.52001953125,7914.10009765625,15881.66015625,28564.369140625,20075.73046875,7577.0
2023-04-24,4137.0400390625,7912.2001953125,15863.9501953125,28593.51953125,19959.939453125,7573.85986328125
2023-04-25,4071.6298828125,7891.10009765625,15872.1298828125,28620.0703125,19617.880859375,7531.60986328125
2023-04-26,4055.989990234375,7852.60009765625,15795.73046875,28416.470703125,19757.26953125,7466.66015625
2023-04-27,4135.35009765625,7831.60009765625,15800.4501953125,28457.6796875,19840.279296875,7483.83984375
2023-04-28,4169.47998046875,7870.60009765625,15922.3798828125,28856.439453125,19894.5703125,7491.5
2023-05-02,4119.580078125,7773.0,15726.9404296875,29157.94921875,19933.810546875,7383.2001953125
2023-05-09,4119.169921875,7764.10009765625,15955.48046875,29242.8203125,19867.580078125,7397.169921875
2023-05-10,4137.64013671875,7741.2998046875,15896.23046875,29122.1796875,19762.19921875,7361.2001953125
2023-05-11,4130.6201171875,7730.60009765625,15834.91015625,29126.720703125,19743.7890625,7381.77978515625
2023-05-12,4124.080078125,7754.60009765625,15913.8203125,29388.30078125,19627.240234375,7414.85009765625
2023-05-15,4136.27978515625,7777.7001953125,15917.240234375,29626.33984375,19971.130859375,7418.2099609375
2023-05-16,4109.89990234375,7751.10009765625,15897.9296875,29842.990234375,19978.25,7406.009765625
2023-05-17,4158.77001953125,7723.2001953125,15951.2998046875,30093.58984375,19560.5703125,7399.43994140625
2023-05-18,4198.0498046875,7742.2998046875,16163.3603515625,30573.9296875,19727.25,7446.89013671875
2023-05-19,4191.97998046875,7756.89990234375,16275.3798828125,30808.349609375,19450.5703125,7491.9599609375
2023-05-22,4192.6298828125,7771.0,16223.990234375,31086.8203125,19678.169921875,7478.16015625
2023-05-23,4145.580078125,7763.0,16152.8603515625,30957.76953125,19431.25,7378.7099609375
2023-05-24,4115.240234375,7627.10009765625,15842.1298828125,30682.6796875,19115.9296875,7253.4599609375
2023-05-25,4151.27978515625,7570.89990234375,15793.7998046875,30801.130859375,18746.919921875,7229.27001953125
2023-05-30,4205.52001953125,7522.10009765625,15908.91015625,31328.16015625,18595.779296875,7209.75
2023-05-31,4179.830078125,7446.10009765625,15664.01953125,30887.880859375,18234.26953125,7098.7001953125
2023-06-01,4221.02001953125,7490.2998046875,15853.66015625,31148.009765625,18216.91015625,7137.43017578125
2023-06-02,4282.3701171875,7607.2998046875,16051.23046875,31524.220703125,18949.939453125,7270.68994140625
2023-06-05,4273.7900390625,7600.0,15963.8896484375,32217.4296875,19108.5,7200.91015625
2023-06-06,4283.85009765625,7628.10009765625,15992.4404296875,32506.779296875,19099.279296875,7209.0
2023-06-07,4267.52001953125,7624.2998046875,15960.5595703125,31913.740234375,19252.0,7202.7900390625
2023-06-08,4293.93017578125,7599.7001953125,15989.9599609375,31641.26953125,19299.1796875,7222.14990234375
2023-06-09,4298.85986328125,7562.39990234375,15949.83984375,32265.169921875,19389.94921875,7213.14013671875
2023-06-12,4338.93017578125,7570.7001953125,16097.8701171875,32434.0,19404.310546875,7250.35009765625
2023-06-13,4369.009765625,7594.7998046875,16230.6796875,33018.6484375,19521.419921875,7290.7998046875
2023-06-14,4372.58984375,7602.7001953125,16310.7900390625,33502.421875,19408.419921875,7328.52978515625
2023-06-15,4425.83984375,7628.2998046875,16290.1201171875,33485.48828125,19828.919921875,7290.91015625
2023-06-16,4409.58984375,7642.7001953125,16357.6298828125,33706.078125,20040.369140625,7388.64990234375
2023-06-20,4388.7099609375,7569.2998046875,16111.3203125,33388.91015625,19607.080078125,7294.169921875
2023-06-21,4365.68994140625,7559.2001953125,16023.1298828125,33575.140625,19218.349609375,7260.97021484375
2023-06-23,4348.330078125,7461.89990234375,15829.9404296875,32781.5390625,18889.970703125,7163.419921875
2023-06-26,4328.81982421875,7453.60009765625,15813.0595703125,32698.810546875,18794.130859375,7184.35009765625
2023-06-27,4378.41015625,7461.5,15846.8603515625,32538.330078125,19148.130859375,7215.580078125
2023-06-28,4376.85986328125,7500.5,15949.0,33193.98828125,19172.05078125,7286.31982421875
2023-06-29,4396.43994140625,7471.7001953125,15946.7197265625,33234.140625,18934.359375,7312.72998046875
2023-06-30,4450.3798828125,7531.5,16147.900390625,33189.0390625,18916.4296875,7400.06005859375
2023-07-03,4455.58984375,7527.2998046875,16081.0400390625,33753.328125,19306.58984375,7386.7001953125
2023-07-05,4446.81982421875,7442.10009765625,15937.580078125,33338.69921875,19110.380859375,7310.81005859375
2023-07-06,4411.58984375,7280.5,15528.5400390625,32773.01953125,18533.05078125,7082.2900390625
2023-07-07,4398.9501953125,7256.89990234375,15603.400390625,32388.419921875,18365.69921875,7111.8798828125
2023-07-10,4409.52978515625,7273.7998046875,15673.16015625,32189.73046875,18479.720703125,7143.68994140625
2023-07-11,4439.259765625,7282.5,15790.33984375,32203.5703125,18659.830078125,7220.009765625
2023-07-12,4472.16015625,7416.10009765625,16023.0,31943.9296875,18860.94921875,7333.009765625
2023-07-13,4510.0400390625,7440.2001953125,16141.0302734375,32419.330078125,19350.619140625,7369.7998046875
2023-07-14,4505.419921875,7434.60009765625,16105.0703125,32391.259765625,19413.779296875,7374.5400390625
2023-07-18,4554.97998046875,7453.7001953125,16125.490234375,32493.890625,19015.720703125,7319.18017578125
2023-07-19,4565.72021484375,7588.2001953125,16108.9296875,32896.03125,18952.310546875,7326.93994140625
2023-07-20,4534.8701171875,7646.10009765625,16204.2197265625,32490.51953125,18928.01953125,7384.91015625
2023-07-21,4536.33984375,7663.7001953125,16177.2197265625,32304.25,19075.259765625,7432.77001953125
2023-07-24,4554.64013671875,7678.60009765625,16190.9501953125,32700.939453125,18668.150390625,7427.31005859375
2023-07-25,4567.4599609375,7691.7998046875,16211.58984375,32682.509765625,19434.400390625,7415.4501953125
2023-07-26,4566.75,7676.89990234375,16131.4599609375,32668.33984375,19365.140625,7315.06982421875
2023-07-27,4537.41015625,7692.7998046875,16406.029296875,32891.16015625,19639.109375,7465.240234375
2023-07-28,4582.22998046875,7694.2998046875,16469.75,32759.23046875,19916.560546875,7476.47021484375
2023-07-31,4588.9599609375,7699.39990234375,16446.830078125,33172.21875,20078.939453125,7497.77978515625
2023-08-01,4576.72998046875,7666.2998046875,16240.400390625,33476.578125,20011.119140625,7406.080078125
2023-08-02,4513.39013671875,7561.60009765625,16020.01953125,32707.689453125,19517.380859375,7312.83984375
2023-08-03,4501.89013671875,7529.2001953125,15893.3798828125,32159.279296875,19420.869140625,7260.52978515625
2023-08-04,4478.02978515625,7564.39990234375,15951.8603515625,32192.75,19539.4609375,7315.06982421875
2023-08-07,4518.43994140625,7554.5,15950.759765625,32254.560546875,19537.919921875,7319.759765625
2023-08-08,4499.3798828125,7527.39990234375,15774.9296875,32377.2890625,19184.169921875,7269.47021484375
2023-08-09,4467.7099609375,7587.2998046875,15852.580078125,32204.330078125,19246.029296875,7322.0400390625
2023-08-10,4468.830078125,7618.60009765625,15996.51953125,32473.650390625,19248.259765625,7433.6201171875
2023-08-14,4489.72021484375,7507.2001953125,15904.25,32059.91015625,18773.55078125,7348.83984375
2023-08-15,4437.85986328125,7389.60009765625,15767.2802734375,32238.890625,18581.109375,7267.7001953125
2023-08-16,4404.330078125,7356.89990234375,15789.4501953125,31766.8203125,18329.30078125,7260.25
2023-08-17,4370.35986328125,7310.2001953125,15676.900390625,31626.0,18326.630859375,7191.740234375
2023-08-18,4369.7099609375,7262.39990234375,15574.259765625,31450.759765625,17950.849609375,7164.10986328125
2023-08-21,4399.77001953125,7257.7998046875,15603.2802734375,31565.640625,17623.2890625,7198.06005859375
2023-08-22,4387.5498046875,7270.7998046875,15705.6201171875,31856.7109375,17791.009765625,7240.8798828125
2023-08-23,4436.009765625,7320.5,15728.41015625,32010.259765625,17845.919921875,7246.6201171875
2023-08-24,4376.31005859375,7333.60009765625,15621.490234375,32287.2109375,18212.169921875,7214.4599609375
2023-08-25,4405.7099609375,7338.60009765625,15631.8203125,31624.279296875,18119.390625,7229.60009765625
2023-08-29,4497.6298828125,7465.0,15930.8798828125,32226.970703125,18484.029296875,7373.43017578125
2023-08-30,4514.8701171875,7473.7001953125,15891.9296875,32333.4609375,18482.859375,7364.39990234375
2023-08-31,4507.66015625,7439.10009765625,15947.080078125,32619.33984375,18382.060546875,7316.7001953125
2023-09-05,4496.830078125,7437.89990234375,15771.7099609375,33036.76171875,18456.91015625,7254.72021484375
2023-09-06,4465.47998046875,7426.10009765625,15741.3701171875,33241.01953125,18449.98046875,7194.08984375
2023-09-07,4451.14013671875,7441.7001953125,15718.66015625,32991.078125,18202.0703125,7196.10009765625
2023-09-11,4487.4599609375,7496.89990234375,15800.990234375,32467.759765625,18096.44921875,7278.27001953125
2023-09-12,4461.89990234375,7527.5,15715.5302734375,32776.37109375,18025.890625,7252.8798828125
2023-09-13,4467.43994140625,7526.0,15654.0302734375,32706.51953125,18009.220703125,7222.56982421875
2023-09-14,4505.10009765625,7673.10009765625,15805.2900390625,33168.1015625,18047.919921875,7308.669921875
2023-09-15,4450.31982421875,7711.39990234375,15893.5302734375,33533.08984375,18182.890625,7378.81982421875
2023-09-19,4443.9501953125,7660.2001953125,15664.48046875,33242.58984375,17997.169921875,7282.1201171875
2023-09-20,4402.2001953125,7731.7001953125,15781.58984375,33023.78125,17885.599609375,7330.7900390625
2023-09-21,4330.0,7678.60009765625,15571.8603515625,32571.029296875,17655.41015625,7213.89990234375
2023-09-22,4320.06005859375,7683.89990234375,15557.2900390625,32402.41015625,18057.44921875,7184.81982421875
2023-09-25,4337.43994140625,7624.0,15405.490234375,32678.619140625,17729.2890625,7123.8798828125
2023-09-26,4273.52978515625,7625.7001953125,15255.8701171875,32315.05078125,17466.900390625,7074.02001953125
2023-09-27,4274.509765625,7593.2001953125,15217.4501953125,32371.900390625,17611.869140625,7071.7900390625
2023-09-28,4299.7001953125,7601.89990234375,15323.5,31872.51953125,17373.029296875,7116.240234375
2023-09-29,4288.0498046875,7608.10009765625,15386.580078125,31857.619140625,17809.66015625,7135.06005859375
2023-10-03,4229.4501953125,7470.2001953125,15085.2099609375,31237.939453125,17331.220703125,6997.0498046875
2023-10-04,4263.75,7412.5,15099.919921875,30526.880859375,17195.83984375,6996.72998046875
2023-10-05,4258.18994140625,7451.5,15070.2197265625,31075.359375,17213.869140625,6998.25
2023-10-06,4308.5,7494.60009765625,15229.76953125,30994.669921875,17485.98046875,7060.14990234375
2023-10-10,4358.240234375,7628.2001953125,15423.51953125,31746.529296875,17664.73046875,7162.43017578125
2023-10-11,4376.9501953125,7620.0,15460.009765625,31936.509765625,17893.099609375,7131.2099609375
2023-10-12,4349.60986328125,7644.7998046875,15425.0302734375,32494.66015625,18238.2109375,7104.52978515625
2023-10-13,4327.77978515625,7599.60009765625,15186.66015625,32315.990234375,17813.44921875,7003.52978515625
2023-10-16,4373.6298828125,7630.60009765625,15237.990234375,31659.029296875,17640.359375,7022.18994140625
2023-10-17,4373.2001953125,7675.2001953125,15251.6904296875,32040.2890625,17773.33984375,7029.7001953125
2023-10-18,4314.60009765625,7588.0,15094.91015625,32042.25,17732.51953125,6965.990234375
2023-10-19,4278.0,7499.5,15045.23046875,31430.619140625,17295.890625,6921.3701171875
2023-10-20,4224.16015625,7402.10009765625,14798.4697265625,31259.359375,17172.130859375,6816.22021484375
2023-10-24,4247.68017578125,7389.7001953125,14879.9404296875,31062.349609375,16991.529296875,6893.64990234375
2023-10-25,4186.77001953125,7414.2998046875,14892.1796875,31269.919921875,17085.330078125,6915.06982421875
2023-10-26,4137.22998046875,7354.60009765625,14731.0498046875,30601.779296875,17044.609375,6888.9599609375
2023-10-27,4117.3701171875,7291.2998046875,14687.41015625,30991.689453125,17398.73046875,6795.3798828125
2023-10-30,4166.81982421875,7327.39990234375,14716.5400390625,30696.9609375,17406.359375,6825.06982421875
2023-10-31,4193.7998046875,7321.7001953125,14810.33984375,30858.849609375,17112.48046875,6885.64990234375
2023-11-01,4237.85986328125,7342.39990234375,14923.26953125,31601.650390625,17101.779296875,6932.6298828125
2023-11-02,4317.77978515625,7446.5,15143.599609375,31949.890625,17230.58984375,7060.68994140625
2023-11-06,4365.97998046875,7417.7998046875,15135.9697265625,32708.48046875,17966.58984375,7013.72998046875
2023-11-07,4378.3798828125,7410.0,15152.6396484375,32271.8203125,17670.16015625,6986.22998046875
2023-11-08,4382.77978515625,7401.7001953125,15229.599609375,32166.48046875,17568.4609375,7034.16015625
2023-11-09,4347.35009765625,7455.7001953125,15352.5400390625,32646.4609375,17511.2890625,7113.66015625
2023-11-10,4415.240234375,7360.60009765625,15234.3896484375,32568.109375,17203.259765625,7045.0400390625
2023-11-13,4411.5498046875,7425.7998046875,15345.0,32585.109375,17426.2109375,7087.06005859375
2023-11-14,4495.7001953125,7440.5,15614.4296875,32695.9296875,17396.859375,7185.68017578125
2023-11-15,4502.8798828125,7486.89990234375,15748.169921875,33519.69921875,18079.0,7209.60986328125
2023-11-16,4508.240234375,7411.0,15786.6103515625,33424.41015625,17832.8203125,7168.39990234375
2023-11-17,4514.02001953125,7504.2998046875,15919.16015625,33585.19921875,17454.189453125,7233.91015625
2023-11-20,4547.3798828125,7496.39990234375,15901.330078125,33388.03125,17778.0703125,7246.93017578125
2023-11-21,4538.18994140625,7482.0,15900.5302734375,33354.140625,17733.890625,7229.4501953125
2023-11-22,4556.6201171875,7469.5,15957.8203125,33451.828125,17734.599609375,7260.72998046875
2023-11-24,4559.33984375,7488.2001953125,16029.490234375,33625.53125,17559.419921875,7292.7998046875
2023-11-27,4550.43017578125,7460.7001953125,15966.3701171875,33447.671875,17525.060546875,7265.490234375
2023-11-28,4554.89013671875,7455.2001953125,15992.669921875,33408.390625,17354.140625,7250.1298828125
2023-11-29,4550.580078125,7423.5,16166.4501953125,33321.21875,16993.439453125,7267.64013671875
2023-11-30,4567.7998046875,7453.7998046875,16215.4296875,33486.890625,17042.880859375,7310.77001953125
2023-12-01,4594.6298828125,7529.39990234375,16397.51953125,33431.51171875,16830.30078125,7346.14990234375
2023-12-04,4569.77978515625,7513.0,16404.759765625,33231.26953125,16646.05078125,7332.58984375
2023-12-05,4567.18017578125,7489.7998046875,16533.109375,32775.8203125,16327.8603515625,7386.990234375
2023-12-06,4549.33984375,7515.39990234375,16656.439453125,33445.8984375,16463.259765625,7435.990234375
2023-12-07,4585.58984375,7513.7001953125,16628.990234375,32858.30859375,16345.8896484375,7428.52001953125
2023-12-08,4604.3701171875,7554.5,16759.220703125,32307.859375,16334.3701171875,7526.5498046875
2023-12-11,4622.43994140625,7544.89990234375,16794.4296875,32791.80078125,16201.490234375,7551.52978515625
2023-12-12,4643.7001953125,7542.7998046875,16791.740234375,32843.69921875,16374.5,7543.5498046875
2023-12-13,4707.08984375,7548.39990234375,16766.05078125,32926.3515625,16228.75,7531.22021484375
2023-12-14,4719.5498046875,7649.0,16752.23046875,32686.25,16402.189453125,7575.85009765625
2023-12-15,4719.18994140625,7576.39990234375,16751.439453125,32970.55078125,16792.189453125,7596.91015625
2023-12-18,4740.56005859375,7614.5,16650.55078125,32758.98046875,16629.23046875,7568.85986328125
2023-12-19,4768.3701171875,7638.0,16744.41015625,33219.390625,16505.0,7574.669921875
2023-12-20,4698.35009765625,7715.7001953125,16733.05078125,33675.94140625,16613.810546875,7583.43017578125
2023-12-21,4746.75,7694.7001953125,16687.419921875,33140.46875,16621.130859375,7571.39990234375
2023-12-22,4754.6298828125,7697.5,16706.1796875,33169.05078125,16340.41015625,7568.81982421875
2023-12-27,4781.580078125,7725.0,16742.0703125,33681.23828125,16624.83984375,7571.81982421875
2023-12-28,4783.35009765625,7722.7001953125,16701.55078125,33539.62109375,17043.529296875,7535.16015625
2023-12-29,4769.830078125,7733.2001953125,16751.640625,33464.171875,17047.390625,7543.18017578125
2024-01-04,4688.68017578125,7723.10009765625,16617.2890625,33288.2890625,16645.98046875,7450.6298828125
2024-01-05,4697.240234375,7689.60009765625,16594.2109375,33377.421875,16535.330078125,7420.68994140625
2024-01-09,4756.5,7684.0,16688.359375,33763.1796875,16190.01953125,7426.6201171875
2024-01-10,4783.4501953125,7651.7998046875,16689.810546875,34441.71875,16097.2802734375,7426.080078125
2024-01-11,4780.240234375,7576.60009765625,16547.029296875,35049.859375,16302.0400390625,7387.6201171875
2024-01-12,4783.830078125,7624.89990234375,16704.560546875,35577.109375,16244.580078125,7465.14013671875
2024-01-16,4765.97998046875,7558.2998046875,16571.6796875,35619.1796875,15865.919921875,7398.0
2024-01-17,4739.2099609375,7446.2998046875,16431.689453125,35477.75,15276.900390625,7318.68994140625
2024-01-18,4780.93994140625,7459.10009765625,16567.349609375,35466.171875,15391.7900390625,7401.35009765625
2024-01-19,4839.81005859375,7461.89990234375,16555.130859375,35963.26953125,15308.6904296875,7371.64013671875
2024-01-22,4850.43017578125,7487.7001953125,16683.359375,36546.94921875,14961.1796875,7413.25
2024-01-23,4864.60009765625,7485.7001953125,16627.08984375,36517.5703125,15353.98046875,7388.0400390625
2024-01-24,4868.5498046875,7527.7001953125,16889.919921875,36226.48046875,15899.8701171875,7455.64013671875
2024-01-25,4894.16015625,7529.7001953125,16906.919921875,36236.46875,16211.9599609375,7464.2001953125
2024-01-26,4890.97021484375,7635.10009765625,16961.390625,35751.0703125,15952.23046875,7634.14013671875
2024-01-29,4927.93017578125,7632.7001953125,16941.7109375,36026.94140625,16077.240234375,7640.81005859375
2024-01-30,4924.97021484375,7666.2998046875,16972.33984375,36065.859375,15703.4501953125,7677.47021484375
2024-01-31,4845.64990234375,7630.60009765625,16903.759765625,36286.7109375,15485.0703125,7656.75
2024-02-01,4906.18994140625,7622.2001953125,16859.0390625,36011.4609375,15566.2099609375,7588.75
2024-02-02,4958.60986328125,7615.5,16918.2109375,36158.01953125,15533.5595703125,7592.259765625
2024-02-05,4942.81005859375,7612.89990234375,16904.060546875,36354.16015625,15510.009765625,7589.9599609375
2024-02-06,4954.22998046875,7681.0,17033.240234375,36160.66015625,16136.8701171875,7638.97021484375
2024-02-07,4995.06005859375,7628.7998046875,16921.9609375,36119.921875,16081.8896484375,7611.259765625
2024-02-08,4997.91015625,7595.5,16963.830078125,36863.28125,15878.0703125,7665.6298828125
2024-02-09,5026.60986328125,7572.60009765625,16926.5,36897.421875,15746.580078125,7647.52001953125
2024-02-14,5000.6201171875,7568.39990234375,16945.48046875,37703.3203125,15879.3798828125,7677.35009765625
2024-02-15,5029.72998046875,7597.5,17046.689453125,38157.94140625,15944.6298828125,7743.419921875
2024-02-16,5005.56982421875,7711.7001953125,17117.439453125,38487.23828125,16339.9599609375,7768.18017578125
2024-02-20,4975.509765625,7719.2001953125,17068.4296875,38363.609375,16247.509765625,7795.22021484375
2024-02-21,4981.7998046875,7662.5,17118.119140625,38262.16015625,16503.099609375,7812.08984375
2024-02-22,5087.02978515625,7684.5,17370.44921875,39098.6796875,16742.94921875,7911.60009765625
2024-02-26,5069.52978515625,7684.2998046875,17423.23046875,39233.7109375,16634.740234375,7929.81982421875
2024-02-27,5078.18017578125,7683.0,17556.490234375,39239.51953125,16790.80078125,7948.39990234375
2024-02-28,5069.759765625,7625.0,17601.220703125,39208.03125,16536.849609375,7954.39013671875
2024-02-29,5096.27001953125,7630.0,17678.189453125,39166.19140625,16511.439453125,7927.43017578125
2024-03-01,5137.080078125,7682.5,17735.0703125,39910.8203125,16589.439453125,7934.169921875
2024-03-04,5130.9501953125,7640.2998046875,17716.169921875,40109.23046875,16595.970703125,7956.41015625
2024-03-05,5078.64990234375,7646.2001953125,17698.400390625,40097.62890625,16162.6396484375,7932.81982421875
2024-03-06,5104.759765625,7679.2998046875,17716.7109375,40090.78125,16438.08984375,7954.740234375
2024-03-07,5157.35986328125,7692.5,17842.849609375,39598.7109375,16229.7802734375,8016.22021484375
2024-03-08,5123.68994140625,7659.7001953125,17814.509765625,39688.94140625,16353.3896484375,8028.009765625
2024-03-11,5117.93994140625,7669.2001953125,17746.26953125,38820.48828125,16587.5703125,8019.72998046875
2024-03-12,5175.27001953125,7747.7998046875,17965.109375,38797.51171875,17093.5,8087.47998046875
2024-03-13,5165.31005859375,7772.2001953125,17961.380859375,38695.96875,17082.109375,8137.580078125
2024-03-14,5150.47998046875,7743.2001953125,17942.0390625,38807.37890625,16961.66015625,8161.419921875
2024-03-15,5117.08984375,7727.39990234375,17936.650390625,38707.640625,16720.890625,8164.35009765625
2024-03-18,5149.419921875,7722.60009765625,17932.6796875,39740.44140625,16737.119140625,8148.14013671875
2024-03-19,5178.509765625,7738.2998046875,17987.490234375,40003.6015625,16529.48046875,8201.0498046875
2024-03-21,5241.52978515625,7882.60009765625,18179.25,40815.66015625,16863.099609375,8179.72021484375
2024-03-22,5234.18017578125,7930.89990234375,18205.939453125,40888.4296875,16499.470703125,8151.919921875
2024-03-25,5218.18994140625,7917.60009765625,18261.310546875,40414.12109375,16473.640625,8151.60009765625
2024-03-26,5203.580078125,7931.0,18384.349609375,40398.03125,16618.3203125,8184.75
2024-03-27,5248.490234375,7932.0,18477.08984375,40762.73046875,16392.83984375,8204.8095703125
2024-03-28,5254.35009765625,7952.60009765625,18492.490234375,40168.0703125,16541.419921875,8205.8095703125
2024-04-02,5205.81005859375,7935.10009765625,18283.130859375,39838.91015625,16931.51953125,8130.0498046875
2024-04-03,5211.490234375,7937.39990234375,18367.720703125,39451.8515625,16725.099609375,8153.22998046875
2024-04-05,5204.33984375,7911.2001953125,18175.0390625,38992.078125,16723.919921875,8061.31005859375
2024-04-08,5202.39013671875,7943.5,18318.970703125,39347.0390625,16732.849609375,8119.2998046875
2024-04-09,5209.91015625,7934.7998046875,18076.689453125,39773.12890625,16828.0703125,8049.169921875
2024-04-10,5160.64013671875,7961.2001953125,18097.30078125,39581.80859375,17139.169921875,8045.3798828125
2024-04-11,5199.06005859375,7923.7998046875,17954.48046875,39442.62890625,17095.029296875,8023.740234375
2024-04-12,5123.41015625,7995.60009765625,17930.3203125,39523.55078125,16721.689453125,8010.830078125
2024-04-15,5061.81982421875,7965.5,18026.580078125,39232.80078125,16600.4609375,8045.10986328125
2024-04-16,5051.41015625,7820.39990234375,17766.23046875,38471.19921875,16248.9697265625,7932.60986328125
2024-04-17,5022.2099609375,7848.0,17770.01953125,37961.80078125,16251.83984375,7981.509765625
2024-04-18,5011.1201171875,7877.10009765625,17837.400390625,38079.69921875,16385.869140625,8023.259765625
2024-04-19,4967.22998046875,7895.89990234375,17737.359375,37068.3515625,16224.1396484375,8022.41015625
2024-04-22,5010.60009765625,8023.89990234375,17860.80078125,37438.609375,16511.689453125,8040.35986328125
2024-04-23,5070.5498046875,8044.7998046875,18137.650390625,37552.16015625,16828.9296875,8105.77978515625
2024-04-24,5071.6298828125,8040.39990234375,18088.69921875,38460.078125,17201.26953125,8091.85986328125
2024-04-25,5048.419921875,8078.89990234375,17917.279296875,37628.48046875,17284.5390625,8016.64990234375
2024-04-26,5099.9599609375,8139.7998046875,18161.009765625,37934.76171875,17651.150390625,8088.240234375
2024-04-30,5035.68994140625,8144.10009765625,17932.169921875,38405.66015625,17763.029296875,7984.93017578125
2024-05-02,5064.2001953125,8172.2001953125,17896.5,38236.0703125,18207.130859375,7914.64990234375
2024-05-07,5187.7001953125,8313.7001953125,18430.05078125,38835.1015625,18479.369140625,8075.68017578125
2024-05-08,5187.669921875,8354.099609375,18498.380859375,38202.37109375,18313.859375,8131.41015625
2024-05-09,5214.080078125,8381.400390625,18686.599609375,38073.98046875,18537.810546875,8187.64990234375
2024-05-10,5222.68017578125,8433.7998046875,18772.849609375,38229.109375,18963.6796875,8219.1396484375
2024-05-13,5221.419921875,8415.0,18742.220703125,38179.4609375,19115.060546875,8209.2802734375
2024-05-14,5246.68017578125,8428.099609375,18716.419921875,38356.05859375,19073.7109375,8225.7998046875
2024-05-16,5297.10009765625,8438.7001953125,18738.810546875,38920.26171875,19376.529296875,8188.490234375
2024-05-17,5303.27001953125,8420.2998046875,18704.419921875,38787.37890625,19553.609375,8167.5
2024-05-20,5308.1298828125,8424.2001953125,18768.9609375,39069.6796875,19636.220703125,8195.9697265625
2024-05-21,5321.41015625,8416.5,18726.759765625,38946.9296875,19220.619140625,8141.4599609375
2024-05-22,5307.009765625,8370.2998046875,18680.19921875,38617.1015625,19195.599609375,8092.10986328125
2024-05-23,5267.83984375,8339.2001953125,18691.3203125,39103.21875,18868.7109375,8102.330078125
2024-05-24,5304.72021484375,8317.599609375,18693.369140625,38646.109375,18608.939453125,8094.97021484375
2024-05-28,5306.0400390625,8254.2001953125,18677.869140625,38855.37109375,18821.16015625,8057.7998046875
2024-05-29,5266.9501953125,8183.10009765625,18473.2890625,38556.87109375,18477.009765625,7935.02978515625
2024-05-30,5235.47998046875,8231.099609375,18496.7890625,38054.12890625,18230.189453125,7978.509765625
2024-05-31,5277.509765625,8275.400390625,18497.939453125,38487.8984375,18079.609375,7992.8701171875
2024-06-03,5283.39990234375,8262.7998046875,18608.16015625,38923.03125,18403.0390625,7998.02001953125
2024-06-04,5291.33984375,8232.0,18405.640625,38837.4609375,18444.109375,7937.89990234375
2024-06-05,5354.02978515625,8247.0,18575.939453125,38490.171875,18424.9609375,8006.56982421875
2024-06-06,5352.9599609375,8285.2998046875,18652.669921875,38703.51171875,18476.80078125,8040.1201171875
2024-06-07,5346.990234375,8245.400390625,18557.26953125,38683.9296875,18366.94921875,8001.7998046875
2024-06-11,5375.31982421875,8147.7998046875,18369.939453125,39134.7890625,18176.33984375,7789.2099609375
2024-06-12,5421.02978515625,8215.5,18630.859375,38876.7109375,17937.83984375,7864.7001953125
2024-06-13,5433.740234375,8163.7001953125,18265.6796875,38720.46875,18112.630859375,7708.02001953125
2024-06-14,5431.60009765625,8146.89990234375,18002.01953125,38814.55859375,17941.779296875,7503.27001953125
2024-06-17,5473.22998046875,8142.2001953125,18068.2109375,38102.44140625,17936.119140625,7571.56982421875
2024-06-18,5487.02978515625,8191.2998046875,18131.970703125,38482.109375,17915.55078125,7628.7998046875
2024-06-20,5473.169921875,8272.5,18254.1796875,38633.01953125,18335.3203125,7671.33984375
2024-06-21,5464.6201171875,8237.7001953125,18163.51953125,38596.46875,18028.51953125,7628.56982421875
2024-06-24,5447.8701171875,8281.599609375,18325.580078125,38804.6484375,18027.7109375,7706.89013671875
2024-06-25,5469.2998046875,8247.7998046875,18177.619140625,39173.1484375,18072.900390625,7662.2998046875
2024-06-26,5477.89990234375,8225.2998046875,18155.240234375,39667.0703125,18089.9296875,7609.14990234375
2024-06-27,5482.8701171875,8179.7001953125,18210.55078125,39341.5390625,17716.470703125,7530.72021484375
2024-06-28,5460.47998046875,8164.10009765625,18235.44921875,39583.078125,17718.609375,7479.39990234375
2024-07-02,5509.009765625,8121.2001953125,18164.060546875,40074.69140625,17769.140625,7538.2900390625
2024-07-03,5537.02001953125,8171.10009765625,18374.529296875,40580.76171875,17978.5703125,7632.080078125
2024-07-05,5567.18994140625,8203.900390625,18475.44921875,40912.37109375,17799.609375,7675.6201171875
2024-07-08,5572.85009765625,8193.5,18472.05078125,40780.69921875,17524.060546875,7627.4501953125
2024-07-09,5576.97998046875,8139.7998046875,18236.189453125,41580.171875,17523.23046875,7508.66015625
2024-07-10,5633.91015625,8193.5,18407.220703125,41831.98828125,17471.669921875,7573.5498046875
2024-07-11,5584.5400390625,8223.2998046875,18534.560546875,42224.01953125,17832.330078125,7627.1298828125
2024-07-12,5615.35009765625,8252.900390625,18748.1796875,41190.6796875,18293.380859375,7724.31982421875
2024-07-16,5667.2001953125,8164.89990234375,18518.029296875,41275.078125,17727.98046875,7580.02978515625
2024-07-17,5588.27001953125,8187.5,18437.30078125,41097.69140625,17739.41015625,7570.81005859375
2024-07-18,5544.58984375,8204.900390625,18354.759765625,40126.3515625,17778.41015625,7586.5498046875
2024-07-19,5505.0,8155.7001953125,18171.9296875,40063.7890625,17417.6796875,7534.52001953125
2024-07-22,5564.41015625,8198.7998046875,18407.0703125,39599.0,17635.880859375,7622.02001953125
2024-07-23,5555.740234375,8167.39990234375,18557.69921875,39594.390625,17469.359375,7598.6298828125
2024-07-24,5427.1298828125,8153.7001953125,18387.4609375,39154.8515625,17311.05078125,7513.72998046875
2024-07-25,5399.22021484375,8186.39990234375,18298.720703125,37869.51171875,17021.91015625,7427.02001953125
2024-07-26,5459.10009765625,8285.7001953125,18417.55078125,37667.41015625,17021.310546875,7517.68017578125
2024-07-29,5463.5400390625,8292.400390625,18320.669921875,38468.62890625,17238.33984375,7443.83984375
2024-07-30,5436.43994140625,8274.400390625,18411.1796875,38525.94921875,17002.91015625,7474.93994140625
2024-07-31,5522.2998046875,8368.0,18508.650390625,39101.8203125,17344.599609375,7531.490234375
2024-08-01,5446.68017578125,8283.400390625,18083.05078125,38126.328125,17304.9609375,7370.4501953125
2024-08-02,5346.56005859375,8174.7001953125,17661.220703125,35909.69921875,16945.509765625,7251.7998046875
2024-08-05,5186.330078125,8008.2001953125,17339.0,31458.419921875,16698.359375,7148.990234375
2024-08-06,5240.02978515625,8026.7001953125,17354.3203125,34675.4609375,16647.33984375,7130.0400390625
2024-08-07,5199.5,8166.89990234375,17615.150390625,35089.62109375,16877.859375,7266.009765625
2024-08-08,5319.31005859375,8145.0,17680.400390625,34831.1484375,16891.830078125,7247.4501953125
2024-08-09,5344.16015625,8168.10009765625,17722.880859375,35025.0,17090.23046875,7269.7099609375
2024-08-13,5434.43017578125,8235.2001953125,17812.05078125,36232.51171875,17174.060546875,7275.8701171875
2024-08-14,5455.2099609375,8281.099609375,17885.599609375,36442.4296875,17113.359375,7333.35986328125
2024-08-15,5543.22021484375,8347.400390625,18183.240234375,36726.640625,17109.140625,7423.3701171875
2024-08-16,5554.25,8311.400390625,18322.400390625,38062.671875,17430.16015625,7449.7001953125
2024-08-19,5608.25,8356.900390625,18421.689453125,37388.62109375,17569.5703125,7484.169921875
2024-08-20,5597.1201171875,8273.2998046875,18357.51953125,38062.921875,17511.080078125,7485.72998046875
2024-08-21,5620.85009765625,8283.400390625,18448.94921875,37951.80078125,17391.009765625,7524.72021484375
2024-08-22,5570.64013671875,8288.0,18493.390625,38211.01171875,17641.0,7524.10986328125
2024-08-23,5634.60986328125,8327.7998046875,18633.099609375,38364.26953125,17612.099609375,7577.0400390625
2024-08-27,5625.7998046875,8345.5,18681.810546875,38288.62109375,17874.669921875,7565.77978515625
2024-08-28,5592.18017578125,8343.900390625,18782.2890625,38371.76171875,17692.44921875,7577.669921875
2024-08-29,5591.9599609375,8379.599609375,18912.5703125,38362.53125,17786.3203125,7640.9501953125
2024-08-30,5648.39990234375,8376.599609375,18906.919921875,38647.75,17989.0703125,7630.9501953125
2024-09-03,5528.93017578125,8298.5,18747.109375,38686.30859375,17651.490234375,7575.10009765625
2024-09-04,5520.06982421875,8269.599609375,18591.849609375,37047.609375,17457.33984375,7500.97021484375
2024-09-05,5503.41015625,8241.7001953125,18576.5,36657.08984375,17444.30078125,7431.9599609375
2024-09-09,5471.0498046875,8270.7998046875,18443.560546875,36215.75,17196.9609375,7425.259765625
2024-09-10,5495.52001953125,8206.0,18265.919921875,36159.16015625,17234.08984375,7407.5498046875
2024-09-11,5554.1298828125,8193.900390625,18330.26953125,35619.76953125,17108.7109375,7396.830078125
2024-09-12,5595.759765625,8241.0,18518.390625,36833.26953125,17240.390625,7435.06982421875
2024-09-13,5626.02001953125,8273.099609375,18699.400390625,36581.76171875,17369.08984375,7465.25
2024-09-17,5634.580078125,8309.900390625,18726.080078125,36203.21875,17660.01953125,7487.419921875
2024-09-19,5713.64013671875,8328.7001953125,19002.380859375,37155.328125,18013.16015625,7615.41015625
2024-09-20,5702.5498046875,8230.0,18720.009765625,37723.91015625,18258.5703125,7500.259765625
2024-09-24,5732.93017578125,8282.7998046875,18996.630859375,37940.58984375,19000.560546875,7604.009765625
2024-09-25,5722.259765625,8268.7001953125,18918.5,37870.26171875,19129.099609375,7565.6201171875
2024-09-26,5745.3701171875,8284.900390625,19238.359375,38925.62890625,19924.580078125,7742.08984375
2024-09-27,5738.169921875,8320.7998046875,19473.630859375,39829.55859375,20632.30078125,7791.7900390625
2024-09-30,5762.47998046875,8237.0,19324.9296875,37919.55078125,21133.6796875,7635.75
2024-10-02,5709.5400390625,8290.900390625,19164.75,37808.76171875,22443.73046875,7577.58984375
2024-10-03,5699.93994140625,8282.5,19015.41015625,38552.05859375,22113.509765625,7477.77978515625
2024-10-04,5751.06982421875,8280.599609375,19120.9296875,38635.62109375,22736.869140625,7541.35986328125
2024-10-07,5695.93994140625,8303.599609375,19104.099609375,39332.73828125,23099.779296875,7576.02001953125
2024-10-08,5751.1298828125,8190.60009765625,19066.470703125,38937.5390625,20926.7890625,7521.31982421875
2024-10-09,5792.0400390625,8243.7001953125,19254.9296875,39277.9609375,20637.240234375,7560.08984375
2024-10-10,5780.0498046875,8237.7001953125,19210.900390625,39380.890625,21251.98046875,7541.58984375
2024-10-15,5815.259765625,8249.2998046875,19486.189453125,39910.55078125,20318.7890625,7521.97021484375
2024-10-16,5842.47021484375,8329.099609375,19432.810546875,39180.30078125,20286.849609375,7492.0
2024-10-17,5841.47021484375,8385.099609375,19583.390625,38911.19140625,20079.099609375,7583.72998046875
2024-10-18,5864.669921875,8358.2998046875,19657.369140625,38981.75,20804.109375,7613.0498046875
2024-10-21,5853.97998046875,8318.2001953125,19461.189453125,38954.6015625,20478.4609375,7536.22998046875
2024-10-22,5851.2001953125,8306.5,19421.91015625,38411.9609375,20498.94921875,7535.10009765625
2024-10-23,5797.419921875,8258.599609375,19377.619140625,38104.859375,20760.150390625,7497.47998046875
2024-10-24,5809.85986328125,8269.400390625,19443.0,38143.2890625,20489.619140625,7503.27978515625
2024-10-25,5808.1201171875,8248.7998046875,19463.58984375,37913.921875,20590.150390625,7497.5400390625
2024-10-28,5823.52001953125,8285.599609375,19531.619140625,38605.53125,20599.359375,7556.93994140625
2024-10-29,5832.919921875,8219.599609375,19478.0703125,38903.6796875,20701.140625,7511.10986328125
2024-10-30,5813.669921875,8159.60009765625,19257.33984375,39277.390625,20380.640625,7428.35986328125
2024-10-31,5705.4501953125,8110.10009765625,19077.5390625,39081.25,20317.330078125,7350.3701171875
2024-11-01,5728.7998046875,8177.2001953125,19254.970703125,38053.671875,20506.4296875,7409.10986328125
2024-11-05,5782.759765625,8172.39990234375,19256.26953125,38474.8984375,21006.970703125,7407.14990234375
2024-11-06,5929.0400390625,8166.7001953125,19039.310546875,39480.671875,20538.380859375,7369.60986328125
2024-11-07,5973.10009765625,8140.7001953125,19362.51953125,39381.41015625,20953.33984375,7425.60009765625
2024-11-08,5995.5400390625,8072.39990234375,19215.48046875,39500.37109375,20728.189453125,7338.669921875
2024-11-11,6001.35009765625,8125.2001953125,19448.599609375,39533.3203125,20426.9296875,7426.8798828125
2024-11-12,5983.990234375,8025.7998046875,19033.640625,39376.08984375,19846.880859375,7226.97998046875
2024-11-13,5985.3798828125,8030.2998046875,19003.109375,38721.66015625,19823.44921875,7216.830078125
2024-11-14,5949.169921875,8071.2001953125,19263.69921875,38535.69921875,19435.810546875,7311.7998046875
2024-11-15,5870.6201171875,8063.60009765625,19210.810546875,38642.91015625,19426.33984375,7269.6298828125
2024-11-18,5893.6201171875,8109.2998046875,19189.189453125,38220.8515625,19576.609375,7278.22998046875
2024-11-19,5916.97998046875,8099.0,19060.310546875,38414.4296875,19663.669921875,7229.64013671875
2024-11-20,5917.10986328125,8085.10009765625,19004.779296875,38352.33984375,19705.009765625,7198.4501953125
2024-11-21,5948.7099609375,8149.2998046875,19146.169921875,38026.171875,19601.109375,7213.31982421875
2024-11-22,5969.33984375,8262.099609375,19322.58984375,38283.8515625,19229.970703125,7255.009765625
2024-11-25,5987.3701171875,8291.7001953125,19405.19921875,38780.140625,19150.990234375,7257.47021484375
2024-11-26,6021.6298828125,8258.599609375,19295.98046875,38442.0,19159.19921875,7194.509765625
2024-11-27,5998.740234375,8274.7998046875,19261.75,38134.96875,19603.130859375,7143.02978515625
2024-11-29,6032.3798828125,8287.2998046875,19626.44921875,38208.03125,19423.609375,7235.10986328125
2024-12-02,6047.14990234375,8312.900390625,19933.619140625,38513.01953125,19550.2890625,7236.89013671875
2024-12-03,6049.8798828125,8359.400390625,20016.75,39248.859375,19746.3203125,7255.419921875
2024-12-04,6086.490234375,8335.7998046875,20232.140625,39276.390625,19742.4609375,7303.27978515625
2024-12-05,6075.10986328125,8349.400390625,20358.80078125,39395.6015625,19560.439453125,7330.5400390625
2024-12-06,6090.27001953125,8308.599609375,20384.609375,39091.171875,19865.849609375,7426.8798828125
2024-12-09,6052.85009765625,8352.099609375,20345.9609375,39160.5,20414.08984375,7480.14013671875
2024-12-10,6034.91015625,8280.400390625,20329.16015625,39367.578125,20311.279296875,7394.77978515625
2024-12-11,6084.18994140625,8301.599609375,20399.16015625,39372.23046875,20155.05078125,7423.39990234375
2024-12-12,6051.25,8311.7998046875,20426.26953125,39849.140625,20397.05078125,7420.93994140625
2024-12-13,6051.08984375,8300.2998046875,20405.919921875,39470.44140625,19971.240234375,7409.56982421875
2024-12-16,6074.080078125,8262.099609375,20313.810546875,39457.48828125,19795.490234375,7357.080078125
2024-12-17,6050.60986328125,8195.2001953125,20246.369140625,39364.6796875,19700.48046875,7365.7001953125
2024-12-18,5872.16015625,8199.099609375,20242.5703125,39081.7109375,19864.55078125,7384.6201171875
2024-12-19,5867.080078125,8105.2998046875,19969.859375,38813.578125,19752.509765625,7294.3701171875
2024-12-20,5930.85009765625,8084.60009765625,19884.75,38701.8984375,19720.69921875,7274.47998046875
2024-12-23,5974.06982421875,8102.7001953125,19848.76953125,39161.33984375,19883.130859375,7272.31982421875
2024-12-27,5970.83984375,8149.7998046875,19984.3203125,40281.16015625,20090.4609375,7355.3701171875
2024-12-30,5906.93994140625,8121.0,19909.140625,39894.5390625,20041.419921875,7313.56005859375
