date,FIN,EN,IT,HC,IND,CD,CS,MAT,UTIL,RE,TEL,SPX
2005-01-04,-0.0095328938,-0.0051456381,-0.0186338480,-0.0080431670,-0.0123374769,-0.0116942645,-0.0034656368,-0.0180089701,-0.0069014232,-0.0137252718,-0.0038328035,-0.0116713594
2005-01-05,-0.0016596444,-0.0043102609,-0.0034084446,-0.0016887830,-0.0069036419,-0.0037519067,-0.0052180204,-0.0138409584,-0.0157282592,-0.0374172495,-0.0124588610,-0.0036278426
2005-01-06,0.0049864907,0.0173156788,-0.0029307246,0.0074448872,0.0033104371,-0.0052141245,0.0048074974,0.0066668013,0.0052024471,0.0085708138,0.0011130088,0.0035058581
2005-01-07,-0.0052924964,-0.0079436474,0.0019592948,-0.0006721166,-0.0046189420,-0.0002915697,0.0047847136,0.0017430092,0.0000000000,-0.0000858324,0.0053744947,-0.0014311706
2005-01-10,0.0009981815,0.0074352860,0.0000000000,0.0087397934,0.0036461179,0.0037865906,0.0060611491,0.0045230062,0.0051752269,-0.0006007357,-0.0106915278,0.0034227727
2005-01-11,-0.0043199616,0.0014195166,-0.0097796325,-0.0069979036,-0.0046238961,-0.0063839088,-0.0043033502,-0.0103911637,-0.0029419734,-0.0122834661,-0.0005588895,-0.0060995671
2005-01-12,-0.0013342269,0.0175739116,0.0054323415,0.0067110848,0.0013271552,0.0058411707,0.0030252635,0.0066503581,0.0029506542,-0.0038265089,-0.0128632223,0.0039814039
2005-01-13,-0.0096887801,0.0066853205,-0.0098232855,-0.0149993252,-0.0096088615,-0.0072587012,-0.0064630109,-0.0038243756,0.0047820726,0.0048015816,-0.0058547069,-0.0086301258
2005-01-14,0.0033737354,0.0088543384,0.0029765309,0.0040605858,0.0066915640,0.0093591740,0.0056381998,0.0094230254,0.0084184932,0.0116422352,0.0000000000,0.0060045596
2005-01-18,0.0158028825,0.0098737176,0.0108801197,0.0080889759,0.0039875084,0.0084032155,0.0103488825,0.0038047991,0.0087111639,0.0109925654,0.0191870160,0.0096747718
2005-01-19,-0.0099304869,-0.0035304685,-0.0210373403,-0.0063520555,-0.0079442906,-0.0100576995,-0.0017073958,-0.0068897455,-0.0043180033,0.0016136324,-0.0039143588,-0.0094901050
2005-01-20,-0.0073550782,-0.0100846371,-0.0069963267,-0.0050474607,-0.0090085140,-0.0179965331,-0.0008548371,-0.0055498446,-0.0032528172,-0.0062758586,-0.0174025098,-0.0077829961
2005-01-21,-0.0050521135,0.0022027353,-0.0070458083,-0.0067635631,-0.0063977374,-0.0035474702,-0.0085583257,-0.0041861174,-0.0039881096,0.0023904170,-0.0022855177,-0.0064148160
2005-01-24,0.0003387783,0.0087912866,-0.0081094362,-0.0085120021,-0.0030493870,-0.0097892419,-0.0038841566,-0.0140102137,0.0087368967,-0.0097917329,-0.0011452037,-0.0035277857
2005-01-25,0.0006764116,0.0040845043,0.0015323378,0.0068681758,0.0095173411,0.0026960989,0.0038993021,0.0053289025,-0.0057741017,-0.0204642435,-0.0072615033,0.0040043258
2005-01-26,0.0047344865,0.0097643996,0.0102047024,0.0061390808,0.0020198864,0.0053779217,-0.0008633859,0.0017662756,0.0145191613,0.0015799002,0.0044275353,0.0048441146
2005-01-27,-0.0050484703,0.0088637773,-0.0010099856,-0.0020338741,0.0026881058,-0.0020799601,0.0056162812,0.0052909877,0.0050087235,-0.0105169765,-0.0068993363,0.0004089216
2005-01-28,-0.0013534640,-0.0119809696,0.0000000000,-0.0081520769,-0.0010055412,-0.0047647800,0.0004290081,-0.0010524785,0.0010682733,0.0046056777,-0.0044385257,-0.0027159877
2005-01-31,0.0118566610,0.0118567143,0.0070774882,0.0017126686,0.0130832716,0.0107715613,0.0025759526,0.0122933146,0.0113795410,-0.0063484142,0.0052336221,0.0084602806
2005-02-01,0.0107131045,0.0170437206,0.0060243481,0.0095719371,0.0029799993,0.0008885485,0.0004285081,0.0083272917,0.0066807383,0.0149954475,0.0102196388,0.0068909009
2005-02-02,0.0000000000,0.0138779310,0.0004989450,0.0040638957,0.0000000000,0.0029578026,0.0081332397,0.0103239628,0.0038419150,0.0114529091,0.0085893161,0.0031779682
2005-02-03,-0.0046378521,0.0049070390,-0.0064839825,-0.0030353308,-0.0029711453,-0.0020644511,-0.0016979178,-0.0057901435,0.0027840696,-0.0030250490,-0.0020817173,-0.0027656341
2005-02-04,0.0119805135,0.0035981758,0.0170683920,0.0091340878,0.0082780708,0.0091609059,0.0055291436,0.0113055784,0.0097149765,0.0143036088,0.0155514610,0.0110430498
2005-02-07,0.0009864875,-0.0066581631,-0.0029615931,0.0006701205,-0.0006570569,0.0026351624,-0.0021149869,-0.0003388415,-0.0020616382,-0.0022219644,-0.0029882861,-0.0010889658
2005-02-08,-0.0039421796,0.0072185230,0.0049504859,0.0023452304,0.0055868672,-0.0023361055,0.0012723746,0.0000000000,0.0058535705,0.0023131381,0.0000000000,0.0004827066
2005-02-09,-0.0026383032,-0.0017914952,-0.0172408872,-0.0106953658,-0.0104575382,-0.0111247207,-0.0088912794,-0.0138937027,-0.0058195056,0.0058964794,0.0000000000,-0.0085752792
2005-02-10,0.0029758009,0.0274354107,0.0020047830,0.0016893394,0.0046234232,0.0041448679,-0.0004269110,0.0134020979,0.0010327770,0.0035685611,-0.0224759829,0.0042114612
2005-02-11,0.0079134310,0.0087348090,0.0095047884,0.0101180164,0.0065748836,0.0050116142,0.0059826560,0.0098335107,0.0006880820,0.0040635921,0.0076641788,0.0069256222
2005-02-14,-0.0016359334,0.0012373348,0.0019822427,0.0006678023,-0.0009801132,-0.0014667911,0.0004244116,0.0010079568,0.0089379561,0.0019398211,0.0034231196,0.0006968935
2005-02-15,0.0022932324,0.0022237565,0.0049453409,-0.0003332203,0.0032694067,0.0079324235,0.0016987677,0.0053665772,-0.0017038617,0.0030288884,0.0011368420,0.0032997665
2005-02-16,-0.0068647819,0.0281063231,-0.0034451020,-0.0013355246,0.0029319534,-0.0017492821,0.0025435473,0.0126796049,0.0027305187,0.0051185186,-0.0024614659,0.0001817759
2005-02-17,-0.0088872159,-0.0134290640,-0.0162962246,-0.0013368519,-0.0090967346,-0.0049635458,-0.0063424179,-0.0036238216,-0.0020423973,-0.0005847620,-0.0037943194,-0.0079233654
2005-02-18,-0.0106277733,0.0221194833,-0.0020078033,0.0150602908,0.0000000000,-0.0020542268,-0.0012758279,0.0112432886,-0.0105731776,-0.0102729239,-0.0026668876,0.0006995343
2005-02-22,-0.0147701925,-0.0071342251,-0.0055331314,-0.0118695654,-0.0160652171,-0.0196995304,-0.0149132667,-0.0150427396,-0.0237843602,-0.0269198899,-0.0066847011,-0.0145057234
2005-02-23,0.0091994698,0.0126947320,-0.0030352478,0.0046712215,0.0013328083,0.0062983448,0.0025948207,0.0152724795,0.0052963673,0.0006072436,0.0074985021,0.0056073626
2005-02-24,0.0013510269,0.0196306776,0.0086253452,0.0076389180,0.0143098102,0.0008945657,0.0047455668,0.0107907881,0.0077275748,-0.0032935078,0.0007638999,0.0078937705
2005-02-25,0.0101141968,0.0245885844,0.0065390527,0.0082399539,0.0082017421,0.0047644841,0.0034353197,0.0155298504,0.0195189740,0.0195651998,0.0041947295,0.0093068192
2005-02-28,-0.0096800991,-0.0072448798,-0.0029980344,-0.0150378322,-0.0058577666,-0.0041492655,-0.0021397063,-0.0095576295,-0.0068379985,-0.0067382362,0.0034182260,-0.0064142414
2005-03-01,0.0097747193,-0.0193840461,0.0120295099,0.0079657536,0.0032736880,0.0113093965,0.0081476181,0.0012864324,0.0027538118,0.0085867628,0.0088952232,0.0056580747
2005-03-02,-0.0030040338,0.0146512325,-0.0024763765,0.0009879406,0.0029362475,0.0005885134,-0.0025519888,-0.0028907787,-0.0010295183,-0.0039163761,-0.0063780594,-0.0002726994
2005-03-03,-0.0016743320,0.0165022887,-0.0074476344,-0.0009869656,0.0022775382,-0.0011766268,0.0068226202,-0.0009669424,0.0051547465,0.0017950625,0.0050969316,0.0003223049
2005-03-04,0.0127429021,0.0128522637,0.0065031319,0.0092190316,0.0139562640,0.0085396788,0.0050826438,0.0312805254,0.0157265853,0.0208174540,0.0018785408,0.0096243812
2005-03-07,0.0000000000,-0.0069013189,0.0074552226,0.0022843761,0.0048017502,0.0008759198,-0.0029492732,-0.0109444269,0.0070680167,0.0096114188,-0.0014999695,0.0026102703
2005-03-08,-0.0016549027,-0.0011211178,-0.0083863749,-0.0065106366,-0.0006374718,-0.0052507747,-0.0046501342,-0.0025294214,-0.0066841433,-0.0099340797,-0.0050691798,-0.0047987894
2005-03-09,-0.0122723944,-0.0276028118,-0.0019905658,-0.0062251879,-0.0108382738,-0.0111433512,-0.0072180275,0.0022190854,-0.0178330916,-0.0292638007,-0.0081149886,-0.0101851221
2005-03-10,0.0057086391,-0.0203096172,0.0044864017,0.0036266231,0.0022561603,0.0017787106,0.0021385772,-0.0126503339,0.0065088799,0.0077514590,0.0011414998,0.0018558174
2005-03-11,-0.0086811526,0.0082450833,-0.0129034883,-0.0078845398,-0.0025731118,-0.0011839223,-0.0076826050,0.0060855729,-0.0044247304,-0.0144440475,0.0017104695,-0.0075832491
2005-03-14,0.0053893018,0.0072429981,0.0040227924,0.0016561401,0.0054807911,0.0014815649,0.0030107349,-0.0003181621,0.0153843889,0.0157831442,-0.0024659247,0.0056246252
2005-03-15,-0.0067001234,-0.0139179407,-0.0100150015,-0.0115703642,-0.0054509158,0.0011844544,-0.0060036812,-0.0047768588,-0.0043769902,-0.0022194273,-0.0091294396,-0.0075238073
2005-03-16,-0.0101184025,0.0032936259,-0.0101163794,-0.0096991398,-0.0116044424,-0.0059121076,-0.0025881050,-0.0214400218,-0.0091309582,-0.0124067243,-0.0072934454,-0.0080818649
2005-03-17,-0.0027254366,0.0173502865,-0.0005108642,0.0033771663,-0.0003266517,0.0008919942,0.0034602900,0.0117724749,0.0058020376,0.0106564590,-0.0071537491,0.0018012531
2005-03-18,-0.0049800564,0.0123482175,-0.0056241618,-0.0009792122,0.0012114450,-0.0057120456,-0.0032036383,-0.0001301034,-0.0030086728,-0.0066868181,-0.0062319235,-0.0004704519
2005-03-21,-0.0089753421,-0.0086795832,0.0000000000,-0.0040573831,0.0032699770,-0.0047878168,-0.0056441832,-0.0058385842,-0.0003429063,-0.0075080225,0.0000000000,-0.0049342201
2005-03-22,-0.0184602957,-0.0119815929,-0.0087406456,0.0003396939,-0.0055409727,-0.0084183726,-0.0056770912,-0.0032621135,-0.0202399756,-0.0173913289,-0.0035272918,-0.0101962088
2005-03-23,0.0021291615,-0.0191234620,0.0041496817,0.0108584375,-0.0062277537,-0.0033352902,0.0065878507,-0.0098205543,-0.0049021663,-0.0053101173,0.0019669523,0.0006998902
2005-03-24,-0.0049577636,-0.0007133309,0.0005169849,0.0003358390,0.0049475930,0.0015211761,-0.0004360451,0.0000000000,0.0105562320,0.0027001072,-0.0003934718,-0.0009466584
2005-03-28,0.0071175615,0.0011898168,0.0010322135,-0.0006710854,-0.0009847781,0.0069863751,0.0008726882,-0.0056197961,0.0017407296,-0.0005383902,-0.0029446688,0.0024414687
2005-03-29,-0.0035335982,-0.0161594023,-0.0077363492,-0.0033579557,-0.0164254595,-0.0126694605,-0.0021806511,-0.0222734205,-0.0125125192,-0.0014369481,-0.0015754693,-0.0075961813
2005-03-30,0.0124115146,0.0149752433,0.0150728653,0.0158352812,0.0190379026,0.0161928770,0.0131117020,0.0170007299,0.0161910698,0.0128608393,0.0069035692,0.0137726102
2005-03-31,-0.0056047265,0.0202290377,0.0015366891,-0.0096184147,-0.0026220398,-0.0030064551,-0.0069016937,0.0083586234,0.0096985076,-0.0037293342,0.0062680725,-0.0006941437
2005-04-01,-0.0137368706,0.0247256829,-0.0086914868,-0.0087072217,-0.0095302218,-0.0078404297,-0.0095573763,-0.0029843944,0.0034305791,0.0026735828,-0.0066185779,-0.0064966856
2005-04-04,0.0071428526,-0.0086504244,0.0036102749,0.0050672403,-0.0009951817,0.0027349257,0.0057016993,-0.0059856461,0.0027350804,-0.0048889125,0.0072507152,0.0027281921
2005-04-05,0.0028371448,-0.0126288542,0.0020553917,0.0201686106,0.0049820978,0.0060622728,0.0074136633,0.0020072976,0.0057958892,0.0004471306,0.0105055839,0.0044808519
2005-04-06,0.0067182280,0.0158138281,-0.0015386693,0.0006590140,0.0003300972,-0.0042178408,-0.0025972509,0.0050084951,-0.0030507223,0.0087500701,0.0021181375,0.0022684563
2005-04-07,0.0038640384,-0.0038918109,0.0133541485,0.0102073144,0.0082587576,0.0045386750,0.0069446387,0.0109627085,0.0091807114,0.0037174497,0.0032656484,0.0059709888
2005-04-08,-0.0090971306,-0.0181563662,-0.0070959934,-0.0071707357,-0.0101575327,-0.0078314323,-0.0047412560,-0.0144592055,-0.0077493321,-0.0163142403,-0.0061274069,-0.0083450000
2005-04-11,0.0021180654,0.0074900782,-0.0056152330,-0.0009850859,0.0019866025,-0.0054647184,0.0025978710,-0.0033340049,0.0098469637,0.0121023325,-0.0011562483,0.0000084742
2005-04-12,0.0137420241,-0.0157995401,0.0061599107,0.0065725465,0.0079285807,0.0094630552,0.0038884313,-0.0010044610,0.0094153930,0.0187774935,-0.0057870017,0.0055452028
2005-04-13,-0.0145981160,-0.0245512023,-0.0142858078,0.0045704821,-0.0173716331,-0.0151194663,-0.0047334518,-0.0277957737,-0.0069953316,-0.0019998161,0.0126116231,-0.0117616106
2005-04-14,-0.0112872656,-0.0004839860,-0.0139747944,-0.0039001135,-0.0150095861,-0.0138165384,-0.0021617953,-0.0279022437,-0.0093930138,-0.0060108976,-0.0111133024,-0.0100017804
2005-04-15,-0.0107029668,-0.0380148134,-0.0304456705,0.0048943638,-0.0196412596,-0.0202360441,-0.0095320315,-0.0248050506,-0.0176097862,-0.0047324997,-0.0186010024,-0.0167204964
2005-04-18,0.0082943198,0.0181223764,0.0010827131,-0.0068182385,0.0031087600,0.0019063969,-0.0065619126,0.0159879123,0.0037921568,0.0038750845,-0.0021719047,0.0029405974
2005-04-19,0.0014302673,0.0234864331,0.0124392172,-0.0006534860,0.0044766566,0.0012681720,0.0026419999,0.0121603632,0.0140798995,0.0087707665,-0.0001979734,0.0059338286
2005-04-20,-0.0124998478,-0.0205321414,-0.0090814893,-0.0124305279,-0.0102844114,-0.0164712489,-0.0127355435,-0.0166075136,-0.0088048596,-0.0052164053,-0.0085095823,-0.0132549393
2005-04-21,0.0057870940,0.0345251177,0.0269539920,0.0135803429,0.0266708225,0.0247989571,0.0169036330,0.0186848020,0.0088830738,0.0048078563,0.0111774876,0.0197362208
2005-04-22,-0.0025173705,0.0021459389,-0.0120735549,-0.0035945630,-0.0118079838,-0.0150847519,-0.0104989440,-0.0095239431,0.0064341890,-0.0001747705,-0.0053293425,-0.0067502534
2005-04-25,0.0126167428,0.0140341841,0.0069081493,0.0022956442,0.0119490783,0.0089338725,0.0106103414,0.0099718152,0.0067290338,0.0162712958,0.0093269929,0.0086622752
2005-04-26,-0.0056958718,-0.0164201162,-0.0068607542,-0.0062170312,-0.0128200499,-0.0069572538,-0.0074368731,-0.0190410595,-0.0127003160,-0.0006850547,-0.0043253400,-0.0088374664
2005-04-27,0.0139638786,-0.0257572740,0.0037196199,0.0075729944,0.0013670759,0.0012738965,0.0035258450,-0.0097054931,0.0074475646,0.0080534678,0.0047391754,0.0039502783
2005-04-28,-0.0109463889,-0.0200738725,-0.0100582727,-0.0049019126,-0.0109216762,-0.0146312898,-0.0021955369,-0.0079849788,-0.0043683064,-0.0048444138,0.0000000000,-0.0113803716
2005-04-29,0.0153514494,0.0129902065,0.0090912725,0.0147781791,0.0117321232,0.0022594425,0.0026406900,0.0248807879,0.0141745508,0.0121274653,-0.0005896546,0.0119224692
2005-05-02,0.0024610394,0.0180027118,-0.0010600264,0.0042073916,0.0054572120,0.0051531058,0.0074628449,0.0082115687,0.0026625305,-0.0011818594,-0.0094397435,0.0045901013
2005-05-03,0.0010527621,-0.0234979754,0.0068957645,-0.0006448367,-0.0071233944,0.0038447175,0.0043571391,0.0063734169,-0.0049785282,0.0049001842,0.0001984617,-0.0008518536
2005-05-04,0.0192706602,0.0116593854,0.0068501141,0.0099972722,0.0116157848,0.0213852716,0.0065077515,0.0154824708,0.0010003179,0.0029422002,0.0067490581,0.0124701636
2005-05-05,-0.0044689152,0.0107894613,-0.0015697447,-0.0003195203,-0.0050661309,-0.0059370698,-0.0017242037,-0.0058910942,-0.0039983942,0.0060358117,0.0000000000,-0.0025688083
2005-05-06,-0.0072504890,-0.0029104529,0.0026203109,-0.0044715684,0.0040731931,0.0000000000,-0.0038861051,0.0024403996,-0.0023418537,-0.0065823412,0.0013798835,-0.0010915884
2005-05-09,0.0086952192,0.0133819178,0.0041816317,0.0073787181,0.0067616304,0.0056582963,0.0060686118,-0.0013912699,0.0083835855,0.0166055139,0.0000000000,0.0063943231
2005-05-10,-0.0131037269,-0.0168068864,-0.0104113569,-0.0063693363,-0.0117526624,-0.0121910901,-0.0056011227,-0.0149717586,-0.0073161665,-0.0017318777,-0.0043314801,-0.0107054354
2005-05-11,0.0045429929,0.0061050422,0.0047347299,0.0041669359,0.0071352059,-0.0003164781,0.0034662652,0.0010607344,0.0046902484,0.0029751317,-0.0013839767,0.0041930466
2005-05-12,-0.0093915131,-0.0436893393,0.0010473272,-0.0012763637,-0.0107960139,-0.0050650171,-0.0047496601,-0.0271897393,-0.0113370696,-0.0087342601,-0.0049511020,-0.0100332165
2005-05-13,-0.0087785365,-0.0152284629,0.0125519752,-0.0067118119,-0.0051158503,-0.0006363799,-0.0086765456,-0.0196008953,-0.0161888241,-0.0099748792,-0.0083575848,-0.0045800585
2005-05-16,0.0177121821,-0.0043815667,0.0092981349,0.0119049191,0.0140550785,0.0124162827,0.0096277574,0.0044428881,0.0065133246,0.0120903731,0.0042141326,0.0100861246
2005-05-17,0.0062650768,0.0178619244,0.0035815385,-0.0006357902,0.0067616304,0.0084909361,0.0052021198,0.0140071381,0.0115802045,0.0059737209,0.0081933069,0.0069573453
2005-05-18,0.0117598855,-0.0020339701,0.0142783313,0.0022268991,0.0151111546,0.0196444483,0.0094862391,0.0254449056,0.0003369382,0.0115452786,0.0166503969,0.0100187504
2005-05-19,0.0010258216,0.0180931678,0.0055314179,-0.0003174340,0.0013231156,0.0079511785,0.0059799057,-0.0049628776,0.0057220911,0.0165497920,0.0083836054,0.0046559408
2005-05-20,-0.0010247704,-0.0075094484,0.0014992675,-0.0006350696,-0.0003299883,-0.0027306252,-0.0012732119,-0.0064123437,-0.0003345110,-0.0003213146,-0.0001933982,-0.0015111721
2005-05-23,0.0013680484,0.0166455578,0.0034954175,0.0019065933,0.0069394917,0.0063888793,0.0017005333,0.0078882877,-0.0036829062,0.0003214178,0.0009670614,0.0038510325
2005-05-24,-0.0034143460,0.0042176085,0.0049746168,0.0012684409,-0.0026256690,-0.0018142880,-0.0016976464,-0.0032020402,0.0000000000,-0.0111477573,-0.0042504224,0.0001758673
2005-05-25,-0.0034259822,0.0153162832,-0.0044554311,-0.0063353834,-0.0085554902,-0.0030280071,-0.0034016315,-0.0103492525,0.0026883420,-0.0118410040,0.0000000000,-0.0034000827
2005-05-26,0.0065314725,0.0051092661,0.0114370313,0.0038256926,0.0073019057,0.0051641734,0.0008533814,0.0075726803,0.0026805374,-0.0037754147,0.0093131914,0.0063948919
2005-05-27,0.0017079098,0.0167032080,-0.0014748807,-0.0031753478,-0.0006593653,0.0000000000,-0.0029838279,0.0032211976,0.0040110160,0.0051079309,0.0055745781,0.0009686162
2005-05-31,-0.0017049978,-0.0076193140,-0.0064004876,-0.0031856371,-0.0026372252,-0.0036266544,-0.0034203960,-0.0071350285,-0.0003326635,0.0077868891,0.0005736508,-0.0060728650
2005-06-01,0.0078560420,0.0189538760,0.0099106580,0.0025559898,0.0036360442,0.0042462089,0.0068648407,0.0150913779,0.0129870233,0.0138262731,-0.0007643138,0.0089970379
2005-06-02,-0.0027116834,-0.0018839344,0.0044156513,0.0000000000,0.0000000000,0.0051345396,0.0025558788,-0.0031859576,-0.0013151373,-0.0028074623,0.0084134207,0.0017218715
2005-06-03,-0.0050969435,0.0056618932,-0.0107472480,-0.0035065069,-0.0046113117,-0.0072114523,-0.0080746652,-0.0021302933,0.0032915540,-0.0033792328,0.0007576005,-0.0068671327
2005-06-06,0.0023909267,0.0030498522,-0.0014810051,0.0003199587,0.0006622019,0.0015133490,0.0004277715,-0.0028473547,-0.0009846226,0.0098483250,-0.0022733697,0.0012457904
2005-06-07,-0.0006813877,-0.0095885238,-0.0039568273,0.0003201188,0.0042986325,0.0015106124,0.0038546990,0.0060669451,0.0022996304,0.0071945234,-0.0020891771,-0.0002087665
2005-06-08,0.0006818523,0.0028333715,0.0019863658,-0.0070331891,-0.0062564629,-0.0042242033,-0.0025595064,-0.0067399526,0.0019658206,0.0052375055,-0.0007604553,-0.0021632442
2005-06-09,0.0030665504,0.0289614244,0.0049550820,0.0041853641,0.0003319181,0.0039392967,0.0004276080,-0.0042855835,0.0009807554,0.0011056182,-0.0013329599,0.0052399487
2005-06-10,-0.0030571754,-0.0011437076,-0.0054243665,-0.0022441228,-0.0013254357,0.0000000000,-0.0008548505,0.0089674521,0.0035940018,-0.0009458300,0.0062930158,-0.0023482370
2005-06-13,0.0000000000,0.0038944045,0.0039665153,0.0041772942,0.0016589699,0.0015090884,0.0034231803,0.0063986634,0.0042316018,0.0056836609,0.0064424101,0.0022618632
2005-06-14,0.0027256120,0.0061615651,-0.0059259278,0.0086397199,-0.0023182954,0.0105484492,-0.0017060344,0.0017663559,0.0025937410,0.0075346764,0.0043308329,0.0025733149
2005-06-15,0.0023788012,0.0120206776,0.0059612538,-0.0038073121,0.0009956068,0.0000000000,0.0004275568,0.0095205832,-0.0048505871,-0.0026484777,-0.0007497583,0.0022177088
2005-06-16,0.0050847869,0.0141197953,0.0019756374,0.0063696848,0.0009950897,0.0020878310,-0.0029896325,0.0104787217,-0.0016246147,0.0042183046,0.0054408177,0.0036300992
2005-06-17,0.0052587243,0.0162044655,0.0004926131,0.0049519698,0.0081350615,0.0041430386,0.0026683915,0.0003811742,0.0127626127,0.0118234176,0.0027994070,0.0049547468
2005-06-20,-0.0023627617,0.0010907208,-0.0014777254,-0.0012634438,-0.0036225918,0.0005935595,-0.0004293594,-0.0104167486,0.0019441891,-0.0018170513,0.0011159850,-0.0007066669
2005-06-21,0.0037212480,-0.0211372947,0.0044401059,-0.0015813458,-0.0003306094,0.0005932074,-0.0021465833,-0.0052627759,0.0012922360,-0.0112013521,-0.0024165258,-0.0020475210
2005-06-22,-0.0013478746,0.0057884064,0.0019645347,-0.0034839006,-0.0049606875,-0.0002959872,0.0008605089,-0.0010580173,0.0090412668,0.0006297451,0.0031676405,0.0002224928
2005-06-23,-0.0091124347,0.0008849834,-0.0078424872,-0.0066757229,-0.0202725281,-0.0174975080,-0.0124675037,-0.0236583453,0.0028797230,-0.0039315110,-0.0105866032,-0.0108330513
2005-06-24,-0.0017027995,-0.0061915656,-0.0123522089,-0.0048002078,-0.0064450737,-0.0087532148,-0.0100131781,-0.0112117014,-0.0070189287,-0.0083654280,-0.0050686798,-0.0076287211
2005-06-27,-0.0003420656,0.0153535820,-0.0080044588,-0.0041802637,-0.0013658794,-0.0045680515,-0.0008796475,-0.0025603487,0.0061050458,0.0042974828,0.0013212063,-0.0007385256
2005-06-28,0.0075090897,-0.0186279663,0.0126074228,0.0100104236,0.0174358856,0.0140721438,0.0127644813,0.0157686079,0.0099003558,0.0049134010,0.0071601327,0.0091375634
2005-06-29,0.0047425288,-0.0008934337,0.0014939776,-0.0012788796,-0.0063843406,-0.0060336282,-0.0026077609,-0.0043323578,-0.0028458409,0.0028394653,0.0000000000,-0.0014314362
2005-06-30,-0.0064059605,-0.0064825440,-0.0094480739,-0.0067223010,-0.0064256511,-0.0051590917,-0.0087150475,-0.0159534470,0.0009511549,0.0003148374,0.0072961422,-0.0071009040
2005-07-01,0.0010178421,0.0222728440,0.0025103170,-0.0012891836,0.0034040941,0.0024408293,0.0035166814,-0.0007369029,0.0091892434,0.0086475973,0.0040863290,0.0026105155
2005-07-05,0.0081359083,0.0299295565,0.0065100192,0.0035493691,0.0030527212,0.0094337610,0.0056938301,0.0025812290,0.0018837517,0.0107555178,-0.0049943866,0.0088326323
2005-07-06,-0.0073975688,-0.0179488679,-0.0024878973,-0.0064306217,-0.0111595661,-0.0090443139,-0.0095812531,-0.0033101311,-0.0169223806,-0.0037008072,0.0083657595,-0.0083403588
2005-07-07,0.0020319946,0.0128371738,0.0019950333,-0.0003236739,0.0023936211,0.0030424374,-0.0017595857,0.0022139716,0.0079687190,0.0038698335,-0.0038717805,0.0024520510
2005-07-08,0.0101420826,-0.0066588309,0.0179187433,0.0119781342,0.0174004826,0.0154682543,0.0132168782,0.0195140467,0.0117015615,0.0138777464,0.0086990837,0.0116790556
2005-07-11,0.0043514629,0.0073527820,0.0102691838,0.0031991144,0.0016767889,0.0053764320,0.0056515979,0.0137228342,0.0056268323,0.0124717980,0.0084400859,0.0062548117
2005-07-12,0.0000000000,0.0090161817,0.0053246572,-0.0006377651,-0.0053569521,0.0065361522,0.0008644583,-0.0024936561,0.0027974911,0.0016527614,0.0041851631,0.0022715506
2005-07-13,0.0043314806,-0.0057440653,0.0043338180,-0.0054247678,0.0030298559,-0.0026569159,0.0038879880,-0.0032141597,0.0027900520,-0.0086987331,-0.0012683415,0.0008837091
2005-07-14,0.0049771449,-0.0239674655,0.0086282032,0.0060960094,0.0090599135,0.0053271080,0.0055938767,0.0014331457,-0.0098918222,-0.0166411340,0.0034465906,0.0026240391
2005-07-15,0.0026408051,-0.0052619805,-0.0004754086,0.0047832820,-0.0013302600,0.0041216187,-0.0004282147,-0.0017893546,-0.0003119186,0.0046152607,-0.0025308529,0.0011578018
2005-07-18,-0.0105363378,-0.0041878730,-0.0057065504,-0.0060302290,-0.0019980005,0.0008793764,-0.0047086999,-0.0021495161,-0.0006244609,0.0041345213,-0.0034440147,-0.0055297078
2005-07-19,-0.0003330486,0.0214693766,0.0148257259,0.0003190722,0.0083418903,0.0061506618,-0.0017202065,0.0161633654,0.0009370620,0.0067106300,0.0018187591,0.0067314460
2005-07-20,0.0036616680,0.0010833184,-0.0032986929,0.0143634198,0.0115816913,0.0037849464,0.0038773655,0.0155532732,0.0053076409,0.0096955990,-0.0025416401,0.0047585925
2005-07-21,-0.0053063734,-0.0097400698,-0.0066188672,-0.0106985526,-0.0052338225,-0.0023197685,-0.0038623896,-0.0048731595,-0.0180127697,-0.0163536682,-0.0007286929,-0.0066061467
2005-07-22,0.0053346812,0.0358468189,-0.0023801992,-0.0012726321,0.0029597371,0.0049414831,0.0030157446,0.0062958713,0.0056928612,0.0096088901,0.0001829662,0.0054114083
2005-07-25,-0.0039797800,0.0092848917,-0.0052484444,-0.0060505770,-0.0072132307,-0.0078101525,-0.0034366184,-0.0083418351,0.0003142363,0.0024174773,0.0034601018,-0.0037692304
2005-07-26,0.0013315377,-0.0023000694,0.0076746022,0.0048064474,0.0049536656,0.0081634218,0.0051725261,-0.0140203287,0.0034583520,0.0090431406,-0.0007260288,0.0017330780
2005-07-27,0.0013305973,0.0050293177,0.0066629685,0.0092472032,0.0039434730,0.0026022725,0.0025730961,0.0106644212,0.0043861513,0.0013439042,0.0125316970,0.0045729269
2005-07-28,0.0029886219,0.0029192088,0.0004731718,0.0094785660,0.0055646117,0.0100957542,0.0085544087,0.0112561014,0.0062377974,0.0135734847,0.0150674351,0.0056031593
2005-07-29,-0.0089402129,-0.0103948713,-0.0051990127,-0.0068854430,-0.0071612046,-0.0108512327,-0.0042414165,-0.0038259474,0.0003101207,-0.0022074179,-0.0031811602,-0.0076704702
2005-08-01,0.0000000000,0.0105040596,0.0004750646,0.0050423682,-0.0006557992,0.0002887121,-0.0051106330,-0.0048888944,-0.0130148273,-0.0019168199,0.0042545833,0.0009479345
2005-08-02,0.0073504904,0.0166319970,0.0099718552,0.0037630806,-0.0013126458,0.0049061889,0.0034246377,0.0150883902,0.0232338619,0.0103443413,0.0007066973,0.0070992186
2005-08-03,0.0013271848,-0.0049075276,0.0065824613,0.0024990881,-0.0019708085,-0.0043081522,0.0021336224,0.0041479527,0.0027610765,-0.0032180205,-0.0001769757,0.0007395138
2005-08-04,-0.0069562700,0.0020543740,-0.0093421058,-0.0099720278,-0.0065838023,-0.0086527993,-0.0085147707,-0.0106713757,-0.0064255933,-0.0139395574,-0.0052924155,-0.0073733000
2005-08-05,-0.0113414095,-0.0075879674,-0.0023569341,-0.0069248827,-0.0053012696,-0.0075646193,-0.0064402467,-0.0052194554,-0.0172465759,-0.0386904654,-0.0101101944,-0.0076383583
2005-08-08,-0.0040481392,0.0144660526,-0.0080343453,-0.0038032021,-0.0023319033,-0.0023455848,-0.0017289552,0.0000000000,-0.0203703854,-0.0332818149,-0.0055545737,-0.0026826364
2005-08-09,0.0064361597,-0.0022408200,0.0076226402,0.0114535988,0.0073455075,0.0111667761,0.0017319496,0.0062958713,0.0105570354,0.0152117294,0.0032433109,0.0067449903
2005-08-10,-0.0010091398,0.0163332465,-0.0113478750,-0.0015724611,-0.0006626896,-0.0005817158,-0.0017289552,0.0031285555,-0.0003166359,-0.0022078100,-0.0039511834,-0.0018272182
2005-08-11,0.0037060201,0.0096425254,0.0076524027,0.0059859318,0.0082918040,0.0043618779,0.0025977455,0.0083160279,0.0060164342,0.0140689505,0.0084748919,0.0070619492
2005-08-12,-0.0026859069,-0.0017911662,-0.0132891764,-0.0056372516,-0.0042760627,-0.0026056460,-0.0034543532,-0.0072169008,-0.0009440935,-0.0017147295,-0.0114430978,-0.0059944932
2005-08-15,0.0047129207,-0.0097670559,0.0052908819,0.0006299314,0.0019818764,0.0072570379,0.0047666833,-0.0006919520,0.0037805610,0.0103059223,-0.0005428415,0.0028283556
2005-08-16,-0.0067009399,-0.0219400812,-0.0095690639,-0.0069248827,-0.0115397836,-0.0207494765,-0.0099191789,-0.0193975891,-0.0156935019,0.0024735274,-0.0056095310,-0.0117759807
2005-08-17,0.0023611689,-0.0230497986,0.0086958636,0.0019018604,0.0026685071,0.0058863988,-0.0004348537,-0.0010595124,-0.0009561860,-0.0094052870,0.0043676239,0.0007381243
2005-08-18,-0.0006730734,-0.0021066827,-0.0067055867,0.0003165764,-0.0043247123,-0.0040962213,0.0113290503,-0.0084866912,0.0038302842,-0.0070043680,-0.0041677205,-0.0009997793
2005-08-19,0.0016834266,0.0170994331,0.0009650515,-0.0069582491,0.0040098278,-0.0049941087,-0.0012930724,0.0021401829,0.0060407375,-0.0043883186,0.0030934005,0.0005659804
2005-08-22,0.0026893995,0.0024909393,0.0019268018,0.0000000000,0.0019962909,-0.0005906246,0.0030201484,0.0003560249,0.0066374196,0.0047224755,0.0027204415,0.0016561474
2005-08-23,-0.0063700497,-0.0018637790,-0.0004813132,-0.0063690970,-0.0046496773,-0.0032495132,-0.0025800609,-0.0163646581,0.0081631088,0.0012540407,0.0005427214,-0.0033886495
2005-08-24,-0.0114710914,0.0095417197,-0.0062531329,-0.0032052672,-0.0080079069,-0.0071128938,-0.0090566013,-0.0094033695,-0.0046713390,0.0026600746,-0.0061469967,-0.0065703564
2005-08-25,0.0051202627,-0.0026705613,0.0004843942,0.0012861945,0.0016817695,0.0026863881,0.0013062310,0.0007301770,0.0075092574,0.0056189088,-0.0010912343,0.0022983237
2005-08-26,-0.0105264363,-0.0113310485,-0.0033869475,-0.0035321849,-0.0053729520,-0.0041679496,-0.0026077609,-0.0051076201,-0.0015523951,-0.0102436056,-0.0061919927,-0.0059965353
2005-08-29,0.0078930299,0.0081261486,0.0067960691,0.0099905353,0.0060776441,0.0029892393,0.0069717067,0.0062339824,0.0040431622,-0.0062724389,0.0027486908,0.0059580565
2005-08-30,-0.0088533753,0.0186029448,0.0000000000,-0.0012764313,-0.0080538721,-0.0101338025,-0.0051928113,-0.0094747848,-0.0015490950,0.0056808469,0.0000000000,-0.0031923277
2005-08-31,0.0113369379,0.0275970305,0.0053036984,0.0102237172,0.0074422249,0.0087325000,0.0034796813,0.0095654151,0.0077576140,0.0182018914,-0.0003657009,0.0098641368
2005-09-01,0.0023777080,0.0260663915,-0.0023972711,0.0003157861,-0.0040295467,-0.0098509771,-0.0013000601,0.0029156062,0.0157013959,0.0078594764,0.0087755050,0.0010325156
2005-09-02,-0.0006776819,-0.0194375983,-0.0028853634,-0.0006320627,0.0033713814,-0.0036180841,0.0017358852,-0.0007265082,0.0003027228,-0.0030587064,0.0036244425,-0.0029223769
2005-09-06,0.0122079975,0.0070659264,0.0115722681,0.0158182049,0.0117609042,0.0172468059,0.0108324335,0.0069089873,0.0093939371,0.0223931258,-0.0001803986,0.0126188362
2005-09-07,-0.0023458248,0.0015589849,0.0000000000,0.0065393137,0.0039857618,0.0071385770,0.0008563387,0.0061392057,0.0006006901,-0.0060005014,0.0046951373,0.0024079737
2005-09-08,-0.0057081916,0.0013618103,0.0023830095,-0.0006183156,-0.0056239855,-0.0094503703,-0.0038539789,-0.0053836702,-0.0087008315,-0.0054333162,0.0000000000,-0.0037933462
2005-09-09,0.0087804721,0.0260398575,0.0009507955,0.0034054154,0.0056557936,0.0083480300,0.0042990583,0.0104649133,0.0118042432,0.0030348825,0.0046737389,0.0079647439
2005-09-12,0.0030132928,-0.0204542636,0.0023750860,-0.0033938579,0.0062847944,0.0026616300,0.0021405047,0.0024998900,-0.0008976240,-0.0009080115,-0.0021467595,-0.0007409881
2005-09-13,-0.0083446221,-0.0085074898,0.0009488226,-0.0105261442,-0.0042730639,-0.0144505590,-0.0093970024,-0.0106871131,-0.0086829473,-0.0065108559,-0.0007171982,-0.0075450659
2005-09-14,-0.0010091398,0.0124804690,-0.0104173033,-0.0028166187,-0.0075937879,-0.0092759846,-0.0064687260,0.0036011437,0.0036242508,-0.0006097586,-0.0125605184,-0.0032812842
2005-09-15,0.0006733193,0.0000000000,-0.0023924895,-0.0006271317,-0.0013306078,0.0018123955,0.0039060465,-0.0028705126,0.0093290346,0.0042706039,0.0014532459,0.0004644433
2005-09-16,0.0142915327,0.0098117481,0.0062354985,0.0077473848,0.0069559757,0.0008758416,0.0028244261,0.0069470727,0.0090421956,-0.0060744956,0.0041739918,0.0082917693
2005-09-19,-0.0090143108,0.0263967423,-0.0081033368,-0.0071878280,-0.0132846944,-0.0120700979,-0.0060657359,-0.0071865138,-0.0029771188,-0.0073337458,-0.0043369527,-0.0055658444
2005-09-20,-0.0053915595,-0.0095041120,-0.0038442275,-0.0075546698,-0.0067317768,-0.0174098019,-0.0061030403,-0.0152008553,-0.0038818343,-0.0069265572,-0.0076224799,-0.0078634413
2005-09-21,-0.0165988223,0.0141113496,-0.0120594055,-0.0047571257,-0.0033883641,-0.0158534712,-0.0122808881,-0.0113930414,-0.0173861298,-0.0232484918,-0.0060355514,-0.0091211415
2005-09-22,0.0075785805,-0.0074213368,0.0039050736,0.0022307477,0.0040800152,0.0161088525,0.0075491388,0.0059476640,-0.0054906020,0.0071405611,0.0027603740,0.0036523253
2005-09-23,0.0034185517,-0.0175705188,0.0004874777,0.0006355797,0.0074498893,0.0037298351,0.0017630316,0.0007397005,0.0024535077,-0.0017195140,-0.0009173332,0.0005516490
2005-09-26,-0.0054511568,0.0182650988,-0.0014584498,-0.0015882423,-0.0013444309,-0.0012386839,-0.0035201471,-0.0011082315,0.0082619088,0.0063797089,0.0012854678,0.0002797405
2005-09-27,0.0034254569,0.0007472863,-0.0034084446,-0.0057293123,0.0053856314,-0.0003100934,0.0105962218,0.0000000000,0.0003034235,-0.0047543380,-0.0011005733,0.0000247027
2005-09-28,-0.0081940608,0.0082147248,0.0063508264,0.0006404616,0.0003349235,-0.0089946537,0.0013104513,0.0029574526,0.0103158714,-0.0054142418,0.0042232537,0.0010117800
2005-09-29,0.0185890017,0.0096302401,0.0077676792,0.0022390500,0.0046857452,0.0100152292,0.0087262718,0.0058975744,0.0099096044,0.0160099459,0.0025599853,0.0088668975
2005-09-30,-0.0023658557,-0.0155909563,0.0067430861,0.0006388821,0.0046631357,0.0068175200,0.0069203985,0.0076951765,-0.0008919808,0.0127642408,0.0056537419,0.0009204392
2005-10-03,-0.0023708656,-0.0026083221,-0.0014351241,0.0009566271,-0.0059683039,-0.0027696920,-0.0012887097,-0.0040003639,0.0113094764,0.0017113389,-0.0009066859,-0.0017171958
2005-10-04,-0.0125639511,-0.0360545356,-0.0091044906,0.0041432999,-0.0090061604,-0.0067903154,-0.0043009590,-0.0109526171,-0.0173632427,-0.0170861529,-0.0010890763,-0.0099698223
2005-10-05,-0.0041271956,-0.0383721203,-0.0140224015,-0.0165032619,-0.0124535628,-0.0167809261,-0.0069113590,-0.0228864700,-0.0290500171,-0.0186471192,-0.0101762335,-0.0148871166
2005-10-06,0.0027632952,-0.0237808425,-0.0112803988,-0.0067762877,0.0068164753,0.0009482936,-0.0056549220,-0.0052891155,-0.0132636846,-0.0072460893,-0.0176245585,-0.0040956748
2005-10-07,0.0034432726,0.0225019552,0.0024797523,-0.0009748728,0.0088017400,0.0009475514,-0.0008748527,0.0098747259,0.0087527608,-0.0038931628,-0.0005604476,0.0037012767
2005-10-10,-0.0106383872,-0.0151423589,-0.0069267232,-0.0013006271,-0.0077181001,-0.0075712850,-0.0035025469,-0.0052656980,-0.0176637486,-0.0100963284,-0.0033658135,-0.0071662080
2005-10-11,-0.0031216239,0.0239854188,-0.0074740437,-0.0084659716,-0.0054107455,-0.0038142482,0.0000000000,0.0011348560,0.0022083318,-0.0070733423,-0.0103190932,-0.0020718427
2005-10-12,-0.0045229742,-0.0192188613,-0.0065262364,0.0022983423,0.0000000000,-0.0111674599,-0.0035152192,-0.0079306770,-0.0188858253,-0.0192178881,-0.0106159655,-0.0060681268
2005-10-13,0.0048932932,-0.0271486311,0.0070744820,0.0049146422,-0.0013600693,0.0029038310,-0.0026453158,-0.0015224034,-0.0211741832,0.0050672751,-0.0013413644,-0.0007133414
2005-10-14,0.0111298369,0.0142672464,0.0040140291,0.0045651336,0.0088523942,0.0099741322,0.0057471315,0.0034301439,0.0114716844,0.0183194576,0.0030701601,0.0082678875
2005-10-17,0.0010323372,0.0124129782,-0.0009992618,-0.0003246117,0.0020252439,0.0019111406,0.0109896545,0.0075997305,0.0110172257,0.0084172910,-0.0034435317,0.0029749863
2005-10-18,-0.0079038639,-0.0463839440,-0.0020007719,-0.0012983389,-0.0070733583,-0.0104922059,-0.0073915151,-0.0105582872,-0.0166658841,-0.0137477420,-0.0038383626,-0.0100495431
2005-10-19,0.0200904526,0.0224984678,0.0125308306,0.0097527642,0.0132294314,0.0189584807,0.0105119507,0.0083839941,0.0026067341,0.0122800864,0.0038531524,0.0149557734
2005-10-20,-0.0088285825,-0.0454739479,-0.0074255746,-0.0206054788,-0.0127217752,-0.0122986527,-0.0078022167,-0.0068024748,-0.0263329528,-0.0147540377,-0.0034549669,-0.0150197036
2005-10-21,0.0058237931,0.0103184736,0.0059845406,-0.0062460697,-0.0067818029,-0.0012772831,-0.0008734186,0.0091325443,0.0133559173,0.0071545470,0.0175274950,0.0015197121
2005-10-24,0.0197546683,0.0356370865,0.0128912518,0.0082700078,0.0153633195,0.0172632797,0.0087446263,0.0230012709,0.0256997864,0.0156948782,0.0172252308,0.0167770493
2005-10-25,-0.0056779077,0.0207717853,-0.0068529200,-0.0062335073,-0.0013444059,-0.0072279840,-0.0034673429,-0.0007372383,0.0012852783,0.0008131165,0.0005573743,-0.0023678616
2005-10-26,0.0067180358,-0.0059608455,-0.0024638024,-0.0125458436,-0.0087546989,-0.0060147115,-0.0030452057,0.0081149398,-0.0121913460,-0.0092635273,-0.0039052881,-0.0043124626
2005-10-27,-0.0056725792,-0.0283289798,-0.0108709041,-0.0036772661,-0.0088315389,-0.0200636172,-0.0095984755,-0.0102449280,-0.0113669215,-0.0101708554,-0.0063476153,-0.0104752308
2005-10-28,0.0171145848,0.0272398214,0.0094908031,0.0151008830,0.0161070215,0.0175493317,0.0167403035,0.0158962798,0.0200392416,0.0283394568,0.0127770109,0.0165493336
2005-10-31,0.0036290910,0.0113944410,0.0103915028,0.0046278855,0.0026980250,0.0166083319,0.0038992744,0.0029109571,0.0128823794,0.0040289493,0.0133582352,0.0071761545
2005-11-01,-0.0036159683,0.0061446437,-0.0019589452,-0.0029611663,-0.0030274567,0.0006282147,-0.0056109924,0.0032660299,-0.0197138398,-0.0168539947,-0.0010988899,-0.0035210976
2005-11-02,0.0082475831,0.0195443196,0.0112855698,0.0000000000,0.0101215607,0.0175825408,0.0026044827,0.0119344667,0.0038923429,0.0094695828,0.0106306720,0.0099770527
2005-11-03,0.0006551334,0.0189693477,0.0092191640,0.0062705355,0.0043421212,0.0003081047,0.0038959703,-0.0032160384,-0.0006463135,-0.0071162747,-0.0056219568,0.0042641605
2005-11-04,0.0016345580,-0.0299820852,0.0043264877,0.0052474944,0.0006652974,0.0037016095,-0.0004309534,-0.0014339740,-0.0012932739,-0.0009771834,0.0010942406,0.0001640025
2005-11-07,0.0084884706,-0.0173745496,0.0019152295,0.0019574828,0.0036557134,0.0079902718,0.0021567606,0.0053853674,-0.0025900865,0.0057061948,-0.0027328866,0.0021883095
2005-11-08,-0.0029130462,0.0084298578,0.0004773117,-0.0022793273,-0.0062916621,-0.0112800098,-0.0030135330,-0.0049999984,-0.0003244988,-0.0058361890,0.0031058327,-0.0034511433
2005-11-09,0.0025970034,-0.0091744934,-0.0009554770,0.0009787059,0.0023322990,-0.0003091346,0.0017274674,-0.0010762348,0.0087663992,0.0086430082,0.0052810691,0.0016905265
2005-11-10,0.0200776566,-0.0310697968,0.0086040626,0.0130419722,0.0129659271,0.0151144476,0.0116376025,0.0140133565,-0.0048277522,0.0257074910,0.0077897689,0.0084462674
2005-11-11,0.0034915424,0.0080695576,0.0023700489,0.0003221580,0.0019690391,0.0030388959,0.0012784878,0.0138198026,-0.0090554673,0.0091424940,0.0001800223,0.0030545346
2005-11-14,0.0006331474,0.0052665644,0.0009461079,-0.0067564907,0.0019651696,0.0006059078,-0.0038294461,0.0097868886,-0.0065272533,-0.0073413299,0.0007188739,-0.0007774726
2005-11-15,-0.0091686622,0.0016762994,-0.0033074237,0.0051828118,-0.0003265769,-0.0148354532,-0.0051261416,-0.0027689892,0.0019707855,-0.0001575289,-0.0100573308,-0.0038500194
2005-11-16,-0.0054240429,0.0259418142,0.0037922199,-0.0019337743,0.0035971356,-0.0006143557,0.0025759594,0.0017354106,0.0091804848,-0.0037771079,-0.0032657793,0.0017900189
2005-11-17,0.0118703740,-0.0004077769,0.0118038282,0.0051666056,0.0094490142,0.0132223944,-0.0004283526,0.0124739757,0.0146192671,0.0154820164,0.0187477915,0.0094135755
2005-11-18,0.0050727076,0.0004079432,0.0055994508,0.0041759622,0.0103291530,0.0066770502,0.0025712171,0.0027379228,-0.0019207464,0.0079339052,0.0080401344,0.0044013280
2005-11-21,0.0047317659,0.0248772965,-0.0004641575,0.0019193721,0.0057507482,0.0036179113,0.0012817491,0.0064849526,0.0022460687,0.0037041734,0.0060259518,0.0052712602
2005-11-22,0.0087919233,0.0159173630,0.0064997191,-0.0057470855,0.0025412739,0.0045056409,0.0068286251,0.0030516683,0.0000000000,0.0130711688,0.0081044566,0.0050842770
2005-11-23,0.0077801769,-0.0037210680,0.0055349970,0.0025692866,0.0012672364,0.0071771779,0.0038158127,-0.0016902359,0.0124831838,0.0050089763,0.0006989183,0.0034728043
2005-11-25,0.0021621135,0.0025550966,0.0027520933,0.0012809592,0.0003167671,0.0000000000,0.0008444186,0.0057568166,0.0037942675,0.0034739555,0.0047153794,0.0020859622
2005-11-28,-0.0046225115,-0.0337251799,-0.0036593487,-0.0105568510,-0.0053775937,-0.0092047439,-0.0046418066,-0.0026937740,-0.0037799254,-0.0108367264,0.0001739718,-0.0085078171
2005-11-29,-0.0006190727,0.0016231643,0.0000000000,0.0009700573,0.0022264875,-0.0014979841,-0.0008475013,0.0091154355,0.0025297375,0.0018254792,0.0015637943,0.0000159206
2005-11-30,-0.0127018725,0.0038493667,-0.0032143337,-0.0064594638,-0.0015871880,-0.0066028293,-0.0080611969,-0.0073605898,-0.0097759773,-0.0089607321,-0.0026024291,-0.0063619303
2005-12-01,0.0053342864,0.0316855515,0.0152000699,0.0100771963,0.0111249138,0.0114801282,0.0068435805,0.0195485044,0.0038214371,0.0137932290,0.0114822468,0.0121571083
2005-12-02,0.0021847253,0.0009775204,-0.0009069986,0.0035408503,-0.0037720987,0.0032859341,-0.0004248253,-0.0042975969,0.0015860082,-0.0007561385,-0.0013758212,0.0003241257
2005-12-05,-0.0018682081,0.0070359491,-0.0049959633,0.0019240351,-0.0053645547,-0.0059546040,-0.0038246328,0.0026564119,-0.0006334357,-0.0090768136,-0.0048228927,-0.0023634793
2005-12-06,-0.0031199506,0.0042691354,0.0013697077,-0.0019203403,0.0041246440,0.0029953591,-0.0008538364,0.0072845357,-0.0028521131,-0.0007637036,-0.0012112790,0.0012756502
2005-12-07,-0.0081382140,-0.0036711179,-0.0018227188,-0.0041695275,-0.0072673197,-0.0008958355,-0.0025617318,-0.0026296219,-0.0047679025,-0.0077926920,-0.0060647863,-0.0050090657
2005-12-08,-0.0006306537,0.0176493510,-0.0073061230,0.0035426047,-0.0044557217,-0.0041840185,-0.0017121840,-0.0016480943,0.0105393762,0.0086241849,-0.0045334069,-0.0012168489
2005-12-09,0.0072621327,-0.0123886917,0.0036794318,0.0012835137,0.0054351428,0.0015002314,0.0017151206,-0.0026409075,0.0113778461,0.0022888369,0.0063050738,0.0028108910
2005-12-12,-0.0043884036,0.0129293266,0.0027495716,0.0003206414,0.0003177367,0.0011985207,0.0021407052,0.0000000000,-0.0093747711,-0.0007610399,-0.0020879974,0.0008417372
2005-12-13,0.0129088314,-0.0041911911,-0.0031990756,0.0108942182,0.0009538988,0.0044902751,0.0123878536,0.0089372104,0.0148263174,0.0068597297,0.0019179234,0.0055536600
2005-12-14,0.0037301086,0.0120527252,0.0013757589,0.0028523791,0.0085740264,0.0050653700,0.0084385884,-0.0055771922,0.0111903370,0.0045421182,-0.0024368942,0.0041895302
2005-12-15,-0.0055744797,-0.0079389322,-0.0041206937,0.0028446959,0.0015738019,-0.0020753366,0.0016732921,-0.0052786257,0.0021527658,-0.0090431612,-0.0015702813,-0.0014143099
2005-12-16,0.0024453350,-0.0243207219,-0.0014822095,0.0023401741,0.0015814021,-0.0023591975,-0.0008392333,-0.0038110174,-0.0000625672,0.0044105239,0.0017476653,-0.0028482818
2005-12-19,-0.0087557550,-0.0082237392,-0.0120530119,0.0088324336,-0.0097883226,-0.0107746381,-0.0016804266,-0.0046983048,-0.0133083495,-0.0122647865,-0.0068036451,-0.0058390167
2005-12-20,0.0044161587,0.0136228425,-0.0037541503,-0.0012504871,0.0006380748,-0.0021185911,-0.0058926329,-0.0037087357,0.0015682970,-0.0027594058,-0.0047427105,-0.0002381491
2005-12-21,0.0028268564,0.0021424140,0.0009418411,0.0031307684,0.0050984689,0.0009099912,0.0029638156,0.0192893139,-0.0090823389,0.0066103052,-0.0014119716,0.0025166669
2005-12-22,0.0068902100,-0.0011660176,0.0047060555,0.0065543057,0.0076097139,0.0003027565,0.0008442527,0.0102922863,0.0044246994,0.0078764762,0.0037616143,0.0042207777
2005-12-23,0.0012438640,-0.0027242888,0.0018733267,0.0012402698,0.0018875952,0.0018171813,-0.0016874263,0.0029577528,0.0018878420,0.0026107074,0.0007244889,0.0004258580
2005-12-27,-0.0077659419,-0.0294632820,-0.0084150176,-0.0080521870,-0.0087940407,-0.0084641529,-0.0067594546,-0.0062258065,-0.0018842847,-0.0024509100,-0.0043419794,-0.0095533829
2005-12-28,-0.0021918180,0.0150785257,-0.0023575818,0.0000000000,0.0015843191,0.0018293692,0.0012763884,0.0085724222,-0.0050343668,-0.0021487176,-0.0050881427,0.0012972168
2005-12-29,-0.0009416193,-0.0077247983,-0.0056709126,-0.0034344657,-0.0003164696,-0.0003042882,-0.0025488970,-0.0016342986,-0.0018976384,-0.0055389613,0.0001822809,-0.0029805192
2005-12-30,-0.0053388062,0.0041919308,-0.0066538370,-0.0062652932,-0.0056959371,-0.0060883656,-0.0080925164,-0.0085137667,-0.0053863241,-0.0075798514,-0.0054783711,-0.0048867243
2006-01-03,0.0167353572,0.0475050848,0.0196172796,0.0122952381,0.0066839856,0.0107192659,0.0064411039,0.0211364950,0.0194322826,0.0272791534,0.0071611569,0.0164304842
2006-01-04,-0.0009321876,0.0028466260,0.0117308487,0.0099654176,0.0025287289,0.0009095143,0.0034128885,0.0061447840,0.0015627785,0.0045527151,0.0098447161,0.0036726923
2006-01-05,0.0034198963,-0.0126772541,0.0046390805,-0.0024670227,-0.0015764691,0.0009080919,-0.0051021292,-0.0016073643,-0.0065524160,0.0070995714,0.0014445802,0.0000157206
2006-01-06,0.0058857305,0.0245300238,0.0156964064,0.0064916677,0.0037903902,0.0081671237,0.0042734388,0.0106242253,0.0106786445,0.0086996013,0.0075718884,0.0093994180
2006-01-09,0.0027716815,-0.0011220479,0.0031823638,0.0046071886,0.0081809984,0.0102008698,0.0046808981,-0.0003183777,-0.0062149458,0.0096655164,0.0008944960,0.0036563642
2006-01-10,0.0009216648,0.0108612013,-0.0009064425,-0.0036690633,-0.0028092089,0.0002972603,-0.0025409938,-0.0063732842,0.0015635136,0.0066271296,0.0021454599,-0.0003566120
2006-01-11,0.0055227345,0.0042612696,0.0095243173,-0.0024545787,0.0006261155,0.0050475406,0.0008491325,-0.0076972065,-0.0015610729,0.0011706557,0.0085618954,0.0034815440
2006-01-12,-0.0070185940,-0.0071945792,-0.0053912315,-0.0009228049,-0.0075070097,-0.0088630446,-0.0025459305,-0.0138980152,0.0000000000,-0.0026304601,-0.0028299796,-0.0062742391
2006-01-13,-0.0006147487,0.0118915664,-0.0004518443,-0.0006158271,-0.0034667561,0.0002984702,-0.0012757619,0.0022946816,0.0068792788,-0.0161172748,0.0047888833,0.0012051745
2006-01-17,-0.0104548819,0.0220344296,-0.0099413768,-0.0027724286,-0.0050603072,-0.0053636035,-0.0038336384,0.0009806267,0.0105590726,-0.0002978052,-0.0104143034,-0.0036345879
2006-01-18,-0.0027967692,-0.0082639298,-0.0118670989,0.0015442969,0.0012718246,-0.0032957648,0.0042758975,-0.0098004563,0.0021507145,-0.0017872451,0.0037457834,-0.0038973286
2006-01-19,-0.0031160781,0.0173906214,0.0087762639,0.0052437174,0.0047620986,0.0075145712,0.0008511622,0.0105575878,0.0088932480,0.0117888847,0.0047981392,0.0055636733
2006-01-20,-0.0209440736,0.0044520564,-0.0260984869,-0.0190239617,-0.0218014929,-0.0170051255,-0.0144615588,-0.0169769186,-0.0057748007,-0.0129796807,-0.0120267901,-0.0183263152
2006-01-23,0.0025539915,0.0109904629,-0.0037613272,-0.0006256510,0.0006464098,-0.0006068398,0.0008629175,0.0136170017,-0.0015286790,0.0056788163,-0.0010742662,0.0018469874
2006-01-24,0.0044584639,-0.0059621576,0.0033030762,-0.0046948110,0.0074239976,0.0100215142,0.0034495408,0.0111401410,0.0088790379,0.0096582177,0.0091397144,0.0024054368
2006-01-25,0.0019031666,-0.0209909394,0.0032927838,-0.0012577357,-0.0003205256,-0.0036083586,0.0008593503,0.0048607706,-0.0136568513,-0.0036794977,0.0028414348,-0.0017207360
2006-01-26,0.0170886046,0.0032437272,0.0065638380,0.0050373636,0.0112179260,0.0042248609,0.0021471283,0.0119311403,-0.0089233452,0.0029546804,0.0099168958,0.0072349543
2006-01-27,0.0009327219,0.0174207134,0.0111781760,0.0115918284,0.0022187854,0.0045068692,0.0081407792,0.0070109070,0.0055883990,0.0150224064,0.0089426950,0.0077639991
2006-01-30,-0.0031078916,0.0229481412,0.0032245307,-0.0046456281,0.0022138733,-0.0023928743,-0.0038248662,0.0028488075,-0.0067923802,-0.0036280556,-0.0041709908,0.0011450867
2006-01-31,-0.0037422173,-0.0050047494,-0.0082645614,-0.0003106649,-0.0056802035,-0.0035979577,-0.0046930184,0.0015770989,-0.0006214119,0.0023302855,0.0010470640,-0.0039760546
2006-02-01,-0.0006261008,-0.0237597185,0.0060184191,0.0062243399,0.0085691130,0.0033102717,0.0025713498,0.0028357725,0.0027992635,0.0052300004,0.0054045474,0.0018592627
2006-02-02,-0.0068899893,-0.0099481969,-0.0138056242,-0.0080418063,-0.0084963072,-0.0012001460,-0.0004271560,-0.0147659720,-0.0130270038,-0.0044804002,-0.0027748336,-0.0090607079
2006-02-03,-0.0040994571,-0.0091519722,-0.0069994438,-0.0018711000,-0.0022213336,-0.0048048747,-0.0064159572,-0.0089285137,-0.0050287654,-0.0127758222,0.0029564963,-0.0053586106
2006-02-06,0.0028497939,0.0195584151,-0.0028195823,-0.0090595871,0.0034985536,-0.0003011235,-0.0021520398,0.0180179964,0.0060015891,0.0025004621,0.0034672531,0.0007832015
2006-02-07,-0.0066310682,-0.0417408109,-0.0028277881,-0.0015761132,-0.0072898736,-0.0060372805,-0.0047457998,-0.0262329207,-0.0059657849,-0.0077752095,-0.0051831628,-0.0080947258
2006-02-08,0.0063571825,0.0001857166,0.0193757739,0.0129458825,0.0047893775,0.0069848004,0.0043351361,0.0016232093,-0.0003154975,-0.0022170654,0.0126779088,0.0086628691
2006-02-09,0.0025272325,-0.0227952609,-0.0046354384,0.0009352584,0.0057199121,-0.0003015353,0.0030212353,0.0032403850,0.0034753508,0.0038520802,-0.0036016500,-0.0014774978
2006-02-10,0.0056709676,-0.0036026935,0.0079177162,-0.0021801461,0.0066347878,0.0036195154,-0.0012912872,-0.0019375663,0.0006297986,-0.0004430449,0.0080899105,0.0025399681
2006-02-13,-0.0037594732,-0.0039971209,-0.0092421429,-0.0012485681,0.0012558566,-0.0024041599,-0.0012923927,-0.0100329578,-0.0012585613,0.0011815465,-0.0032439738,-0.0032596981
2006-02-14,0.0119497023,-0.0112743516,0.0135262272,0.0096877371,0.0119118297,0.0111479824,0.0125103317,0.0268065681,-0.0009450192,0.0073746907,0.0167862021,0.0100328176
2006-02-15,0.0059042418,-0.0054121218,0.0055225003,0.0058802988,0.0027884974,0.0044695596,0.0063913561,-0.0044574813,0.0015764610,0.0079059356,0.0065704216,0.0035044026
2006-02-16,0.0058696952,0.0229312041,0.0091532009,0.0064617881,0.0027796112,0.0032631363,0.0046567712,0.0131119567,0.0078714790,0.0085710233,0.0165688326,0.0073281288
2006-02-17,-0.0039925462,0.0070284810,-0.0054420180,-0.0006116625,0.0024652001,-0.0059137440,-0.0042131849,-0.0009473294,0.0090592799,0.0072015551,-0.0003290934,-0.0016597238
2006-02-21,-0.0030836257,0.0196196592,-0.0109441556,-0.0052004060,-0.0039953085,-0.0053542515,-0.0012696980,0.0003156679,0.0015485031,0.0011438647,-0.0044465942,-0.0032705330
2006-02-22,0.0188681363,-0.0186869791,0.0050718084,0.0086100577,0.0104907156,0.0074762217,0.0080501879,0.0041064353,0.0037094557,0.0132837665,-0.0052939610,0.0075134755
2006-02-23,-0.0036431659,-0.0011314555,-0.0050462150,-0.0036585010,-0.0033590414,-0.0053426893,0.0004206617,-0.0050332246,-0.0012324111,-0.0026786168,0.0024951452,-0.0037751357
2006-02-24,0.0021328345,0.0122688965,0.0004611046,0.0000000000,0.0006127932,-0.0017906092,-0.0050416923,0.0028453520,0.0030838768,-0.0057948702,-0.0039814968,0.0012735109
2006-02-27,0.0018240847,-0.0173413922,0.0092167013,0.0076501475,0.0064299566,0.0089688117,0.0071786588,-0.0081963956,0.0079930489,0.0005689377,0.0031645489,0.0036372205
2006-02-28,-0.0097119860,-0.0068309549,-0.0114161704,-0.0130581941,-0.0115603135,-0.0082964133,-0.0134169457,-0.0127147191,-0.0067094009,-0.0046887811,-0.0087999385,-0.0104008600
2006-03-01,0.0052107374,0.0170042764,0.0198615113,0.0009229220,0.0080022189,0.0074694451,0.0038245880,0.0154537936,-0.0027626913,0.0048533239,0.0107204464,0.0082613307
2006-03-02,-0.0060980024,0.0167197049,0.0022649135,-0.0018440586,-0.0027483066,-0.0065242643,-0.0055035261,0.0060245619,-0.0006163720,-0.0024148850,0.0041429328,-0.0016263248
2006-03-03,-0.0024541449,0.0001844924,-0.0058746177,-0.0033876738,0.0024497580,-0.0005975374,0.0025544620,0.0003147781,-0.0049298534,-0.0041297815,0.0011555997,-0.0014816344
2006-03-06,-0.0030745510,-0.0347308432,-0.0040907910,-0.0052532695,-0.0051924867,-0.0062723094,-0.0033977112,-0.0135472512,-0.0160985614,0.0183035400,0.0011537816,-0.0069684290
2006-03-07,0.0033930884,-0.0147364405,-0.0063895158,0.0003102664,0.0006137639,-0.0045080772,0.0068180322,-0.0095815334,-0.0047202429,-0.0144642721,-0.0149842932,-0.0018619098
2006-03-08,0.0006147208,0.0000000000,-0.0009187065,0.0068319926,-0.0012274667,0.0018115454,0.0110021798,-0.0061274303,-0.0009480619,0.0018523294,0.0031759916,0.0020299447
2006-03-09,-0.0061445139,-0.0071877312,-0.0059770264,-0.0033924822,-0.0012285423,-0.0039179669,0.0016745760,-0.0019466582,-0.0028478624,0.0100984636,0.0028330356,-0.0048808266
2006-03-10,0.0089645741,0.0054786320,0.0046250591,0.0037137316,0.0104584457,0.0093795988,0.0091936423,0.0178805436,0.0063470933,0.0109827450,0.0074776532,0.0072235866
2006-03-13,0.0003062167,0.0196533064,0.0036837424,-0.0006167766,-0.0006089614,-0.0003000226,0.0008278329,0.0022352883,0.0012613393,-0.0037608283,0.0008245652,0.0021148108
2006-03-14,0.0116387137,0.0185118424,0.0114676280,0.0070964718,0.0094427214,0.0107949059,-0.0024825279,0.0184837492,0.0107085466,0.0078297319,0.0067567162,0.0103961246
2006-03-15,0.0012108308,0.0052461130,0.0058959311,0.0033704464,0.0150869007,0.0056360609,-0.0037321089,0.0118896550,0.0065435262,0.0174774979,0.0026192985,0.0042698455
2006-03-16,0.0033260773,0.0158434122,-0.0063125138,0.0000000000,0.0005946609,0.0020648901,0.0033295926,0.0015459542,0.0052637028,0.0107705709,0.0019590780,0.0017727560
2006-03-17,0.0029387487,-0.0126794619,0.0031761389,0.0023587527,0.0076342181,0.0016785076,-0.0005837279,-0.0013032795,-0.0024203402,0.0113300677,0.0004889076,0.0014709261
2006-03-20,0.0006052534,-0.0221810156,0.0018096061,0.0018337176,-0.0017756475,-0.0023517574,0.0058435419,-0.0021746293,-0.0146189732,-0.0157375613,-0.0013029889,-0.0016600068
2006-03-21,-0.0099639755,-0.0017154929,-0.0040634209,-0.0061009293,-0.0038540796,-0.0055980196,-0.0066392649,-0.0146323631,-0.0075754922,-0.0146347707,-0.0052185641,-0.0060149384
2006-03-22,0.0079291025,0.0066833391,0.0004534829,0.0101283670,0.0074405345,0.0032595452,0.0091899022,0.0104261855,0.0047712659,0.0028883751,0.0059016107,0.0060205659
2006-03-23,-0.0048416089,0.0147952191,-0.0022656017,-0.0054696402,-0.0041359159,-0.0005911352,-0.0074504554,0.0028142063,-0.0012669469,0.0058960705,0.0030965686,-0.0025822925
2006-03-24,-0.0003038663,0.0067290304,0.0031785727,-0.0015275216,-0.0008899306,-0.0014773673,0.0000000000,-0.0006236344,-0.0019013429,-0.0028805032,0.0112104623,0.0009832808
2006-03-27,-0.0006082371,0.0051986938,0.0013583773,-0.0076497060,0.0008907233,-0.0002960708,-0.0033363128,0.0068648147,-0.0066689595,-0.0099035947,0.0022489844,-0.0010284093
2006-03-28,-0.0082162517,0.0077578065,-0.0113018447,-0.0092504101,-0.0071195280,-0.0053284494,-0.0079497481,-0.0083672032,-0.0041557675,0.0112531399,-0.0022439378,-0.0064381842
2006-03-29,0.0046019925,0.0117301003,0.0150888324,0.0028009160,0.0101582855,0.0089283962,0.0071701340,0.0168752373,0.0060991749,0.0221184957,0.0098007775,0.0074696955
2006-03-30,-0.0061081670,-0.0005437387,0.0031526898,-0.0018622575,0.0000000000,-0.0041300180,-0.0079561318,0.0036876680,-0.0089339976,-0.0154569784,-0.0058871513,-0.0020262759
2006-03-31,0.0003074576,-0.0139565537,-0.0058368007,-0.0055969439,-0.0002958492,-0.0029614455,-0.0037992370,-0.0094919358,-0.0074053529,0.0034130278,0.0016007708,-0.0041376696
2006-04-03,0.0015360619,0.0055142973,0.0058710690,-0.0006254392,0.0035500781,-0.0035653277,0.0033894117,0.0123647315,0.0012979310,-0.0217686066,0.0019175357,0.0022705472
2006-04-04,0.0107361574,0.0131628863,0.0035923219,0.0012514922,0.0067810600,0.0056647814,-0.0008439062,0.0015272120,0.0106895342,-0.0033378548,-0.0012760667,0.0062566899
2006-04-05,0.0018212594,0.0164198670,0.0085018345,-0.0031252419,0.0005852318,0.0065226648,0.0021126828,0.0137192477,0.0096158778,0.0096283744,0.0030342610,0.0043111075
2006-04-06,-0.0036362154,0.0021309569,-0.0008877612,-0.0075235024,-0.0014626757,0.0020617859,-0.0037955534,0.0021053024,-0.0123810155,-0.0058050529,0.0007963203,-0.0019213909
2006-04-07,-0.0094248637,-0.0194866808,-0.0115445560,-0.0120021789,-0.0049827523,-0.0044092288,-0.0088914124,-0.0153061274,-0.0141435601,-0.0148757112,-0.0076367236,-0.0103434873
2006-04-10,0.0018415129,0.0189700372,-0.0013485584,-0.0019178750,-0.0035345583,-0.0014763489,0.0012822328,-0.0003045584,-0.0003260036,-0.0119953135,-0.0019231197,0.0008645273
2006-04-11,-0.0085785745,-0.0070920842,-0.0089967401,-0.0108907743,-0.0017733818,-0.0079835476,-0.0093857206,-0.0073174143,-0.0114154095,-0.0022849714,-0.0107613700,-0.0077509593
2006-04-12,0.0021634174,-0.0066071405,0.0018161776,0.0068007816,0.0068107611,-0.0008939798,0.0034449501,0.0067569223,0.0023090025,-0.0011457240,0.0045458196,0.0012047917
2006-04-13,0.0015414219,0.0032357857,0.0013589349,-0.0022517014,-0.0041175036,0.0023866173,-0.0017164568,0.0051857589,-0.0046084391,-0.0113225741,-0.0008078495,0.0007763252
2006-04-17,-0.0009236456,0.0184553764,-0.0108594131,-0.0058027207,-0.0050210960,-0.0050596149,-0.0055890212,0.0088015087,-0.0009917280,-0.0044941731,-0.0035588751,-0.0029400204
2006-04-18,0.0184903132,0.0244543880,0.0201277610,0.0094033104,0.0240428941,0.0146575161,0.0095111624,0.0273762716,0.0191991662,0.0240276084,0.0137987847,0.0170773840
2006-04-19,0.0012101106,0.0154564744,-0.0008970939,-0.0057822168,0.0063769624,-0.0035379278,0.0012848998,0.0067353685,0.0032477657,0.0139369681,-0.0028821504,0.0020271284
2006-04-20,0.0021154783,-0.0103167890,0.0008978994,0.0090468511,0.0037441842,0.0038466179,0.0017106531,-0.0093077130,0.0071221775,0.0009816639,-0.0043361935,0.0011679305
2006-04-21,-0.0012057795,0.0208476057,-0.0107621303,-0.0022415214,0.0011475981,-0.0076631764,0.0000000000,0.0099825321,0.0044998680,0.0001399579,-0.0019353797,-0.0001371995
2006-04-24,0.0003012269,-0.0152329571,-0.0013602243,-0.0038506957,0.0034393308,-0.0002966146,0.0042699897,-0.0034884487,0.0092803541,-0.0050438643,-0.0056563097,-0.0024175187
2006-04-25,-0.0060365795,-0.0129185868,-0.0004535388,-0.0061214314,-0.0117102885,-0.0014858516,0.0000000000,-0.0070014941,-0.0142679874,-0.0070403924,0.0065010854,-0.0048696174
2006-04-26,0.0057702761,-0.0158425317,0.0036327669,0.0000000000,0.0054906780,0.0068431708,0.0093543541,-0.0002936407,-0.0099709438,-0.0045371182,0.0098495521,0.0028193372
2006-04-27,0.0156999827,-0.0113738480,0.0099553206,-0.0055109609,-0.0054606951,0.0079787574,0.0012628992,-0.0199823189,0.0133200617,0.0099713630,0.0035178103,0.0033015960
2006-04-28,0.0095126594,0.0113277063,-0.0210576483,0.0101045598,-0.0020238211,-0.0005862981,0.0025245303,0.0044972507,0.0041682515,0.0028212788,-0.0031865096,0.0006795458
2006-05-01,-0.0156067664,0.0164503990,-0.0082380847,-0.0087125529,0.0026066354,-0.0055735320,-0.0004198777,0.0065677704,-0.0092591839,-0.0154717128,0.0015986296,-0.0041355125
2006-05-02,0.0062817833,0.0222106854,0.0046147303,0.0000000000,0.0080878540,0.0008853304,0.0058773396,0.0097862312,0.0161137876,-0.0080000650,0.0030320421,0.0061447145
2006-05-03,-0.0008918997,-0.0154950528,-0.0022970504,-0.0110671598,0.0002864483,0.0026524093,-0.0066774502,0.0002939028,-0.0031719055,0.0010079591,-0.0033413890,-0.0038759726
2006-05-04,0.0020828529,-0.0046201252,0.0036837424,0.0032915370,0.0120310823,0.0055844206,0.0016808753,0.0099825321,0.0012725433,0.0119408757,0.0020752082,0.0031572064
2006-05-05,0.0142517820,0.0116883211,0.0055041980,0.0098423037,0.0099066870,0.0116928385,0.0092281741,0.0069763802,0.0225612657,0.0179129154,0.0035049204,0.0102953018
2006-05-08,-0.0040983266,-0.0044175767,0.0013683476,-0.0003246481,-0.0008409521,0.0014448542,0.0054030492,0.0037525782,-0.0077689093,0.0032126635,0.0041279148,-0.0008296944
2006-05-09,0.0017636684,0.0059731610,-0.0040996587,-0.0071505480,0.0000000000,0.0028850424,0.0028933836,0.0066155237,-0.0084560160,0.0002781233,0.0018970378,0.0003623424
2006-05-10,0.0005868202,0.0093296399,-0.0105219086,-0.0009814542,0.0005606077,0.0005747683,-0.0041216048,0.0002849087,0.0078965714,0.0008355666,-0.0099412630,-0.0017281488
2006-05-11,-0.0164225620,-0.0129416466,-0.0208045226,-0.0019661644,-0.0050459489,-0.0100628515,-0.0124174705,-0.0137095801,-0.0094013205,-0.0218333121,-0.0164173490,-0.0127980738
2006-05-12,-0.0101365608,-0.0338837484,-0.0094424033,-0.0022977419,-0.0157791782,-0.0098750032,-0.0079632113,-0.0214310973,-0.0110726350,-0.0150692873,-0.0081024864,-0.0112411581
2006-05-15,0.0069273571,-0.0209724588,0.0009530643,0.0141494163,0.0002864435,0.0026402498,0.0109846318,-0.0130213116,0.0063979934,0.0132793860,-0.0016334083,0.0025247125
2006-05-16,-0.0011966699,0.0035996789,-0.0095238073,0.0025953037,-0.0002863615,-0.0070218142,0.0037608625,0.0002996270,-0.0044501722,-0.0019943176,0.0042544250,-0.0018694816
2006-05-17,-0.0200659272,-0.0254702810,-0.0134614044,-0.0103560907,-0.0206128363,-0.0138476678,-0.0124897123,-0.0269779994,-0.0153254382,-0.0208394923,-0.0231381168,-0.0168410706
2006-05-18,-0.0088627259,-0.0121479534,-0.0034115279,-0.0042508563,-0.0081844596,-0.0005977293,-0.0050586732,-0.0104748581,-0.0003247037,-0.0027699154,-0.0071728114,-0.0066990113
2006-05-19,0.0052422393,0.0065217115,0.0073349320,-0.0055828224,0.0032420868,0.0068759757,0.0008474564,0.0040477286,0.0084334745,-0.0020467323,0.0122647820,0.0041368910
2006-05-22,-0.0024539512,-0.0057388466,-0.0087383917,-0.0042932377,-0.0020567863,-0.0071264225,0.0029637582,-0.0217053675,0.0077196233,-0.0065912670,-0.0142739023,-0.0039147320
2006-05-23,-0.0049205146,0.0001862528,-0.0073450456,-0.0046436289,-0.0047098052,-0.0074756392,-0.0004227025,0.0022181774,-0.0140439412,-0.0067824005,0.0013469886,-0.0043499889
2006-05-24,0.0006182275,-0.0122863431,0.0098665512,0.0029989624,-0.0026618954,0.0015064484,0.0076014810,-0.0044271924,0.0035608096,0.0016328289,-0.0015133854,0.0015836559
2006-05-25,0.0089558929,0.0350545893,0.0092823531,0.0093027768,0.0068207778,0.0096270337,0.0096394506,0.0171534206,0.0093552580,0.0189720362,0.0129672582,0.0113700940
2006-05-26,0.0082650009,0.0032776186,0.0048402087,0.0055949727,0.0055968802,0.0032775593,0.0000000000,0.0168646059,0.0108655327,0.0094540597,0.0109729558,0.0057193367
2006-05-30,-0.0148760939,-0.0157892639,-0.0197495749,-0.0130927169,-0.0128884906,-0.0151469977,-0.0124532195,-0.0236484539,-0.0101164023,-0.0079248437,-0.0189118536,-0.0158496114
2006-05-31,0.0070883332,0.0243407699,0.0039313726,0.0063015045,0.0071216412,0.0108565980,0.0037832690,0.0113242857,0.0166077477,-0.0014521821,0.0065374806,0.0081119248
2006-06-01,0.0116273322,0.0026997592,0.0171319320,0.0141731852,0.0103123312,0.0155130126,0.0054435041,0.0108863027,0.0100533166,0.0209448432,0.0253120786,0.0122983376
2006-06-02,0.0057472696,0.0149017233,-0.0033687817,0.0038996764,0.0014582936,-0.0020566242,-0.0020824298,0.0095385749,0.0121308238,0.0108275531,-0.0025984964,0.0019522364
2006-06-05,-0.0162399720,-0.0314876106,-0.0149690285,-0.0155388114,-0.0215493054,-0.0158961592,-0.0141898281,-0.0298691366,-0.0119854306,0.0014102024,-0.0151443471,-0.0177997020
2006-06-06,-0.0024462341,-0.0009135113,0.0000000000,0.0016437898,-0.0038689910,-0.0050850504,0.0029637582,-0.0084824969,0.0018659779,-0.0099934363,0.0047948450,-0.0011381291
2006-06-07,0.0033707730,-0.0383904820,-0.0137256567,0.0045961932,-0.0110545135,0.0003004189,-0.0004227025,-0.0228135385,-0.0037253621,0.0039805855,-0.0004936381,-0.0060924566
2006-06-08,0.0018329425,0.0140676389,-0.0049705476,0.0016340253,0.0006043903,-0.0015025304,0.0033785811,-0.0032429183,0.0034282520,-0.0045313635,-0.0044453243,0.0014170515
2006-06-09,-0.0033530890,-0.0101237278,-0.0039950656,-0.0071778413,-0.0084548273,-0.0024086140,0.0008411331,-0.0052046438,0.0083851094,0.0092459563,-0.0059528522,-0.0044756104
2006-06-12,-0.0110135013,-0.0204544661,-0.0185557605,-0.0101873945,-0.0124839978,-0.0132767641,-0.0058866120,-0.0156963002,0.0021556960,-0.0146577135,-0.0153056513,-0.0118662516
2006-06-13,-0.0194860122,-0.0295823107,0.0010216051,-0.0026558001,-0.0030842109,-0.0079511249,-0.0033845035,-0.0169438196,-0.0119854306,-0.0130166130,-0.0048993455,-0.0111116504
2006-06-14,-0.0059937273,0.0257023217,0.0066358670,0.0016643963,0.0086613435,0.0046239064,0.0042453076,0.0131806472,-0.0074648059,-0.0015944769,0.0049234673,0.0051893028
2006-06-15,0.0222154285,0.0380729328,0.0253552830,0.0122963183,0.0226919976,0.0217857600,0.0080298324,0.0333550758,0.0153557125,0.0174190508,0.0268623944,0.0212350771
2006-06-16,-0.0063393316,-0.0026856148,-0.0014836362,-0.0012848304,-0.0001503018,-0.0023772695,0.0011383712,-0.0059469579,-0.0006536309,0.0027109189,0.0014811543,-0.0036778714
2006-06-19,-0.0069138592,-0.0376649486,-0.0044580123,-0.0075886266,-0.0078171187,-0.0054299093,-0.0037893695,-0.0199405020,-0.0137026121,-0.0089645520,-0.0103498513,-0.0091167952
2006-06-20,0.0028477725,-0.0046964357,-0.0014921248,-0.0036566675,-0.0012121545,-0.0036398517,0.0071844604,0.0043359741,0.0025258331,-0.0061735022,-0.0003317274,-0.0000080715
2006-06-21,0.0082046359,0.0224142130,0.0129542587,0.0050053837,0.0118327014,0.0097415552,0.0037771939,0.0242442188,-0.0009454595,0.0127131110,0.0078042280,0.0097409574
2006-06-22,-0.0037559809,0.0042312179,-0.0118048729,-0.0056443305,-0.0059974175,-0.0078381766,-0.0016722702,-0.0051879617,-0.0034675488,-0.0071409004,-0.0046135236,-0.0052707042
2006-06-23,-0.0065975560,0.0222136999,-0.0029869043,0.0010013317,0.0027150709,-0.0009118081,-0.0033501428,0.0084742826,0.0015820037,-0.0037706210,0.0024831907,-0.0008830890
2006-06-26,0.0088554576,0.0110522330,0.0019973999,-0.0036686848,0.0027075507,0.0051699855,0.0054624516,0.0029085948,0.0041058364,0.0100436592,-0.0018164118,0.0048694726
2006-06-27,-0.0097181663,0.0018528517,-0.0134531990,-0.0103785902,-0.0093009563,-0.0127078296,-0.0045966514,-0.0125681484,-0.0037742110,-0.0020176666,-0.0072790628,-0.0090840159
2006-06-28,0.0053818228,0.0172003659,0.0065657995,0.0000000000,0.0030285091,0.0009191061,0.0046178782,0.0026112015,0.0028413822,0.0034659468,0.0019996574,0.0054874509
2006-06-29,0.0210955847,0.0283629472,0.0255898112,0.0172529669,0.0211354696,0.0217393935,0.0158795197,0.0400386844,0.0129089356,0.0204341642,0.0236157644,0.0215650041
2006-06-30,-0.0027753177,0.0033597357,-0.0053820924,0.0056538082,-0.0002956704,0.0005993458,-0.0049358606,0.0046950291,0.0037306934,0.0047947610,0.0082857864,-0.0020976564
2006-07-03,0.0117506316,0.0107492958,0.0073785934,0.0019839919,0.0035490118,0.0014970993,0.0057868116,0.0118378801,0.0111489508,0.0181061792,0.0074126040,0.0078648958
2006-07-05,-0.0094746153,0.0045328446,-0.0156254900,-0.0009898541,-0.0073677988,-0.0092699021,-0.0082199186,-0.0120072484,-0.0067381376,-0.0008273490,-0.0115165371,-0.0072488519
2006-07-06,0.0030855412,-0.0026036978,0.0009927511,0.0036333575,0.0026722614,0.0006036875,0.0116036800,-0.0009347254,-0.0052420218,0.0030350457,0.0008088595,0.0024942142
2006-07-07,-0.0049217442,-0.0135725706,-0.0099114107,0.0009876908,-0.0148061549,-0.0075416888,-0.0020488081,-0.0077975238,0.0077495202,-0.0041264592,-0.0066287117,-0.0067499497
2006-07-10,0.0068005877,0.0029988877,-0.0115109116,0.0036174285,0.0027051929,0.0012157412,0.0061581789,0.0025146947,0.0055368690,0.0103588936,-0.0035808866,0.0014697865
2006-07-11,0.0003066747,0.0182907056,0.0040504929,0.0022936866,0.0026973908,-0.0009101585,0.0053040176,-0.0012545167,0.0076476995,-0.0002732695,-0.0024500480,0.0040163555
2006-07-12,-0.0098209545,-0.0034542350,-0.0181544044,-0.0035960534,-0.0101639118,-0.0158013167,-0.0081167621,-0.0072215840,-0.0048574769,0.0043759680,-0.0093336257,-0.0108690282
2006-07-13,-0.0158095937,-0.0095319679,-0.0164356768,-0.0104988569,-0.0196318769,-0.0182150497,-0.0081834481,-0.0281465352,-0.0036610353,-0.0155211517,-0.0183470909,-0.0129667461
2006-07-14,-0.0040947836,0.0117236331,-0.0026109979,-0.0062996644,-0.0141710325,-0.0128933416,-0.0099012970,0.0016273648,0.0000000000,-0.0134146212,-0.0023572053,-0.0048942895
2006-07-17,0.0018975351,-0.0323418046,0.0031416589,0.0040041812,-0.0034376161,0.0070088170,0.0025003144,-0.0133206244,0.0027556039,-0.0007005619,0.0040505136,-0.0013832398
2006-07-18,0.0022098914,0.0012510228,0.0020873201,0.0000000000,0.0047035567,-0.0060111162,0.0045715461,0.0042807800,0.0015269936,0.0119232788,0.0058832555,0.0019198172
2006-07-19,0.0264566016,0.0103534125,0.0145838351,0.0235958829,0.0202872425,0.0200508609,0.0124122357,0.0268849565,0.0152438735,0.0238422402,0.0202207452,0.0185551101
2006-07-20,-0.0039886005,-0.0242047864,-0.0143742041,0.0009739597,-0.0204953788,-0.0131042547,0.0008173418,-0.0277776001,0.0024026536,-0.0123204371,-0.0142507124,-0.0084775111
2006-07-21,-0.0055458255,-0.0135794790,-0.0104164726,0.0045403734,-0.0099936772,-0.0091685878,-0.0020413221,-0.0131365995,0.0023963253,-0.0186430295,-0.0068128536,-0.0070768981
2006-07-24,0.0130109492,0.0301023959,0.0152635382,0.0193742814,0.0164035258,0.0216976947,0.0073645732,0.0149754615,0.0092651951,0.0174606417,0.0190734629,0.0166251397
2006-07-25,0.0024467346,0.0174624960,0.0108862126,0.0085521823,-0.0027935251,0.0090569145,0.0048741069,0.0154096266,0.0041453356,0.0068641421,0.0139543240,0.0063208084
2006-07-26,-0.0012194780,0.0201406278,0.0025637526,0.0047112431,-0.0127607305,-0.0114515810,-0.0048504652,-0.0022599322,0.0035384766,0.0042272116,0.0100389256,-0.0003782710
2006-07-27,-0.0058042218,-0.0085837268,-0.0030685852,-0.0050013912,-0.0018912063,-0.0021916273,-0.0064986996,-0.0220066353,-0.0079336675,-0.0074681946,0.0006417304,-0.0040997108
2006-07-28,0.0178190449,0.0003463027,0.0174447332,0.0053405094,0.0113709503,0.0122372375,0.0094035050,0.0181997975,0.0068127191,0.0149113525,0.0140979109,0.0121517561
2006-07-31,-0.0015096630,0.0152329986,-0.0015131270,-0.0034372670,-0.0040601391,0.0006197396,-0.0048605481,0.0042251307,-0.0044136355,-0.0045829905,-0.0001581240,-0.0014782485
2006-08-01,-0.0030228379,0.0011931369,-0.0141413374,0.0000000000,-0.0062716432,-0.0092936067,-0.0048844202,-0.0080907210,0.0124117524,-0.0047389539,-0.0115340206,-0.0044960993
2006-08-02,0.0018198146,0.0020439625,0.0122953584,0.0062715539,0.0063112250,0.0081302261,0.0089981168,0.0159867995,-0.0008757484,0.0000000000,0.0188615008,0.0051065291
2006-08-03,0.0042364821,-0.0086682137,0.0030360350,-0.0087257887,0.0081531186,0.0062033727,0.0024323440,0.0061012221,-0.0049660354,0.0107482243,-0.0029806693,0.0022388938
2006-08-04,0.0021097775,-0.0084006177,-0.0030268454,0.0003149376,-0.0027995200,0.0003081883,0.0004042106,-0.0047878462,0.0002930721,0.0149413572,-0.0017308583,-0.0007108143
2006-08-07,-0.0021053357,0.0105473234,-0.0035426149,-0.0031434781,-0.0040546375,-0.0021574099,-0.0024250690,0.0048108800,-0.0117404267,-0.0108757290,-0.0056747181,-0.0028060639
2006-08-08,-0.0072323379,-0.0058177593,-0.0035552096,-0.0003148978,-0.0087695097,-0.0101914885,0.0044570958,-0.0105328104,0.0095043278,-0.0163577976,-0.0014267761,-0.0033627057
2006-08-09,-0.0118403482,0.0084320659,0.0061164082,0.0009458399,-0.0154819727,-0.0137281318,-0.0064543939,0.0009672114,0.0002938994,-0.0092695775,0.0000000000,-0.0043492854
2006-08-10,0.0049158053,-0.0081909502,0.0040522944,-0.0009449461,0.0080233069,0.0136030138,0.0105558933,0.0025789530,-0.0014706305,0.0020642283,-0.0052385520,0.0046290198
2006-08-11,-0.0030573490,0.0005165327,-0.0055501427,-0.0047303877,-0.0057309508,-0.0003122657,-0.0020081270,-0.0112507009,-0.0023560936,-0.0082387226,-0.0014366203,-0.0039864981
2006-08-14,0.0012266900,-0.0206364825,0.0086254223,0.0022181029,0.0019212383,0.0028100434,0.0020121677,-0.0026007271,0.0067905941,0.0092757345,-0.0004796250,0.0011604360
2006-08-15,0.0168453087,0.0050920195,0.0231390516,0.0085360456,0.0182169888,0.0140100815,0.0064284656,0.0211861864,0.0064516187,0.0116604928,0.0142311930,0.0136964664
2006-08-16,0.0054221114,-0.0041921794,0.0157326126,0.0087780160,0.0222851056,0.0101318820,0.0011977232,0.0175551854,-0.0093242089,0.0027116287,0.0023648692,0.0076619876
2006-08-17,0.0032952141,-0.0070179712,0.0043562357,0.0024855117,0.0012282438,0.0060791537,-0.0015945373,-0.0062734441,-0.0011758112,0.0010820991,0.0015727059,0.0015824295
2006-08-18,0.0014927066,0.0155477680,0.0038559445,0.0015502190,-0.0024535599,-0.0003020432,0.0059900992,0.0000000000,0.0111894565,0.0002699153,0.0015703286,0.0037149462
2006-08-21,-0.0038759380,0.0066107198,-0.0067219834,-0.0034047033,-0.0089147285,-0.0108791393,0.0023821326,0.0000000000,0.0020379875,0.0058067905,-0.0006274597,-0.0036704516
2006-08-22,-0.0002994857,0.0067409313,0.0004835704,0.0031054626,0.0031016052,-0.0009169726,-0.0007924137,0.0028409323,0.0034880549,0.0089960431,0.0003141572,0.0010018549
2006-08-23,-0.0029939804,-0.0209445583,-0.0048311553,-0.0006190697,-0.0074210092,-0.0088684260,-0.0031709490,-0.0015738143,-0.0104261408,-0.0111779012,-0.0015683582,-0.0044886561
2006-08-24,0.0033034463,0.0129759369,0.0038835427,0.0068151525,-0.0052957251,-0.0052451869,0.0051694329,-0.0078814755,0.0040970330,0.0047095113,0.0025132780,0.0023743945
2006-08-25,-0.0053874048,0.0077890838,0.0029010902,0.0006150945,0.0003130840,0.0000000000,-0.0015824343,0.0031776347,0.0000000000,-0.0010715995,0.0026638129,-0.0007484937
2006-08-28,0.0072218702,-0.0144277176,0.0091613944,0.0064582050,0.0040697826,0.0099253354,0.0039617143,-0.0009505880,0.0075777610,0.0123361949,0.0087512010,0.0051657133
2006-08-29,-0.0041827860,-0.0062740046,0.0090780478,0.0045831328,0.0024948744,0.0073707681,0.0035521758,0.0041220757,0.0008681153,0.0000000000,0.0096050169,0.0019204473
2006-08-30,0.0030007913,-0.0168362496,0.0071022990,0.0006079854,0.0009331733,0.0006099859,0.0027520973,0.0003157381,-0.0052025261,0.0072846815,0.0053704001,0.0008356839
2006-08-31,0.0011959750,-0.0069571245,-0.0037613272,-0.0030394707,0.0021752584,0.0030468736,0.0007849629,0.0047347633,0.0101685773,0.0000000000,-0.0019839009,-0.0011874402
2006-09-01,0.0014944321,0.0149094946,0.0042475130,0.0051827384,0.0071316525,0.0082015471,0.0054855443,0.0113099007,0.0008630124,-0.0049965994,0.0062697637,0.0055146138
2006-09-05,0.0035799546,0.0130971091,0.0051689435,-0.0045493635,0.0021552533,0.0030134255,-0.0035071825,0.0059023007,-0.0106322019,0.0084575410,0.0047114102,0.0017085989
2006-09-06,-0.0032703677,-0.0338916987,-0.0163626949,-0.0036561403,-0.0104456259,-0.0123160379,-0.0027381058,-0.0123532389,-0.0037760609,-0.0051103988,-0.0099831795,-0.0098914831
2006-09-07,-0.0077538775,0.0009038949,-0.0057039610,-0.0073396895,-0.0024838562,0.0033452276,-0.0035289989,-0.0109440857,0.0014577678,-0.0064544837,-0.0064173045,-0.0047990326
2006-09-08,0.0057111340,-0.0252941059,0.0081265927,0.0080098941,0.0018675090,0.0090939651,0.0051160903,0.0037942084,0.0000000000,0.0102085184,0.0024605115,0.0037866682
2006-09-11,0.0005971389,-0.0309545955,0.0085350717,0.0064185612,0.0009321010,0.0078099959,0.0074391562,-0.0267715980,-0.0034934835,0.0014431825,0.0058291012,0.0004773158
2006-09-12,0.0128436754,-0.0063120785,0.0173950764,0.0115392478,0.0093109389,0.0232487104,0.0003887527,0.0116501960,-0.0052589848,0.0129736154,0.0170807488,0.0103574808
2006-09-13,0.0073723258,0.0207894333,0.0000000000,-0.0021016511,0.0101476874,0.0040787440,-0.0073816060,0.0070377216,0.0020563514,0.0090555012,0.0052485275,0.0038613452
2006-09-14,0.0023422626,-0.0222515997,0.0023106215,-0.0012030448,-0.0045661863,-0.0026109865,0.0050878042,-0.0031764382,-0.0041029261,0.0000000000,0.0055190287,-0.0013579833
2006-09-15,0.0030545334,0.0034251984,0.0024943694,0.0016012625,0.0051590673,0.0042539423,0.0010958862,-0.0008655805,0.0003559601,0.0025645830,-0.0014834375,0.0025678464
2006-09-18,-0.0011717345,0.0241083613,-0.0004604126,-0.0003017550,0.0024445602,-0.0052232764,-0.0039091628,0.0121912841,-0.0029658748,-0.0057550509,-0.0022287238,0.0011518266
2006-09-19,0.0017591051,-0.0150659660,-0.0046101185,0.0015093924,-0.0039623195,0.0020421780,0.0023548543,-0.0126784335,0.0020823554,0.0064312687,-0.0019355428,-0.0026794524
2006-09-20,0.0067310739,-0.0267686060,0.0162110607,0.0039180853,0.0055077786,0.0072778746,0.0058732735,0.0086677385,-0.0014845937,-0.0031951859,0.0144711123,0.0057223817
2006-09-21,-0.0069762952,0.0127693054,-0.0095716753,-0.0063044326,-0.0094335611,-0.0054914554,-0.0089526797,-0.0089114195,-0.0014862405,-0.0102565265,-0.0004408072,-0.0053955116
2006-09-22,0.0017559208,-0.0042671736,-0.0059826674,-0.0063442685,-0.0049158122,-0.0008713126,0.0007851247,-0.0009632659,-0.0011908520,0.0051817105,0.0035306917,-0.0024658012
2006-09-25,0.0102279374,0.0013645863,0.0180560253,0.0039526314,0.0120410122,0.0154157579,-0.0062791057,0.0054639264,0.0140091938,-0.0006445513,0.0134873180,0.0088151368
2006-09-26,0.0054962927,0.0219833782,0.0063660449,0.0009082296,0.0125073207,0.0085931710,0.0011846443,0.0198208054,-0.0014697498,0.0001043166,0.0020254298,0.0075242809
2006-09-27,-0.0046027948,0.0165624095,-0.0076818480,0.0027230280,0.0024105954,-0.0017040054,0.0063120680,-0.0021939203,0.0138354281,0.0087186045,-0.0150138683,0.0001795864
2006-09-28,0.0034681840,-0.0031834547,0.0050092983,-0.0018103682,0.0069130932,-0.0002846483,-0.0023523363,0.0028275219,-0.0031935803,-0.0034834400,-0.0039570775,0.0017133445
2006-09-29,-0.0028802974,0.0041329446,-0.0031723247,0.0033256495,-0.0047761595,-0.0054063019,-0.0027508528,-0.0087721052,-0.0099038296,-0.0012941600,0.0060333567,-0.0022631074
2006-10-02,-0.0023109541,-0.0114131792,-0.0072726603,-0.0057251092,0.0029991640,0.0022887443,-0.0066978372,0.0018967356,0.0073554561,-0.0002596497,-0.0086298507,-0.0033911213
2006-10-03,0.0098435272,-0.0367139581,0.0054948504,0.0030305144,0.0062804123,0.0085641539,0.0011899413,-0.0132497043,0.0040883051,0.0097239148,0.0032458517,0.0020956939
2006-10-04,0.0120418018,0.0147350956,0.0154827438,0.0087612253,0.0148587448,0.0144351223,0.0106977007,0.0015986951,0.0040720976,0.0111711780,0.0141172324,0.0120604493
2006-10-05,-0.0005666337,0.0191673750,-0.0004485785,0.0000000000,0.0049773186,0.0027902460,-0.0039203921,0.0159591908,-0.0031866153,0.0060948448,-0.0021748022,0.0022367202
2006-10-06,-0.0034013368,0.0009495250,0.0004487798,-0.0038937648,-0.0020392238,-0.0019477171,-0.0055096055,0.0047122912,-0.0055215301,-0.0073197413,-0.0011624169,-0.0026824943
2006-10-09,0.0028440555,-0.0149936461,0.0026904739,-0.0021038581,0.0011679543,0.0069697465,0.0035612841,0.0081308279,-0.0008766959,0.0067386464,0.0036372823,0.0007928841
2006-10-10,0.0000000000,0.0186901124,0.0008947496,-0.0042185271,0.0014581991,0.0060904255,-0.0035486463,0.0046520896,0.0073117682,0.0003787060,0.0052191338,0.0020434526
2006-10-11,-0.0025518603,-0.0158879283,-0.0004466438,-0.0003024144,0.0002913451,-0.0024763938,0.0015825662,-0.0089534533,0.0023231413,-0.0026515046,-0.0021632212,-0.0025639437
2006-10-12,0.0054017328,0.0234478153,0.0147511308,0.0060532022,0.0084424064,0.0132412126,0.0015806386,0.0102805901,-0.0002898015,0.0094939376,0.0148864742,0.0095410981
2006-10-13,0.0036765758,0.0137089835,0.0048463277,-0.0033094800,-0.0023097701,-0.0027223028,-0.0019726007,0.0098669966,0.0011596514,0.0096546687,0.0027056913,0.0020472393
2006-10-16,-0.0053536157,0.0235272410,-0.0004390902,0.0015093924,0.0066553776,-0.0008193750,0.0015811996,0.0073287250,0.0049197266,0.0042231454,-0.0038348093,0.0025190488
2006-10-17,0.0000000000,-0.0108595191,-0.0083330544,0.0027123589,-0.0054615509,-0.0035519525,-0.0019731885,-0.0069718494,0.0043205716,-0.0049472529,0.0024237051,-0.0036594521
2006-10-18,0.0028326777,-0.0064042248,-0.0026541324,0.0108211358,-0.0026011937,0.0008232388,0.0039541156,-0.0036632423,0.0108978130,0.0060900874,-0.0034131874,0.0012829441
2006-10-19,-0.0064965109,0.0206257623,0.0031048012,-0.0008923138,-0.0023179059,-0.0005480388,0.0023633284,0.0067402481,0.0039714869,-0.0024707813,0.0089909417,0.0008492547
2006-10-20,-0.0011381452,-0.0129914244,0.0061895090,0.0077377379,-0.0043570517,-0.0013707476,0.0035361595,-0.0054774296,0.0062165553,-0.0012387386,0.0074961697,0.0011997532
2006-10-23,0.0065473298,0.0018279713,0.0061511091,0.0026583632,0.0052511960,0.0131761229,0.0097879270,0.0064252014,0.0011234056,0.0047124298,0.0047731506,0.0061523046
2006-10-24,-0.0002826402,0.0182483019,-0.0069872626,-0.0032402679,0.0005801755,0.0037924634,-0.0031010669,0.0115543638,0.0008414236,-0.0028384969,-0.0040519513,0.0002614235
2006-10-25,0.0042430554,0.0172040763,0.0087951548,-0.0059101011,0.0008700822,-0.0035089436,0.0066117389,-0.0009018599,0.0106498826,0.0050741200,0.0033670700,0.0035138929
2006-10-26,0.0070421401,-0.0022902447,0.0052313646,0.0038645084,-0.0002894251,0.0138146612,0.0065686845,0.0021060044,-0.0044367104,0.0097277669,0.0106266214,0.0049630200
2006-10-27,-0.0075526873,-0.0081230770,-0.0130095464,-0.0041453598,-0.0072466141,-0.0098851363,-0.0034543430,0.0024016910,-0.0036210234,-0.0064634463,-0.0053957175,-0.0084516303
2006-10-30,0.0002823678,-0.0179810971,0.0035150125,-0.0056502038,0.0032118336,0.0062058559,-0.0042374370,0.0026948916,-0.0005596646,0.0095740679,-0.0090417032,0.0004284257
2006-10-31,-0.0016907028,0.0103339115,0.0013133775,-0.0041863488,-0.0023286736,-0.0021453855,-0.0007740277,0.0017923197,0.0011194286,-0.0012152993,-0.0051934870,0.0000071758
2006-11-01,-0.0062092210,-0.0102282141,-0.0043724707,-0.0072073204,-0.0049587713,-0.0077942449,-0.0077427170,-0.0077517756,0.0061465485,-0.0085217873,-0.0049386295,-0.0073514690
2006-11-02,-0.0028404099,0.0039882750,-0.0061486244,0.0054445700,-0.0035180800,-0.0010832777,-0.0015610292,0.0033054454,-0.0047209949,-0.0192749579,0.0043956509,-0.0003436828
2006-11-03,0.0000000000,0.0220299322,0.0000000000,-0.0051142400,-0.0020598416,-0.0075921640,-0.0046891503,-0.0032945554,-0.0072542784,-0.0097653139,-0.0009880352,-0.0022232342
2006-11-06,0.0116777680,0.0072433196,0.0119311815,0.0120956651,0.0088446340,0.0122950811,0.0035335738,0.0123192247,-0.0044967760,0.0085970371,0.0094687516,0.0113464633
2006-11-07,0.0022520089,-0.0077171677,0.0052398537,0.0077679520,0.0113972526,0.0026993858,0.0015651785,-0.0032646120,-0.0033880824,-0.0094008251,0.0069997554,0.0022176988
2006-11-08,0.0042134546,0.0167931031,0.0008689893,-0.0151197550,0.0014440715,0.0048450619,0.0035156920,0.0023820318,0.0099152968,0.0022779233,-0.0023634718,0.0020826740
2006-11-09,-0.0067131445,0.0083447849,-0.0004337422,-0.0234799551,-0.0060584630,-0.0032142701,-0.0058389796,0.0109926197,-0.0002806156,0.0025243710,-0.0144928995,-0.0053329784
2006-11-10,0.0081669174,-0.0094826739,0.0026050839,0.0015413312,0.0014514264,0.0032246349,0.0003917114,-0.0096973563,0.0075757848,0.0042820793,-0.0057974763,0.0018646249
2006-11-13,-0.0011175363,-0.0017411282,0.0086622625,0.0018463382,0.0078258743,0.0013399300,-0.0031314551,0.0097923159,-0.0002784788,0.0017551822,0.0021335450,0.0025490763
2006-11-14,0.0058727334,0.0059286882,0.0072988110,0.0082951466,0.0031637190,0.0109681094,0.0027485039,-0.0002937628,0.0025066927,0.0103894042,0.0056767291,0.0063563994
2006-11-15,-0.0013903905,0.0093607430,0.0021315692,0.0048751535,0.0097474192,0.0037044747,0.0050899138,0.0041151789,-0.0033341094,0.0022297511,-0.0036689545,0.0024044843
2006-11-16,0.0097440664,-0.0274773390,0.0038276339,0.0042450640,0.0045431507,0.0065914749,0.0070123370,-0.0052695787,0.0036242625,0.0049448091,0.0024081626,0.0022842132
2006-11-17,-0.0074439258,0.0082993230,0.0016952654,0.0030194521,0.0005655620,-0.0018338302,0.0015474944,-0.0044142195,0.0011111307,-0.0012300719,0.0062168484,0.0010287059
2006-11-20,0.0063887145,-0.0026268596,0.0000000000,-0.0024087099,-0.0033897993,-0.0039358454,-0.0030900200,0.0192139609,-0.0033301108,0.0316499674,-0.0009829277,-0.0004995370
2006-11-21,-0.0016560745,0.0184372309,-0.0004232558,-0.0015086132,0.0034013291,0.0028977991,-0.0015496428,0.0026097842,0.0016706187,0.0170710127,-0.0021084050,0.0016494528
2006-11-22,0.0011056257,-0.0058620661,0.0076174405,0.0021153955,0.0039546476,0.0021008509,0.0023277280,0.0138849338,0.0022233923,0.0028164916,-0.0028172566,0.0023380979
2006-11-24,-0.0049709687,-0.0020811014,-0.0021000285,-0.0042216173,-0.0019699274,-0.0052415017,-0.0038710778,0.0008565609,0.0038826968,0.0047986507,0.0002824552,-0.0036555375
2006-11-27,-0.0155422729,-0.0045186950,-0.0235692140,-0.0066629769,-0.0160697580,-0.0144928715,-0.0124368780,-0.0165337628,-0.0110499183,-0.0271405106,-0.0151110688,-0.0135550811
2006-11-28,0.0016908746,0.0160613782,0.0051722056,0.0021344259,-0.0011459618,-0.0005346542,0.0043294106,0.0040573292,0.0072624885,0.0027540589,0.0038719888,0.0034443905
2006-11-29,0.0061922354,0.0317866449,0.0064325720,0.0069971273,0.0080322156,0.0069553369,0.0086204850,0.0083720635,0.0124792153,0.0149256370,0.0157118896,0.0092015764
2006-11-30,-0.0019579641,0.0076609079,0.0021304511,0.0048333464,-0.0005696627,0.0010626857,-0.0050512398,0.0020042787,0.0062996532,0.0111758262,0.0063277996,0.0008217512
2006-12-01,-0.0058853188,0.0034700243,-0.0085037927,-0.0009015959,-0.0056943938,-0.0013265081,-0.0031230508,-0.0079999070,-0.0005440676,-0.0023263269,-0.0018161222,-0.0027987719
2006-12-04,0.0140963837,-0.0014820268,0.0128648263,-0.0048147611,0.0128865415,0.0106292857,0.0144927454,0.0146886293,0.0078971260,0.0128279771,0.0116196597,0.0088851906
2006-12-05,0.0047263838,0.0039586546,0.0004235098,0.0039310364,0.0022617835,0.0084144963,0.0054054932,0.0042578466,0.0024318191,-0.0072537913,0.0019372893,0.0040025084
2006-12-06,0.0013828913,-0.0027927226,-0.0063482852,0.0015062095,-0.0033852551,-0.0007826898,0.0011520128,-0.0039571578,-0.0048515344,-0.0010442515,0.0048341832,-0.0013147003
2006-12-07,-0.0024870495,-0.0059310756,-0.0038328432,-0.0021055381,-0.0016983770,-0.0046970043,-0.0019182446,0.0062426209,-0.0010834429,-0.0107971682,0.0004124297,-0.0039705466
2006-12-08,0.0030473273,-0.0011598579,0.0000000000,0.0018083471,0.0011344939,0.0020978943,0.0019219313,0.0025384852,-0.0029825972,0.0004687783,0.0019232059,0.0018119412
2006-12-11,0.0055236494,-0.0024889795,0.0059855395,0.0021059300,-0.0045310164,0.0036626677,0.0019176265,-0.0036567851,0.0054394158,0.0053965192,0.0069943173,0.0022698131
2006-12-12,0.0008240388,0.0023282044,-0.0033994629,0.0003004565,0.0017067559,-0.0054750380,-0.0022972164,-0.0112932666,0.0037861047,-0.0045501674,0.0042216940,-0.0010473733
2006-12-13,0.0010975285,0.0101233769,0.0017051607,-0.0021008731,-0.0034084086,0.0052431714,-0.0003839571,0.0059966307,0.0037733483,-0.0055098584,-0.0016267739,0.0011688503
2006-12-14,0.0084974941,0.0144570436,0.0085150756,0.0051128620,0.0056997383,0.0104301785,0.0038392516,0.0073803339,0.0016102603,0.0018864521,0.0023084977,0.0086894585
2006-12-15,0.0024924393,-0.0090310701,0.0002117546,0.0032124328,0.0055129991,-0.0041953642,0.0016140317,0.0075198243,-0.0009191026,-0.0058828202,0.0031173700,0.0011224039
2006-12-18,0.0049186650,-0.0288480755,-0.0038203663,0.0020953203,0.0011364375,-0.0007805405,-0.0007671752,-0.0101782994,-0.0070387058,-0.0029579906,-0.0051030235,-0.0032303397
2006-12-19,-0.0008162479,0.0170463763,-0.0063911377,0.0050774475,0.0002838261,0.0005207668,0.0007677642,0.0074266897,0.0043622705,-0.0077150462,-0.0049508465,0.0021582507
2006-12-20,0.0032652269,-0.0136072422,0.0004292518,0.0005944272,0.0014185710,-0.0002603114,0.0007674212,-0.0048198844,-0.0032573660,0.0083130562,-0.0013816456,-0.0014170106
2006-12-21,-0.0043389692,-0.0047105028,-0.0047149011,-0.0026729761,-0.0019829353,-0.0044237143,0.0003833242,-0.0119657634,-0.0005447533,-0.0096153714,0.0008299256,-0.0036739516
2006-12-22,-0.0049032681,-0.0096348987,-0.0077520823,-0.0041690272,-0.0062450032,-0.0007839065,-0.0007658016,-0.0054786734,-0.0035425720,-0.0077671280,-0.0049777504,-0.0053162510
2006-12-26,0.0090332114,0.0011945640,0.0056423308,0.0005980801,0.0048557945,0.0031391077,0.0038350170,0.0086983417,0.0049224831,0.0100294516,0.0061145320,0.0043522744
2006-12-27,0.0070538557,0.0117627396,0.0073370998,0.0047813815,0.0051167186,0.0065186639,0.0034394012,0.0097727666,0.0054420695,0.0087187415,0.0104970599,0.0070152737
2006-12-28,-0.0045797989,-0.0021902327,-0.0004283577,-0.0011894385,-0.0033938068,-0.0010361074,-0.0003808187,-0.0014229277,-0.0059539762,0.0030013976,0.0030073181,-0.0014787821
2006-12-29,-0.0056834495,-0.0099631732,-0.0030005256,-0.0026802197,-0.0065267447,-0.0051874297,-0.0049521624,-0.0068419818,-0.0002721499,-0.0023935666,0.0017715043,-0.0045130879
2007-01-03,0.0048992666,-0.0349648414,0.0030095558,0.0002987533,0.0062842483,0.0041715072,0.0065080632,-0.0066014643,0.0027228507,0.0062383332,0.0005442175,-0.0011986697
2007-01-04,-0.0032503780,-0.0182041694,0.0154310640,0.0113431695,-0.0042577354,-0.0002595173,0.0015211708,-0.0046230697,-0.0013578300,-0.0002380238,-0.0031270953,0.0012282862
2007-01-05,-0.0078795744,0.0066602394,-0.0080207260,-0.0056080515,-0.0034205794,-0.0067516735,-0.0072155915,-0.0066761136,-0.0179491685,-0.0155040663,-0.0143207310,-0.0060845813
2007-01-08,0.0043822196,0.0000000000,0.0029791337,0.0011876015,0.0037180235,0.0015688611,0.0015295929,0.0000000000,-0.0005542662,-0.0002421079,0.0053965399,0.0022203183
2007-01-09,-0.0016366428,-0.0085835617,0.0012726369,-0.0011861928,-0.0005696846,0.0054814569,0.0022925692,0.0002920180,0.0008313427,0.0117530491,-0.0056429852,-0.0005166760
2007-01-10,0.0032779004,-0.0192999283,0.0050845976,0.0017807676,0.0034215550,0.0051921204,0.0041918922,0.0070113774,0.0002768496,0.0159283626,0.0044291051,0.0019403519
2007-01-11,0.0062617414,-0.0057023571,0.0101178541,0.0109632522,0.0082410014,0.0111053858,0.0075901770,0.0107339506,0.0011072986,0.0114347493,0.0146065312,0.0063398741
2007-01-12,0.0010819146,0.0255276710,0.0025042552,0.0046895198,0.0028185942,0.0028095633,-0.0015064551,0.0111939318,-0.0082935912,0.0034962855,0.0046177192,0.0048531657
2007-01-16,0.0027032569,-0.0102812754,-0.0020817686,0.0023332306,0.0053398414,0.0035661908,0.0007543337,0.0025545429,0.0030660469,0.0114981212,-0.0014870756,0.0008177951
2007-01-17,-0.0026959690,0.0111169380,-0.0129328456,0.0058210541,0.0008391716,0.0000000000,0.0030154836,0.0033975425,0.0022233102,0.0029853495,-0.0077173100,-0.0008939376
2007-01-18,-0.0040536311,-0.0073898621,-0.0114117270,0.0028934894,-0.0044694076,0.0055831620,-0.0015034198,-0.0059254444,-0.0005542059,-0.0034340712,0.0061400932,-0.0029707400
2007-01-19,0.0029849858,0.0274197425,-0.0004273371,0.0002882056,-0.0005615140,-0.0002519426,0.0015056834,0.0153281619,0.0002769456,0.0088456285,0.0031189591,0.0028954653
2007-01-22,-0.0008119010,-0.0068928044,-0.0072707785,-0.0060560488,-0.0109485683,-0.0063114296,-0.0011273088,-0.0103440033,-0.0002768689,-0.0030748449,-0.0021629406,-0.0052779090
2007-01-23,-0.0005413038,0.0259829006,0.0000000000,-0.0052240117,0.0116378153,0.0035571297,0.0018812298,0.0127118654,0.0058266400,0.0028554359,0.0059608818,0.0035419651
2007-01-24,0.0102953710,0.0043363739,0.0180952782,0.0075845979,-0.0028059400,0.0037977235,0.0037547325,0.0103206795,0.0033106923,0.0136673630,0.0235695930,0.0085014704
2007-01-25,-0.0144813837,-0.0205520303,-0.0122724145,-0.0034741973,-0.0053459292,-0.0158897849,-0.0063602059,-0.0033130393,-0.0008249420,0.0059551889,-0.0075003101,-0.0112698023
2007-01-26,0.0019053861,0.0024682092,0.0004283577,-0.0055203782,-0.0039604954,-0.0048693981,-0.0026352599,-0.0005539418,-0.0024768691,0.0030158609,0.0019884266,-0.0012079294
2007-01-29,-0.0048889926,-0.0049248062,0.0042830048,-0.0014606925,0.0022720717,0.0025759640,0.0026422228,-0.0038803038,0.0033106923,0.0028955122,0.0001326159,-0.0010969487
2007-01-30,0.0038212735,0.0203286165,0.0059698176,0.0049737758,-0.0005671615,0.0028251262,-0.0007525520,0.0027822811,0.0030237940,0.0034417793,0.0108480477,0.0057720933
2007-01-31,0.0081559367,0.0064100245,0.0059348068,0.0046574194,0.0133262093,0.0107583616,0.0041443277,0.0058271176,0.0030156001,0.0113980806,0.0051039200,0.0065928838
2007-02-01,0.0064727988,0.0036151285,-0.0042142115,0.0084037460,0.0086731937,0.0035477442,0.0037528195,0.0121376484,0.0084721970,-0.0005473327,-0.0016929947,0.0053537318
2007-02-02,0.0018754550,0.0056603355,0.0050783516,-0.0020116279,0.0038838254,0.0027780067,0.0018684953,-0.0016348655,0.0054200501,0.0071153684,0.0028700199,0.0016944502
2007-02-05,-0.0002670003,-0.0010233806,-0.0025258808,-0.0002873939,0.0019343998,-0.0032736069,-0.0033576530,-0.0040957940,0.0107816630,-0.0006516344,-0.0033817234,-0.0009666073
2007-02-06,0.0045475748,-0.0030730531,-0.0012670197,-0.0028802316,0.0002756131,0.0035369256,-0.0014977912,0.0068537359,0.0053333293,0.0137040648,-0.0001304960,0.0006980074
2007-02-07,0.0037283016,-0.0059938654,0.0046495566,0.0014436966,-0.0008269929,0.0047835818,-0.0022494257,0.0000000000,0.0037138522,0.0146997938,0.0032628253,0.0013950411
2007-02-08,-0.0031833348,0.0101649052,0.0012623425,-0.0008650617,-0.0068983293,-0.0020048083,-0.0018795307,0.0010890385,0.0018495615,-0.0076136618,0.0002604789,-0.0011792671
2007-02-09,-0.0106473205,-0.0040932888,-0.0109248235,-0.0028865758,-0.0038900673,-0.0092892714,-0.0015054661,-0.0046238117,0.0034291078,-0.0141715813,-0.0107952172,-0.0070772138
2007-02-12,-0.0024214797,-0.0138723044,-0.0042483310,-0.0043425918,0.0016737486,-0.0048149150,-0.0022625107,0.0040986788,-0.0036801670,-0.0167528259,-0.0073622372,-0.0032613822
2007-02-13,0.0072818871,0.0145878790,0.0038400307,0.0040706753,0.0080753812,0.0086578668,0.0034013408,0.0201358563,0.0087071512,0.0178078837,0.0113908522,0.0075974903
2007-02-14,0.0096387780,0.0001715673,0.0140243726,0.0052127281,0.0146409573,0.0053019262,0.0060263640,0.0061347598,0.0070628670,-0.0061559963,0.0066786741,0.0076440800
2007-02-15,0.0015909594,-0.0075303229,0.0037721264,0.0046098075,0.0021781223,0.0032648699,0.0059902644,0.0047724366,-0.0085720345,0.0082588642,0.0022115809,0.0010375934
2007-02-16,-0.0002649511,0.0001724852,-0.0020880582,-0.0040153315,-0.0040749810,-0.0012521169,0.0014884548,-0.0050134323,0.0018344530,-0.0034490798,0.0016874946,-0.0008717811
2007-02-20,0.0052963290,-0.0112071833,0.0004190403,0.0005762502,0.0016369939,0.0072679688,0.0052026831,0.0082208281,0.0026148154,0.0084363017,0.0016845766,0.0028443152
2007-02-21,-0.0042146500,0.0109853877,-0.0016728914,-0.0046047313,0.0027234121,-0.0039804691,-0.0055455707,0.0063122239,-0.0041733004,-0.0052552699,0.0015522286,-0.0014044508
2007-02-22,-0.0039682024,0.0089688873,0.0054462392,-0.0014450267,-0.0032595339,-0.0022485259,-0.0037177034,-0.0002613343,0.0013096585,-0.0050674686,0.0016790623,-0.0008575564
2007-02-23,-0.0092960882,0.0025641362,-0.0008338717,-0.0043425918,-0.0027247463,-0.0022536543,0.0007465306,0.0039211155,0.0115093541,-0.0141957751,-0.0027078309,-0.0035636739
2007-02-26,-0.0072386584,0.0059675268,-0.0025017572,0.0040706753,-0.0057378125,-0.0085318582,-0.0003724489,0.0091149422,0.0237909723,-0.0064857409,0.0047839512,-0.0012541062
2007-02-27,-0.0467184581,-0.0398306648,-0.0384618583,-0.0304084193,-0.0299530630,-0.0344212941,-0.0227530216,-0.0405161253,-0.0363726771,-0.0324184223,-0.0371892122,-0.0347254022
2007-02-28,0.0184132192,0.0044129804,0.0039134917,0.0068700233,0.0011329043,0.0034072120,0.0015270694,0.0010757022,0.0099606813,0.0077755900,0.0122959837,0.0055608896
2007-03-01,-0.0011127885,-0.0031637878,-0.0008658847,-0.0044498309,-0.0016972769,-0.0057472811,0.0022859812,-0.0042988857,0.0031141040,-0.0062408408,-0.0029046470,-0.0025944346
2007-03-02,-0.0114173287,-0.0118118902,-0.0186394138,-0.0089395205,-0.0124716751,-0.0073563628,-0.0155887896,-0.0164594567,-0.0155236325,-0.0206665095,-0.0132416328,-0.0114027520
2007-03-05,-0.0157745832,-0.0115971454,0.0022085522,-0.0051109531,-0.0025835234,-0.0132351910,-0.0034767205,-0.0131688556,-0.0126153218,-0.0354442384,-0.0187866525,-0.0094076778
2007-03-06,0.0208926579,0.0189535730,0.0154252555,0.0105771060,0.0115110592,0.0171679162,0.0077522964,0.0202946938,0.0149059183,0.0344495487,0.0160009430,0.0154935807
2007-03-07,-0.0058870124,0.0124001931,-0.0125868936,0.0002991999,-0.0039834234,-0.0010546231,-0.0038462070,-0.0049042082,-0.0020981422,-0.0142555286,-0.0079421661,-0.0024652707
2007-03-08,0.0090238689,0.0087486828,0.0083519197,0.0032884566,0.0074263001,0.0079191191,0.0092665006,0.0098575490,0.0052563350,0.0160028031,0.0124833996,0.0071266221
2007-03-09,0.0025156470,-0.0043369677,0.0026150677,0.0020857155,0.0051038199,0.0020955866,0.0030604737,0.0116595888,-0.0013074568,0.0122506107,0.0030822548,0.0006776218
2007-03-12,0.0000000000,-0.0013930519,0.0060872622,0.0000000000,0.0047952901,-0.0013067236,0.0011440765,0.0032157057,0.0099478416,0.0050716170,0.0062793217,0.0026802842
2007-03-13,-0.0298298650,-0.0134335543,-0.0159891908,-0.0163543598,-0.0168441664,-0.0183199192,-0.0190477604,-0.0243115614,-0.0134786087,-0.0263762015,-0.0134095580,-0.0203682816
2007-03-14,0.0022985306,0.0114944880,0.0092222008,0.0039299078,0.0039978163,-0.0018658613,0.0019415568,0.0062978609,0.0049923147,0.0047111923,0.0014801154,0.0066911667
2007-03-15,0.0120419776,-0.0001752265,0.0004350682,0.0024085664,0.0011372578,0.0021368090,0.0127910218,0.0190477256,0.0128104001,0.0075033331,0.0026876589,0.0036837483
2007-03-16,-0.0037559753,-0.0107535352,-0.0017401571,0.0010255412,0.0035874262,-0.0035245412,-0.0027304674,-0.0080748750,-0.0034252825,-0.0055857451,-0.0013402663,-0.0038283090
2007-03-19,0.0065681187,0.0159604580,0.0065363758,0.0078315934,0.0070924219,0.0147369764,0.0065557455,0.0148250101,0.0072912809,0.0100637584,0.0104670483,0.0108944864
2007-03-20,0.0090779301,0.0071560947,0.0064935037,0.0050802598,0.0025349950,0.0073940913,0.0095787877,0.0042501792,0.0144780629,0.0032437780,0.0059762715,0.0063334540
2007-03-21,0.0227719703,0.0180245471,0.0202149678,0.0101100336,0.0137679734,0.0157275379,0.0094876024,0.0113723748,0.0117225458,0.0140877040,0.0149171981,0.0170808813
2007-03-22,-0.0060471528,0.0200885503,-0.0037943894,0.0035326622,0.0019401634,-0.0028390794,0.0048871040,-0.0047070256,-0.0010077444,-0.0007974853,0.0042927418,-0.0003484223
2007-03-23,0.0011061371,0.0050068843,-0.0025387081,-0.0049869224,0.0058091430,0.0005175570,0.0022449932,0.0042038609,0.0047906774,-0.0002642967,-0.0032381924,0.0010943900
2007-03-26,-0.0049723062,0.0069747164,0.0012726369,0.0014740469,-0.0082509321,-0.0049144689,-0.0070924072,0.0070644219,0.0042660471,-0.0155079618,-0.0025985780,0.0009679026
2007-03-27,-0.0061076850,0.0018135525,0.0004239506,-0.0070647757,-0.0047142531,-0.0062386353,-0.0045113897,-0.0109126984,-0.0014994371,-0.0082848557,-0.0016936501,-0.0061843580
2007-03-28,-0.0125699423,-0.0001648967,-0.0114361987,-0.0068191246,-0.0080804371,-0.0112474174,-0.0018880486,-0.0099811556,-0.0020020037,-0.0116484727,-0.0109620407,-0.0079657884
2007-03-29,0.0050915761,0.0062565484,0.0012853887,0.0047763264,-0.0002808147,0.0034389097,0.0056755240,0.0076946551,0.0057675397,0.0053571056,0.0071253454,0.0037397239
2007-03-30,0.0028149557,-0.0137434681,-0.0021398796,-0.0002974821,-0.0011239621,0.0026362246,0.0026330585,0.0018425204,-0.0102217570,0.0093545590,0.0045853859,-0.0011739956
2007-04-02,-0.0092618561,0.0097874416,0.0051457555,0.0053493859,0.0016879567,0.0034185617,0.0026266824,-0.0002622878,0.0239292482,0.0118492854,0.0048248996,0.0025970634
2007-04-03,0.0124645220,0.0062426248,0.0081060679,0.0103457785,0.0070200221,0.0128406332,0.0067364862,0.0107778388,0.0012298760,0.0086953253,0.0045423882,0.0092801027
2007-04-04,0.0000000000,0.0016327215,0.0059248648,0.0058515705,-0.0039034411,-0.0028456691,0.0044617305,0.0015605900,-0.0044221515,-0.0065515219,-0.0011626304,0.0011128175
2007-04-05,0.0005591849,0.0065196843,0.0037859944,0.0069803684,0.0030795105,0.0080427866,0.0025897672,-0.0012984027,0.0044417937,0.0008099451,0.0059502418,0.0030499557
2007-04-09,-0.0002792447,-0.0037238036,0.0000000000,0.0002893870,-0.0011162790,-0.0007717316,-0.0025830776,0.0153404688,0.0073708308,-0.0006938649,-0.0019288209,0.0005887236
2007-04-10,0.0044751003,0.0151166051,-0.0008383532,0.0014432866,-0.0002798637,0.0020608168,0.0048109002,-0.0110114828,0.0002438574,0.0025452351,0.0025764822,0.0026166435
2007-04-11,-0.0083538834,-0.0060844659,-0.0092278721,-0.0043252323,-0.0039124763,-0.0077121539,-0.0066302030,-0.0044018461,-0.0024383416,-0.0133858371,-0.0088665346,-0.0065728288
2007-04-12,-0.0016845441,0.0153048879,0.0105844900,0.0112945322,0.0120647282,0.0069944801,0.0011124488,0.0088428417,-0.0043992705,-0.0052630331,0.0072604779,0.0062062964
2007-04-13,0.0042193812,0.0004758968,0.0008377959,0.0146054049,-0.0002771556,0.0007722121,0.0033330470,0.0023199562,-0.0002461125,0.0109350966,0.0048914135,0.0034880001
2007-04-16,0.0243692415,0.0058685498,0.0083716655,0.0095963209,0.0080421142,0.0100255621,0.0022153957,0.0133745136,0.0058938237,-0.0002325105,0.0081976202,0.0106549064
2007-04-17,-0.0002732468,-0.0056764639,0.0020753113,0.0030745116,0.0000000000,0.0040721437,0.0092076883,-0.0093908499,0.0046389034,0.0143084155,-0.0044468095,0.0021453110
2007-04-18,0.0114877425,-0.0034886698,-0.0024852770,-0.0002781113,0.0027514222,-0.0007606118,-0.0025540855,-0.0053808596,0.0072904066,-0.0035551622,-0.0010206977,0.0006931929
2007-04-19,-0.0013523825,-0.0140038587,0.0004152958,0.0041817392,0.0032917988,-0.0078640514,0.0007315906,-0.0036059759,-0.0048252735,-0.0086327098,-0.0016609120,-0.0012020506
2007-04-20,0.0051453456,0.0183992925,0.0058112181,0.0038865556,0.0068366464,0.0117620077,0.0091407056,0.0103413459,0.0077574930,0.0109138992,0.0102367792,0.0092607041
2007-04-23,-0.0026939179,0.0011089094,-0.0020636249,0.0011060401,0.0038021896,-0.0020217568,-0.0021743423,-0.0002560410,0.0074576215,0.0084987664,-0.0062059620,-0.0023039862
2007-04-24,-0.0029714898,-0.0030077204,0.0053763168,0.0000000000,-0.0029761189,-0.0035452267,-0.0003628325,-0.0040948920,0.0071634176,-0.0068328865,-0.0002550523,-0.0003511439
2007-04-25,0.0135465968,0.0187362382,0.0074045017,0.0030390224,0.0103118272,0.0101649918,0.0050856709,0.0159339352,0.0028445114,0.0013760837,0.0016567103,0.0101390895
2007-04-26,-0.0016037659,-0.0003121591,0.0057167051,0.0011011774,-0.0005377816,-0.0015088846,-0.0039756324,-0.0040476797,-0.0033092568,0.0013741927,-0.0008906959,-0.0007824183
2007-04-27,-0.0013388934,-0.0001554367,-0.0008114460,-0.0033009241,0.0115567286,-0.0065514709,-0.0021770351,-0.0007618039,-0.0083017570,-0.0033162491,-0.0050955686,-0.0001204977
2007-04-30,-0.0077750382,-0.0118508882,-0.0077209848,-0.0033122973,-0.0116899982,-0.0126800626,-0.0036367336,-0.0183020866,-0.0038269271,-0.0191606250,-0.0072981945,-0.0078309260
2007-05-01,0.0018920231,0.0044184626,0.0049138628,0.0022153647,0.0061831688,0.0028250762,-0.0040139955,-0.0041428302,0.0081631823,-0.0052635604,0.0012898113,0.0026511962
2007-05-02,0.0043148615,0.0083265434,0.0052976463,0.0063557476,0.0064121099,0.0115268760,0.0003662730,0.0119603834,0.0054777205,0.0082320179,0.0164881687,0.0064724449
2007-05-03,0.0093985579,0.0081026574,0.0097285317,0.0021960685,0.0071666743,-0.0020257909,0.0036625580,0.0033401361,-0.0011844056,0.0039655120,0.0096315066,0.0043250779
2007-05-04,0.0034580040,-0.0007736205,0.0040147790,0.0054798554,0.0010546355,0.0022838419,0.0000000000,0.0089629141,-0.0018971728,-0.0049964736,0.0047697764,0.0021498948
2007-05-07,0.0013258511,0.0026298129,-0.0012002460,0.0021795317,0.0026329750,0.0000000000,0.0018251785,0.0131977766,0.0118787864,0.0009343351,0.0001249208,0.0025637182
2007-05-08,-0.0021182447,0.0001544377,0.0040035302,-0.0038063923,-0.0005252701,-0.0043040389,-0.0069216479,0.0007521053,-0.0044604054,-0.0065320266,0.0000000000,-0.0011659709
2007-05-09,0.0053061716,-0.0004625049,-0.0011964069,0.0032750882,0.0026276584,0.0061022825,0.0014674071,0.0042546480,0.0007075914,0.0116234994,0.0074946714,0.0032234005
2007-05-10,-0.0142514063,-0.0162041127,-0.0051894961,-0.0176821506,-0.0068133269,-0.0108669045,-0.0062271667,-0.0191922080,-0.0101345637,-0.0099805947,-0.0151255027,-0.0139562773
2007-05-11,0.0107094971,0.0229019572,0.0108349248,0.0038773860,0.0076516773,0.0040881859,0.0025799734,0.0116900176,0.0047618201,0.0111369617,0.0113294183,0.0096414981
2007-05-14,-0.0047678730,0.0003070282,-0.0047642414,-0.0011035877,-0.0044515374,0.0000000000,-0.0036762589,-0.0012560760,0.0040284836,-0.0104350594,0.0016179633,-0.0017929749
2007-05-15,-0.0023960407,0.0033726123,-0.0015950949,-0.0011050276,0.0026305677,-0.0035623036,0.0066424359,0.0062876238,0.0054282421,-0.0134739560,0.0019880118,-0.0013039836
2007-05-16,0.0114729210,0.0038195039,0.0087895402,0.0113352154,0.0049839224,0.0035750390,0.0102634963,0.0034993028,0.0023477691,-0.0092633955,0.0086818418,0.0086265388
2007-05-17,-0.0050120610,0.0159818329,-0.0027722692,-0.0038267675,0.0018274438,0.0015264712,-0.0025405303,-0.0004982910,-0.0023422700,-0.0179814434,-0.0055328914,-0.0009180225
2007-05-18,0.0026512484,0.0161799398,0.0051630913,0.0041165475,-0.0033876027,0.0091462920,0.0072758857,0.0037378923,0.0053996333,-0.0086671413,0.0070474120,0.0066104776
2007-05-21,0.0010581296,0.0084033588,0.0043456648,0.0021860109,0.0057520752,0.0037764710,-0.0075840813,0.0014896177,-0.0014013217,0.0068956800,0.0085944349,0.0015432445
2007-05-22,0.0007916281,-0.0093570146,-0.0011799215,-0.0005454014,-0.0020801383,-0.0010034861,0.0018196326,-0.0059488911,-0.0018704715,0.0103954343,0.0010951229,-0.0006425680
2007-05-23,-0.0007910019,0.0020661016,-0.0035452034,0.0035469712,0.0049494487,0.0005023388,-0.0029057997,0.0044881888,-0.0156940762,-0.0078677161,0.0057154932,-0.0012072316
2007-05-24,-0.0089809780,-0.0182618101,-0.0126483427,-0.0038063923,-0.0080354899,-0.0080300222,-0.0043712857,-0.0106750908,-0.0223707500,-0.0152492527,-0.0091890649,-0.0097025641
2007-05-25,0.0018659397,0.0156010825,0.0084071972,-0.0005457754,0.0060098602,0.0035420090,0.0062199796,0.0117939995,0.0004864029,0.0063176778,0.0053692197,0.0054526807
2007-05-29,0.0042563201,-0.0066472009,0.0059544486,0.0005460734,0.0064942147,-0.0007565775,0.0036363856,-0.0032241598,0.0029203448,0.0305310861,0.0070394831,0.0015702037
2007-05-30,0.0068873308,0.0209670737,0.0074982710,0.0002729967,0.0043865633,0.0090813781,0.0047106125,0.0126898168,0.0123724170,0.0255644229,0.0132580331,0.0079836081
2007-05-31,-0.0028940050,-0.0052426513,0.0047006006,0.0021831596,0.0053964782,0.0025001665,0.0014414996,0.0049141520,0.0026361291,-0.0026792905,0.0027356519,0.0002548732
2007-06-01,0.0031665141,0.0090767736,0.0000000000,0.0010886581,0.0038328590,0.0057357805,0.0046816630,0.0139364917,-0.0054973579,-0.0004671537,0.0004744227,0.0037370286
2007-06-04,-0.0013152087,0.0156704062,0.0035083100,-0.0019034963,0.0002546467,0.0019840807,0.0035842515,-0.0060282847,-0.0038450545,0.0063097883,0.0021341305,0.0018486064
2007-06-05,-0.0060574587,-0.0035710421,-0.0034960448,-0.0024517918,-0.0030544202,-0.0059400337,-0.0060713748,-0.0033962993,-0.0132690537,-0.0173009743,-0.0059158437,-0.0053470694
2007-06-06,-0.0084788980,-0.0127601420,-0.0116958028,-0.0092878133,-0.0107220960,-0.0126956702,-0.0064677423,-0.0129020351,-0.0158923881,-0.0062628197,-0.0063077586,-0.0088637426
2007-06-07,-0.0168364094,-0.0177170553,-0.0142017343,-0.0148882413,-0.0162580281,-0.0186587064,-0.0126581884,-0.0224415288,-0.0310556018,-0.0309154182,-0.0197625951,-0.0175697809
2007-06-08,0.0116880053,0.0041395335,0.0140055665,0.0033583512,0.0139034161,0.0128467806,0.0058603266,0.0191727617,0.0071790141,0.0164415119,0.0127071065,0.0113703939
2007-06-11,0.0045675683,0.0076563859,0.0019736169,0.0002792354,0.0012934870,-0.0032975249,0.0054634555,-0.0086638386,0.0132387748,-0.0147272524,0.0002415206,0.0009617165
2007-06-12,-0.0136396688,-0.0122734351,-0.0118158614,-0.0072508897,-0.0129200863,-0.0081447215,-0.0094173455,-0.0122340648,-0.0163322729,-0.0210727041,-0.0143544446,-0.0106817186
2007-06-13,0.0189802279,0.0199695751,0.0127537142,0.0081463909,0.0238218567,0.0115472048,0.0076781273,0.0235083384,0.0199240580,0.0215263219,0.0090564065,0.0151842223
2007-06-14,-0.0015966931,0.0168243965,0.0094456989,0.0027862733,0.0051135901,0.0071036642,0.0014514339,0.0076557251,0.0062607266,-0.0102912817,0.0048513100,0.0048163034
2007-06-15,0.0035908232,0.0153486507,0.0057737465,0.0076264215,0.0053817082,0.0050464016,0.0021506453,0.0118922588,0.0134321306,0.0151025317,0.0028972652,0.0065267626
2007-06-18,-0.0002669208,0.0011270251,0.0027153694,-0.0058217432,-0.0005069492,-0.0042682428,-0.0050926830,0.0000000000,-0.0108798865,-0.0148778387,0.0010827336,-0.0012133689
2007-06-19,0.0042732373,0.0011258521,-0.0003869680,0.0000000000,0.0030452650,0.0032776167,-0.0073122864,0.0048660080,0.0064996480,0.0009900988,0.0037268931,0.0017307745
2007-06-20,-0.0175527447,-0.0290969176,-0.0058049618,-0.0125489340,-0.0055668603,-0.0017595093,-0.0011055473,-0.0125913184,-0.0260804524,-0.0178085642,-0.0124565369,-0.0136010863
2007-06-21,0.0016238197,0.0199792477,0.0050605776,0.0028240082,0.0020357405,-0.0017613246,0.0029499080,0.0056403150,0.0063758601,-0.0040290751,0.0015764172,0.0061804129
2007-06-22,-0.0127019985,-0.0099358740,-0.0112319716,-0.0152068647,-0.0058402080,-0.0065584172,-0.0055143139,-0.0029258588,-0.0190064917,-0.0037929283,-0.0101717232,-0.0128958169
2007-06-25,-0.0079389090,-0.0080286837,-0.0035251161,-0.0017157090,-0.0025549694,-0.0040616241,-0.0044364279,-0.0156515920,0.0054246442,-0.0227156820,-0.0041591373,-0.0032079040
2007-06-26,-0.0093818855,-0.0215352484,-0.0035373935,0.0051555180,-0.0084504434,-0.0068824852,-0.0025992327,-0.0124223145,-0.0053953762,-0.0014283037,-0.0022116374,-0.0032381960
2007-06-27,0.0150417284,0.0155097138,0.0098616207,0.0082644784,0.0098140631,0.0102671260,0.0078181370,0.0088049189,0.0147246746,0.0217163488,0.0121885752,0.0090093383
2007-06-28,-0.0016467544,0.0000000000,0.0035155723,0.0008484004,-0.0051147147,-0.0020321735,-0.0018473612,0.0037407138,-0.0002544785,-0.0039060658,0.0042577054,-0.0004182355
2007-06-29,-0.0054972997,0.0034907446,-0.0035032564,-0.0028242326,0.0035988411,0.0012725167,0.0011108671,0.0062109068,0.0078944123,-0.0012897946,0.0009693348,-0.0015673572
2007-07-02,0.0085680091,0.0176839521,0.0085939408,0.0056642380,0.0071722245,0.0053399549,0.0081330605,0.0160497617,0.0144007312,0.0251870213,0.0134318374,0.0106961642
2007-07-03,0.0087697249,0.0076912611,0.0069710442,0.0016897677,0.0071209399,0.0015168066,-0.0003669717,0.0002425604,0.0000000000,-0.0046615274,0.0056118182,0.0035802513
2007-07-05,-0.0084214614,-0.0024028456,0.0038462225,-0.0002813390,-0.0010101937,0.0053029940,-0.0007338639,0.0021866418,-0.0019927252,0.0160759436,-0.0022562507,0.0003475898
2007-07-06,0.0049311156,0.0136017159,0.0019162130,0.0022497069,0.0060671519,0.0090427877,0.0058741751,0.0084850920,-0.0052401623,-0.0021177659,0.0049983768,0.0033039969
2007-07-09,-0.0040888826,0.0093649585,0.0057359552,-0.0030867193,0.0075372358,-0.0037340013,0.0000000000,0.0024040036,0.0015044675,0.0037454084,-0.0005921295,0.0009213260
2007-07-10,-0.0210789922,-0.0088629052,-0.0114072298,-0.0084432659,-0.0167081674,-0.0177408038,-0.0091239372,-0.0143886005,-0.0092682670,-0.0304728365,-0.0213271629,-0.0141854495
2007-07-11,0.0033558520,0.0037728401,0.0057698056,0.0034063203,0.0106516832,0.0058513142,0.0047883302,0.0072989069,0.0025288121,0.0000000000,0.0083542083,0.0057214093
2007-07-12,0.0183944571,0.0193485003,0.0168254310,0.0186707495,0.0148055509,0.0078397047,0.0084302790,0.0253623531,0.0126100254,0.0125722852,0.0139267591,0.0190549799
2007-07-13,0.0038313530,0.0098317568,0.0022563615,-0.0024997880,0.0069240652,0.0050193375,0.0069070272,0.0106008273,0.0149443821,0.0095024141,0.0024867243,0.0031014079
2007-07-16,-0.0035441128,-0.0128463393,0.0030020774,0.0011137274,0.0063847409,-0.0039952335,-0.0039709350,-0.0053613821,-0.0144787658,-0.0055224773,0.0047246007,-0.0019194721
2007-07-17,0.0032835975,-0.0130137950,0.0033669530,-0.0030590300,0.0058567179,0.0010023728,-0.0047123119,0.0089056267,0.0009962522,-0.0064361656,-0.0019985029,-0.0000968199
2007-07-18,-0.0128175977,0.0226231631,-0.0052199682,-0.0027896441,-0.0021836232,-0.0012522900,0.0003642018,0.0016260628,0.0074622974,-0.0054618809,-0.0053009292,-0.0020653241
2007-07-19,-0.0033151574,0.0090936988,0.0082460605,-0.0053144547,0.0089959075,0.0022572167,0.0032763916,0.0023192616,0.0160492962,0.0033206362,0.0059212411,0.0044690506
2007-07-20,-0.0174605799,-0.0047076190,-0.0037180850,-0.0092800968,-0.0144578998,-0.0127593898,-0.0058052783,-0.0097179329,-0.0109354399,-0.0160382810,-0.0080055100,-0.0122208650
2007-07-23,-0.0005643436,0.0040541613,0.0014930956,0.0076638259,0.0066014516,0.0015196351,0.0000000000,-0.0011686038,0.0009830342,-0.0174647427,0.0074767884,0.0048692855
2007-07-24,-0.0251198802,-0.0289372610,-0.0100597354,-0.0101406433,-0.0138449189,-0.0156876050,-0.0072996358,-0.0198825017,-0.0299460764,-0.0256753065,-0.0106023367,-0.0198044255
2007-07-25,0.0046322176,0.0159394129,0.0011287990,-0.0005691866,0.0024631110,-0.0033422771,0.0000000000,-0.0167067134,0.0020241177,0.0013517573,-0.0020232040,0.0046656121
2007-07-26,-0.0236308369,-0.0376535108,-0.0150373123,-0.0205014817,-0.0208845615,-0.0294036988,-0.0147053423,-0.0332522448,-0.0227272134,-0.0229420532,-0.0268436693,-0.0233384927
2007-07-27,-0.0156438031,-0.0289196992,-0.0213738829,-0.0238369745,-0.0185695804,-0.0156790058,-0.0134331397,-0.0228471743,-0.0297161121,-0.0276244971,-0.0102975247,-0.0159915844
2007-07-30,0.0188907984,0.0172261835,0.0035097046,0.0125073399,0.0214778134,0.0143083220,0.0022691511,0.0251800592,0.0138484457,0.0134947917,0.0079275843,0.0102540070
2007-07-31,-0.0317833893,-0.0097585840,-0.0069959084,-0.0108819659,-0.0135169321,-0.0151712063,-0.0083018623,-0.0120302420,-0.0018387425,-0.0133151071,-0.0056533494,-0.0126466434
2007-08-01,0.0112461490,-0.0026089416,0.0097855868,0.0068387985,0.0073583939,0.0013510629,0.0148401275,0.0058347582,0.0226315606,0.0156255258,0.0077863568,0.0072426690
2007-08-02,0.0066123928,-0.0068295447,0.0019377329,0.0085643793,0.0068012696,0.0126858496,0.0011252074,0.0025221606,0.0108080777,0.0146848259,0.0127541450,0.0043592910
2007-08-03,-0.0426991818,-0.0326262075,-0.0193421317,-0.0137626079,-0.0205151001,-0.0306503251,-0.0018729607,-0.0334591990,-0.0338589798,-0.0368021948,-0.0297892402,-0.0265859896
2007-08-06,0.0511543092,0.0057471903,0.0157786900,0.0195966106,0.0150700570,0.0159471091,0.0258915756,0.0117124045,0.0313565733,0.0260445898,0.0044935094,0.0241511060
2007-08-07,0.0071214670,0.0234590243,0.0019421634,0.0046590324,0.0000000000,0.0056833151,-0.0025604849,0.0072036314,0.0181399536,0.0040448066,0.0008700616,0.0061593660
2007-08-08,0.0238657624,0.0189531012,0.0155034800,0.0115939884,0.0078008483,0.0113021333,0.0176016190,0.0257979398,0.0145546538,0.0362549369,0.0038483607,0.0140718420
2007-08-09,-0.0359715938,-0.0286945296,-0.0229007026,-0.0234954696,-0.0267169707,-0.0282064274,-0.0180182949,-0.0251491437,-0.0180558244,-0.0017418097,-0.0217660276,-0.0296496302
2007-08-10,-0.0044775297,0.0053444179,-0.0140626727,-0.0052818565,-0.0115441186,-0.0043810802,-0.0055043126,-0.0120053883,-0.0173803151,-0.0331680854,-0.0044246642,0.0003785374
2007-08-13,-0.0089952342,0.0011812791,0.0138670291,0.0029498765,0.0134954277,0.0055004481,-0.0029524353,0.0043950353,0.0051268765,-0.0041671846,0.0123175652,-0.0004952882
2007-08-14,-0.0175492653,-0.0066372436,-0.0203203574,-0.0082350960,-0.0256074534,-0.0254369684,-0.0159137058,-0.0257395713,-0.0168324326,-0.0376565694,-0.0240846476,-0.0181565427
2007-08-15,-0.0089312668,-0.0274686058,-0.0127642312,-0.0023724666,-0.0118266306,-0.0106656486,-0.0052651155,-0.0250993852,-0.0134892067,-0.0108697192,-0.0174807832,-0.0139078381
2007-08-16,0.0301427570,-0.0061068950,-0.0064645821,0.0002966927,0.0005315608,0.0014187583,0.0026464619,-0.0135501674,0.0070996696,0.0257878359,0.0000000000,0.0032487869
2007-08-17,0.0407240507,0.0368667188,0.0097598175,0.0023779542,0.0101013894,0.0070818810,0.0049018424,0.0137362966,0.0086163302,0.0262816327,0.0256413992,0.0245664695
2007-08-20,-0.0133333754,-0.0022223817,0.0036248901,0.0047436050,0.0144730342,0.0053451695,0.0075047114,0.0186993778,0.0054361655,0.0167016594,-0.0034442149,-0.0002696465
2007-08-21,0.0070504383,-0.0141051207,0.0032098960,0.0026555387,-0.0038903913,0.0067146954,0.0000000000,0.0061188886,-0.0010298254,0.0150578573,0.0072957634,0.0010860546
2007-08-22,0.0026255283,0.0120483385,0.0132000015,0.0050025853,0.0179685476,0.0133405617,0.0026068592,0.0378100212,0.0115976694,0.0080920058,0.0141041348,0.0117128858
2007-08-23,0.0014545980,0.0089281972,0.0027635130,0.0064425619,-0.0053725169,-0.0038397530,0.0003717431,-0.0191081092,0.0030576749,-0.0070901843,0.0020045973,-0.0010723165
2007-08-24,0.0034865977,0.0213864621,0.0141736956,0.0061100821,0.0082309974,0.0200990113,0.0070550770,0.0233765896,0.0060959579,-0.0063324276,0.0123794567,0.0115350394
2007-08-27,-0.0115808890,-0.0122743655,-0.0054355256,-0.0069403139,-0.0022962864,-0.0137649264,-0.0044246282,-0.0088833580,-0.0254990926,-0.0135595115,-0.0014817703,-0.0085035901
2007-08-28,-0.0298764447,-0.0241231469,-0.0179543035,-0.0101923902,-0.0240349038,-0.0240832753,-0.0114813142,-0.0230471976,-0.0155437204,-0.0316155060,-0.0272144968,-0.0234730621
2007-08-29,0.0120767906,0.0331089854,0.0238477045,0.0073551238,0.0235791998,0.0314078327,0.0086171143,0.0196589842,0.0197373265,0.0262600130,0.0236522379,0.0219218805
2007-08-30,-0.0062648613,-0.0005804630,0.0042695180,0.0000000000,-0.0061428188,-0.0040787556,-0.0033427427,-0.0025702714,-0.0018064748,0.0048408850,-0.0069566732,-0.0041810099
2007-08-31,0.0132092121,0.0132039968,0.0065718550,0.0046725628,0.0151940369,0.0163803791,0.0026089199,0.0090205789,-0.0020690287,0.0199588480,0.0077557460,0.0112167445
2007-09-04,0.0077037894,0.0181869116,0.0153608771,0.0087209251,0.0045663852,0.0013425858,0.0107803081,0.0140482388,0.0194303438,0.0134952657,0.0140271891,0.0104682215
2007-09-05,-0.0120554802,-0.0053443578,-0.0105904444,-0.0020169947,-0.0101007544,-0.0158257596,-0.0091944090,-0.0088161575,-0.0025413835,-0.0239681235,-0.0160363671,-0.0115011242
2007-09-06,-0.0074404741,0.0152715896,0.0049699408,0.0031763624,0.0081628177,0.0024530710,-0.0025983858,0.0050824880,0.0012740234,0.0061395088,-0.0013685590,0.0042518862
2007-09-07,-0.0101943810,-0.0214489453,-0.0205402867,-0.0106504722,-0.0204959712,-0.0239263894,-0.0044662666,-0.0235142630,-0.0073789377,-0.0187122931,-0.0204313621,-0.0169084571
2007-09-10,-0.0033325972,-0.0015650680,-0.0019415916,0.0008725606,0.0007755450,-0.0052919069,0.0026167240,-0.0062142981,0.0007685300,-0.0189305984,-0.0026704912,-0.0012728132
2007-09-11,0.0103342292,0.0171059722,0.0143963203,0.0075580632,0.0090342600,0.0112010624,0.0067118331,0.0130275731,0.0066601427,0.0180284137,0.0135171318,0.0136323205
2007-09-12,0.0021059120,0.0070073541,-0.0026846945,0.0043282116,-0.0007675829,0.0005539201,0.0051853407,0.0056584078,0.0083968032,0.0017986534,-0.0045295450,0.0000476173
2007-09-13,0.0165117962,0.0062634059,0.0000000000,0.0022982539,0.0104967368,0.0138384522,0.0029472660,0.0033245773,0.0020187797,0.0183672910,0.0107430757,0.0084195630
2007-09-14,0.0035438575,0.0027660742,-0.0050003346,-0.0028664009,0.0017734349,0.0065518860,0.0058783751,0.0068824351,-0.0002516299,0.0047466587,-0.0022510411,0.0002021961
2007-09-17,-0.0094172152,0.0020690208,-0.0003860049,-0.0031619830,-0.0085985277,-0.0122044918,-0.0058440218,-0.0010117918,0.0007553586,-0.0018892065,-0.0032580157,-0.0051204147
2007-09-18,0.0377297915,0.0302825763,0.0197216597,0.0178777638,0.0323977437,0.0389892326,0.0194713749,0.0466289730,0.0231566028,0.0311016528,0.0253993443,0.0292080074
2007-09-19,0.0062986373,0.0086842023,0.0037922547,0.0039661732,0.0106248186,0.0018501815,0.0007209055,0.0113798530,0.0110700356,0.0203279031,0.0104227399,0.0060864071
2007-09-20,-0.0122333611,-0.0006627496,0.0037775569,-0.0011282886,-0.0083124777,-0.0197837754,0.0010801796,-0.0031124108,-0.0136253944,-0.0122105458,-0.0002426458,-0.0067232357
2007-09-21,0.0039171636,0.0059531008,0.0076555313,0.0049040515,0.0067892455,0.0003501396,0.0005062013,0.0028957006,0.0015896792,0.0002605993,0.0104391885,0.0046090535
2007-09-24,-0.0138729360,-0.0018491498,-0.0026199343,-0.0019751303,-0.0095990102,-0.0083558482,-0.0007231209,0.0012024491,0.0037209398,0.0085854037,-0.0078085351,-0.0052564441
2007-09-25,-0.0020514868,-0.0164108355,0.0101312838,-0.0033916580,0.0039765951,-0.0130464942,-0.0014468319,-0.0033639433,0.0012353831,-0.0165533162,0.0035107966,-0.0003426298
2007-09-26,0.0002934026,0.0028256385,0.0063155707,0.0056722504,0.0069305792,0.0143206685,0.0068839518,0.0125362867,0.0049358877,0.0056899812,0.0077223595,0.0054113031
2007-09-27,0.0117445685,0.0130152174,-0.0007389356,0.0039475102,0.0044249856,-0.0048871214,0.0035980092,0.0116664584,-0.0071221319,0.0094737162,0.0037117907,0.0039070949
2007-09-28,-0.0040630783,-0.0092723033,-0.0036943338,-0.0070216732,0.0053839679,0.0049111226,0.0032273791,-0.0089433653,-0.0155825030,-0.0032588781,-0.0090657444,-0.0030234200
2007-10-01,0.0189391560,0.0173800536,0.0107530309,0.0152754076,0.0129015218,0.0130331146,-0.0028591769,0.0187608227,0.0135677602,0.0265468387,0.0096305502,0.0132896932
2007-10-02,0.0114382719,-0.0156369830,0.0036684943,-0.0055723145,-0.0081712255,-0.0002682089,0.0003583937,-0.0069926944,0.0037185490,0.0091715287,0.0016686807,-0.0002650443
2007-10-03,-0.0022617261,-0.0058738319,-0.0116960054,0.0039227363,-0.0067848790,0.0056303832,-0.0025084217,-0.0129112375,-0.0032112254,-0.0002524415,-0.0108319458,-0.0045518573
2007-10-04,0.0059508965,0.0037600199,0.0025888390,-0.0011166235,0.0034160151,-0.0050653019,0.0021555635,0.0042810956,0.0054514136,0.0003787108,0.0087847259,0.0021109517
2007-10-05,0.0109859875,0.0048163061,0.0106972250,0.0128529801,0.0109405983,0.0222402773,0.0035846146,0.0170492116,0.0078858363,0.0198159921,0.0038172830,0.0095602916
2007-10-08,-0.0136529432,-0.0101186094,0.0018244278,-0.0068967089,-0.0016839361,-0.0065533184,-0.0064291698,-0.0058206058,-0.0014675017,-0.0111388362,-0.0022580586,-0.0032165139
2007-10-09,0.0084748085,0.0201744589,0.0072866521,0.0083337006,0.0093961802,0.0015827922,0.0057514695,0.0187351485,0.0110193416,0.0057574868,0.0019055138,0.0080962454
2007-10-10,-0.0056024247,0.0129205056,0.0032547198,0.0016530666,-0.0109785462,-0.0042143437,0.0042886527,-0.0059770695,-0.0075080629,-0.0013691488,-0.0054680537,-0.0017123302
2007-10-11,-0.0053522845,-0.0049464844,-0.0108151353,-0.0085266883,-0.0072395663,-0.0044976181,0.0024910122,-0.0055503940,0.0102491484,-0.0067291822,-0.0051401507,-0.0051584585
2007-10-12,0.0065139658,0.0094180637,0.0098399628,0.0055483160,0.0043755757,0.0050489554,0.0021301996,0.0081393604,-0.0026570554,-0.0072759893,0.0055270127,0.0047542247
2007-10-15,-0.0202591120,0.0081640273,-0.0072177497,-0.0107584086,-0.0077447802,-0.0158646151,-0.0031883956,-0.0057663043,-0.0072655380,-0.0205991222,-0.0150551472,-0.0083814109
2007-10-16,-0.0186672998,0.0025710230,0.0000000000,-0.0075292268,-0.0043899824,-0.0032243326,-0.0042639329,-0.0176340284,-0.0024401371,-0.0166454291,-0.0023055269,-0.0065731686
2007-10-17,-0.0005852391,-0.0064107701,0.0083608604,0.0008423917,0.0026945888,0.0010785814,0.0035682494,-0.0004717723,0.0026898381,-0.0027550818,0.0048641220,0.0017613962
2007-10-18,-0.0125916413,0.0077421395,0.0025235993,0.0002806350,0.0026872136,-0.0091543707,-0.0035555622,0.0077978740,-0.0087804989,0.0026313699,-0.0013310621,-0.0007526629
2007-10-19,-0.0332144662,-0.0473749220,-0.0237326818,-0.0120681419,-0.0277771751,-0.0222830094,-0.0103499151,-0.0218058368,-0.0221449759,-0.0322835478,-0.0173270112,-0.0256155215
2007-10-22,0.0122699272,-0.0114253008,0.0062618871,0.0000000000,0.0037594248,0.0088938042,0.0064910889,-0.0074304146,0.0070452278,0.0123409432,0.0069048477,0.0037983721
2007-10-23,0.0054541000,0.0142760117,0.0109806794,0.0116475942,0.0067413054,0.0046830045,0.0032250651,0.0159379203,0.0004998932,0.0087071583,0.0045312247,0.0088028587
2007-10-24,-0.0075344266,0.0065684111,-0.0101375441,-0.0073010783,-0.0029759674,-0.0032901755,-0.0028573588,0.0019017212,-0.0009986460,-0.0039839458,-0.0042669037,-0.0024414224
2007-10-25,-0.0009109663,0.0094550640,0.0084121286,0.0059405110,0.0017414012,-0.0060517555,0.0082375996,0.0078291233,0.0244998526,-0.0026665543,-0.0002449267,-0.0009763177
2007-10-26,0.0243161934,0.0151714611,0.0134208989,0.0033741919,0.0007446772,0.0116244770,0.0067495649,0.0188321117,0.0136651734,0.0147056098,0.0110211358,0.0137876417
2007-10-29,0.0029676072,0.0048087807,0.0028631925,0.0042044441,0.0064516050,0.0027357328,0.0003527181,0.0110908616,0.0089066239,-0.0072463427,0.0052088486,0.0037126459
2007-10-30,-0.0153847784,-0.0340144306,0.0017841459,-0.0011166235,-0.0088755470,-0.0030013078,-0.0042325704,-0.0235377976,0.0011932868,0.0045126107,-0.0155442432,-0.0064633941
2007-10-31,0.0135214950,0.0269115203,0.0117562585,0.0061475200,0.0087057109,0.0030103428,0.0063763444,0.0264451962,0.0116775477,0.0179675817,0.0075886687,0.0119919956
2007-11-01,-0.0512895071,-0.0293357437,-0.0109149760,-0.0138854172,-0.0170153375,-0.0253749283,-0.0197119745,-0.0346556539,-0.0204942645,-0.0356909439,-0.0272105627,-0.0264235135
2007-11-02,-0.0049997206,0.0188048850,0.0021357964,-0.0028160090,0.0090312758,-0.0005600913,0.0064638025,0.0089752508,0.0081768775,-0.0197847421,0.0028719555,0.0008022083
2007-11-05,-0.0179023648,-0.0080418096,-0.0014208296,-0.0005649712,-0.0042263345,-0.0134455758,0.0014265881,-0.0117044227,0.0109736229,-0.0142795166,-0.0058524118,-0.0049547778
2007-11-06,0.0169491324,0.0333598236,0.0053360844,0.0053685819,0.0157301458,0.0088018032,0.0067692521,0.0234487058,0.0009434192,0.0104473962,0.0002502807,0.0120492188
2007-11-07,-0.0547172641,-0.0411574921,-0.0268931966,-0.0227656701,-0.0240907425,-0.0205455907,-0.0109697857,-0.0280028387,-0.0228662882,-0.0337749067,-0.0266715785,-0.0293697987
2007-11-08,0.0103128877,0.0174375942,-0.0356361449,0.0066149023,0.0002520429,-0.0028741426,0.0071556147,0.0095237718,0.0195410998,0.0062773574,-0.0006429479,-0.0005760125
2007-11-09,-0.0075733076,-0.0184577884,-0.0207394333,-0.0025709089,-0.0198940196,-0.0227664164,-0.0095913631,-0.0205188804,-0.0078082629,-0.0034024325,-0.0162206856,-0.0142870197
2007-11-12,0.0036503782,-0.0483541555,-0.0161728275,0.0025775355,-0.0107916827,0.0014746460,0.0007173015,-0.0399710008,-0.0174101362,0.0001422034,-0.0112535711,-0.0099882355
2007-11-13,0.0469421154,0.0352856842,0.0340514850,0.0131430921,0.0254546342,0.0276797780,0.0150541156,0.0265865327,0.0084949057,0.0358459646,0.0255427637,0.0290929512
2007-11-14,-0.0037895818,-0.0014998281,-0.0056778798,0.0039475102,-0.0032926640,-0.0157594307,0.0049427631,0.0051306985,-0.0060164518,-0.0146935767,-0.0051619829,-0.0070693713
2007-11-15,-0.0253563402,-0.0333146751,-0.0121807412,-0.0061793690,-0.0139768804,-0.0096066645,-0.0007023511,-0.0216333313,0.0089584692,-0.0055746791,-0.0029835732,-0.0132124279
2007-11-16,-0.0078053748,0.0262707570,0.0142575947,0.0045225589,0.0002573242,-0.0002946462,0.0045707641,-0.0019879965,0.0002401374,-0.0190611242,0.0110588903,0.0052303109
2007-11-19,-0.0268761180,-0.0166522601,-0.0197562561,-0.0056274125,-0.0144294613,-0.0220520859,-0.0070002213,-0.0261390683,0.0028793744,-0.0191456717,-0.0262512086,-0.0174602540
2007-11-20,-0.0218927301,0.0321899367,0.0085271125,0.0019808305,0.0015687252,0.0009021665,0.0081074944,0.0153376236,0.0122004089,-0.0233064104,-0.0014538202,0.0044861970
2007-11-21,-0.0154959377,-0.0216951141,-0.0188322547,-0.0223102855,-0.0167052870,-0.0096127586,-0.0122385238,-0.0196377292,-0.0082721315,-0.0074569739,-0.0166752593,-0.0159268823
2007-11-23,0.0237843024,0.0263338734,0.0097929039,0.0161761359,0.0132727439,0.0175919910,0.0102658815,0.0148951901,-0.0009532122,0.0190832774,0.0135931771,0.0168904842
2007-11-26,-0.0334815493,-0.0345710882,-0.0209468398,-0.0076749846,-0.0157192658,-0.0259313966,-0.0101615641,-0.0210019299,-0.0016699752,-0.0375995628,-0.0257602652,-0.0232386906
2007-11-27,0.0180282350,-0.0110504648,0.0110937563,0.0128899459,0.0199631029,0.0159118888,0.0106193886,0.0080125490,0.0038229582,0.0073538262,0.0053158714,0.0149301532
2007-11-28,0.0597214176,0.0247521664,0.0293884854,0.0237555538,0.0242690961,0.0388549977,0.0157620898,0.0474358864,0.0173772540,0.0468447050,0.0275213558,0.0285598535
2007-11-29,-0.0088457729,0.0110421107,0.0049491399,0.0060778208,0.0000000000,-0.0098576702,0.0051726455,0.0100362293,-0.0067856093,0.0079900103,0.0048819430,0.0004764749
2007-11-30,0.0247923755,0.0030039375,-0.0053035662,0.0013724972,0.0038217536,0.0146414008,0.0013723171,0.0094526610,0.0065960706,0.0092243682,0.0053837354,0.0077702176
2007-12-03,-0.0080638312,0.0038110124,-0.0060928298,-0.0063065564,-0.0101526351,-0.0051947324,-0.0037685382,-0.0050418665,0.0098294858,-0.0072830055,-0.0028731609,-0.0058873372
2007-12-04,-0.0185370646,-0.0101694812,-0.0038313507,-0.0002757610,-0.0023071336,-0.0031914723,-0.0013752952,-0.0060330430,0.0071842565,-0.0261831313,-0.0085136487,-0.0065402566
2007-12-05,0.0149109472,0.0220547571,0.0230765187,0.0080045201,0.0164476100,-0.0014549798,0.0041321107,0.0184509693,0.0172570374,0.0285121012,0.0145311399,0.0151901299
2007-12-06,0.0323209827,0.0273419486,0.0101506072,0.0068452858,0.0113780884,0.0087439436,-0.0003430157,0.0159714584,-0.0058809640,0.0359091525,0.0083334825,0.0150369061
2007-12-07,-0.0132828610,-0.0061315577,0.0011170690,-0.0005440031,0.0075002615,0.0083790173,0.0106346464,0.0093854958,0.0052332988,-0.0048532060,0.0025823206,-0.0017779212
2007-12-10,0.0211542549,0.0101070848,0.0048322264,0.0019045444,0.0047150005,0.0005729728,0.0010185680,0.0141795318,0.0045267365,0.0250797926,-0.0003862458,0.0075099534
2007-12-11,-0.0505332290,-0.0246909595,-0.0155378746,-0.0154802428,-0.0318596524,-0.0320732485,-0.0108511038,-0.0414856339,-0.0232086045,-0.0572243058,-0.0086327534,-0.0252710741
2007-12-12,-0.0076041273,0.0326448582,0.0172861676,0.0005518794,0.0127544197,0.0032541607,0.0027422112,0.0133910119,0.0002311693,0.0031724662,0.0100074778,0.0060501074
2007-12-13,-0.0003332405,0.0024514674,-0.0051713978,-0.0005515750,0.0050382350,-0.0064878554,0.0044442978,0.0077864981,0.0147597143,-0.0172464622,-0.0050189120,0.0012243244
2007-12-14,-0.0219918592,-0.0159609088,-0.0063126781,-0.0151719877,-0.0110280444,-0.0130600848,-0.0122528806,-0.0175605464,-0.0186364467,-0.0302724924,-0.0134353972,-0.0137462679
2007-12-17,-0.0105623569,-0.0179196020,-0.0190584349,-0.0106445874,-0.0179926362,-0.0093232198,-0.0068919962,-0.0355097468,-0.0092633975,-0.0180966254,-0.0208585041,-0.0150208982
2007-12-18,0.0006886230,0.0095890072,0.0000000000,0.0076445646,0.0028387443,0.0094109602,-0.0045102793,0.0111190280,0.0088832252,0.0129015965,0.0162177661,0.0062797952
2007-12-19,0.0058499072,0.0096308817,0.0064763941,-0.0005621136,-0.0033454086,-0.0090226992,0.0083650378,-0.0014662527,-0.0025491289,0.0083393837,-0.0018933153,-0.0013608300
2007-12-20,-0.0071846412,0.0126748190,0.0143827509,0.0059034719,0.0082621341,0.0048562341,-0.0044938919,0.0183554923,0.0044133723,0.0037594929,0.0098914786,0.0049002031
2007-12-21,0.0184989639,0.0258608091,0.0128574098,0.0061711491,0.0176511783,0.0019770403,0.0239768564,0.0216409918,0.0020269866,0.0170786367,0.0229436448,0.0166698394
2007-12-24,0.0180953897,0.0045391412,0.0074019321,0.0033455628,0.0111253954,0.0185186337,-0.0013636349,0.0092614571,0.0048839607,0.0272499425,0.0072143506,0.0080770048
2007-12-26,-0.0070425905,0.0111725174,0.0055108835,-0.0011114935,-0.0037509642,-0.0032784907,-0.0034129393,0.0051767099,-0.0050910614,-0.0166326381,0.0041672885,0.0008086358
2007-12-27,-0.0202631405,-0.0105524368,-0.0138836829,-0.0102919136,-0.0115460429,-0.0140555359,-0.0095887417,-0.0187269092,-0.0088394881,-0.0194553874,-0.0150435367,-0.0142822898
2007-12-28,-0.0024128842,0.0084065423,-0.0048166832,-0.0039347595,-0.0010154695,-0.0045495035,0.0038035072,0.0007156019,0.0072750078,-0.0147409512,0.0007898829,0.0015037701
2007-12-31,-0.0003451016,-0.0126917052,-0.0074459312,-0.0036681544,-0.0045760945,-0.0036562075,-0.0079228210,-0.0059594688,-0.0137467186,0.0030536356,-0.0097354639,-0.0068515884
2008-01-02,-0.0197028207,0.0018905880,-0.0202555526,-0.0104788265,-0.0165981798,-0.0152903229,-0.0142357101,-0.0095919474,-0.0056693784,-0.0083713441,-0.0134187731,-0.0144378432
2008-01-03,-0.0063473701,0.0118242948,0.0015314140,0.0060104385,0.0007786839,-0.0111800408,-0.0052841084,0.0181597098,-0.0014258580,-0.0323868085,-0.0026930926,0.0000000000
2008-01-04,-0.0283888386,-0.0365495281,-0.0389904600,-0.0102420496,-0.0204979728,-0.0314075300,-0.0042493651,-0.0302023591,0.0076141941,-0.0317258011,-0.0240341101,-0.0245515551
2008-01-07,0.0025560397,-0.0038707374,-0.0087511562,0.0198332796,-0.0124503073,0.0035670514,0.0117354835,-0.0137315533,0.0207789794,0.0093376564,0.0107907932,0.0032232588
2008-01-08,-0.0364297747,-0.0174874048,-0.0264844625,0.0081739024,-0.0222641668,-0.0193861211,-0.0073813604,-0.0154159131,0.0002312360,-0.0363574832,-0.0351763384,-0.0183522655
2008-01-09,0.0189037290,0.0131845904,0.0140144661,0.0178919482,0.0030175601,0.0072486455,0.0134560822,0.0063132673,0.0108693640,0.0197069669,0.0036884319,0.0136240832
2008-01-10,0.0170691177,-0.0041643634,0.0016261368,-0.0013726539,0.0139498056,0.0140661283,0.0017472886,0.0135511370,-0.0061764761,0.0132142346,0.0152652009,0.0079481319
2008-01-11,0.0032831322,-0.0121520094,-0.0146103825,0.0030246694,-0.0169944988,-0.0238710938,-0.0139517386,-0.0101514356,-0.0002305367,-0.0016303646,-0.0238063004,-0.0135953878
2008-01-14,0.0138182737,0.0198408012,0.0201814072,-0.0076776196,0.0123490030,0.0095837069,-0.0042450760,0.0335172120,0.0013815292,-0.0027760197,0.0106959452,0.0108706373
2008-01-15,-0.0412480172,-0.0413740482,-0.0209934070,-0.0113290128,-0.0208726763,-0.0183302637,-0.0106577667,-0.0273478106,-0.0105767769,-0.0260357998,-0.0206008515,-0.0249250124
2008-01-16,0.0168345848,-0.0332841414,-0.0218556809,0.0025152812,-0.0116275936,0.0056683595,-0.0035901835,-0.0333415082,-0.0178945993,0.0129459416,0.0018724631,-0.0056120788
2008-01-17,-0.0507727997,-0.0377887776,-0.0088528138,-0.0192356846,-0.0266114026,-0.0165781945,-0.0072070302,-0.0494209570,-0.0385709673,-0.0121165545,-0.0224328444,-0.0290925958
2008-01-18,-0.0116276157,0.0021823775,-0.0174397382,-0.0144973432,-0.0020143351,-0.0047204385,-0.0145192664,0.0113726581,-0.0147672774,-0.0084002865,-0.0438366904,-0.0060454218
2008-01-22,0.0215684310,-0.0283022492,-0.0186141961,-0.0363424938,0.0034604527,0.0196475705,-0.0103129843,-0.0091028372,-0.0344743951,0.0337174312,-0.0186152632,-0.0110851592
2008-01-23,0.0710175236,0.0092612486,0.0088218046,0.0071829305,0.0272983880,0.0365451426,0.0122811866,0.0172928416,0.0266499023,0.0817900606,0.0051733433,0.0214421790
2008-01-24,0.0003583258,0.0352219631,0.0144289570,-0.0038629705,0.0058740474,0.0099360506,-0.0047789662,0.0159361838,-0.0272181055,-0.0195455778,0.0035870074,0.0100627304
2008-01-25,-0.0261555543,-0.0178699714,-0.0155169230,-0.0158114474,-0.0044487189,-0.0206286079,-0.0136686630,0.0049674135,-0.0108807952,-0.0139080357,-0.0088576678,-0.0158719310
2008-01-28,0.0356881978,0.0227075896,0.0043785008,0.0127313388,0.0148044079,0.0165265391,0.0078655105,0.0197707762,0.0157148894,0.0371414535,0.0197552131,0.0175483243
2008-01-29,0.0152750970,0.0112441407,0.0087184012,0.0026934710,0.0088080181,0.0031873638,0.0029728453,0.0051020918,0.0033523272,-0.0060439609,0.0305963188,0.0061597744
2008-01-30,-0.0202934549,-0.0125265229,-0.0077787850,-0.0116415847,0.0040925750,-0.0063551630,-0.0070397544,-0.0038072165,-0.0051398640,-0.0234121041,-0.0201399961,-0.0047639947
2008-01-31,0.0407140058,-0.0079817681,0.0126301076,0.0178192619,0.0054347971,0.0418937041,0.0149251215,0.0178343572,0.0131750348,0.0238174824,0.0211632250,0.0167722537
2008-02-01,0.0185310336,0.0251437652,0.0172049510,0.0047479341,0.0229732366,0.0089011044,0.0099265566,0.0242801548,0.0260072355,0.0389234488,0.0108843563,0.0122374919
2008-02-04,-0.0289760186,0.0007006025,-0.0207187969,0.0035440068,-0.0108325286,-0.0142990535,-0.0061881149,-0.0156402680,0.0144132873,-0.0155133327,0.0013272894,-0.0104628694
2008-02-05,-0.0405963999,-0.0413171282,-0.0250434442,-0.0182458442,-0.0253734356,-0.0280867296,-0.0135532747,-0.0287983828,-0.0301326343,-0.0316633486,-0.0443365924,-0.0319954327
2008-02-06,-0.0115730686,-0.0137321314,-0.0110718080,0.0026978231,-0.0016448502,-0.0107966332,-0.0040846848,-0.0069014612,-0.0017677505,-0.0191892594,-0.0087852243,-0.0076236409
2008-02-07,0.0091471214,0.0197007687,0.0062698382,-0.0038866154,0.0002748553,0.0192614169,0.0104398749,0.0038608958,-0.0053134714,0.0241038852,0.0000000000,0.0078857728
2008-02-08,-0.0166788506,0.0146716225,-0.0075658758,-0.0063025053,-0.0074092521,-0.0056694403,-0.0110701265,0.0212822781,-0.0078866534,-0.0310255969,-0.0046650424,-0.0042037198
2008-02-11,-0.0221238326,0.0257693311,0.0174889904,-0.0030201977,0.0099528709,0.0104532506,0.0126864528,0.0035150868,0.0082051037,-0.0200312305,0.0076549107,0.0058889991
2008-02-12,0.0275267719,-0.0005580410,0.0022037766,0.0145409769,0.0101286663,0.0018807506,0.0132646673,0.0180132427,0.0170401791,0.0315466396,0.0158140229,0.0072658968
2008-02-13,-0.0036697130,0.0242982168,0.0228670560,-0.0014930428,0.0178855924,0.0128287511,-0.0047274012,-0.0041783069,-0.0047515352,0.0046804771,0.0242675016,0.0136040625
2008-02-14,-0.0272566750,-0.0085886496,-0.0197766418,-0.0041864092,-0.0149092311,-0.0095769147,-0.0051144710,-0.0128328658,-0.0125628664,-0.0074540129,-0.0207123567,-0.0134214759
2008-02-15,0.0159032048,0.0017874355,-0.0035089246,0.0009006842,-0.0062158089,0.0053024502,0.0044065166,0.0062499911,0.0139949608,-0.0040682681,-0.0051736002,0.0008377481
2008-02-19,-0.0014905275,0.0329445833,-0.0092427846,0.0126016244,0.0048948982,-0.0114797120,0.0160876047,0.0248449676,-0.0080297229,-0.0174389137,-0.0211071918,-0.0008962740
2008-02-20,0.0115712224,0.0119603188,0.0017763613,-0.0029636264,0.0032474929,0.0138101916,-0.0212308631,0.0058181419,0.0020235883,0.0233447099,-0.0221875774,0.0083408708
2008-02-21,-0.0177117088,-0.0274463449,-0.0017732114,-0.0104006719,-0.0078228202,-0.0238389925,0.0036770151,-0.0134971134,-0.0219638942,-0.0226563840,-0.0100667463,-0.0128673629
2008-02-22,0.0217881980,0.0113426338,-0.0008882348,0.0021018070,0.0100599706,0.0218838189,0.0109884490,0.0095283885,0.0175522909,0.0235015607,0.0109765161,0.0078806104
2008-02-25,0.0000000000,0.0285717926,0.0057801225,0.0128860133,0.0078058979,0.0133460205,0.0014493763,0.0229912357,0.0010148026,0.0309278208,0.0121344144,0.0138126713
2008-02-26,0.0088235991,0.0170034003,0.0114946716,-0.0088759397,0.0008012296,0.0098005755,0.0123009041,0.0047312655,0.0129248099,-0.0006062566,0.0105696636,0.0069179107
2008-02-27,0.0043727239,-0.0130184071,0.0008737639,0.0044773997,0.0018681845,-0.0021226094,-0.0135811227,-0.0002352220,-0.0240182057,-0.0071254340,-0.0121759703,-0.0009194445
2008-02-28,-0.0312046396,0.0171996159,-0.0126639459,-0.0115893804,-0.0071925838,-0.0237085026,0.0018118625,-0.0054170628,-0.0066650298,-0.0207667198,0.0014222745,-0.0089418745
2008-02-29,-0.0325847276,-0.0331810557,-0.0203444385,-0.0138305527,-0.0273677549,-0.0249066685,-0.0188067942,-0.0322042684,-0.0294190759,-0.0174640873,-0.0301405515,-0.0270897047
2008-03-03,-0.0135496490,0.0124917169,-0.0004520508,-0.0003046978,0.0146210138,-0.0022352019,0.0099521691,0.0166378776,0.0151552990,0.0053957247,-0.0035796150,0.0005335525
2008-03-04,-0.0054947919,-0.0194803225,0.0013547836,0.0012201253,-0.0116912591,-0.0015997638,-0.0007295771,-0.0240674205,0.0172865784,-0.0080508485,-0.0088175485,-0.0034476287
2008-03-05,-0.0078924409,0.0251653393,0.0072172764,-0.0018279576,0.0132052873,0.0003205427,0.0025566445,0.0281131996,-0.0028323101,-0.0009544114,0.0126850046,0.0052383276
2008-03-06,-0.0346060937,-0.0200261886,-0.0138826049,-0.0201400229,-0.0190065487,-0.0243512751,-0.0091078986,-0.0088746293,-0.0203975633,-0.0458746448,-0.0222874449,-0.0220139360
2008-03-07,0.0020606335,-0.0275541100,0.0000000000,-0.0115232817,-0.0143922835,-0.0095236685,-0.0047789662,-0.0418687647,-0.0063254705,0.0100170443,-0.0028280833,-0.0084103616
2008-03-10,-0.0283721365,-0.0123374674,-0.0108989922,-0.0233146514,-0.0160064538,-0.0116047361,-0.0051718451,-0.0214694970,-0.0013269309,-0.0161989540,-0.0250295608,-0.0154634792
2008-03-11,0.0655945996,0.0514757314,0.0353526732,0.0096776397,0.0339608137,0.0271720313,0.0211658506,0.0609181657,0.0172650025,0.0710686573,0.0308062379,0.0371298440
2008-03-12,-0.0166802403,-0.0221930083,-0.0101984795,0.0000000000,-0.0019321242,-0.0055520503,-0.0025458309,-0.0143548676,0.0000000000,-0.0214896971,-0.0195916406,-0.0089955739
2008-03-13,-0.0024226076,0.0166889750,-0.0040326637,-0.0012779561,0.0138278838,0.0009852344,0.0000000000,0.0244386949,-0.0031334335,0.0125034420,0.0013547861,0.0051269213
2008-03-14,-0.0283403936,-0.0182533265,-0.0125953162,-0.0185536958,-0.0158212779,-0.0144356180,-0.0171340904,-0.0175906133,-0.0073336595,-0.0163074110,-0.0216468683,-0.0207832626
2008-03-17,-0.0229165979,-0.0349117423,-0.0045562552,-0.0013039527,-0.0049889630,-0.0133152149,-0.0055635732,-0.0201130133,0.0005275109,-0.0067601891,0.0057040482,-0.0089586838
2008-03-18,0.0840086850,0.0436589594,0.0448512342,0.0313312628,0.0526461946,0.0394735248,0.0182767679,0.0350440163,0.0176690116,0.0510451884,0.0302510880,0.0424095376
2008-03-19,-0.0263576282,-0.0610893054,-0.0297848010,-0.0129742563,-0.0365175058,-0.0133074310,0.0054943969,-0.0677144767,-0.0196938754,-0.0109463903,-0.0176845166,-0.0242871985
2008-03-20,0.0720110237,0.0044397757,0.0111085404,0.0012557325,0.0105108240,0.0293144818,0.0115733354,-0.0033831196,-0.0029029269,0.0417766923,0.0251361961,0.0239444592
2008-03-24,0.0129177150,0.0175115120,0.0352839579,0.0131875191,0.0226588000,0.0332804504,0.0112236630,0.0355090442,0.0032046476,0.0170583259,0.0309806090,0.0153214304
2008-03-25,-0.0030011730,0.0099935475,0.0008622221,0.0019046280,0.0061398698,-0.0080523949,0.0025064877,0.0300053497,-0.0029275528,0.0078848059,0.0036955858,0.0023038976
2008-03-26,-0.0361169234,0.0217125938,-0.0193962060,-0.0098224515,-0.0079595356,-0.0187324593,-0.0082140405,-0.0044058029,0.0037370478,-0.0264207450,-0.0092857332,-0.0087657599
2008-03-27,-0.0156133805,-0.0100879948,-0.0079118155,0.0051201428,-0.0109655189,-0.0095449933,0.0050407322,-0.0027054481,0.0101064735,-0.0042451442,-0.0014544530,-0.0114604811
2008-03-28,-0.0226004453,-0.0027174671,-0.0062028890,-0.0025467802,-0.0037856528,-0.0192739564,-0.0010750269,-0.0083820797,-0.0092155158,-0.0153773196,-0.0100337733,-0.0079501863
2008-03-31,0.0089245376,0.0089918103,-0.0013378826,-0.0051074013,0.0152004484,0.0062232686,-0.0007168963,-0.0012439499,0.0082380937,0.0066488364,0.0116068049,0.0056872467
2008-04-01,0.0703663258,0.0187687857,0.0290175858,0.0160412000,0.0227274938,0.0449223588,0.0122035963,0.0318646675,0.0258306717,0.0491549569,0.0326437405,0.0358963516
2008-04-02,-0.0007516546,0.0139165965,0.0121477611,-0.0069463971,0.0044442312,0.0000000000,0.0003547679,0.0067555574,0.0128463803,0.0042462025,-0.0046947991,-0.0019340702
2008-04-03,0.0045117586,0.0023530327,-0.0004283393,-0.0031796758,-0.0044245674,0.0031152045,-0.0028362515,0.0182121336,-0.0053271802,0.0204112119,0.0133650900,0.0013016382
2008-04-04,-0.0134729281,0.0082155772,-0.0034306916,0.0079742536,0.0039216435,-0.0046587438,0.0085319577,0.0098851068,-0.0010199293,-0.0162880345,-0.0133438260,0.0007959964
2008-04-07,0.0060691431,0.0053035904,0.0008606255,0.0113925160,-0.0062503027,-0.0037439287,-0.0063445869,-0.0053610492,0.0043401163,-0.0023238674,0.0064474973,0.0015615985
2008-04-08,-0.0113123263,0.0113222114,-0.0060193027,-0.0034415600,-0.0007864064,-0.0021922537,-0.0003551151,0.0093731742,0.0066087786,-0.0125199747,0.0014064508,-0.0051000334
2008-04-09,-0.0167802543,0.0019089015,-0.0043248308,-0.0047098190,-0.0097033938,-0.0219711554,-0.0099357919,-0.0106782750,-0.0025255777,-0.0203449872,-0.0226245740,-0.0080920724
2008-04-10,-0.0062067820,-0.0019052646,0.0082532308,0.0078862933,0.0042376144,0.0105901432,0.0025089595,0.0025808698,-0.0070879135,-0.0021066462,-0.0012769606,0.0044740520
2008-04-11,-0.0191257428,-0.0139944893,-0.0267124132,-0.0131453542,-0.0392933936,-0.0184181228,-0.0064352089,-0.0128715277,0.0012745630,-0.0036197082,-0.0196613082,-0.0203741809
2008-04-14,-0.0234777939,0.0229677084,-0.0039836034,-0.0044403182,0.0005489192,-0.0071176123,-0.0003598896,-0.0049783418,-0.0015279702,-0.0054485150,-0.0017936474,-0.0033837848
2008-04-15,0.0101876225,0.0052977156,0.0000000000,-0.0009557346,0.0046639234,-0.0013030960,0.0061194264,0.0054801094,0.0109667498,0.0051742630,0.0014702254,0.0045998763
2008-04-16,0.0270268151,0.0338775974,0.0408886225,0.0054210382,0.0278531144,0.0221857776,0.0057243773,0.0478673261,0.0209387158,0.0431484968,0.0229978428,0.0226912659
2008-04-17,0.0172821284,-0.0008499022,-0.0004269014,-0.0063429677,-0.0116892444,0.0044682445,0.0014229488,-0.0049756126,0.0019763484,0.0058059310,-0.0084501997,0.0006229145
2008-04-18,0.0220074433,0.0153042838,0.0175136587,0.0095752284,0.0301073626,0.0190659536,-0.0067494584,0.0054546448,0.0032061890,0.0010098469,0.0154363142,0.0181390026
2008-04-21,-0.0154894320,0.0113646833,0.0062972174,-0.0031614986,-0.0033924227,0.0000000000,0.0028617232,0.0024861067,-0.0090954466,-0.0099460393,0.0012666481,-0.0015535248
2008-04-22,-0.0138139621,0.0004731141,-0.0050062891,-0.0104663991,-0.0159725368,-0.0143435011,-0.0060635724,-0.0078915405,-0.0029767382,-0.0046597680,-0.0091724754,-0.0088102337
2008-04-23,-0.0066147724,-0.0078030101,0.0062896032,0.0032051548,0.0005315435,-0.0003163495,0.0064589724,-0.0156817740,0.0014928128,0.0115563623,0.0236228867,0.0028999175
2008-04-24,0.0360356134,-0.0262157660,0.0120833888,0.0031948310,0.0063835093,0.0139238606,0.0014261036,-0.0145467299,-0.0009936653,0.0229936903,0.0095123208,0.0064422777
2008-04-25,0.0189041109,0.0141950105,-0.0119391237,0.0130574921,0.0140065548,0.0099877022,-0.0056960687,0.0285854651,0.0032325794,0.0033928236,0.0092676794,0.0064947365
2008-04-28,0.0025970054,0.0016889837,0.0000000000,0.0059730380,0.0057333166,-0.0012363679,0.0060864503,-0.0056949518,-0.0096677438,0.0022538235,0.0027548686,-0.0010516016
2008-04-29,-0.0122132623,-0.0225245469,0.0095831707,-0.0109377932,-0.0093287691,0.0080450732,0.0010674249,-0.0329897064,0.0047562137,-0.0144787179,0.0091577821,-0.0038886926
2008-04-30,-0.0029971160,0.0073934222,-0.0177463187,-0.0053710367,0.0070626385,-0.0346844398,-0.0170635826,0.0023692673,-0.0064773337,-0.0175431521,-0.0037811159,-0.0038463024
2008-05-01,0.0341978790,-0.0218954557,0.0420163024,0.0177892347,0.0064930669,0.0575518147,0.0180833398,-0.0070910014,0.0117852038,0.0235190757,0.0283891839,0.0171407130
2008-05-02,0.0069042041,0.0188842746,-0.0004027533,0.0003120061,0.0038712539,-0.0021045904,-0.0014209269,0.0102361256,0.0166051081,0.0017016697,0.0044289964,0.0032355987
2008-05-05,-0.0173223644,0.0144837883,-0.0044374795,-0.0028081597,-0.0025706740,-0.0111478702,-0.0035573721,0.0226206445,-0.0143833287,-0.0024073086,-0.0108761756,-0.0045335838
2008-05-06,0.0106499844,0.0264976587,0.0121548755,-0.0018773784,0.0038661240,0.0042655373,0.0064262413,0.0080642747,-0.0002478016,0.0079490754,0.0046063101,0.0076519333
2008-05-07,-0.0359740796,-0.0186236662,-0.0176133654,-0.0087773045,-0.0154042416,-0.0188099600,-0.0095779234,-0.0112004826,-0.0150911415,-0.0294322449,-0.0085790000,-0.0181137896
2008-05-08,-0.0203538832,0.0200574341,0.0016297700,-0.0037952130,0.0033895553,0.0015455961,0.0028657116,0.0171059719,0.0025117099,-0.0004356460,0.0007461256,0.0036695517
2008-05-09,0.0000000000,-0.0018838459,-0.0032542363,-0.0009523971,-0.0062370279,-0.0058658217,-0.0057147111,-0.0124998174,0.0032572411,-0.0071122708,-0.0052179744,-0.0067254479
2008-05-12,0.0119270802,-0.0055442866,0.0163265927,0.0076264402,0.0159519358,0.0204967233,0.0111350856,0.0204832517,0.0097406293,0.0213442212,0.0076430710,0.0110207785
2008-05-13,-0.0091255001,0.0163702660,0.0000000000,-0.0094607322,0.0066925637,0.0036514935,-0.0035522065,0.0056380566,-0.0014843977,0.0052970937,0.0023796236,-0.0003846713
2008-05-14,0.0069076504,-0.0114380122,0.0020076359,0.0082774523,0.0010226787,0.0112190021,0.0039215346,0.0056070185,0.0037161980,0.0066919312,0.0117213993,0.0040055843
2008-05-15,0.0099090283,0.0132232049,0.0192386934,-0.0028418544,0.0058748977,0.0095954547,0.0120735880,0.0113738586,-0.0009875785,0.0124471871,0.0104116603,0.0105844645
2008-05-16,-0.0041514077,0.0364716377,-0.0023592404,0.0038000210,-0.0025396155,-0.0068307334,-0.0003508145,0.0123485589,0.0074113060,-0.0065662312,0.0026122808,0.0012503982
2008-05-19,-0.0094733824,0.0061831361,0.0051238237,0.0063091173,0.0112015426,0.0002985334,0.0056165358,-0.0026141333,0.0112799631,0.0075936719,-0.0001445350,0.0008980456
2008-05-20,-0.0233359827,0.0099447241,-0.0156862430,-0.0028212823,-0.0158606666,-0.0155451534,-0.0150091955,0.0052411660,0.0067891177,-0.0206560795,-0.0169392190,-0.0092735891
2008-05-21,-0.0254606649,-0.0148248217,-0.0262947865,-0.0088022201,-0.0168841865,-0.0212574599,-0.0102762221,-0.0293283465,-0.0050576545,-0.0216612973,-0.0153168296,-0.0160535327
2008-05-22,0.0056272204,-0.0145981451,0.0036826596,0.0107835350,-0.0023424316,-0.0043439951,0.0107410049,-0.0044766404,0.0058097966,-0.0067008352,0.0068801009,0.0026173787
2008-05-23,-0.0147878572,-0.0169805279,-0.0020385146,-0.0163163658,-0.0143451184,-0.0121533150,-0.0053132098,-0.0137140786,-0.0154031271,-0.0064522500,-0.0090613188,-0.0132104007
2008-05-27,0.0052735567,-0.0064919919,0.0163399353,0.0041466052,0.0105849453,0.0075715188,0.0028488262,-0.0045587812,0.0051328904,0.0143173815,0.0077952001,0.0068462215
2008-05-28,-0.0056496596,0.0211199293,0.0056268802,-0.0009528358,0.0068082252,0.0000000000,0.0014203113,0.0249597856,0.0007299646,0.0040743280,0.0105605028,0.0039628905
2008-05-29,0.0178569298,-0.0273112019,0.0071942888,0.0216217620,0.0039011747,0.0194111711,0.0039006761,-0.0067021711,0.0106923120,0.0104348283,0.0164853270,0.0053349373
2008-05-30,-0.0127591836,0.0103380625,0.0059524656,-0.0015562311,0.0062173562,-0.0076782075,0.0063581435,0.0011242366,-0.0067322472,-0.0040159946,0.0015927997,0.0015161666
2008-06-02,-0.0149428751,0.0059309368,-0.0142015572,-0.0118456113,-0.0084964350,-0.0099039401,-0.0087750841,-0.0076384752,-0.0072621365,-0.0139688268,-0.0096860287,-0.0105042638
2008-06-03,-0.0032800853,-0.0214999091,-0.0056021141,0.0066246351,-0.0033757560,0.0012501410,0.0053122133,0.0011323229,-0.0087784892,0.0007298197,-0.0074454912,-0.0057878278
2008-06-04,-0.0061706642,-0.0148858659,0.0020125591,0.0003130311,-0.0039080789,0.0059319016,-0.0007050067,-0.0042969745,0.0120542686,0.0055456478,0.0013235805,-0.0003266964
2008-06-05,0.0198676011,0.0521643068,0.0204815076,0.0087723817,0.0073238915,0.0130354342,0.0102223295,0.0336135680,0.0119106061,0.0251094985,0.0280552526,0.0194961506
2008-06-06,-0.0531656717,-0.0196029410,-0.0271547836,-0.0242237650,-0.0389507649,-0.0422792004,-0.0247732355,-0.0294442469,-0.0261833007,-0.0396433422,-0.0250036713,-0.0308892088
2008-06-09,-0.0137163999,0.0294120739,-0.0020224529,-0.0054106026,0.0102677818,-0.0006400140,0.0035778475,0.0151688201,0.0155402845,-0.0231461242,-0.0109907016,0.0007936885
2008-06-10,0.0030425581,-0.0246190238,-0.0044591641,-0.0095999954,-0.0058846772,0.0038420040,0.0017823236,-0.0127121156,-0.0009718116,0.0039237972,-0.0099272255,-0.0024380716
2008-06-11,-0.0290294571,0.0061364459,-0.0256511838,-0.0100160431,-0.0188318153,-0.0210465011,-0.0053379018,-0.0178450220,-0.0009723179,-0.0205953425,-0.0242442339,-0.0168943436
2008-06-12,0.0272205532,-0.0151896082,0.0112829267,-0.0084856404,0.0035644337,0.0081432451,0.0067976423,-0.0004600388,-0.0041375814,0.0061393325,-0.0026072144,0.0032796988
2008-06-13,0.0156381348,0.0119178697,0.0107440016,0.0157998762,0.0114753205,0.0248789072,-0.0007106051,0.0248504007,0.0090427237,0.0209004510,0.0169154241,0.0150462614
2008-06-16,0.0094102410,0.0035800772,0.0024527997,0.0032405519,-0.0054025169,-0.0031526007,-0.0106683206,-0.0008983715,0.0009686370,0.0143457693,-0.0055954103,0.0000808698
2008-06-17,-0.0292377186,0.0165689654,-0.0040780964,-0.0025840508,-0.0021725681,-0.0101201360,-0.0032354009,0.0053939945,0.0055650159,-0.0294643487,-0.0015202971,-0.0067713330
2008-06-18,-0.0165870368,0.0038483525,-0.0106475059,-0.0113342462,-0.0144256180,-0.0220448446,-0.0111790310,-0.0067056074,-0.0038498114,-0.0148751143,-0.0132500712,-0.0097118241
2008-06-19,0.0106524176,-0.0240165590,0.0037252398,0.0013102660,0.0129796997,0.0127410064,0.0032821437,0.0018002761,0.0012074484,0.0206469126,0.0070994775,0.0037523245
2008-06-20,-0.0172794557,-0.0067413891,-0.0178236517,-0.0140661141,-0.0166807007,-0.0293965217,-0.0113537316,-0.0202406504,-0.0115444498,-0.0247584402,-0.0242145554,-0.0185428559
2008-06-23,-0.0315600112,0.0395333838,-0.0092632247,0.0073334175,0.0019500509,-0.0173449455,-0.0036934548,0.0064486544,0.0120479220,-0.0207426878,-0.0069108216,0.0000530728
2008-06-24,0.0116388119,-0.0189587053,-0.0012747051,0.0036399719,-0.0119545829,0.0040734254,0.0033356377,-0.0189930285,-0.0082601409,0.0004741633,-0.0041113987,-0.0028148414
2008-06-25,-0.0023013000,-0.0037736450,0.0085105005,0.0112100961,-0.0073158276,0.0074373660,0.0225345029,0.0030318543,0.0117590551,0.0176523711,0.0111160146,0.0058434070
2008-06-26,-0.0359775427,-0.0072315698,-0.0189879344,-0.0202152993,-0.0164395781,-0.0234900990,-0.0303466474,-0.0246504706,-0.0297822197,-0.0357592136,-0.0299982783,-0.0293652255
2008-06-27,-0.0157896354,0.0087874831,-0.0133329236,0.0066555870,-0.0288185785,-0.0168382472,-0.0104322065,-0.0009538123,-0.0084848342,-0.0078073818,-0.0061528130,-0.0037174293
2008-06-30,-0.0150701967,0.0140975601,-0.0013080194,0.0109089139,0.0091987130,-0.0045440461,0.0071535668,-0.0040572363,0.0244145413,-0.0032786145,0.0140110525,0.0012672250
2008-07-01,0.0029613605,0.0041811791,-0.0069837197,0.0000000000,-0.0005880176,-0.0126404415,-0.0011215552,-0.0184517331,0.0051597272,0.0057567451,-0.0086761505,0.0038359642
2008-07-02,-0.0152557672,-0.0301626118,-0.0131869797,-0.0068673247,-0.0305972879,-0.0110238931,-0.0011228145,-0.0427250726,-0.0026889991,-0.0207688709,-0.0226906550,-0.0182036205
2008-07-03,-0.0034985929,-0.0147383609,-0.0044542195,0.0042806095,0.0139605494,0.0086296937,-0.0007488799,0.0061211158,-0.0102939874,-0.0080155139,-0.0082917478,0.0010939223
2008-07-07,-0.0330990657,-0.0250885599,0.0111858059,-0.0065572202,-0.0011970743,-0.0114079834,0.0101235722,0.0050697178,-0.0099060929,-0.0205394368,-0.0035113570,-0.0083854348
2008-07-08,0.0648339415,-0.0165519325,0.0101770077,0.0264027785,0.0230744359,0.0259642046,0.0129917940,-0.0105929541,0.0052529189,0.0723621150,0.0283603329,0.0170803488
2008-07-09,-0.0569902553,-0.0190416971,-0.0297849414,0.0048228667,-0.0278266542,-0.0210896785,-0.0098941465,0.0017844063,0.0119431157,-0.0735694360,-0.0259465802,-0.0227761725
2008-07-10,-0.0072306712,0.0306821205,0.0126408121,0.0054402034,0.0153662484,-0.0175939208,0.0074020531,0.0038169989,0.0024587542,0.0181660495,0.0077065423,0.0069897514
2008-07-11,-0.0280956892,-0.0060750018,-0.0093628042,-0.0190963198,-0.0181010735,-0.0208333260,-0.0106538921,-0.0007605827,-0.0076036804,0.0003397535,-0.0023276588,-0.0110899435
2008-07-14,-0.0513920732,0.0066011234,-0.0076507930,0.0068140170,0.0045331142,-0.0052260109,0.0007430135,0.0111619402,-0.0069202098,-0.0348223735,-0.0093317928,-0.0090278594
2008-07-15,-0.0310383208,-0.0421421016,-0.0022670698,0.0048339986,-0.0198556294,0.0000000000,-0.0018555783,-0.0097841041,-0.0069687897,-0.0095035551,0.0030276167,-0.0109012571
2008-07-16,0.1310423247,-0.0257387373,0.0145455072,0.0070558853,0.0230204561,0.0401499051,0.0126394256,0.0037998437,-0.0197993977,0.0701845882,0.0117393147,0.0250635441
2008-07-17,0.0432546320,-0.0163973863,0.0103041280,0.0098726212,0.0276026824,0.0046897699,0.0018357100,0.0063097630,-0.0158525512,0.0161050194,-0.0011603571,0.0120125595
2008-07-18,0.0202370064,0.0174651265,0.0110868129,-0.0003157612,0.0014595456,0.0308803093,-0.0168561290,-0.0067718664,0.0010388139,0.0003265306,0.0021575326,0.0002857270
2008-07-21,0.0038700274,0.0299084401,-0.0197371395,-0.0176656050,0.0008750025,-0.0177638217,-0.0022360745,0.0207070823,0.0176485815,0.0029404084,0.0003310407,-0.0005394340
2008-07-22,0.0838556032,-0.0332067212,-0.0053689998,0.0138089465,0.0122342094,0.0265955135,0.0175567000,0.0014843124,-0.0033153173,0.0317587625,0.0023176408,0.0134920635
2008-07-23,-0.0013336070,-0.0363067283,0.0179938550,0.0044346476,0.0077696195,0.0193435344,0.0069753330,-0.0125982001,-0.0243092903,0.0213103262,0.0295621745,0.0040641671
2008-07-24,-0.0672308946,-0.0024393192,-0.0256300270,-0.0009462152,-0.0248427158,-0.0213484594,-0.0061977719,-0.0252691544,-0.0015730743,-0.0615148672,-0.0219758615,-0.0231244228
2008-07-25,-0.0038186973,0.0027170737,0.0140594041,0.0059974947,0.0093701051,-0.0155816839,-0.0055026330,0.0015400079,-0.0120832874,0.0151516250,0.0034439731,0.0041675081
2008-07-28,-0.0469572967,0.0039289946,-0.0210197588,-0.0081581092,-0.0229181883,-0.0235666934,-0.0084837955,-0.0012814870,0.0023930455,-0.0212522328,-0.0160181910,-0.0185965641
2008-07-29,0.0809451700,-0.0118760321,0.0201004255,0.0101232166,0.0377081305,0.0356628167,0.0234373591,0.0197591372,0.0013261796,0.0500577427,0.0073087920,0.0233560085
2008-07-30,0.0153485339,0.0595469941,0.0067174497,-0.0003133408,0.0117307258,-0.0010435261,0.0116322644,0.0236537550,0.0196029067,-0.0048930993,0.0100592187,0.0166719913
2008-07-31,-0.0091614504,-0.0409900283,-0.0057831666,0.0009399905,-0.0305431024,-0.0066158746,-0.0154511412,-0.0073748865,-0.0106524763,-0.0117394078,-0.0086528217,-0.0131437596
2008-08-01,0.0000000000,-0.0001347233,-0.0111852622,-0.0075114754,-0.0008751186,-0.0098139830,-0.0018246503,-0.0180781006,-0.0286238404,0.0024086357,-0.0083993841,-0.0055783950
2008-08-04,-0.0083217635,-0.0470492847,0.0049769710,0.0085145399,-0.0043796624,0.0074337998,0.0091404968,-0.0433795796,-0.0108134669,-0.0140916645,-0.0137851776,-0.0089660864
2008-08-05,0.0508156159,0.0074764053,0.0189106618,0.0325203557,0.0278594559,0.0446236024,0.0173913337,0.0115997434,0.0081984632,0.0427153086,0.0257664131,0.0287187411
2008-08-06,-0.0102038095,0.0228229237,0.0141402527,0.0039367549,0.0191150547,-0.0050450768,0.0106841104,0.0099037045,0.0054219741,-0.0046726803,-0.0049254462,0.0033543494
2008-08-07,-0.0493055237,-0.0116360163,-0.0017430191,-0.0120660766,-0.0335944235,-0.0196079036,-0.0193799252,-0.0030959086,-0.0008089296,-0.0242569501,-0.0171590063,-0.0179337384
2008-08-08,0.0344182990,-0.0168974461,0.0192058391,0.0174041591,0.0344730063,0.0475861568,0.0208408483,-0.0041423022,0.0029682506,0.0323981669,0.0282022602,0.0238928347
2008-08-11,0.0168639121,-0.0004225058,0.0064243234,0.0009005734,0.0025201481,0.0306124664,0.0087995664,0.0012993685,0.0110297118,0.0245451737,0.0204081275,0.0069427305
2008-08-12,-0.0506499642,0.0005634843,0.0021269787,-0.0020985876,-0.0097763586,-0.0130949457,0.0069780524,0.0083071716,-0.0117080532,-0.0221375343,-0.0025598235,-0.0120506704
2008-08-13,-0.0288009641,0.0353571943,-0.0038211788,0.0006006337,-0.0036673526,-0.0161813757,-0.0100479363,0.0216279658,0.0000000000,-0.0161269032,-0.0091436247,-0.0029156630
2008-08-14,0.0311132244,-0.0183672152,0.0076725013,-0.0006002731,0.0036808516,0.0151315378,0.0045501788,-0.0020167715,-0.0086163576,0.0165488327,0.0064761039,0.0055218014
2008-08-15,0.0070722309,-0.0187109753,0.0038070411,0.0099157805,0.0056419285,0.0116655789,0.0097558937,-0.0063128077,0.0035314905,-0.0015501287,0.0082029375,0.0040759339
2008-08-18,-0.0383889927,-0.0127123414,-0.0126421791,-0.0083310394,-0.0112202482,-0.0169762586,-0.0041411146,-0.0091488269,0.0013527096,-0.0209633157,-0.0087745402,-0.0150978095
2008-08-19,-0.0292119097,0.0359084550,-0.0174987130,-0.0045007326,-0.0124822359,-0.0185730533,-0.0135133768,-0.0061555820,0.0054054667,-0.0206179811,-0.0228552907,-0.0093149026
2008-08-20,0.0205619450,0.0288639782,0.0021722798,-0.0063290418,-0.0080439048,-0.0122839410,0.0003514112,0.0175485724,0.0037635218,0.0024286851,0.0016468517,0.0061973316
2008-08-21,-0.0181817829,0.0251007035,-0.0039009961,-0.0063692747,0.0023167277,0.0080675168,-0.0108845753,0.0086232156,0.0096412050,-0.0137316915,-0.0016441440,0.0024949641
2008-08-22,0.0380377802,-0.0229154284,0.0139246689,0.0167886817,0.0196478797,0.0233407927,0.0181043342,-0.0005032822,0.0039785388,0.0229324494,0.0182835532,0.0113326713
2008-08-25,-0.0351973952,-0.0129987851,-0.0128759040,-0.0162111163,-0.0155855297,-0.0280219078,-0.0160391808,-0.0216348766,-0.0105682465,-0.0220978851,-0.0242641659,-0.0196254344
2008-08-26,0.0079955966,0.0203663000,-0.0039130827,-0.0012209968,-0.0002877141,0.0077100142,-0.0038976750,0.0053995837,0.0109480191,0.0076959462,-0.0001656188,0.0036863725
2008-08-27,0.0193358428,0.0158354408,0.0096028665,0.0015282511,0.0028796802,0.0029941498,0.0046243072,0.0092075404,0.0071316382,0.0089377185,0.0167469508,0.0079826540
2008-08-28,0.0403694984,-0.0175534975,0.0060533545,0.0057956782,0.0223942476,0.0232174908,0.0063737274,0.0141911104,0.0015736385,0.0331766919,0.0221784887,0.0148401440
2008-08-29,0.0014031900,-0.0046664650,-0.0223469032,-0.0109186776,-0.0109520168,-0.0113454518,-0.0098521247,-0.0067466236,-0.0138781169,-0.0112231978,-0.0111678998,-0.0137236653
2008-09-02,0.0140052433,-0.0549224445,-0.0057141050,-0.0018401216,0.0002840230,0.0196721691,0.0110159786,-0.0251573575,-0.0122143676,0.0122967638,0.0127460458,-0.0040925143
2008-09-03,0.0156536172,-0.0038274445,-0.0132623347,0.0058373536,-0.0073802773,0.0051445963,-0.0073808943,-0.0051609385,-0.0158601433,0.0137050821,0.0006373382,-0.0020350786
2008-09-04,-0.0489573982,-0.0224814583,-0.0358421495,-0.0219917116,-0.0343150641,-0.0332696041,-0.0063743876,-0.0355384947,-0.0125648767,-0.0311872945,-0.0343893934,-0.0299220576
2008-09-05,0.0362250502,-0.0040759251,0.0000000000,-0.0053088919,-0.0002961383,0.0019858494,0.0092662095,0.0010755464,-0.0210235107,0.0063431349,-0.0054411802,0.0044307647
2008-09-08,0.0432384794,-0.0068690888,0.0120812821,0.0166405903,0.0159949223,0.0452442669,0.0211868047,-0.0018804679,0.0251483654,0.0431764573,0.0233753944,0.0205101619
2008-09-09,-0.0639334512,-0.0691683734,-0.0174471350,-0.0086477469,-0.0294457603,-0.0189573830,-0.0051865675,-0.0317632309,-0.0314224646,-0.0438065349,-0.0132835389,-0.0341381680
2008-09-10,-0.0122465831,0.0393671599,-0.0046731068,-0.0040497476,0.0042052279,-0.0103054533,0.0069514777,0.0086184502,0.0110987325,0.0053716511,-0.0175669053,0.0061494224
2008-09-11,0.0228899429,0.0142988519,0.0164318097,0.0040662147,0.0230334349,0.0152938167,0.0041420071,0.0170893037,0.0078807317,0.0114704756,-0.0016709839,0.0138063774
2008-09-12,-0.0139856613,0.0337431107,0.0046192586,0.0093457337,-0.0026311810,0.0000000000,0.0020626745,0.0319782748,0.0187097841,0.0105635981,0.0041848302,0.0021215342
2008-09-15,-0.0974000621,-0.0765995098,-0.0482759607,-0.0277774382,-0.0401645456,-0.0336536303,-0.0120067185,-0.0414915778,-0.0348137086,-0.0614908955,-0.0486750328,-0.0471358970
2008-09-16,0.0749085938,0.0422624497,0.0188403350,-0.0015876769,0.0030543001,0.0066332733,0.0000000000,0.0109589282,-0.0150521816,0.0307942302,-0.0050815118,0.0175232877
2008-09-17,-0.0960039294,-0.0209527192,-0.0554759372,-0.0158979560,-0.0338000984,-0.0395385631,-0.0357642049,-0.0186992468,-0.0484432060,-0.0465589918,-0.0561816225,-0.0471407071
2008-09-18,0.0787063350,0.0298695274,0.0426704499,0.0129240125,0.0204854435,0.0257293479,0.0064819373,-0.0002761091,0.0366669249,0.0844995832,0.0473968155,0.0433417744
2008-09-19,0.1291619851,0.0686161352,0.0072951207,0.0109588401,0.0281332079,0.0135928575,-0.0021969400,0.0637178513,0.0321436891,0.0327339765,0.0466776818,0.0402565631
2008-09-22,-0.0817691767,-0.0175438613,-0.0258995153,-0.0237718412,-0.0265785018,-0.0410601097,-0.0054153714,-0.0128005169,-0.0248571401,-0.0880950367,-0.0500426651,-0.0382366000
2008-09-23,-0.0029195470,-0.0329999963,-0.0004922337,-0.0237017815,-0.0220285431,-0.0141571976,-0.0134304539,-0.0232865997,-0.0172870806,0.0063639776,-0.0180968620,-0.0156326336
2008-09-24,-0.0112250036,0.0029551183,0.0024629773,0.0093123489,-0.0022209774,-0.0035028494,-0.0018395842,-0.0197777191,0.0092428633,-0.0073899137,0.0007299278,-0.0019777277
2008-09-25,0.0276404306,0.0244506378,0.0171992555,0.0181217067,0.0079489370,0.0179261440,0.0246961088,-0.0027639983,0.0197931961,0.0185298892,0.0247992385,0.0196565042
2008-09-26,0.0273775023,-0.0265991209,0.0048308834,-0.0019418894,-0.0041011076,0.0100141288,-0.0035967813,-0.0232816886,0.0002900942,0.0207932352,0.0003558221,0.0033824291
2008-09-29,-0.1318375979,-0.1189073022,-0.0865384873,-0.0223734538,-0.0338927877,-0.0666666885,-0.0375456318,-0.0720770379,-0.0524187486,-0.0598348544,-0.0538953584,-0.0880677622
2008-09-30,0.0710827173,0.0611906419,0.0447364618,-0.0033167913,0.0098357813,0.0219779287,0.0352589049,0.0214061829,0.0155866534,0.0485785975,0.0030077694,0.0541746706
2008-10-01,0.0392160705,-0.0164298625,-0.0090684007,0.0066555716,-0.0237012573,0.0000000000,0.0072464732,-0.0164669790,-0.0042125651,-0.0153346765,-0.0007493433,-0.0045439888
2008-10-02,-0.0498305162,-0.0570188740,-0.0391452662,0.0016530849,-0.0598602189,-0.0362004394,-0.0125895671,-0.0718416062,-0.0145059753,-0.0662294034,-0.0296382669,-0.0402907920
2008-10-03,-0.0437886612,-0.0119232579,-0.0142857811,-0.0214522403,-0.0159179039,-0.0349570097,-0.0080146861,-0.0098394382,-0.0150263632,-0.0533711480,-0.0146914719,-0.0135065230
2008-10-06,-0.0521829926,-0.0537833976,-0.0552872699,-0.0374365657,-0.0262396779,-0.0281318461,-0.0290127726,-0.0493542583,-0.0488789666,-0.0183610083,-0.0468905827,-0.0385178412
2008-10-07,-0.1056177313,-0.0548370055,-0.0511363593,-0.0241772191,-0.0332232067,-0.0642343654,-0.0317698599,-0.0515674215,-0.0409168479,-0.0844508760,-0.0428157501,-0.0573948408
2008-10-08,-0.0402013340,0.0188894091,-0.0089818297,-0.0179526223,-0.0152725679,-0.0194912845,-0.0273433942,0.0323292943,-0.0174053179,-0.0167144625,-0.0404302223,-0.0113327025
2008-10-09,-0.1040577199,-0.1439650953,-0.0332324681,-0.0767829150,-0.0569986078,-0.0635268988,-0.0602410699,-0.0640570743,-0.0673849736,-0.0715639483,-0.0632004506,-0.0761670958
2008-10-10,0.1029945790,-0.0408839471,-0.0062503335,-0.0439604835,-0.0320728430,0.0212276892,0.0085469894,-0.0235742141,-0.0405959649,0.0795660977,-0.0291863779,-0.0117592892
2008-10-13,0.0781463845,0.1647459923,0.1169812289,0.1205470030,0.1070519614,0.0393134160,0.0466100659,0.1405763495,0.1207301852,0.0747485353,0.1397238735,0.1158003695
2008-10-14,0.0644959472,0.0011875585,-0.0337836856,0.0203331664,-0.0003838322,0.0060870930,0.0020241623,-0.0290202845,-0.0083134815,-0.0648739258,0.0017299155,-0.0053221368
2008-10-15,-0.1084823570,-0.1444379626,-0.0751752979,-0.0978267184,-0.0940500292,-0.1162492595,-0.0343433658,-0.1241209926,-0.0743972638,-0.1416667625,-0.0787825313,-0.0903497781
2008-10-16,0.0226536346,0.0381062384,0.0523002364,0.0522088847,0.0203388321,0.0660147219,0.0096234498,0.0068244904,0.0290563237,0.0628644309,0.0215557881,0.0425074514
2008-10-17,-0.0284805811,0.0220246374,-0.0095806135,-0.0038165460,-0.0215939786,0.0201830813,0.0074595527,0.0267144008,0.0051340889,-0.0102768922,-0.0016058628,-0.0062128260
2008-10-20,0.0495114171,0.1164560199,0.0399031155,0.0402297965,0.0496597521,0.0053958997,0.0082271137,0.0504852212,0.0842759096,0.0094596906,0.0489312910,0.0476849048
2008-10-21,-0.0304160256,-0.0454283270,-0.0523255724,-0.0029463629,-0.0088962795,-0.0111803773,-0.0093836913,-0.0421436635,-0.0316286052,-0.0345138896,-0.0308798300,-0.0307997117
2008-10-22,-0.0627401549,-0.0972218501,-0.0521473990,-0.0247507445,-0.0461034508,-0.0682947806,-0.0156509973,-0.0548050835,-0.0423903415,-0.0733899593,-0.0752542400,-0.0610124698
2008-10-23,-0.0102457811,0.0531674485,0.0226540393,-0.0231061940,0.0025666364,0.0000000000,0.0041839627,-0.0228664938,0.0239474134,-0.0155853234,-0.0014665538,0.0126340414
2008-10-24,-0.0648727290,-0.0622984611,-0.0468355880,-0.0034896282,-0.0575940244,-0.0572818406,-0.0499999679,-0.0430423868,-0.0265768998,-0.0641056678,-0.0416052026,-0.0345112005
2008-10-27,-0.0273058560,-0.0639178917,-0.0205842517,-0.0428012889,-0.0384788772,-0.0149329754,-0.0254379104,-0.0742356359,-0.0389519785,-0.0521352488,0.0020429036,-0.0317643578
2008-10-28,0.1570559251,0.1524721552,0.1389827377,0.0630078529,0.1026367764,0.0977524136,0.0688567437,0.1259435952,0.1007579136,0.1632528490,0.0945464678,0.1078900588
2008-10-29,-0.0616393650,0.0220850187,-0.0386904331,-0.0068837694,0.0042701898,0.0204759748,-0.0193689697,0.0410554504,-0.0320026585,-0.0397383953,-0.0032596739,-0.0110790771
2008-10-30,0.0349407251,0.0461260309,0.0371516770,0.0234894857,0.0361389079,0.0303312887,0.0420786981,0.0313884138,0.0558126467,0.0484550308,0.0315341678,0.0258039537
2008-10-31,0.0486156454,0.0208533081,-0.0059700368,0.0007520447,0.0332375212,0.0407609734,-0.0061812172,0.0113150110,-0.0265997186,0.0629524768,0.0278534067,0.0153653982
2008-11-03,0.0057954406,-0.0309337755,0.0000000000,0.0075187941,-0.0170772259,-0.0287204126,0.0153401575,-0.0046298488,0.0103771084,-0.0364275561,0.0277594019,-0.0025290449
2008-11-04,0.0563378340,0.0644449381,0.0420424092,0.0130595754,0.0436366136,0.0394257211,0.0147001766,0.0468994013,0.0188294671,0.0556096012,0.0394432083,0.0408258436
2008-11-05,-0.0915153427,-0.0447001820,-0.0605189949,-0.0147329611,-0.0418120762,-0.0551718489,-0.0177063096,-0.0418363084,-0.0184814709,-0.0965800009,-0.0682618370,-0.0526770872
2008-11-06,-0.0687121812,-0.0602171577,-0.0552145653,-0.0242989862,-0.0468686054,-0.0529196219,-0.0106512356,-0.0544821799,-0.0469018273,-0.0452685067,-0.0544488278,-0.0502639815
2008-11-07,0.0186247809,0.0472688802,0.0285710848,0.0126435595,0.0101737839,0.0173410345,0.0045547399,0.0163463277,0.0438218251,0.0592013742,0.0290260611,0.0288546384
2008-11-10,-0.0295359492,0.0034103918,-0.0107322203,-0.0071889511,0.0004195256,-0.0232008817,0.0028851092,0.0004021194,-0.0240878838,-0.0857359756,0.0031852969,-0.0126531632
2008-11-11,-0.0347832258,-0.0287887592,-0.0216975326,-0.0179110056,-0.0222311678,-0.0349004490,-0.0226052866,-0.0397914504,0.0000000000,-0.0127249878,-0.0256238973,-0.0220406754
2008-11-12,-0.0615610121,-0.0819264318,-0.0469667747,-0.0221190954,-0.0476187759,-0.0607736564,-0.0214471384,-0.0636242071,-0.0331456039,-0.0736895352,-0.0542241146,-0.0518939026
2008-11-13,0.0727999568,0.1174887737,0.0622865783,0.0535709745,0.0536031744,0.0780746367,0.0399657844,0.0813585628,0.0758571706,0.1107076761,0.0649608033,0.0692127081
2008-11-14,-0.0507083631,-0.0415331577,-0.0457478568,-0.0380407959,-0.0423255827,-0.0486110321,-0.0297520309,-0.0607691665,-0.0237288479,-0.0985839785,-0.0009240199,-0.0416991308
2008-11-17,-0.0636296123,-0.0207241819,-0.0283590738,-0.0172279498,-0.0200894823,-0.0286755976,-0.0132023172,-0.0206867351,-0.0017359594,-0.0078550740,-0.0404718683,-0.0258104165
2008-11-18,-0.0142616466,0.0280033671,0.0138984445,0.0067725590,0.0009112824,-0.0048309811,0.0069049446,-0.0112358115,-0.0107828022,-0.0401950604,-0.0161485250,0.0098383722
2008-11-19,-0.1046805105,-0.0517778234,-0.0555175804,-0.0403638477,-0.0646337627,-0.0641855795,-0.0257174464,-0.0599997466,-0.0214485029,-0.1205580904,-0.0690836705,-0.0611555759
2008-11-20,-0.1074147049,-0.1236843573,-0.0428158444,-0.0284532828,-0.0267642011,-0.0587896888,-0.0347564761,-0.0386847510,-0.0582105028,-0.0873014221,-0.0663160963,-0.0671229308
2008-11-21,0.0308840423,0.1116118521,0.0530708956,0.0012727216,0.0295006223,0.0685859606,0.0478582698,0.0110663373,0.0999617591,0.0826088667,0.0510147772,0.0632476034
2008-11-24,0.1518595490,0.0722646406,0.0489560419,0.0199239317,0.0500238431,0.0785094167,0.0126139367,0.0577115648,0.0100586782,0.1445775769,0.0831321026,0.0647225309
2008-11-25,0.0582964020,0.0159562299,0.0137268248,0.0066496299,0.0143388594,0.0127528361,0.0055846186,0.0366886461,0.0199182378,0.0271137051,0.0326812683,0.0065507767
2008-11-26,0.0466098570,0.0560038599,0.0311442273,0.0156902752,0.0314636195,0.0587616770,0.0128145435,0.0458260287,-0.0033671863,0.0456513852,0.0652120843,0.0353281208
2008-11-28,0.0251016085,-0.0160468833,0.0013129978,0.0130080586,0.0216620832,0.0153616414,0.0151833199,0.0043381540,0.0175673966,-0.0086126432,0.0175557363,0.0096431120
2008-12-01,-0.1666670424,-0.1064048281,-0.0721307458,-0.0513645037,-0.0822153963,-0.0873596529,-0.0552552503,-0.0846651093,-0.0664007993,-0.2061114529,-0.0809554925,-0.0892952436
2008-12-02,0.0815168749,0.0338307221,0.0353356092,0.0258036514,0.0462045931,0.0465241821,0.0145114088,0.0386976553,0.0259598640,0.1377357848,0.0640194966,0.0399406706
2008-12-03,0.0517086571,0.0006458650,0.0286689555,0.0239175282,0.0171250400,0.0357687987,0.0121378642,-0.0018178021,0.0173311081,0.0454394466,0.0303100560,0.0258361621
2008-12-04,-0.0108334151,-0.0692771826,-0.0404780319,-0.0189287243,-0.0199380471,0.0108535556,-0.0128482639,-0.0200269460,-0.0361157934,-0.0164973147,-0.0406149158,-0.0293084271
2008-12-05,0.0791909972,0.0208048143,0.0394196244,0.0340720623,0.0244120032,0.0292829217,0.0281993030,0.0185784124,0.0063628813,0.0964513981,0.0434783255,0.0364994175
2008-12-08,0.0671356319,0.0443840200,0.0465730192,0.0079396573,0.0260373792,0.0374579443,0.0059074740,0.0752396226,0.0161574004,0.0941456534,0.0385964223,0.0383873487
2008-12-09,-0.0402341860,0.0099738540,-0.0063573128,-0.0157538227,-0.0176346031,-0.0201097264,-0.0192956598,-0.0106021825,-0.0141726390,-0.0717938640,-0.0280830209,-0.0231175432
2008-12-10,-0.0175302018,0.0517391232,-0.0083170032,-0.0028011344,0.0161997369,0.0233212689,-0.0004276624,0.0308612709,0.0150774544,0.0663387272,0.0017381841,0.0118941874
2008-12-11,-0.0768044507,-0.0046955633,-0.0212903587,0.0060188158,-0.0430847924,-0.0423884829,-0.0111258282,-0.0432431076,-0.0079448461,-0.1442544871,-0.0331812373,-0.0285240466
2008-12-12,0.0193279735,-0.0098440040,0.0118652326,0.0019944413,0.0027011173,-0.0033319928,0.0012986448,0.0039111937,0.0062674919,0.0946035221,0.0033644566,0.0070284154
2008-12-15,-0.0412197282,-0.0057990546,-0.0110746541,-0.0019904714,-0.0004487925,-0.0033423331,-0.0008639958,-0.0021641100,-0.0155713530,-0.0284226839,-0.0395705980,-0.0126856801
2008-12-16,0.1117799204,0.0310417322,0.0520419692,0.0394893783,0.0494163803,0.0531864259,0.0233566014,0.0611708817,0.0340950410,0.1217915713,0.0570299726,0.0513602646
2008-12-17,-0.0092813626,-0.0064664955,-0.0194114753,-0.0061391994,0.0004279662,0.0054591798,-0.0050722560,0.0008180631,-0.0302509777,0.0252790519,-0.0006608038,-0.0095928621
2008-12-18,-0.0288831819,-0.0581650555,-0.0280971193,0.0073357581,-0.0350878726,-0.0280542225,0.0033987651,-0.0383990009,0.0084116203,-0.0788992266,-0.0096959768,-0.0211626832
2008-12-19,-0.0022029826,-0.0015414460,0.0086530836,0.0060926612,0.0110597564,-0.0041279083,-0.0081127873,-0.0205097258,0.0059485479,0.0495911758,-0.0064534036,0.0029368962
2008-12-22,-0.0351591964,-0.0297825511,-0.0137521299,-0.0068991310,-0.0155002438,-0.0268488194,0.0025830016,-0.0364359056,-0.0132958317,-0.0209397433,-0.0091735306,-0.0183020227
2008-12-23,-0.0237292611,0.0022403564,-0.0139441280,0.0003860473,-0.0031491801,-0.0106487316,-0.0081583334,-0.0036441460,-0.0113476604,-0.0075926115,-0.0041973676,-0.0097174623
2008-12-24,0.0217020174,-0.0038001745,0.0067339756,-0.0034717915,0.0063180173,0.0073386197,0.0086581305,0.0009141946,0.0050216515,0.0076509955,0.0014052978,0.0057811430
2008-12-26,0.0008488144,0.0134650511,-0.0013380443,0.0007736868,0.0076232851,0.0111705352,0.0008579543,0.0123348431,0.0021409984,0.0132167534,0.0156684747,0.0053561749
2008-12-29,-0.0084887207,0.0219220111,0.0006695151,-0.0015469754,-0.0186914869,-0.0192128508,-0.0021438999,-0.0180512341,0.0021370492,-0.0563418088,-0.0191113168,-0.0038725996
2008-12-30,0.0385275202,0.0242687102,0.0187421860,0.0193719487,0.0371877952,0.0377091526,0.0159007072,0.0271151349,0.0152803650,0.0452941526,0.0178409658,0.0244071130
2008-12-31,0.0321518418,0.0105772271,0.0124833901,0.0091221179,0.0240495634,0.0179328820,0.0097286461,0.0174488807,0.0161011409,0.0475523385,0.0336714462,0.0141583414
2009-01-02,0.0111825136,0.0498222438,0.0376376371,0.0203391799,0.0367203949,0.0500689918,0.0142440579,0.0364993940,0.0234239100,-0.0273979030,0.0194106340,0.0316080684
2009-01-05,-0.0165879862,0.0235291996,-0.0031266400,-0.0047986774,-0.0078256887,-0.0044150871,0.0041308043,0.0021212323,0.0141364919,-0.0196076043,-0.0170716638,-0.0046683576
2009-01-06,0.0160639154,0.0109101374,0.0232119561,-0.0163206981,0.0220009871,0.0168517749,-0.0148084859,0.0224389909,-0.0142707961,0.0495778161,0.0189272969,0.0078171329
2009-01-07,-0.0521737103,-0.0423973097,-0.0318820814,-0.0090494931,-0.0446789203,-0.0396862918,-0.0100212053,-0.0231881321,-0.0080812172,-0.0338165962,-0.0152973681,-0.0300096153
2009-01-08,-0.0041698191,0.0128794142,0.0069663718,0.0057071178,0.0097782603,0.0059038151,-0.0130747865,0.0139888429,-0.0050917607,-0.0044444402,0.0326226884,0.0033970727
2009-01-09,-0.0318259873,-0.0335778208,-0.0220126301,-0.0105937297,-0.0218945840,-0.0306998093,-0.0170938008,-0.0242475159,-0.0078465049,-0.0460377928,-0.0238550865,-0.0213030298
2009-01-12,-0.0527681211,-0.0394736996,-0.0180067218,-0.0130016904,-0.0219541135,-0.0237540758,0.0004344394,-0.0415596093,0.0003437455,-0.0582040494,-0.0297228625,-0.0225641224
2009-01-13,0.0136983014,0.0250422926,-0.0045839118,0.0085233457,-0.0171654538,-0.0128817994,0.0060843646,0.0053639277,-0.0189073458,0.0301234718,0.0029500862,0.0017580588
2009-01-14,-0.0576577503,-0.0478179402,-0.0302630711,-0.0142136427,-0.0371696085,-0.0391487425,-0.0220299720,-0.0373498740,-0.0122631642,-0.0518534827,-0.0350681080,-0.0334598741
2009-01-15,-0.0458889875,0.0125003742,0.0067839846,0.0070144378,0.0093026647,0.0246479653,0.0044167185,0.0295614170,0.0053207149,0.0289343561,-0.0014066245,0.0013291817
2009-01-16,-0.0300599716,0.0080137018,0.0067383535,0.0085137505,0.0055287922,0.0117815530,0.0092349425,0.0112156513,0.0197600764,0.0367743728,0.0061046877,0.0075615770
2009-01-20,-0.1652892439,-0.0532875361,-0.0408295465,-0.0241748525,-0.0462874246,-0.0587092528,-0.0117651545,-0.0563443422,-0.0173010118,-0.1081968055,-0.0387397373,-0.0528161021
2009-01-21,0.1472773401,0.0671813039,0.0481504645,0.0212344583,0.0254695406,0.0304121177,0.0048504452,0.0352609517,0.0112676253,0.0995986698,0.0403009869,0.0434912456
2009-01-22,-0.0614887949,-0.0274350493,-0.0226360192,0.0042356174,-0.0032810785,-0.0125062908,-0.0008777581,-0.0154405367,-0.0003482988,-0.0507594753,-0.0079349884,-0.0151623231
2009-01-23,0.0333334134,0.0290834915,0.0143049123,0.0000000000,-0.0300889691,-0.0030393018,-0.0096617390,0.0152216462,0.0020897267,0.0317000370,0.0089396593,0.0053776583
2009-01-26,-0.0177979794,0.0184870729,0.0120886606,-0.0053678511,0.0116332311,0.0071144488,0.0066520642,-0.0118127093,0.0239836015,-0.0083797847,0.0242482006,0.0055532124
2009-01-27,0.0351075403,0.0016692616,0.0059720553,0.0208173723,0.0182076781,-0.0030279293,0.0052866201,0.0073560709,0.0047522703,0.0181533155,-0.0116096116,0.0109255825
2009-01-28,0.1280090419,0.0272858167,0.0283642133,0.0154830412,0.0287063418,0.0425099733,0.0100788327,0.0282976492,0.0064188608,0.0796187343,0.0214188690,0.0335576074
2009-01-29,-0.0785644480,-0.0352796680,-0.0295062387,-0.0141314215,-0.0365963981,-0.0402907375,-0.0086772414,-0.0270752825,-0.0073854643,-0.0783029873,-0.0347243108,-0.0331201722
2009-01-30,-0.0273684367,-0.0138717443,-0.0297418654,-0.0105621469,-0.0213678562,-0.0247852264,-0.0306343077,-0.0392334086,-0.0199521687,-0.0318198339,-0.0168182651,-0.0227891349
2009-02-02,0.0000000000,-0.0159842688,0.0156671560,0.0064812646,-0.0228045779,-0.0093363684,-0.0085782918,-0.0142451402,0.0055209672,0.0063822252,0.0218576305,-0.0005327680
2009-02-03,-0.0183980117,0.0173273448,0.0201209604,0.0257575271,0.0183717332,0.0282725762,0.0218584477,0.0192680400,0.0044611183,-0.0038050725,0.0127879602,0.0158339883
2009-02-04,-0.0110255664,0.0093673382,-0.0006575859,-0.0044309872,-0.0053634592,-0.0218948740,-0.0271840299,0.0122875556,0.0075161332,-0.0235517156,-0.0199721660,-0.0074895102
2009-02-05,0.0156072516,0.0244672020,0.0157893561,0.0085307871,0.0117643291,0.0187407931,0.0142003720,0.0266106325,0.0071216907,-0.0153197053,0.0161628795,0.0163656627
2009-02-06,0.0746436391,0.0185303904,0.0343264950,0.0080915134,0.0242249312,0.0286150269,0.0171639286,0.0300132951,0.0063963010,0.0685203673,0.0198250060,0.0268960225
2009-02-09,0.0112360869,0.0036387334,0.0025047155,-0.0029189909,0.0189221755,-0.0029806540,-0.0097685874,-0.0035319506,-0.0056867873,0.0136308800,-0.0022605284,0.0014851935
2009-02-10,-0.1020205892,-0.0465257372,-0.0405995215,-0.0332966212,-0.0524610337,-0.0473337925,-0.0322875060,-0.0447495867,-0.0282641121,-0.0858802504,-0.0405527144,-0.0491212001
2009-02-11,0.0483692567,-0.0114070768,0.0019531005,0.0124904192,0.0078392831,0.0078450719,0.0055608543,0.0000000000,-0.0031158044,0.0254097107,-0.0016530528,0.0079549510
2009-02-12,-0.0128754369,0.0017095664,0.0045483250,0.0115886767,-0.0111811745,0.0015562226,0.0092168605,0.0166973105,-0.0086840412,-0.0146722873,0.0056763184,0.0017391660
2009-02-13,-0.0380436752,0.0023462772,-0.0045277314,-0.0151515657,0.0000000000,-0.0160619413,-0.0155257126,-0.0150541038,-0.0059567647,-0.0598941973,0.0110538131,-0.0099976958
2009-02-17,-0.0994352081,-0.0691637882,-0.0415855244,-0.0172603391,-0.0506389763,-0.0379146099,-0.0143781358,-0.0435384799,-0.0433555032,-0.0630064197,-0.0481507180,-0.0455590474
2009-02-18,0.0000000000,-0.0057152755,0.0006778488,-0.0003818214,0.0015530494,-0.0065677510,0.0051763454,-0.0058114401,-0.0151068187,0.0041324408,-0.0183285029,-0.0009503656
2009-02-19,-0.0526976280,0.0002299312,-0.0243897801,-0.0019101319,-0.0222332426,-0.0104685215,0.0126404317,-0.0102293502,0.0044894362,-0.0385332724,0.0042316456,-0.0120240236
2009-02-20,-0.0145694994,-0.0257474539,0.0097217911,-0.0103328538,-0.0153360523,-0.0066818394,-0.0152567163,0.0078742946,-0.0227188902,0.0642023181,0.0091726404,-0.0114129646
2009-02-23,-0.0349461561,-0.0467197568,-0.0460798450,-0.0197216900,-0.0386675786,-0.0224209159,-0.0258214096,-0.0605472118,-0.0240090706,-0.0760513638,-0.0319334146,-0.0346990080
2009-02-24,0.1211701225,0.0470292441,0.0266765305,0.0145956259,0.0217872064,0.0435776622,0.0192772335,0.0317048911,0.0288948630,0.0823112463,0.0393302444,0.0401033146
2009-02-25,-0.0062112985,-0.0059098384,0.0091291553,-0.0202178417,-0.0240566986,-0.0093406357,-0.0094556016,-0.0151133447,-0.0064513105,-0.0252286678,-0.0017091501,-0.0106578240
2009-02-26,0.0162501109,0.0023779730,-0.0104386183,-0.0499996419,-0.0173668668,-0.0210761977,-0.0219572971,0.0010231780,-0.0164250176,-0.0423850218,-0.0051357600,-0.0157798496
2009-02-27,-0.0651908082,-0.0241991450,-0.0070324883,-0.0401006202,-0.0250854184,-0.0067985941,-0.0063448500,-0.0102194123,-0.0155338210,-0.0152766842,0.0009831393,-0.0235644034
2009-03-02,-0.0631573127,-0.0731826627,-0.0240791699,-0.0430806558,-0.0654970334,-0.0376498123,-0.0191552659,-0.0665986116,-0.0315582022,-0.0700082355,-0.0510804280,-0.0466201666
2009-03-03,-0.0196635132,0.0049842038,-0.0094332052,-0.0022739737,-0.0075095600,-0.0077060336,-0.0120187311,0.0038725565,-0.0358452550,0.0038500914,-0.0163041603,-0.0064067666
2009-03-04,-0.0128941156,0.0477683103,0.0263734584,0.0287147624,0.0277428065,0.0221029972,0.0192605642,0.0347109345,0.0092940504,0.0264169274,0.0457770494,0.0237530734
2009-03-05,-0.0943392915,-0.0440959691,-0.0306928839,-0.0265837120,-0.0386501007,-0.0467562367,-0.0228742489,-0.0324818175,-0.0284637144,-0.0643422607,-0.0432704791,-0.0425323096
2009-03-06,-0.0096155672,0.0109465212,0.0051553442,0.0145652935,-0.0108491322,0.0006128111,0.0030535952,0.0126579589,-0.0012924993,-0.0146409091,-0.0049955547,0.0012160532
2009-03-09,0.0129452321,0.0018044503,-0.0315020084,-0.0183938377,-0.0090322114,-0.0128675469,-0.0152207973,-0.0119564376,-0.0189814926,0.0211614810,-0.0335627863,-0.0100236699
2009-03-10,0.1485622250,0.0506950523,0.0574887029,0.0361061554,0.0755208606,0.0614523342,0.0185473239,0.0555562914,0.0131925124,0.1322750974,0.0664479553,0.0636630222
2009-03-11,0.0264253109,-0.0041638924,0.0221738751,-0.0180858537,0.0096853749,0.0157895500,-0.0010120735,0.0302236618,-0.0017360474,-0.0171337396,0.0051282926,0.0024458169
2009-03-12,0.1029812723,0.0300049548,0.0286914056,0.0489666389,0.0323738924,0.0368451765,0.0258234081,0.0247848726,0.0130434564,0.0788427668,0.0443875376,0.0407286313
2009-03-13,0.0061427219,-0.0090738388,0.0000000000,0.0334048391,0.0017422396,0.0116598340,0.0148071402,0.0044420229,0.0137338527,-0.0212999258,0.0107479276,0.0077390277
2009-03-16,-0.0195364856,0.0127710404,-0.0088433194,-0.0107749733,0.0110144789,-0.0235997944,0.0155639015,0.0157251007,0.0270956530,-0.0735457097,-0.0038665609,-0.0035159252
2009-03-17,0.0647575107,0.0344992928,0.0363761011,0.0155002650,0.0292430749,0.0483414126,0.0186783756,0.0087080935,0.0156635758,0.0745239460,0.0327507237,0.0321399408
2009-03-18,0.1005842614,0.0101200723,0.0139074301,0.0016506818,0.0189413527,0.0316354446,-0.0051714790,0.0292567569,0.0324673410,0.0516397179,0.0256052155,0.0208579404
2009-03-19,-0.0797022027,0.0241344662,0.0026125335,-0.0243004500,-0.0098410195,-0.0109148600,-0.0127598332,0.0093194441,0.0145437714,-0.0569896400,-0.0029776004,-0.0129791627
2009-03-20,-0.0506180676,-0.0391065208,-0.0152557079,0.0002552502,-0.0304962080,-0.0199707941,-0.0094862068,-0.0176040402,-0.0069721573,-0.0744965417,-0.0186078630,-0.0197694001
2009-03-23,0.1646191641,0.0823260137,0.0591756322,0.0365182313,0.0724559326,0.0706203887,0.0437530084,0.0591015462,0.0386584791,0.1498983156,0.0634360873,0.0707575486
2009-03-24,-0.0485232517,-0.0189084149,-0.0163217417,-0.0131097237,-0.0080433189,-0.0130914062,-0.0046570448,-0.0040173005,-0.0216483483,-0.0714287885,-0.0292757603,-0.0204150928
2009-03-25,0.0332596975,-0.0048181720,0.0057432612,0.0066418294,0.0081085385,0.0071428752,0.0098262639,0.0089642882,-0.0003880529,0.0138830696,0.0113380293,0.0096263705
2009-03-26,0.0118026095,0.0085828969,0.0260156310,0.0111340964,0.0536190165,0.0460991077,0.0111214152,0.0399822407,0.0120391625,0.0248251345,0.0150224308,0.0233203671
2009-03-27,-0.0307532194,-0.0296753118,-0.0216450136,-0.0106039855,-0.0188294130,-0.0266346091,-0.0096243168,-0.0217859453,-0.0099771520,-0.0401210347,-0.0101612979,-0.0203155191
2009-03-30,-0.0864334252,-0.0371038151,-0.0309735154,-0.0057699536,-0.0497926179,-0.0298507831,-0.0217496892,-0.0344973457,-0.0197671392,-0.0548107419,-0.0332514751,-0.0348187036
2009-03-31,0.0550900753,-0.0084068647,0.0189172840,0.0037308354,0.0060048140,0.0076927712,-0.0018913225,0.0045225646,0.0102805801,0.0621613071,0.0080793707,0.0131296147
2009-04-01,0.0283769415,0.0211964431,0.0281688044,-0.0004131493,0.0222462030,0.0183203133,0.0170609330,0.0202614930,0.0039140522,-0.0090343798,0.0325163518,0.0165566095
2009-04-02,0.0275939985,0.0410516257,0.0261520734,0.0041326716,0.0536094190,0.0549726333,0.0209692405,0.0375108978,0.0128652564,0.0661912744,0.0385898478,0.0287271136
2009-04-03,0.0408160004,0.0194949244,0.0139559730,-0.0164612808,0.0010073838,0.0132638915,-0.0041072404,0.0127603938,0.0065431717,0.0895914716,0.0115310343,0.0097317710
2009-04-06,-0.0268314973,-0.0202088816,-0.0101729848,0.0096235442,0.0025162899,-0.0140254243,0.0027496156,-0.0176397420,-0.0084123625,-0.0160358881,-0.0069663747,-0.0083323674
2009-04-07,-0.0296926559,-0.0299400130,-0.0278116289,-0.0111896782,-0.0286147501,-0.0293975502,-0.0182816185,-0.0342027510,-0.0046290471,-0.0752423812,-0.0291246672,-0.0238545425
2009-04-08,0.0054644818,0.0128028377,0.0149251551,0.0067059619,0.0087856962,0.0283337915,0.0083801252,0.0115098310,0.0096871735,0.0209969059,0.0035036581,0.0117834412
2009-04-09,0.1554349133,0.0293452950,0.0251230075,0.0045796313,0.0491801474,0.0408550328,0.0004616193,0.0433262245,0.0003833857,0.1193543469,0.0336026606,0.0380532569
2009-04-13,0.0423328726,-0.0109648225,0.0000000000,0.0078738443,0.0029302163,0.0004564832,-0.0027688592,0.0130033175,-0.0130421011,0.0127949029,-0.0027447428,0.0025333694
2009-04-14,-0.0658843605,-0.0026605463,-0.0107592422,-0.0045229286,-0.0146059016,-0.0223537025,-0.0138823835,-0.0186337986,-0.0128254003,-0.0819562396,-0.0264604276,-0.0200644916
2009-04-15,0.0483090287,0.0013335635,-0.0030208984,0.0057830323,0.0093880558,0.0032666225,0.0178317114,0.0236287419,0.0094489590,0.0818627873,0.0139162803,0.0125490167
2009-04-16,0.0110601156,0.0046627306,0.0296970217,0.0045170387,0.0337732475,0.0348833892,0.0133704830,0.0004119550,0.0070202824,0.0407694989,0.0109370922,0.0155388004
2009-04-17,0.0127619045,0.0117125084,-0.0017662471,0.0114474329,-0.0004737470,0.0121347963,0.0050044403,0.0074168966,-0.0015492094,0.0100283483,-0.0008484692,0.0049693608
2009-04-20,-0.1116112249,-0.0484923160,-0.0318395846,-0.0194021851,-0.0440546235,-0.0381882027,-0.0194656555,-0.0462168404,-0.0112489769,-0.1070432731,-0.0420384948,-0.0427897447
2009-04-21,0.0739616153,0.0197430514,0.0170526623,-0.0094804242,0.0242812552,0.0166202319,0.0101568193,0.0201542511,0.0035308311,0.0913830464,0.0144060761,0.0212520599
2009-04-22,-0.0358493021,-0.0105812033,0.0047903242,-0.0108192555,0.0154813373,0.0099913906,-0.0132534713,0.0046238057,-0.0105550211,-0.0337471952,-0.0015294150,-0.0076816643
2009-04-23,0.0469667665,0.0186573541,0.0047673435,0.0008412703,0.0109573869,0.0000000000,0.0000000000,0.0025109179,0.0035555984,0.0415159199,-0.0004372427,0.0099223463
2009-04-24,0.0224301082,0.0290373010,0.0142349534,-0.0012617604,0.0207355230,0.0247299965,-0.0041693806,0.0475789946,-0.0015743482,0.0528312679,0.0100700338,0.0167973493
2009-04-27,-0.0164529632,-0.0188840060,-0.0046782009,0.0109431756,-0.0198522377,-0.0131638367,0.0060467026,-0.0219128523,0.0070975859,-0.0564903893,0.0000000000,-0.0100665769
2009-04-28,-0.0306696696,0.0022121061,-0.0005875941,0.0037466898,-0.0117754781,0.0000000000,0.0046232292,-0.0052950688,0.0039153140,0.0108281645,0.0019503416,-0.0027405355
2009-04-29,0.0431450160,0.0275937753,0.0111698651,0.0037330234,0.0333649094,0.0182306239,0.0165668640,0.0225228189,0.0074106252,0.0396971467,0.0149251716,0.0216100403
2009-04-30,-0.0137866924,-0.0165414021,0.0029072942,-0.0008261107,0.0036902552,0.0170303096,-0.0040741845,0.0280331999,0.0007742710,0.0000000000,0.0012789634,-0.0009500676
2009-05-01,-0.0074558946,0.0323288393,0.0133328673,-0.0016543294,0.0110296378,-0.0047230776,0.0040908514,0.0023373567,0.0263057191,-0.0339394687,0.0072371918,0.0053963887
2009-05-04,0.1014083314,0.0399916247,0.0183066904,0.0165701767,0.0327263185,0.0323553888,0.0153918840,0.0563551314,0.0150769629,0.0865750235,0.0270495867,0.0338681398
2009-05-05,-0.0144922691,-0.0134282096,-0.0061795618,0.0114096915,0.0030814742,-0.0004175557,-0.0084710985,-0.0058871110,-0.0018567408,-0.0334878426,0.0059673125,-0.0037917227
2009-05-06,0.0795844674,0.0387707885,0.0056529180,-0.0060436914,0.0157963531,0.0104512432,0.0062950884,0.0040712746,-0.0059521454,0.0334532971,0.0073635594,0.0174043391
2009-05-07,-0.0288457984,-0.0129049309,-0.0382239419,0.0202678207,-0.0203023963,-0.0219279818,0.0040215267,-0.0328051899,0.0052396290,-0.0578037468,-0.0168529880,-0.0132024124
2009-05-08,0.0742567460,0.0426391996,-0.0011689368,0.0166864718,0.0365956283,0.0148056061,0.0129063495,0.0213414046,0.0145194390,0.0677918375,0.0107396477,0.0240689951
2009-05-11,-0.0583717177,-0.0304784134,0.0029257269,-0.0171941415,-0.0297743511,-0.0175072425,-0.0048334679,-0.0145522747,-0.0044037340,-0.0293022024,-0.0042914401,-0.0215124250
2009-05-12,-0.0212071452,0.0063667247,-0.0052506238,0.0163020335,-0.0109597603,-0.0212138763,0.0119209666,0.0098448151,0.0070032441,-0.0159810500,-0.0008203354,-0.0009788556
2009-05-13,-0.0508331745,-0.0330170034,-0.0252203291,-0.0023475673,-0.0412235485,-0.0351100343,-0.0183245630,-0.0431194430,-0.0267204117,-0.0679699669,-0.0367637423,-0.0268949120
2009-05-14,0.0333626858,0.0028622788,0.0108308899,0.0011765457,0.0073970237,0.0013475988,0.0035551509,0.0086207147,-0.0007520104,0.0319455154,0.0127935721,0.0103516433
2009-05-15,-0.0203912029,-0.0214065326,0.0000000000,-0.0078340522,0.0004588778,-0.0071786853,-0.0093003139,0.0034964456,-0.0237105973,-0.0328326452,-0.0117896949,-0.0114100825
2009-05-18,0.0659153343,0.0345831573,0.0273808513,0.0098698105,0.0366972521,0.0492551059,0.0210104239,0.0286487873,0.0000000000,0.0750079990,0.0247125513,0.0303892001
2009-05-19,-0.0203421315,0.0048333561,0.0057935408,-0.0074280181,-0.0075226147,-0.0038755507,0.0056912809,0.0116672632,0.0181186097,-0.0159395865,-0.0004157107,-0.0017368360
2009-05-20,-0.0265779407,0.0034067960,-0.0103683733,0.0039389793,0.0008923922,-0.0108093204,0.0013069384,0.0044642807,-0.0181746042,-0.0116140239,-0.0031199809,-0.0051314615
2009-05-21,0.0017065395,-0.0295588868,-0.0174623921,-0.0090233525,-0.0302895053,-0.0236016463,-0.0091314695,-0.0222221973,-0.0119555830,0.0018554849,-0.0237848097,-0.0167575615
2009-05-22,-0.0068140546,0.0004115410,0.0035544500,0.0011877244,-0.0036750598,0.0107437757,0.0061438368,-0.0037882218,0.0081967546,-0.0212963040,-0.0044879314,-0.0014972106
2009-05-26,0.0325895889,0.0211886484,0.0259739038,0.0090946115,0.0364221856,0.0336580710,0.0126468359,0.0239547195,0.0290357666,0.0517185521,0.0358520238,0.0263021613
2009-05-27,-0.0298997786,-0.0108775794,-0.0097811579,-0.0101882685,-0.0324733532,-0.0218511367,-0.0254091742,-0.0375046159,-0.0203158339,-0.0332828750,-0.0099479713,-0.0189711634
2009-05-28,0.0282528911,0.0331971338,0.0145260726,0.0051462645,0.0096555511,-0.0039423770,0.0106053997,0.0177470344,0.0207371259,0.0189204033,0.0127698028,0.0154189187
2009-05-29,0.0183181293,0.0187265873,0.0108819850,0.0173299948,0.0241348848,0.0167104258,0.0109317673,0.0299466650,0.0071484177,0.0273972702,0.0057873968,0.0135747575
2009-06-01,0.0106296814,0.0367651472,0.0283288608,0.0065817489,0.0462425794,0.0480107766,0.0198957247,0.0305485869,0.0321253606,0.0420739726,0.0137687930,0.0258175905
2009-06-02,-0.0161812346,-0.0026132991,-0.0022038465,0.0061542043,0.0016995542,0.0082546295,0.0101781902,0.0100002171,-0.0119436978,-0.0147853200,0.0095275579,0.0019833011
2009-06-03,-0.0131578594,-0.0385475987,-0.0110436371,-0.0022940168,-0.0195161860,-0.0130993161,-0.0050380108,-0.0343000852,-0.0168499695,-0.0023087859,-0.0136539832,-0.0137392093
2009-06-04,0.0358332235,0.0225762723,0.0139582663,-0.0137930974,0.0181742066,0.0020737579,0.0016884393,0.0230685967,0.0093148370,0.0295055343,0.0038676317,0.0114836568
2009-06-05,-0.0088492024,-0.0081836831,0.0099122154,0.0019423600,0.0084996757,-0.0062084967,-0.0050551780,-0.0143165048,0.0011074518,-0.0126444337,0.0022308031,-0.0025146903
2009-06-08,0.0073055565,-0.0023032141,-0.0059975467,-0.0108566861,0.0025287342,0.0091630878,0.0038104056,-0.0050836753,-0.0062683193,-0.0036995107,-0.0133552478,-0.0010105545
2009-06-09,0.0072519314,0.0098099160,0.0043881524,-0.0050963310,-0.0021020555,0.0057778803,-0.0088566836,0.0178830760,-0.0025977135,0.0011429109,0.0038968637,0.0035031816
2009-06-10,-0.0152003554,0.0089523285,0.0027309157,-0.0043339267,-0.0063183400,-0.0147724150,-0.0110640439,0.0010759000,0.0156249385,-0.0191156535,0.0004084920,-0.0034803309
2009-06-11,0.0081241255,0.0200109843,0.0038126343,0.0106847789,-0.0016957903,-0.0049981015,0.0043028139,0.0139681205,0.0194143799,-0.0186150454,0.0157241560,0.0061118992
2009-06-12,0.0064459761,-0.0096243937,-0.0027130038,0.0035235056,0.0016986709,-0.0012552588,0.0077119734,-0.0102433495,0.0125766138,0.0281559260,0.0038194239,0.0013969957
2009-06-15,-0.0256206133,-0.0265371730,-0.0103373558,-0.0308226883,-0.0305216553,-0.0201172942,-0.0242345268,-0.0335474593,-0.0202278721,-0.0449695150,-0.0178245691,-0.0237685617
2009-06-16,-0.0172554454,-0.0213087165,-0.0126447943,0.0040253661,-0.0183642378,-0.0252352044,-0.0130720193,-0.0269574198,-0.0068815564,-0.0141866916,-0.0095838985,-0.0127203053
2009-06-17,-0.0292642837,-0.0162810696,0.0055686728,0.0228549703,-0.0075725231,0.0140410324,0.0101546587,-0.0113847711,0.0029180013,-0.0140849274,0.0016469770,-0.0013815682
2009-06-18,0.0241175010,-0.0037886197,-0.0044300551,0.0192081348,0.0008978081,-0.0030284390,0.0183564051,0.0084451101,0.0225453049,0.0049692275,0.0100719635,0.0084109903
2009-06-19,0.0178370831,-0.0099789437,0.0123465193,0.0081172572,0.0021672050,0.0081946497,-0.0100760824,-0.0023342354,-0.0119775635,0.0108160095,-0.0038666165,0.0031141973
2009-06-22,-0.0581393721,-0.0499896511,-0.0248339885,-0.0180216127,-0.0333338995,-0.0298319766,-0.0039323219,-0.0506329021,-0.0029116498,-0.0510547236,-0.0049029113,-0.0306003963
2009-06-23,0.0114643680,0.0059894132,0.0005661306,-0.0031238257,-0.0093194968,-0.0102498327,-0.0061402995,0.0129287108,-0.0087627746,0.0086982276,0.0028742075,0.0023067249
2009-06-24,0.0122046489,0.0040397913,0.0141405991,0.0050928478,0.0065852077,0.0058540835,0.0026476916,0.0099723342,0.0084714012,0.0164381369,0.0045033950,0.0065244409
2009-06-25,0.0215338154,0.0209655887,0.0145004865,0.0276689917,0.0308415320,0.0349143972,0.0171654460,0.0213272969,0.0168006042,0.0159491555,0.0230284382,0.0214442774
2009-06-26,0.0050588521,-0.0066372882,-0.0016497080,0.0000000000,-0.0040801723,-0.0069204968,-0.0034610793,-0.0015467870,-0.0035911757,0.0087910063,-0.0053787982,-0.0014778273
2009-06-29,0.0125841363,0.0093963721,0.0104634227,0.0060673954,0.0100131326,0.0126310678,0.0060789736,0.0089078566,0.0129769553,0.0024896941,0.0088127418,0.0090651386
2009-06-30,-0.0099420640,-0.0059990126,-0.0076303585,-0.0082925719,-0.0103644296,-0.0073127707,-0.0077685608,-0.0095970649,-0.0074730574,0.0065199043,-0.0129042759,-0.0085307565
2009-07-01,-0.0058573452,0.0008325008,0.0043935621,0.0026606001,0.0040983958,0.0064996722,0.0169635119,0.0023256825,0.0129078440,0.0098707262,0.0006030833,0.0043619303
2009-07-02,-0.0345117445,-0.0401334438,-0.0251500268,-0.0238818608,-0.0312928835,-0.0404646890,-0.0209577761,-0.0274554159,-0.0286728065,-0.0455099149,-0.0241202410,-0.0291445460
2009-07-06,0.0008709819,-0.0101816863,-0.0028039121,0.0077671051,0.0004685027,0.0049352694,0.0205327553,-0.0079524853,0.0058311656,0.0207998027,-0.0032959872,0.0025657480
2009-07-07,-0.0156791294,-0.0256071170,-0.0247472957,-0.0038535719,-0.0341602969,-0.0267863323,-0.0124143320,-0.0284571272,-0.0199276253,-0.0369905584,-0.0216987130,-0.0196834854
2009-07-08,-0.0168141567,0.0002242564,0.0005767669,0.0092844689,-0.0038757848,0.0082570873,0.0043347644,0.0008253067,-0.0044365862,-0.0097657182,-0.0120407942,-0.0016685376
2009-07-09,0.0126009807,0.0103301001,0.0063396780,-0.0126481462,0.0092409715,0.0072792167,-0.0073369814,0.0078318615,0.0003716604,-0.0161078104,0.0032073711,0.0035472226
2009-07-10,-0.0133330313,-0.0071132087,0.0040094161,-0.0046585500,-0.0014456909,-0.0018064940,-0.0047826599,-0.0057260708,-0.0011132295,-0.0016706180,-0.0004263990,-0.0040218288
2009-07-13,0.0639639595,0.0152234614,0.0188244956,0.0175504810,0.0255791594,0.0162892517,0.0179112074,0.0304401973,0.0174650069,0.0394914865,0.0147123102,0.0249337217
2009-07-14,-0.0042334914,0.0134506943,0.0011196815,0.0045995303,0.0145882890,0.0155838127,0.0030042669,0.0075848688,0.0076702634,0.0115904939,0.0000000000,0.0053160636
2009-07-15,0.0425165155,0.0354658815,0.0374723154,0.0087757684,0.0310762658,0.0276197308,0.0162607754,0.0392234240,0.0199343495,0.0343727613,0.0239545084,0.0296299181
2009-07-16,-0.0032621470,0.0121871072,0.0145552436,0.0064292839,0.0184434809,0.0123720022,0.0067367006,0.0095309987,0.0003556183,0.0129230377,0.0002054491,0.0086417610
2009-07-17,-0.0065470716,0.0058131269,0.0095643064,-0.0030066234,-0.0114841727,0.0016854509,0.0008361291,0.0049094071,-0.0046179200,-0.0233899325,0.0036930546,-0.0003826619
2009-07-20,0.0082374794,0.0171309549,0.0089471956,0.0022613834,0.0201072973,0.0210351581,0.0029253632,0.0214208334,0.0074945135,0.0323476522,0.0110379507,0.0114315489
2009-07-21,-0.0089867558,0.0087255428,0.0057385389,0.0146674570,0.0004380494,0.0000000000,-0.0012497108,0.0117732336,0.0099183312,-0.0021087951,0.0080879269,0.0036272772
2009-07-22,0.0008239830,-0.0090524165,0.0057055484,-0.0037064557,0.0030646595,0.0070043687,0.0004169236,0.0029088852,-0.0052608331,0.0009061699,0.0018051586,-0.0005342766
2009-07-23,0.0288303957,0.0284208681,0.0195975583,0.0200897196,0.0209511241,0.0233216775,0.0137611159,0.0340830937,0.0260926586,0.0346905973,0.0210209199,0.0232896648
2009-07-24,-0.0056041063,0.0104618789,-0.0060696487,0.0175050661,0.0008554598,-0.0007995019,0.0090506837,0.0080641602,0.0158079292,0.0087464421,-0.0019608978,0.0030421615
2009-07-27,0.0161025157,0.0033203240,0.0000000000,-0.0007168106,0.0055529952,0.0040018363,-0.0036692333,0.0020872376,-0.0023683516,0.0187862468,-0.0021610103,0.0029818260
2009-07-28,-0.0023771628,-0.0146025166,0.0020354298,0.0068151796,-0.0008493410,-0.0031889330,0.0012271497,-0.0083308955,-0.0162766173,-0.0039717772,0.0039376876,-0.0026064444
2009-07-29,0.0000000000,-0.0231177502,-0.0010158597,-0.0007127417,-0.0046769610,-0.0051976548,0.0053125912,-0.0210010088,-0.0048256791,-0.0142406523,-0.0025495600,-0.0045629639
2009-07-30,0.0230345196,0.0139559543,0.0050840389,0.0014260455,0.0162327958,0.0156753790,-0.0012194755,0.0303897891,0.0152403708,0.0349605405,0.0110102873,0.0118955805
2009-07-31,0.0100927670,0.0097752587,-0.0035407592,-0.0078318546,0.0037828037,0.0000000000,-0.0020350636,0.0104095111,-0.0126237379,0.0008379589,-0.0099181531,0.0007397826
2009-08-03,0.0253651129,0.0256807790,0.0137052668,0.0060998589,0.0217755754,0.0205776284,0.0012237005,0.0353708497,0.0100206109,0.0198045137,0.0094290594,0.0153421079
2009-08-04,0.0202402162,-0.0017333178,-0.0030040133,0.0024965373,0.0073768985,0.0042653149,0.0016292171,-0.0036483714,-0.0147107893,0.0475929856,0.0033076941,0.0030120977
2009-08-05,0.0345333775,-0.0100324542,-0.0090411116,-0.0142305561,-0.0081368156,-0.0084942172,-0.0065070050,0.0079894212,-0.0069440108,0.0404701357,-0.0108611241,-0.0029135918
2009-08-06,-0.0071025969,-0.0081855564,-0.0070956354,-0.0072174420,0.0053327049,-0.0007786423,-0.0102331379,-0.0082563013,0.0017481118,-0.0062741456,-0.0194117070,-0.0056246547
2009-08-07,0.0264663517,-0.0011792572,0.0102095403,0.0043621141,0.0248875370,0.0327353292,0.0041357124,0.0059941749,0.0094241214,0.0464650764,0.0053983563,0.0134392056
2009-08-10,-0.0041804946,0.0043283333,-0.0045479068,0.0079627068,-0.0095541541,-0.0090560916,0.0008238228,-0.0132410699,0.0020744992,-0.0197878443,-0.0017894271,-0.0033449499
2009-08-11,-0.0370895567,-0.0144954829,-0.0142129388,-0.0014367440,-0.0132638167,-0.0106629952,0.0000000000,-0.0023482466,0.0006901471,-0.0295423110,-0.0151425706,-0.0126601135
2009-08-12,0.0203488533,0.0107329780,0.0200819059,0.0053938915,0.0175148501,0.0073131785,-0.0004111375,0.0090789864,0.0048281715,0.0065958344,0.0121381945,0.0115251393
2009-08-13,0.0206552061,0.0121932996,0.0045433771,-0.0010727718,0.0044039249,0.0026748954,0.0057629533,0.0183274113,-0.0034326110,0.0047885625,0.0017992442,0.0068800101
2009-08-14,-0.0062797151,-0.0147664292,-0.0095477466,0.0000000000,-0.0143481608,-0.0137193174,-0.0012276528,-0.0251968562,0.0000000000,-0.0090294505,-0.0101757297,-0.0085313497
2009-08-17,-0.0421350703,-0.0323404221,-0.0238459363,-0.0039386340,-0.0295189784,-0.0316845250,-0.0102458398,-0.0379320747,-0.0137739559,-0.0501138489,-0.0203589850,-0.0242608190
2009-08-18,0.0205274005,0.0099859475,0.0150726236,-0.0007185053,0.0120834895,0.0111731257,0.0016558896,0.0150037933,0.0020952008,0.0122570591,0.0039094670,0.0101456551
2009-08-19,-0.0007179690,0.0185632582,0.0025604562,0.0140284032,0.0028819295,0.0102604840,0.0066144805,0.0130625959,0.0073167044,-0.0073705433,0.0067642989,0.0068609124
2009-08-20,0.0258804739,0.0085183816,0.0112355285,0.0070949988,0.0123153419,0.0074216396,0.0049282315,0.0020365218,0.0083015834,0.0405730670,0.0109932258,0.0109487314
2009-08-21,0.0196215931,0.0282846245,0.0146472350,0.0102145839,0.0259531009,0.0205506157,0.0110341421,0.0264131932,0.0195544913,0.0221711590,0.0173177690,0.0186227601
2009-08-24,-0.0075598302,0.0127983131,-0.0029873747,0.0069735135,0.0019761058,-0.0072191532,0.0004044355,-0.0079178926,0.0016822922,-0.0057343641,0.0007913778,-0.0005457969
2009-08-25,0.0124650627,-0.0152767739,0.0024963028,0.0000000000,0.0055227417,0.0103333903,0.0016154414,-0.0049886679,-0.0063820661,0.0110333863,0.0142406848,0.0023694666
2009-08-26,-0.0027361031,0.0045963786,0.0044827030,0.0003466407,-0.0102002459,0.0056816619,0.0032278030,-0.0036764178,-0.0010141061,0.0044640461,0.0118958453,0.0001167268
2009-08-27,0.0102879944,-0.0030498964,0.0019830138,-0.0003465206,0.0091159115,0.0018833057,0.0000000000,0.0070446479,0.0000000000,0.0079012070,-0.0057820050,0.0027817622
2009-08-28,0.0013578356,-0.0021038660,0.0034630815,-0.0072712430,-0.0054988824,0.0003758118,-0.0040210894,0.0063295114,-0.0023697335,0.0066139284,-0.0096915153,-0.0019883284
2009-08-31,-0.0033897712,-0.0193563092,-0.0128197434,-0.0017438526,-0.0118480001,-0.0169111807,0.0020183877,-0.0132410699,-0.0084800614,-0.0124111083,-0.0121353993,-0.0080764077
2009-09-01,-0.0537412640,-0.0173925681,-0.0204800589,-0.0160727712,-0.0167864375,-0.0179659949,-0.0092667449,-0.0295202369,-0.0078683433,-0.0510103764,-0.0215969353,-0.0221238239
2009-09-02,-0.0086272798,-0.0073590292,0.0020402518,0.0021306670,-0.0040653120,-0.0050603485,0.0008134370,0.0093327116,-0.0068967117,-0.0197353984,0.0066828101,-0.0032964391
2009-09-03,0.0195791565,0.0070127157,0.0045799446,-0.0046067505,0.0130612447,0.0105632748,0.0020315103,0.0143840969,-0.0006943415,0.0177481709,0.0004023568,0.0085347979
2009-09-04,0.0113799884,0.0139274970,0.0177308231,0.0142397851,0.0197419890,0.0181958848,0.0072989283,0.0138418268,0.0048647216,0.0119732135,0.0189020628,0.0131175335
2009-09-08,0.0042197146,0.0274722429,0.0074661800,-0.0045625564,0.0086921794,0.0087454850,0.0084547665,0.0136529376,0.0024200513,0.0321502900,0.0080911761,0.0088449331
2009-09-09,0.0154057576,0.0022917955,0.0074102598,0.0116359343,0.0168433435,0.0105542126,-0.0003992497,0.0045994713,-0.0013794633,0.0201849461,0.0082225533,0.0077823856
2009-09-10,0.0082762433,0.0173401613,0.0137329758,0.0076681533,0.0084746378,0.0134274544,0.0071883407,0.0055589519,0.0000000000,0.0141664896,0.0219419582,0.0104222298
2009-09-11,-0.0061564485,0.0039330515,0.0009673497,0.0003457517,0.0064931395,-0.0033123002,0.0043617854,0.0013006322,-0.0003456682,-0.0031310731,0.0159602576,-0.0013504263
2009-09-14,0.0130768887,0.0074631226,-0.0033832015,0.0038037173,0.0094877062,0.0033233080,-0.0023689588,0.0126669136,0.0145130055,0.0287509552,0.0011221897,0.0063391151
2009-09-15,0.0020379216,0.0099998642,0.0067897200,-0.0089562488,0.0120302910,0.0047846162,-0.0051445241,0.0221293842,0.0074933614,0.0176139173,0.0044831134,0.0031353414
2009-09-16,0.0345761386,0.0247525361,0.0077068567,0.0090371881,0.0126300807,0.0190476748,0.0079558111,0.0138059700,0.0158885511,0.0390033377,0.0020460735,0.0153235276
2009-09-17,-0.0032759645,-0.0048309413,-0.0038241858,-0.0006891719,0.0018339275,-0.0010781626,-0.0035520656,-0.0046425579,-0.0066549312,-0.0048869164,-0.0118779209,-0.0030596387
2009-09-18,-0.0015169771,-0.0035032575,0.0061163074,-0.0042583915,-0.0057423586,0.0036099563,0.0131230734,-0.0005310180,0.0045690485,-0.0002232811,0.0180311556,0.0026373393
2009-09-21,-0.0092476392,-0.0085175718,-0.0043074225,0.0097357222,-0.0059233668,-0.0039567444,-0.0031496048,-0.0099966322,-0.0047169590,-0.0158519454,0.0001846136,-0.0034072962
2009-09-22,0.0226668870,0.0157189063,0.0052882662,-0.0030991354,0.0119175182,0.0039724624,0.0019745746,0.0110442403,-0.0027085245,0.0309228846,0.0020289605,0.0065748688
2009-09-23,-0.0202087002,-0.0208745609,0.0000000000,-0.0141621352,-0.0084648663,-0.0143883910,0.0000000000,-0.0159175312,-0.0033940724,-0.0335253102,0.0022094612,-0.0100685280
2009-09-24,-0.0199598948,-0.0143357200,-0.0095649980,-0.0010512617,-0.0163330314,-0.0094889427,-0.0051243675,-0.0218835606,-0.0027250141,-0.0330806905,-0.0056943700,-0.0095110295
2009-09-25,-0.0095041872,-0.0013051021,-0.0062771819,0.0007011631,-0.0139618248,-0.0058956611,0.0000000000,-0.0097279318,-0.0027324601,-0.0007126349,-0.0009234521,-0.0060907366
2009-09-28,0.0335841667,0.0160569070,0.0165213410,0.0108657524,0.0206654708,0.0189033931,0.0019814277,0.0189916959,0.0085618396,0.0389914898,0.0138679271,0.0178095861
2009-09-29,-0.0046415915,-0.0027566528,-0.0052582728,0.0013869849,-0.0022496295,0.0047285962,0.0047447188,0.0009640056,0.0020374576,-0.0167043951,0.0029181800,-0.0022295764
2009-09-30,-0.0046635517,-0.0064487984,0.0028834139,-0.0072713214,-0.0101463045,-0.0054305770,0.0019674632,-0.0067416279,-0.0060998294,-0.0069817937,-0.0078198576,-0.0033283010
2009-10-01,-0.0441769821,-0.0311576954,-0.0297082828,-0.0143004479,-0.0250572296,-0.0218422807,-0.0090332187,-0.0391078812,-0.0170475483,-0.0424184934,-0.0249264310,-0.0257596223
2009-10-02,0.0007004688,-0.0051678459,0.0000000000,-0.0038932073,-0.0128500070,-0.0126532128,0.0031703512,-0.0040364907,-0.0107526426,-0.0097895874,-0.0054508261,-0.0045055248
2009-10-05,0.0314909730,0.0221275153,0.0083952898,0.0063947824,0.0205126803,0.0154539823,0.0023707818,0.0168861692,0.0108695186,0.0269404938,0.0154971494,0.0148750018
2009-10-06,0.0128896004,0.0237201057,0.0181195678,0.0081187324,0.0096637352,0.0152191391,0.0090659705,0.0209232740,0.0076312611,0.0002405257,0.0126566124,0.0137054863
2009-10-07,0.0107169227,0.0077231569,-0.0019235154,0.0007002913,-0.0038287957,0.0007310422,0.0042966681,0.0003254257,0.0006886989,-0.0031283963,-0.0003677014,0.0027116063
2009-10-08,0.0013251104,0.0257305794,0.0062643897,0.0010496130,0.0176790727,0.0160760570,0.0058343333,0.0234144335,0.0000000000,0.0188274424,-0.0029418876,0.0074699075
2009-10-09,0.0086036988,-0.0008895443,0.0067052224,0.0094371442,0.0026432180,-0.0003596436,0.0023200111,0.0009534577,0.0061918040,0.0097129364,-0.0049786792,0.0056406595
2009-10-12,0.0078742726,0.0135325019,0.0004756171,0.0048480750,-0.0018834420,0.0050358947,0.0042439712,0.0025397281,0.0102568271,-0.0016424224,0.0022242014,0.0043863697
2009-10-13,-0.0097655815,0.0015806528,0.0038041453,-0.0096486694,0.0007548181,0.0017895160,-0.0034578648,0.0053828404,-0.0071071378,-0.0150411488,0.0012940482,-0.0027876120
2009-10-14,0.0341882053,0.0166641839,0.0118430003,0.0153093850,0.0290345999,0.0125046538,0.0034698631,0.0214174555,0.0006818917,0.0367455891,0.0090490580,0.0175458951
2009-10-15,-0.0089005772,0.0208767599,-0.0018730756,0.0027415610,-0.0014654575,0.0014114229,0.0076834402,0.0018502142,0.0078334032,-0.0075949949,0.0087846797,0.0041574687
2009-10-16,-0.0237330742,-0.0030423160,-0.0093808344,-0.0006836248,-0.0069728834,-0.0017614413,0.0053373414,-0.0138506021,0.0033797350,-0.0271336502,-0.0116109082,-0.0080980561
2009-10-19,0.0045993090,0.0130531311,0.0108899885,0.0085500704,0.0107174479,0.0112951993,0.0056883094,0.0152934277,0.0141461124,0.0231230842,0.0130316514,0.0094053214
2009-10-20,-0.0078487272,-0.0063589771,-0.0032780832,-0.0094945525,-0.0069473877,-0.0101221544,-0.0011310237,-0.0104517034,-0.0099631967,-0.0186395222,-0.0126828092,-0.0062391046
2009-10-21,-0.0191167329,-0.0026944473,0.0004699176,-0.0130095372,-0.0069952243,-0.0130468451,-0.0075501288,-0.0118048242,0.0013418252,-0.0078348179,-0.0069737576,-0.0088538061
2009-10-22,0.0295700162,0.0038836353,0.0046968568,0.0062438617,0.0070445021,0.0132193154,0.0015212626,0.0119458427,0.0023448198,0.0224935453,0.0066530937,0.0106436189
2009-10-23,-0.0143604747,-0.0193442725,-0.0028056733,-0.0103415130,-0.0176728270,-0.0038786958,-0.0098742684,-0.0198818002,-0.0163771580,-0.0109995133,-0.0165227059,-0.0121785492
2009-10-26,-0.0258276720,-0.0164660637,-0.0065626495,-0.0107974516,-0.0078709945,-0.0060178848,-0.0076723393,-0.0256737539,-0.0132518412,-0.0061526069,-0.0255740586,-0.0117173256
2009-10-27,-0.0074774540,0.0088940642,-0.0051916085,0.0042255087,-0.0136003491,-0.0170939836,0.0007736178,-0.0081327177,-0.0024102240,-0.0152376461,-0.0034482650,-0.0033177910
2009-10-28,-0.0308222113,-0.0330161292,-0.0147058873,-0.0101686412,-0.0206817036,-0.0282609723,-0.0027037747,-0.0308296658,-0.0100101925,-0.0418278473,-0.0090351920,-0.0195409378
2009-10-29,0.0416965253,0.0266356906,0.0192581427,0.0088560596,0.0238561640,0.0268462418,0.0162662813,0.0297800140,0.0087165977,0.0431491828,0.0085349406,0.0225199547
2009-10-30,-0.0468118890,-0.0379592549,-0.0264515794,-0.0143959393,-0.0339956309,-0.0261443638,-0.0156250839,-0.0358201315,-0.0186656616,-0.0191100913,-0.0238501309,-0.0280646878
2009-11-02,0.0085408680,0.0063351251,0.0058220949,0.0042747322,0.0114667153,0.0096944980,0.0096788710,0.0088621083,-0.0017613550,0.0014798075,-0.0043354415,0.0064564065
2009-11-03,0.0028231805,0.0129488606,-0.0038594265,0.0003548315,0.0172012085,0.0007387635,-0.0065184896,0.0101349000,-0.0021171996,0.0142819001,0.0077187448,0.0024260023
2009-11-04,-0.0140744973,-0.0008872236,0.0058111662,0.0127659808,-0.0019216057,0.0003686338,0.0038594553,0.0000000000,0.0067186201,-0.0179649415,-0.0035353757,0.0010426204
2009-11-05,0.0256959751,0.0170604343,0.0216661117,0.0164564000,0.0257990920,0.0272963161,0.0046137250,0.0177257282,0.0168602553,0.0207660540,0.0161610028,0.0192355517
2009-11-06,-0.0041756102,-0.0026211862,0.0014135150,0.0044783730,0.0090090407,0.0089764090,0.0026790560,0.0085441291,-0.0010361471,-0.0155000599,0.0027152279,0.0025032522
2009-11-09,0.0356394165,0.0190962991,0.0230592610,0.0168037589,0.0252976104,0.0217081853,0.0164121223,0.0325839574,0.0179800777,0.0469861871,0.0179884835,0.0222387601
2009-11-10,-0.0033738758,0.0006873409,-0.0004604120,0.0067452131,-0.0058054410,0.0034831243,-0.0003754881,0.0012619065,0.0047558754,-0.0049339023,-0.0041801591,-0.0000639901
2009-11-11,0.0135409760,-0.0003428693,0.0059828606,0.0013400550,0.0076642598,0.0010412371,0.0030055962,0.0097700050,-0.0023666821,0.0184177292,0.0070596076,0.0050319759
2009-11-12,-0.0187038417,-0.0219976264,-0.0073190837,-0.0056874423,-0.0115903260,-0.0110953829,-0.0059926179,-0.0046816268,-0.0138936465,-0.0118247451,-0.0119365131,-0.0102593690
2009-11-13,-0.0020428625,0.0063262673,0.0092160082,0.0020189602,0.0076953460,0.0175313934,0.0067821556,0.0037629180,0.0089349007,0.0133741780,0.0034516778,0.0057392943
2009-11-16,0.0109145201,0.0261913647,0.0109588485,0.0100736086,0.0229086976,0.0161959596,0.0056136858,0.0206185488,0.0139641643,0.0226902945,0.0139499061,0.0144676342
2009-11-17,0.0026990368,-0.0017012571,0.0045166444,0.0026597861,-0.0017770983,-0.0081381358,0.0048378567,0.0116313860,-0.0053744007,-0.0142628578,0.0062194261,0.0009194063
2009-11-18,0.0080752086,-0.0039206022,-0.0053952826,0.0056366103,-0.0053418064,-0.0027355833,-0.0007404631,0.0000000000,-0.0043902743,0.0165362416,-0.0005620382,-0.0004682411
2009-11-19,-0.0193587790,-0.0224157051,-0.0144667552,-0.0049457608,-0.0150377391,-0.0113130572,-0.0048184654,-0.0151284162,-0.0122118431,-0.0198824184,-0.0103072277,-0.0134258639
2009-11-20,-0.0061265466,-0.0092777177,-0.0050455775,0.0069585305,-0.0018176221,-0.0052007704,0.0014895342,-0.0033794565,0.0044644992,-0.0076072511,0.0039768542,-0.0032149232
2009-11-23,0.0143831078,0.0128977970,0.0175192158,0.0092133684,0.0182078960,0.0087136746,0.0085537271,0.0101727480,0.0126496300,0.0113823519,0.0207464332,0.0136157757
2009-11-24,-0.0074271778,0.0057563448,-0.0018124956,0.0078253614,-0.0082254188,-0.0010364788,0.0022123331,-0.0012207338,0.0020256488,-0.0146989152,0.0059131305,-0.0005333073
2009-11-25,-0.0020405070,0.0078043446,0.0018157867,0.0061466469,0.0082936374,0.0096851624,-0.0018396699,0.0161931596,0.0114551285,0.0039622740,0.0038570773,0.0045041201
2009-11-27,-0.0265854546,-0.0187574721,-0.0163115989,-0.0099675162,-0.0193125454,-0.0195271604,-0.0092149713,-0.0273601746,-0.0169883749,-0.0283262617,-0.0135404999,-0.0172334752
2009-11-30,0.0266104126,-0.0035074013,0.0018422220,-0.0035728097,0.0032820016,0.0000000000,-0.0037200700,0.0046369320,0.0084713202,0.0375155560,-0.0012985357,0.0037929937
2009-12-01,0.0006829581,0.0131994544,0.0160919334,0.0176010759,0.0163571788,0.0157231400,0.0138163593,0.0193843545,0.0188173531,0.0128972860,0.0198737352,0.0120752265
2009-12-02,-0.0006824919,-0.0059060294,-0.0013573383,-0.0022425135,-0.0028607762,0.0030956922,-0.0011049995,0.0096590948,0.0135227044,0.0147790185,0.0103807267,0.0003426987
2009-12-03,-0.0204632318,-0.0160750530,0.0004529892,-0.0048150803,-0.0046626709,-0.0068583442,-0.0077433318,-0.0161436659,0.0032540234,-0.0085144157,-0.0041459770,-0.0084021009
2009-12-04,0.0188023434,-0.0072816359,0.0063410239,-0.0006450078,0.0151350000,0.0065607481,0.0052023574,-0.0109388745,-0.0061628006,0.0268928980,0.0101361391,0.0055094337
2009-12-07,-0.0164049622,-0.0023254539,-0.0018002595,-0.0012912580,-0.0035498886,0.0030874371,-0.0011085306,0.0012289009,0.0088118595,-0.0173856646,0.0150512506,-0.0024683815
2009-12-08,-0.0090341817,-0.0170342188,-0.0090169953,-0.0077571545,-0.0153187156,-0.0075240081,-0.0114735558,-0.0159557687,-0.0042057402,-0.0060472479,-0.0102388963,-0.0102515827
2009-12-09,0.0035064815,0.0000000000,0.0095534525,0.0084692746,0.0047033449,0.0000000000,0.0018719295,0.0124726860,0.0035737334,-0.0013518760,-0.0012482192,0.0036723721
2009-12-10,-0.0013976696,0.0124042421,0.0045071112,0.0103360817,0.0043208497,0.0155068248,0.0033633120,-0.0036957020,0.0126257195,-0.0029329050,0.0055358403,0.0058397050
2009-12-11,0.0069979081,0.0005403649,-0.0022435508,0.0000000000,0.0100396659,0.0098401877,0.0055863951,0.0027819739,0.0172633465,0.0144830056,0.0083466500,0.0036830940
2009-12-14,0.0055593783,0.0102647057,0.0080939394,0.0092710834,0.0134896690,0.0077286194,0.0037040918,0.0144882759,0.0047136745,0.0194064623,0.0014089320,0.0069594011
2009-12-15,-0.0158946563,0.0032085697,-0.0062450716,0.0003166006,-0.0028022938,-0.0013336906,-0.0040591768,-0.0097234164,-0.0062555195,-0.0091903761,-0.0059796568,-0.0055469673
2009-12-16,0.0063203738,0.0063963816,0.0031421054,-0.0050666588,-0.0042146126,0.0010014474,-0.0048164582,0.0101257586,-0.0044069735,0.0059634024,0.0024768524,0.0011282301
2009-12-17,-0.0188422530,-0.0084739168,-0.0120805698,-0.0092296151,-0.0109351480,-0.0120076899,-0.0119136202,-0.0221748129,-0.0056901311,-0.0063672225,-0.0061769768,-0.0118106142
2009-12-18,0.0151342861,0.0052631863,0.0149537213,0.0055232006,-0.0003232844,0.0051258759,-0.0019402757,-0.0007187172,0.0086543515,0.0077332484,0.0078137568,0.0058298800
2009-12-21,0.0147679148,0.0119324314,0.0089565293,0.0093162516,0.0075404450,0.0128331474,0.0053354942,0.0146923690,0.0028709540,0.0120585353,0.0112779952,0.0105037583
2009-12-22,0.0020792798,0.0047513041,0.0079893513,0.0044554612,0.0010696189,-0.0006668708,0.0068237716,0.0058535665,-0.0082698155,0.0106154015,0.0132604752,0.0035635479
2009-12-23,-0.0041493871,0.0078822337,0.0039632745,-0.0031686529,0.0017798414,0.0063397718,0.0007525985,0.0153133772,0.0022450550,0.0112896704,0.0022961520,0.0022986586
2009-12-24,0.0090273800,0.0046924222,0.0092106841,0.0000000000,0.0039092829,0.0006631890,0.0037622853,0.0078434409,0.0073597631,0.0126420098,0.0019382373,0.0052561729
2009-12-28,-0.0034409310,0.0017297668,0.0030421386,0.0050860566,-0.0017704936,-0.0006627495,0.0018740361,0.0008976978,0.0006355448,0.0035967650,0.0065070327,0.0011540807
2009-12-29,-0.0041437652,-0.0065608372,-0.0012996728,-0.0012651997,0.0028373919,0.0033155590,0.0018707529,0.0014952263,-0.0006351411,-0.0143364669,-0.0012230536,-0.0014010517
2009-12-30,0.0006935012,-0.0010436609,0.0034703729,-0.0028499657,-0.0049506776,-0.0069395495,-0.0018672597,-0.0011943143,-0.0003175591,0.0017108246,-0.0017492258,0.0001954296
2009-12-31,-0.0020787350,-0.0080041813,-0.0086469520,-0.0133376384,-0.0124381340,-0.0093180112,-0.0097267819,-0.0137517257,-0.0142993938,-0.0194322518,-0.0096395626,-0.0100495978
2010-01-04,0.0201385893,0.0315737432,0.0148281907,0.0173804817,0.0190719690,0.0077259605,0.0075552781,0.0312213947,0.0019342588,-0.0023950027,0.0214124916,0.0160434177
2010-01-05,0.0183803794,0.0081617832,-0.0012895699,-0.0098072207,0.0035310476,0.0036666047,0.0003753042,0.0032337345,-0.0119043620,0.0024007525,0.0067567174,0.0031156756
2010-01-06,0.0020054043,0.0119747263,-0.0111872716,0.0102237877,0.0021108643,0.0013286579,-0.0007492138,0.0169938070,0.0058606937,-0.0004346693,-0.0158318970,0.0005455206
2010-01-07,0.0213471185,-0.0014996834,-0.0039162945,0.0034786004,0.0108855824,0.0082913746,0.0000000000,-0.0077786366,-0.0045318306,0.0089317822,-0.0036720062,0.0040012019
2010-01-08,-0.0058778577,0.0065097721,0.0065528202,0.0015759178,0.0159774309,-0.0003285937,-0.0033764402,0.0139371427,-0.0009756210,-0.0066937729,-0.0045630089,0.0028817273
2010-01-11,0.0006565321,-0.0013267570,-0.0039060962,0.0056638213,0.0109400193,-0.0019743561,0.0026348930,-0.0054411241,0.0104166780,0.0047827425,0.0008813975,0.0017467554
2010-01-12,-0.0144451726,-0.0144468359,-0.0108935381,-0.0071964998,-0.0081161353,-0.0128585484,0.0056303263,-0.0190037235,-0.0041884091,-0.0168761974,-0.0125067021,-0.0093811662
2010-01-13,0.0113257913,0.0037065421,0.0096919802,0.0132367545,0.0040910965,0.0113557336,0.0070924085,0.0117403796,0.0109999153,0.0187062287,0.0046379885,0.0083259257
2010-01-14,0.0046113585,0.0028540735,0.0026176974,0.0090201302,0.0000000000,0.0000000000,-0.0029651828,-0.0121845187,-0.0044799446,-0.0034563607,-0.0083452122,0.0024264254
2010-01-15,-0.0203282411,-0.0080348339,-0.0139253241,-0.0067815756,-0.0129030279,-0.0099071838,-0.0048324899,-0.0073421181,-0.0064290911,-0.0091046995,-0.0125336007,-0.0108231302
2010-01-19,0.0127174826,0.0091118942,0.0172112088,0.0242084775,0.0110078487,0.0133421720,0.0059763312,0.0159762074,0.0116468541,0.0199077354,0.0099733149,0.0124996266
2010-01-20,-0.0026436227,-0.0155513662,-0.0160522478,-0.0084848927,-0.0153113507,-0.0134958488,-0.0074264470,-0.0177633572,-0.0105529400,-0.0102956872,-0.0150812193,-0.0105978297
2010-01-21,-0.0284957826,-0.0203842166,-0.0105819072,-0.0216991712,-0.0231512417,-0.0126790774,-0.0142164333,-0.0432846602,-0.0145449874,-0.0283916260,-0.0123952683,-0.0189449034
2010-01-22,-0.0327420277,-0.0237556892,-0.0347595694,-0.0109342184,-0.0152108433,-0.0192634809,-0.0022768049,-0.0198331361,-0.0219738032,-0.0229762326,-0.0166112921,-0.0221409888
2010-01-25,0.0056420218,0.0065719289,0.0083102511,0.0000000000,0.0064660111,0.0051689885,0.0019021754,0.0088526784,0.0067072103,0.0073057817,0.0091964878,0.0045980980
2010-01-26,-0.0175315042,-0.0063522642,-0.0027469279,-0.0056853692,-0.0042827340,0.0013708349,-0.0011392286,-0.0141021780,0.0039967089,-0.0086123820,-0.0137617522,-0.0042031996
2010-01-27,0.0242677221,-0.0039075757,0.0082639181,0.0069887040,0.0028672509,0.0017117361,0.0022803787,-0.0085825604,-0.0066354443,0.0091445823,0.0018853552,0.0048801522
2010-01-28,-0.0048775331,-0.0105185079,-0.0286886988,-0.0063093968,-0.0114367682,-0.0058095437,-0.0026544263,-0.0179544314,-0.0076820073,-0.0095146576,-0.0122341065,-0.0118177410
2010-01-29,-0.0070030008,-0.0180179113,-0.0173461193,-0.0069841874,-0.0101229225,-0.0061879235,-0.0038022269,-0.0159971518,-0.0060587490,-0.0066336961,-0.0066688669,-0.0098291738
2010-02-01,0.0169251785,0.0330274437,0.0114504977,0.0057545992,0.0149741456,0.0127986754,0.0076332513,0.0398143034,0.0064344375,0.0181904147,0.0088238565,0.0142661089
2010-02-02,0.0097091263,0.0131440902,0.0099058295,0.0206616336,0.0190719690,0.0140027037,0.0143943669,0.0031906599,0.0080751234,0.0165086257,0.0104583934,0.0129729484
2010-02-03,-0.0109891071,-0.0085904299,0.0023350438,-0.0133918687,-0.0060028448,0.0006732951,-0.0070953872,-0.0114500326,-0.0070094275,-0.0115685525,-0.0077152707,-0.0054743114
2010-02-04,-0.0430555815,-0.0410257220,-0.0279585601,-0.0252526464,-0.0294848063,-0.0289464780,-0.0203076346,-0.0373232912,-0.0262183437,-0.0373620682,-0.0307228107,-0.0311406779
2010-02-05,0.0116113616,0.0001840458,0.0100668287,-0.0016188059,-0.0043925624,-0.0027728881,-0.0026872602,0.0187160757,-0.0017255957,0.0187045665,-0.0011739798,0.0028971189
2010-02-08,-0.0200865368,-0.0092177836,-0.0042710831,-0.0048655205,-0.0110290466,-0.0062562653,-0.0011547861,-0.0160758813,-0.0114112651,-0.0227217529,-0.0009793967,-0.0088632905
2010-02-09,0.0102495409,0.0210267893,0.0085790328,0.0078223027,0.0193305349,0.0153896536,0.0119457850,0.0243411735,0.0101434085,-0.0030534799,0.0123528524,0.0130401323
2010-02-10,0.0079706683,-0.0041917280,-0.0028356516,-0.0061444690,-0.0014588163,-0.0041336225,-0.0011422473,-0.0068355483,-0.0045012054,0.0007066529,-0.0044549657,-0.0022325735
2010-02-11,0.0021568960,0.0170203943,0.0104268066,0.0068337478,0.0149741456,0.0117607991,0.0080057805,0.0170435372,0.0059133454,0.0087099777,0.0110894719,0.0096804376
2010-02-12,0.0007165909,0.0003602752,0.0018764322,-0.0022625365,-0.0079162939,0.0000000000,0.0000000000,-0.0019334520,-0.0038037550,0.0091018816,0.0017319323,-0.0027445928
2010-02-16,0.0207896961,0.0235646938,0.0149809021,0.0087463774,0.0235764160,0.0160684529,0.0102120379,0.0251856670,0.0173549337,0.0268268421,0.0128701854,0.0180007486
2010-02-17,0.0035102296,-0.0014054617,0.0027682933,0.0077070760,0.0085046733,0.0080749913,0.0071134274,0.0006298404,-0.0040944422,0.0094593081,0.0072063031,0.0042379595
2010-02-18,0.0062986222,0.0056320623,0.0064391580,0.0047801625,0.0091357075,0.0063422778,0.0059477817,0.0107020820,0.0054812791,0.0133869719,0.0050835651,0.0065847424
2010-02-19,0.0055631119,0.0038501284,-0.0027421223,0.0000000000,0.0048745616,0.0023214675,0.0022177243,0.0056057696,0.0139696161,-0.0002203409,0.0026228310,0.0021866220
2010-02-22,0.0131396351,-0.0137728553,-0.0018331081,-0.0028546449,0.0006925652,-0.0003308591,0.0000000000,-0.0043357379,-0.0053764065,0.0041841497,-0.0007474769,-0.0010458578
2010-02-23,-0.0184298090,-0.0166166032,-0.0123970736,-0.0095417605,-0.0128113401,-0.0059582828,-0.0055311116,-0.0158633368,-0.0067568357,-0.0078944887,-0.0125281573,-0.0121028096
2010-02-24,0.0173849843,0.0062915465,0.0097627385,0.0073858397,0.0101717874,0.0129869284,0.0063030326,-0.0025282062,0.0010204202,0.0097255256,-0.0011358857,0.0097204594
2010-02-25,-0.0027337563,0.0005361041,-0.0027622140,0.0006373597,-0.0024304215,0.0016438785,0.0007370624,-0.0022180129,-0.0020383037,0.0050352636,-0.0017062210,-0.0020810402
2010-02-26,0.0061680285,0.0023210553,0.0013854247,0.0003189997,0.0038286417,0.0016407220,-0.0047864476,0.0003173052,-0.0078317803,-0.0023958809,0.0017091372,0.0014053792
2010-03-01,0.0027249812,0.0092622559,0.0129087721,0.0095540735,0.0131763016,0.0157276490,0.0070296532,0.0152383774,0.0144133504,0.0102617913,0.0064453870,0.0101585083
2010-03-02,0.0033966228,0.0082952786,-0.0013653370,0.0034701403,0.0017111886,-0.0051610729,0.0036734969,0.0084424964,0.0030452587,0.0004324446,0.0048972488,0.0023304423
2010-03-03,0.0006772804,0.0043756574,0.0004559865,-0.0040870011,0.0013667007,0.0029180936,0.0003659400,0.0086822333,-0.0016868124,-0.0021605798,0.0003750294,0.0004292016
2010-03-04,0.0101485009,-0.0052281870,0.0040996337,-0.0031565708,0.0047762617,0.0090524498,0.0032926894,0.0067630365,0.0020269373,0.0041139191,0.0029979111,0.0037361180
2010-03-05,0.0194248549,0.0187454559,0.0122508356,0.0139328279,0.0152803340,0.0185840999,0.0062005686,0.0128242705,0.0101147516,0.0228540928,0.0044831269,0.0140074809
2010-03-08,0.0019706294,-0.0015476198,0.0053786482,-0.0059337777,-0.0046821879,0.0025163718,-0.0036248788,0.0000000000,0.0000000000,0.0124370304,0.0076252746,-0.0001755960
2010-03-09,0.0032783695,0.0000000000,0.0044580340,-0.0006280694,0.0080643170,-0.0015687938,-0.0014548161,-0.0063312314,-0.0013354652,0.0033309414,0.0114434789,0.0017127371
2010-03-10,0.0111113280,0.0087842276,0.0066581608,0.0006284641,0.0020001235,0.0021997770,-0.0014576928,0.0003036470,0.0003346774,0.0053956864,0.0005473672,0.0045245600
2010-03-11,0.0084033981,-0.0017073205,0.0039682022,0.0078544370,0.0036593296,0.0072121305,0.0018245594,0.0057625276,0.0033409436,0.0049537424,0.0060186207,0.0040415193
2010-03-12,-0.0038462635,0.0005130498,-0.0008782101,-0.0074812447,0.0066291388,0.0028022422,0.0007282567,0.0039211510,-0.0063269688,0.0073934131,-0.0036256858,-0.0002173459
2010-03-15,0.0000000000,-0.0102566282,-0.0008793986,0.0065950347,0.0000000000,-0.0012418884,0.0076418327,-0.0003010438,0.0036867077,-0.0028541406,0.0018197307,0.0004521948
2010-03-16,0.0122263564,0.0089811644,0.0074792263,0.0028083302,0.0135000734,0.0074603061,0.0046949399,0.0147238297,0.0116859396,0.0259662132,0.0052667133,0.0077791163
2010-03-17,0.0120792779,0.0109551767,0.0030565449,0.0003111628,0.0016240412,0.0049366122,0.0043133172,0.0056263357,0.0033003681,0.0121562117,0.0070459329,0.0058216758
2010-03-18,-0.0056540191,-0.0149000790,0.0013064129,0.0068430605,0.0068117604,-0.0003069869,0.0010737778,-0.0070672678,-0.0046056473,-0.0039379166,0.0041266696,-0.0003258460
2010-03-19,-0.0065843560,-0.0120220232,-0.0059754758,-0.0003720526,-0.0040084608,-0.0030153750,-0.0029443075,-0.0109074558,-0.0011001352,-0.0084995975,-0.0037523316,-0.0050864464
2010-03-22,0.0050990361,-0.0026186255,0.0074591720,0.0065115496,0.0029210028,0.0104938605,0.0050414512,0.0147237239,-0.0066752698,0.0103667596,0.0107603029,0.0050952962
2010-03-23,0.0082433879,0.0038506051,0.0095822592,0.0049290477,0.0113272058,0.0039704984,0.0078824199,0.0130290687,0.0040318311,-0.0027625379,0.0102912242,0.0071709669
2010-03-24,0.0006288995,-0.0057539227,-0.0047460120,-0.0107299751,-0.0070402710,-0.0039547959,-0.0071100232,-0.0029229019,-0.0103746109,0.0031659692,-0.0098348223,-0.0054933042
2010-03-25,0.0044001215,-0.0168361472,0.0017342199,-0.0040280139,-0.0006443434,0.0058033420,-0.0014321028,-0.0199355357,-0.0064251835,0.0015735893,-0.0122388111,-0.0017041673
2010-03-26,0.0012514036,0.0003568104,-0.0047601842,-0.0074673416,0.0025797839,0.0039475892,0.0007172904,0.0074783552,0.0023824152,-0.0035795525,0.0014367022,0.0007377226
2010-03-29,0.0012498396,0.0194363244,0.0030434540,0.0106585139,0.0090059687,0.0015123984,0.0046581981,0.0106888159,0.0122238326,0.0043902572,0.0066344978,0.0056832350
2010-03-30,-0.0062417889,0.0015741300,0.0043350379,0.0000000000,0.0015938927,-0.0009061810,0.0017832103,0.0014688684,-0.0026833429,-0.0019866375,0.0042751771,0.0000426594
2010-03-31,0.0018841306,0.0045408710,-0.0030213266,-0.0034119509,-0.0057289973,-0.0072550396,-0.0056966208,-0.0049865898,-0.0023547039,-0.0089589253,-0.0030156745,-0.0032728747
2010-04-01,0.0081501622,0.0177327184,-0.0017314561,0.0056023071,0.0064026804,0.0070034689,0.0064453097,0.0173938028,0.0138235722,0.0046201608,0.0080056921,0.0074138012
2010-04-05,0.0099505361,0.0177656653,0.0117085474,-0.0027857038,0.0073152012,0.0120960228,0.0000000000,0.0121704522,0.0059855095,0.0207965737,0.0097073371,0.0079279908
2010-04-06,0.0104679415,0.0000000000,0.0008572438,-0.0006208180,0.0003157425,0.0014935242,-0.0032018065,0.0017175756,0.0082646737,0.0201756195,-0.0048942038,0.0016842957
2010-04-07,-0.0036563162,-0.0099020671,-0.0038546468,-0.0043478784,-0.0056818968,-0.0035796257,-0.0064241819,-0.0062874684,-0.0098360091,-0.0215052502,-0.0107150705,-0.0058767072
2010-04-08,0.0079511541,0.0035594265,0.0017201553,-0.0037431056,0.0031749567,0.0095806340,0.0017957026,0.0023006912,-0.0059599659,0.0003928107,0.0071023969,0.0033743418
2010-04-09,0.0036407855,0.0106421677,0.0077249234,0.0043835872,0.0056959533,0.0074140500,0.0053788297,0.0017216740,0.0073281517,0.0158884387,0.0045839254,0.0066839066
2010-04-12,0.0042319533,0.0023396358,0.0021292679,-0.0028055980,0.0022023850,0.0000000000,0.0032092724,-0.0031512098,0.0026451865,-0.0065653656,0.0000000000,0.0017666095
2010-04-13,0.0006020171,-0.0035016969,0.0029752033,0.0009377256,0.0015701147,0.0052988904,-0.0031990059,-0.0037353434,-0.0052766354,0.0227406240,-0.0003511375,0.0006854008
2010-04-14,0.0258723854,0.0095380673,0.0144071197,-0.0034355514,0.0128524289,0.0155197696,0.0014263784,0.0074994770,0.0009949759,0.0009503060,0.0028086821,0.0111500668
2010-04-15,-0.0041052763,-0.0001658863,0.0045947532,-0.0028202304,0.0095946166,0.0043252492,-0.0017804598,0.0000000000,-0.0003315127,-0.0248718740,-0.0001745783,0.0008425387
2010-04-16,-0.0365136638,-0.0169095871,-0.0133060624,-0.0059713964,-0.0162478665,-0.0132073879,-0.0042815058,-0.0171775369,-0.0115971994,-0.0208330408,-0.0075293756,-0.0161265348
2010-04-19,0.0097799438,0.0013490411,0.0021073335,0.0082206230,-0.0018694195,0.0017459214,0.0039415278,0.0002908982,0.0010063178,0.0037777347,0.0019408194,0.0045213313
2010-04-20,0.0133169085,0.0195354022,0.0054665918,0.0021947556,0.0115514901,0.0121986641,0.0028550044,0.0032039899,0.0127254459,0.0156501099,0.0079241139,0.0080583408
2010-04-21,-0.0059739823,-0.0009910032,0.0020911725,-0.0175217198,0.0067901478,0.0045911080,0.0000000000,-0.0026127315,0.0009920137,0.0187239844,-0.0071631970,-0.0010189969
2010-04-22,0.0054091418,0.0024801813,0.0025043083,-0.0114651041,0.0091968086,0.0179946596,0.0000000000,0.0098952831,0.0033038384,0.0145511658,0.0012320374,0.0022638794
2010-04-23,0.0029887759,0.0240804057,0.0024980524,0.0099871522,0.0060753060,0.0008416578,-0.0024909117,0.0089333781,0.0079025757,0.0130215238,0.0010541435,0.0071235201
2010-04-26,-0.0154947058,-0.0033821341,-0.0012457667,-0.0105263614,0.0021136687,0.0078504094,-0.0021405947,0.0042849018,-0.0035938868,0.0063337240,-0.0022822590,-0.0042964481
2010-04-27,-0.0338980428,-0.0307049744,-0.0195425673,-0.0116053118,-0.0241037643,-0.0289295624,-0.0175191122,-0.0364050535,-0.0170490533,-0.0316551229,-0.0112613661,-0.0233819453
2010-04-28,0.0144107981,0.0101703924,0.0029682919,0.0065232348,0.0071009680,-0.0034374966,0.0080060847,0.0121014428,0.0103401143,0.0034410155,0.0056943399,0.0064627524
2010-04-29,0.0228538316,0.0011550370,0.0101480373,0.0136095226,0.0226856721,0.0221332472,0.0032487713,0.0090406668,0.0009901565,0.0413415140,0.0106180616,0.0129432280
2010-04-30,-0.0241548969,-0.0123637903,-0.0209293277,-0.0127877182,-0.0236810295,-0.0208102927,-0.0057572689,-0.0176300775,0.0039582447,-0.0311016054,-0.0078799005,-0.0166476801
2010-05-03,0.0191830886,0.0113504201,0.0136815261,0.0048576534,0.0199570967,0.0201033481,0.0057906069,-0.0005881730,0.0128119912,0.0309668953,0.0090013780,0.0131205868
2010-05-04,-0.0273222868,-0.0267370507,-0.0286797497,-0.0058012319,-0.0316077167,-0.0292794043,-0.0100753269,-0.0347369563,-0.0171912995,-0.0234431839,-0.0237886656,-0.0238384658
2010-05-05,-0.0056178939,-0.0157706096,-0.0043427691,0.0032420207,-0.0127448017,-0.0142108273,0.0036351310,-0.0073193469,-0.0069303468,-0.0140661083,-0.0030464745,-0.0065865547
2010-05-06,-0.0420592758,-0.0341145539,-0.0300912950,-0.0268176032,-0.0330605627,-0.0355988469,-0.0249911491,-0.0328727781,-0.0275837803,-0.0401369969,-0.0239031419,-0.0323534964
2010-05-07,-0.0111401979,-0.0190864491,-0.0220326137,-0.0132802052,-0.0221425067,-0.0183040903,-0.0066866872,-0.0111178086,-0.0054688119,-0.0168450049,-0.0206225510,-0.0153082650
2010-05-10,0.0556662584,0.0427342381,0.0459770552,0.0269182240,0.0572761497,0.0522069400,0.0291701101,0.0475425754,0.0309281227,0.0659142875,0.0283890587,0.0439741245
2010-05-11,-0.0037664876,-0.0066265866,-0.0065936046,-0.0019666066,-0.0028343600,-0.0002953468,-0.0003633595,-0.0125728194,0.0020003434,0.0011346002,0.0025591469,-0.0033972920
2010-05-12,0.0113423807,0.0138693714,0.0261067471,0.0082079174,0.0221096024,0.0144752369,0.0069066628,0.0208073203,0.0083162433,0.0162447046,0.0198762812,0.0137395239
2010-05-13,-0.0180689022,-0.0064072559,-0.0146614250,-0.0107455682,-0.0154513001,-0.0224227462,-0.0061372914,-0.0149070505,-0.0042887624,-0.0131972480,0.0023239067,-0.0121451450
2010-05-14,-0.0260149317,-0.0198674880,-0.0192564571,-0.0134955494,-0.0210292409,-0.0166817485,-0.0094441308,-0.0243975809,-0.0082839501,-0.0308908891,-0.0121297507,-0.0188000145
2010-05-17,0.0006514332,-0.0103128793,0.0049083474,0.0000000000,-0.0025647302,0.0075736599,0.0106340278,0.0000000000,0.0010025111,-0.0015545108,0.0090286879,0.0011093685
2010-05-18,-0.0286458325,-0.0077255015,-0.0150972109,-0.0080085213,-0.0125366081,-0.0186410001,-0.0058051014,-0.0170941963,-0.0096794578,-0.0255012913,-0.0062636732,-0.0141959060
2010-05-19,0.0013398900,-0.0114069628,-0.0076647411,-0.0023542142,-0.0126949304,-0.0061273672,-0.0025548716,0.0000000000,-0.0101113883,-0.0083897343,-0.0064830192,-0.0051302639
2010-05-20,-0.0461844548,-0.0446883286,-0.0318035692,-0.0313556483,-0.0435213197,-0.0388407968,-0.0296380329,-0.0454103625,-0.0299622549,-0.0483482377,-0.0342577042,-0.0389759034
2010-05-21,0.0350875185,0.0174458789,0.0075079112,0.0024366824,0.0141327962,0.0176393232,0.0037707211,0.0246283738,0.0045628526,0.0323870562,0.0058184905,0.0150243807
2010-05-24,-0.0284745507,-0.0227994587,-0.0046571053,-0.0024307594,-0.0149556894,-0.0069332231,-0.0071374678,-0.0171221716,-0.0094339535,-0.0200934603,-0.0046650808,-0.0129080140
2010-05-25,0.0090720851,0.0023136160,-0.0028079340,-0.0041765192,-0.0006903681,0.0101552903,-0.0117288048,0.0167507892,-0.0052910916,0.0104617346,0.0033745970,0.0003539374
2010-05-26,-0.0069158281,-0.0021163687,-0.0098546667,-0.0062913173,0.0020720898,-0.0031417565,-0.0065084236,-0.0079077867,-0.0003546708,-0.0039345336,-0.0089685268,-0.0056609945
2010-05-27,0.0452646780,0.0424140013,0.0341230350,0.0204010462,0.0337697653,0.0359282003,0.0204238683,0.0395216144,0.0191553597,0.0542623931,0.0296006030,0.0328761731
2010-05-28,-0.0219851946,-0.0188647166,-0.0082488899,-0.0048261517,-0.0133333551,-0.0152116185,-0.0049094189,-0.0175716396,0.0010445002,-0.0149871954,-0.0086071073,-0.0123746883
2010-06-01,-0.0211165444,-0.0475020561,-0.0097043866,-0.0110842146,-0.0222972863,-0.0151374288,-0.0022768489,-0.0321956493,-0.0232961979,-0.0194197570,-0.0190244068,-0.0171653213
2010-06-02,0.0313149741,0.0433401217,0.0223978301,0.0217159286,0.0259154517,0.0250941982,0.0171162921,0.0309143456,0.0210042069,0.0220502243,0.0261720765,0.0258427071
2010-06-03,-0.0053983696,0.0134676525,0.0100415843,0.0058279768,0.0047157965,0.0033657668,0.0014962773,-0.0120599538,0.0104603044,-0.0025970960,0.0064221785,0.0040513767
2010-06-04,-0.0400273783,-0.0351863212,-0.0320832458,-0.0293111052,-0.0469329899,-0.0387309917,-0.0265121764,-0.0395908490,-0.0296755587,-0.0542756897,-0.0306293776,-0.0344114258
2010-06-07,-0.0197876705,-0.0087291550,-0.0144723691,-0.0014045992,-0.0256769884,-0.0190353428,-0.0076722934,-0.0178631910,0.0060453718,-0.0050831499,-0.0088392149,-0.0135320732
2010-06-08,0.0209081843,0.0166339485,0.0018945653,0.0024615282,0.0104694185,0.0084086411,0.0162356094,0.0227349685,0.0130783641,0.0174543461,0.0081590373,0.0109760675
2010-06-09,-0.0105930270,-0.0103944934,-0.0052004256,-0.0045603863,0.0000000000,0.0012825576,-0.0019021351,0.0013683668,-0.0055821443,0.0050214058,-0.0016937170,-0.0059416748
2010-06-10,0.0328336218,0.0501849447,0.0242390972,0.0190278056,0.0385850973,0.0339526171,0.0171494750,0.0358602937,0.0245612933,0.0418394070,0.0258291954,0.0295067928
2010-06-11,0.0027645277,0.0061121291,0.0088171978,0.0082985931,0.0034400007,-0.0009291213,-0.0082429458,0.0112102654,0.0006848211,0.0103899462,0.0104764848,0.0043796786
2010-06-14,-0.0041351970,-0.0051548183,-0.0018402055,0.0017144395,-0.0010285861,0.0027907491,0.0056667093,-0.0097819516,0.0058180203,0.0118650523,-0.0012732025,-0.0018046636
2010-06-15,0.0235287822,0.0292375845,0.0262673281,0.0171174641,0.0301990597,0.0238094263,0.0101431792,0.0246952121,0.0193941687,0.0216920255,0.0198506472,0.0234941911
2010-06-16,0.0006770537,-0.0007190318,0.0026938215,0.0037030107,-0.0026648606,-0.0069465687,-0.0066940355,-0.0012847466,0.0063419894,-0.0072681894,-0.0003572823,-0.0005559348
2010-06-17,-0.0013517075,-0.0010796757,0.0035828527,0.0013415661,0.0030060541,-0.0060827826,0.0089856409,-0.0054698725,0.0072968865,0.0015410943,0.0000000000,0.0012830082
2010-06-18,0.0054919392,0.0061880709,-0.0000448905,-0.0053519960,0.0039156117,-0.0032232888,-0.0036623920,0.0057193704,0.0008981494,-0.0028863321,-0.0014290685,0.0013171308
2010-06-21,-0.0013486773,-0.0021584280,-0.0071648924,-0.0016924066,0.0016663920,-0.0080072801,-0.0026261294,0.0061387482,-0.0069812842,-0.0071380010,-0.0055456848,-0.0038568412
2010-06-22,-0.0155303122,-0.0291937371,-0.0085703344,-0.0098306473,-0.0242927950,-0.0223534745,-0.0109058968,-0.0247272293,-0.0247739354,-0.0281774439,-0.0091739634,-0.0160706911
2010-06-23,-0.0048008819,-0.0076106792,-0.0018199061,-0.0041082850,-0.0037516482,-0.0006350965,0.0064635918,0.0019760835,-0.0089256367,0.0005998243,0.0072619009,-0.0029854738
2010-06-24,-0.0179186082,-0.0209508087,-0.0200545004,-0.0072187914,-0.0174600984,-0.0238321738,-0.0120894535,-0.0253041645,-0.0055423160,-0.0205996712,-0.0151406423,-0.0168035026
2010-06-25,0.0273682046,0.0028663501,-0.0009307607,0.0045015624,0.0076658378,0.0029297570,-0.0103247810,0.0148349594,0.0045279921,0.0255199557,0.0007319600,0.0028593621
2010-06-28,-0.0095626254,-0.0135265892,0.0018625983,-0.0017234785,-0.0069158222,-0.0074650679,0.0085004920,-0.0112962196,0.0065882413,-0.0114388233,0.0060351312,-0.0020339384
2010-06-29,-0.0358623608,-0.0330247386,-0.0371751639,-0.0183009307,-0.0386488726,-0.0356442364,-0.0160921632,-0.0369622481,-0.0203235813,-0.0320748841,-0.0238135606,-0.0310170186
2010-06-30,-0.0121598751,-0.0077888529,-0.0154433660,-0.0080903544,-0.0065192523,-0.0122075021,-0.0070088995,-0.0101182265,-0.0063290729,-0.0098574084,-0.0115455640,-0.0101129705
2010-07-01,-0.0094133179,-0.0036233813,-0.0039219491,-0.0085107611,-0.0029163338,0.0082385135,0.0019607929,-0.0056403139,-0.0046003251,-0.0019064040,0.0033909247,-0.0032404517
2010-07-02,-0.0116964217,-0.0024242627,-0.0014765217,0.0025033928,-0.0124318907,-0.0112360144,-0.0039142561,-0.0056714486,0.0010664118,-0.0191003170,-0.0030044029,-0.0046623690
2010-07-06,0.0059174235,0.0097208789,0.0098574540,0.0049948189,0.0018511469,0.0000000000,0.0058946296,0.0010696180,0.0117189688,-0.0194721036,-0.0009413851,0.0053590344
2010-07-07,0.0441174152,0.0352987517,0.0322107485,0.0195244714,0.0347377515,0.0282375322,0.0191404037,0.0398858388,0.0308877533,0.0476609402,0.0263901529,0.0313308164
2010-07-08,0.0077470443,0.0141416951,0.0061467248,0.0083566664,0.0128571723,0.0087070999,0.0149479142,0.0164385004,0.0078316507,0.0107413015,0.0123046792,0.0094126782
2010-07-09,0.0139758705,0.0051575891,0.0051689007,0.0024169491,0.0098729020,0.0096280315,0.0000000000,0.0239218447,0.0067564516,0.0131280019,0.0014513656,0.0072038878
2010-07-12,0.0013785287,-0.0026605970,0.0046753170,-0.0017222050,-0.0052377341,0.0013154558,0.0033988514,-0.0131625003,0.0033559409,0.0037017718,-0.0067028135,0.0007329020
2010-07-13,0.0247761264,0.0120043166,0.0144257297,0.0075911551,0.0175504708,0.0249589232,0.0090323867,0.0270093612,0.0033442757,0.0219265590,0.0171438881,0.0153788791
2010-07-14,-0.0073876259,-0.0011294654,0.0059631239,0.0000000000,0.0020695511,-0.0064083132,0.0003733912,-0.0032471707,0.0003332031,-0.0058152857,0.0028692821,-0.0001551316
2010-07-15,-0.0020296484,-0.0011306202,0.0031918545,0.0030822475,-0.0003441245,0.0032248596,0.0029833873,-0.0009767635,0.0066642566,-0.0022184898,-0.0046490528,0.0011961033
2010-07-16,-0.0420336405,-0.0237783497,-0.0286362538,-0.0208260356,-0.0334020818,-0.0350371434,-0.0141263186,-0.0273885831,-0.0172125558,-0.0307256921,-0.0179628323,-0.0288194734
2010-07-19,-0.0007080776,0.0063790623,0.0098267112,0.0045327787,0.0056999566,0.0096604147,0.0018847126,0.0010055217,0.0154934801,0.0114706633,0.0060361368,0.0059818901
2010-07-20,0.0106237017,0.0228584675,0.0064871366,-0.0027768824,0.0155859272,0.0141866575,0.0120438451,0.0301409382,0.0089547835,0.0171130040,0.0096362506,0.0114165512
2010-07-21,-0.0161184384,-0.0163377495,-0.0119702915,-0.0163591120,-0.0024413367,-0.0178919879,-0.0107850961,-0.0032511312,-0.0154500695,-0.0192580581,-0.0066629804,-0.0128198166
2010-07-22,0.0292028043,0.0221456797,0.0270271308,0.0063695402,0.0307692128,0.0301424750,0.0112790216,0.0215264887,0.0160267192,0.0359654398,0.0208485636,0.0225133733
2010-07-23,0.0076127932,0.0044824233,0.0068058275,-0.0003515161,0.0200135503,0.0144694991,0.0092931711,0.0220308074,0.0016430147,0.0117717663,0.0177587645,0.0082200205
2010-07-26,0.0137353612,0.0087394153,0.0063088060,0.0144210133,0.0162956696,0.0148970076,0.0051566039,0.0059355509,0.0072178386,0.0258330810,0.0132610885,0.0112001662
2010-07-27,0.0027106786,-0.0047923565,0.0026873352,0.0010402695,-0.0068723085,-0.0128045915,0.0036644695,-0.0080743364,0.0146579424,-0.0001923054,-0.0008610908,-0.0010493574
2010-07-28,-0.0087835366,-0.0022227113,-0.0080398729,-0.0135088434,-0.0026356675,-0.0069596871,-0.0054769032,-0.0031311886,-0.0048155379,-0.0015383059,0.0000000000,-0.0069219647
2010-07-29,0.0034077189,0.0014847873,-0.0090046660,-0.0007024844,-0.0033033967,-0.0050971786,-0.0121141417,-0.0009417068,-0.0154833518,-0.0088575995,-0.0031023964,-0.0041586211
2010-07-30,-0.0006793780,-0.0020383752,-0.0040891275,0.0038652808,0.0039774696,0.0067240670,0.0026009692,0.0062870379,-0.0049148314,0.0034971091,0.0015559795,0.0000634992
2010-08-02,0.0251534375,0.0349183220,0.0209856198,0.0189009339,0.0198083058,0.0213105653,0.0114902194,0.0268662089,0.0207436392,0.0303965064,0.0172624259,0.0220225221
2010-08-03,-0.0112736019,-0.0003595712,-0.0053619255,0.0082446229,-0.0051794327,-0.0152600376,-0.0087947268,-0.0182533796,-0.0048385209,-0.0052609034,-0.0066182545,-0.0047963552
2010-08-04,0.0040244285,0.0077201033,0.0080861932,0.0098804623,0.0087861583,0.0167617056,0.0036970920,0.0092963384,0.0042140009,0.0032111627,0.0029042217,0.0060511125
2010-08-05,-0.0040082974,0.0032069538,-0.0044564466,0.0003377072,0.0006451213,0.0031104373,-0.0044197145,0.0021492792,-0.0016139520,-0.0124274863,0.0020441077,-0.0012685246
2010-08-06,-0.0087190528,-0.0118985091,-0.0026855002,0.0020231946,-0.0054807403,-0.0068218584,0.0022200477,-0.0045952731,0.0019400648,-0.0032409180,-0.0084993028,-0.0037040386
2010-08-09,0.0054128547,0.0041334923,0.0067321984,0.0026931012,0.0051865656,0.0096785759,0.0051675890,0.0061556200,0.0035494204,0.0099466403,0.0094291385,0.0054830644
2010-08-10,-0.0087484949,-0.0082330700,-0.0102542830,0.0023500293,-0.0067716737,-0.0086578706,0.0022034185,-0.0107068626,0.0057881677,-0.0077653011,-0.0045854880,-0.0059674055
2010-08-11,-0.0353020824,-0.0297782982,-0.0238741881,-0.0257875358,-0.0373379276,-0.0262013193,-0.0164897362,-0.0337042228,-0.0201412121,-0.0240502001,-0.0218390744,-0.0281787650
2010-08-12,-0.0070372804,-0.0059519670,-0.0138430981,0.0041252327,-0.0070825392,-0.0038435345,-0.0011180461,0.0064002207,-0.0019573586,-0.0115393572,0.0073261705,-0.0053787488
2010-08-13,-0.0028347731,-0.0016847369,-0.0046794702,-0.0037654351,-0.0013588731,-0.0112539721,-0.0003727342,-0.0047699170,0.0035957258,-0.0021764132,-0.0051948014,-0.0040235744
2010-08-16,-0.0028429432,-0.0001869209,0.0018804333,-0.0051548738,-0.0020409523,-0.0003253031,-0.0011193862,0.0044733169,0.0000000000,0.0009913320,0.0029586719,0.0001204585
2010-08-17,0.0078403556,0.0166853075,0.0107931087,0.0138169236,0.0173826548,0.0162653956,0.0097126942,0.0235366482,0.0097718186,0.0217906403,0.0133632693,0.0121922160
2010-08-18,0.0042431377,-0.0095890246,0.0055708064,-0.0013626400,0.0036850363,0.0092832992,0.0007395091,0.0037291193,-0.0054835366,0.0001945079,0.0049666273,0.0014827787
2010-08-19,-0.0232392590,-0.0161980679,-0.0120036656,-0.0184236454,-0.0213616957,-0.0193464888,-0.0118298044,-0.0229104793,-0.0142717927,-0.0226790823,-0.0173822097,-0.0169353922
2010-08-20,-0.0028837115,-0.0123016998,-0.0023363458,-0.0034762328,-0.0051158203,-0.0006472537,0.0000000000,-0.0022177203,0.0026326085,-0.0029753523,-0.0069372462,-0.0036630286
2010-08-23,-0.0065078794,0.0003832703,-0.0088993900,0.0045344478,-0.0109701103,-0.0090612710,0.0022446351,-0.0111147010,0.0065633216,-0.0047736939,-0.0052393507,-0.0040403067
2010-08-24,-0.0167393931,-0.0155136406,-0.0137049903,-0.0215276610,-0.0204508491,-0.0169822772,-0.0048520092,-0.0231214572,0.0016303729,-0.0043974548,-0.0031601302,-0.0145124330
2010-08-25,0.0029607853,-0.0031127178,0.0062295289,0.0099357488,-0.0017689941,0.0102986978,0.0022503074,0.0029587661,-0.0006510019,0.0130494077,0.0088062596,0.0032893427
2010-08-26,-0.0081180947,-0.0089778852,-0.0100004056,-0.0063243412,-0.0014182127,-0.0069056096,-0.0074846224,-0.0013115494,-0.0045599818,-0.0055489759,-0.0033172171,-0.0076847865
2010-08-27,0.0215774067,0.0259950218,0.0120251598,0.0102544748,0.0202342245,0.0162251592,0.0064099712,0.0298658674,0.0189790772,0.0159429667,0.0112101717,0.0165867684
2010-08-30,-0.0211216561,-0.0145875496,-0.0133086027,-0.0126006810,-0.0153097985,-0.0175951224,-0.0086178033,-0.0149778522,-0.0150935752,-0.0092196401,-0.0143768884,-0.0147192087
2010-08-31,0.0089285018,-0.0027267403,-0.0033716309,-0.0038994460,-0.0038864140,0.0013264920,0.0007557725,0.0042057429,0.0045654091,0.0093054329,0.0075570693,0.0003907944
2010-09-01,0.0383482862,0.0373040028,0.0256161148,0.0231320523,0.0397300243,0.0344486306,0.0177494588,0.0299614355,0.0217460209,0.0315804563,0.0218037357,0.0295046213
2010-09-02,0.0099430659,0.0082849662,0.0089542454,0.0052171066,0.0126235980,0.0185718722,0.0063082449,0.0118859554,0.0000000000,0.0125503089,0.0032431463,0.0090808359
2010-09-03,0.0210969916,0.0121382935,0.0149460870,0.0093422959,0.0151617402,0.0147750275,0.0062681591,0.0117465886,0.0044473084,0.0131458417,0.0103793258,0.0132190024
2010-09-07,-0.0227268807,-0.0149442170,-0.0082836339,-0.0058274303,-0.0092930006,-0.0161087526,-0.0040308627,-0.0097767750,-0.0050606102,-0.0139021612,-0.0070731582,-0.0114711898
2010-09-08,0.0098658753,0.0086152534,0.0055678953,0.0055170328,0.0103851335,0.0072414818,0.0044150523,0.0077135811,-0.0047676684,0.0005637567,0.0062759037,0.0064386994
2010-09-09,0.0125609610,0.0020427633,0.0027695101,0.0106308592,-0.0009946336,0.0009380086,0.0032968684,-0.0033681547,0.0099012244,-0.0075142758,0.0089327083,0.0048322901
2010-09-10,0.0013785287,0.0103784037,0.0004603463,0.0101804820,0.0089613815,0.0084324297,0.0047466852,0.0082950403,-0.0056932906,0.0039750322,0.0013363503,0.0048633328
2010-09-13,0.0213351414,0.0080703972,0.0179392904,0.0023507662,0.0098682316,0.0120778003,0.0010893524,0.0161487675,0.0034990385,0.0156482647,0.0066738129,0.0111306160
2010-09-14,-0.0087603895,-0.0034572002,0.0040665276,0.0033517520,-0.0029316658,0.0009178490,0.0018151035,-0.0017987830,-0.0012672295,-0.0029702642,-0.0026518804,-0.0007131195
2010-09-15,0.0033987738,-0.0020084495,0.0063009256,0.0093512635,0.0000000000,0.0018344397,0.0068838114,-0.0018029141,-0.0057126419,0.0078196317,0.0083081975,0.0035411389
2010-09-16,-0.0027097242,-0.0045740872,0.0058137809,-0.0039703179,-0.0013065142,0.0000000000,0.0010797201,0.0048149961,-0.0035114261,-0.0053572706,-0.0042846016,-0.0003643437
2010-09-17,-0.0052424504,-0.0050029961,0.0053996303,-0.0002007919,0.0093704794,0.0026025161,-0.0026428358,0.0001835977,-0.0017150220,0.0029721588,0.0086063416,0.0008268558
2010-09-20,0.0191647384,0.0168856448,0.0146474211,0.0133602541,0.0149831731,0.0192361753,0.0108895735,0.0064160319,0.0132901154,0.0224073465,0.0187069709,0.0152097972
2010-09-21,-0.0094022838,0.0007301099,-0.0017500074,0.0006594929,0.0019257444,-0.0041937364,-0.0017957095,-0.0045538351,-0.0051184188,-0.0157581702,0.0030603024,-0.0025640204
2010-09-22,-0.0162711114,-0.0072937693,-0.0048207002,0.0016468662,-0.0051249573,-0.0066188044,0.0017989398,0.0024397421,0.0070740075,-0.0103055327,-0.0056206549,-0.0048254925
2010-09-23,-0.0192972511,-0.0062455461,-0.0013204011,-0.0052614219,-0.0148099277,-0.0051480232,-0.0064638004,-0.0094304196,-0.0114944323,-0.0224320604,-0.0050060917,-0.0083313406
2010-09-24,0.0267045116,0.0216265671,0.0194000685,0.0135532781,0.0274511368,0.0258748595,0.0133722995,0.0245692596,0.0161503948,0.0272446553,0.0163931801,0.0211943928
2010-09-27,-0.0109514929,-0.0037992827,0.0004327341,-0.0075011542,-0.0063614899,-0.0065283916,-0.0057063573,-0.0056954920,0.0019068675,-0.0098992146,0.0057489094,-0.0056674324
2010-09-28,0.0020758851,0.0070832228,0.0012966270,0.0082153890,0.0054418522,0.0077661596,0.0064562206,0.0000000000,0.0006346540,0.0026410662,0.0038110376,0.0048503860
2010-09-29,-0.0075967094,0.0106401100,-0.0021585166,-0.0035855112,-0.0003188498,-0.0071132073,-0.0028506782,-0.0078380272,-0.0019022378,-0.0073375028,-0.0052201343,-0.0025877588
2010-09-30,-0.0013915558,0.0003569196,-0.0038946679,-0.0026165761,-0.0038210752,-0.0026867093,-0.0035743161,-0.0039504947,-0.0031770944,0.0022746096,-0.0020671460,-0.0030837222
2010-10-01,0.0104529533,0.0133785562,0.0004344102,0.0000000000,0.0009588921,0.0011971639,0.0017933597,0.0131180483,0.0054177972,0.0049162203,0.0065327428,0.0044164382
2010-10-04,-0.0068963668,-0.0124977696,-0.0082500066,-0.0098393928,-0.0105399110,-0.0020927562,-0.0028638424,-0.0159594010,-0.0019020482,0.0084691089,-0.0030076664,-0.0080349325
2010-10-05,0.0229160803,0.0235293074,0.0197024147,0.0185490457,0.0267917270,0.0209706886,0.0093355540,0.0281522452,0.0111151659,0.0130615072,0.0165135365,0.0208613406
2010-10-06,-0.0006787733,0.0088819226,-0.0047227115,-0.0039023343,0.0059731374,-0.0067485150,0.0042687214,0.0095232336,-0.0047112467,-0.0029473816,-0.0046860330,-0.0006720046
2010-10-07,-0.0040759363,-0.0050060395,0.0000000000,0.0019590144,-0.0021876050,0.0047263411,-0.0035423539,-0.0100234221,0.0018933368,0.0022169823,-0.0087886174,-0.0016465186
2010-10-08,0.0027284827,0.0124912000,0.0056077419,0.0026065064,0.0084554673,0.0102914201,0.0021334655,0.0196548393,0.0031494611,0.0012907321,-0.0014252559,0.0061222782
2010-10-11,-0.0013602105,0.0027417365,0.0017162239,0.0006499528,-0.0027944872,0.0002906631,0.0010642032,-0.0017522981,0.0003143462,-0.0014727002,-0.0009511040,0.0001458369
2010-10-12,0.0115799305,-0.0015378513,0.0059955888,0.0022733167,-0.0006229229,0.0023279892,0.0024802257,0.0026331769,-0.0040808172,0.0086647420,0.0015869928,0.0038187566
2010-10-13,0.0006736036,0.0121510415,0.0080884472,0.0071291962,0.0165160364,0.0014513290,0.0084839464,0.0160490679,0.0037820035,0.0098703055,0.0047539416,0.0071210203
2010-10-14,-0.0174966505,-0.0015217293,0.0004226985,-0.0019304900,-0.0058245029,-0.0011594743,0.0003500301,-0.0094774444,-0.0015697866,-0.0030768260,-0.0015769813,-0.0036413862
2010-10-15,-0.0171232041,0.0027094804,0.0168845661,0.0041906046,-0.0061674477,0.0072547410,0.0024525196,0.0028994552,0.0031446119,-0.0005445700,-0.0039492699,0.0020274855
2010-10-18,0.0222999458,0.0027024862,0.0066413536,0.0093098693,-0.0006206038,0.0014402582,0.0034954063,0.0043364565,0.0000000000,-0.0050863899,0.0055506631,0.0072437446
2010-10-19,-0.0136335343,-0.0198754862,-0.0177315998,-0.0187657639,-0.0133496425,-0.0181237190,-0.0121906993,-0.0256185379,0.0018813838,0.0049295706,-0.0148244822,-0.0158772503
2010-10-20,0.0096752973,0.0128891787,0.0083962104,0.0094001586,0.0141596581,0.0128915339,0.0088149284,0.0206790605,0.0081344645,0.0199856408,0.0140868034,0.0105240752
2010-10-21,0.0000000000,-0.0005094756,0.0008326496,0.0025691609,0.0080674534,0.0057853659,0.0034954063,-0.0002892893,-0.0043448474,-0.0019595861,-0.0037885261,0.0017739085
2010-10-22,-0.0006846687,0.0066201983,0.0029116541,0.0003200130,-0.0003079365,0.0054646529,0.0034834340,-0.0072381442,-0.0065458128,0.0001789395,-0.0007923236,0.0023892585
2010-10-25,-0.0034245125,0.0026986028,0.0029032010,0.0054435053,0.0033869296,0.0062929016,0.0024296358,0.0215810371,-0.0021967915,0.0019623987,0.0045989010,0.0021469716
2010-10-26,0.0013747696,0.0020177987,0.0024817115,-0.0028661460,-0.0046033066,0.0042635742,-0.0055403823,-0.0059950674,-0.0025157510,-0.0058770303,0.0015785595,0.0000168853
2010-10-27,0.0006857980,-0.0041959778,0.0028876305,-0.0060681801,-0.0073984075,-0.0062269340,-0.0052229256,-0.0091903226,-0.0040982133,-0.0100321118,-0.0061467045,-0.0026905835
2010-10-28,0.0000000000,-0.0021910021,0.0000000000,0.0057838663,-0.0021733843,0.0045569242,0.0035004019,0.0005795700,0.0025322682,-0.0061528843,0.0065020024,0.0011248494
2010-10-29,-0.0013710844,0.0006758447,0.0016452408,-0.0041533566,0.0015556625,-0.0002834258,0.0034880901,0.0081110387,0.0015788115,0.0007282476,0.0000000000,-0.0004392873
2010-11-01,0.0000000000,0.0011815204,0.0008219433,0.0000000000,0.0000000000,-0.0019848048,-0.0041714019,-0.0005741948,-0.0097728521,0.0072781060,-0.0006301291,0.0009465334
2010-11-02,0.0027467919,0.0109594652,0.0098480991,0.0096250616,0.0096340302,0.0113666698,0.0059340367,0.0103503971,0.0117795179,0.0055996091,0.0105624943,0.0077592845
2010-11-03,0.0095890414,0.0021683039,0.0056884316,0.0006350206,0.0015387393,0.0050572190,0.0031226181,-0.0028457484,-0.0018879751,-0.0010778269,0.0043683013,0.0036780539
2010-11-04,0.0332430365,0.0317851276,0.0149495843,0.0047638638,0.0212046930,0.0156559881,0.0121065649,0.0328199922,0.0107188307,0.0258949524,0.0124261046,0.0192828629
2010-11-05,0.0229809045,0.0049999229,-0.0007966548,-0.0060054391,0.0060182006,0.0049541456,-0.0051262362,0.0035917942,-0.0003120838,0.0099906623,-0.0039889582,0.0039227530
2010-11-08,-0.0077022963,0.0030496444,0.0007972899,-0.0025435996,-0.0041873709,-0.0016431778,-0.0017173831,0.0024785376,-0.0056157027,-0.0048589726,-0.0024647136,-0.0021209574
2010-11-09,-0.0187580790,-0.0019203766,-0.0027865649,-0.0041442471,-0.0090119508,-0.0090529860,-0.0051622164,-0.0175778995,-0.0034521593,-0.0361005776,-0.0038601054,-0.0080522997
2010-11-10,0.0112062037,0.0128248308,0.0007984129,-0.0003201271,-0.0003028825,0.0088587436,-0.0031128977,0.0050318924,-0.0044077767,0.0119413225,0.0029451905,0.0043760808
2010-11-11,-0.0097782497,0.0110791085,-0.0151575561,0.0028819074,-0.0057616205,-0.0013720718,0.0010408390,0.0102920825,-0.0006325438,-0.0080454383,-0.0030910793,-0.0042421265
2010-11-12,-0.0164584247,-0.0147146811,-0.0141760469,-0.0124517954,-0.0115882272,-0.0104422508,-0.0048528382,-0.0223016799,-0.0082276553,-0.0093730386,-0.0093023217,-0.0118084922
2010-11-15,0.0046855664,-0.0050841443,-0.0028756711,0.0003231745,0.0030848386,-0.0019436582,0.0003483434,-0.0078848327,0.0035100206,-0.0109165780,-0.0009390001,-0.0012174356
2010-11-16,-0.0166558995,-0.0186842328,-0.0181291155,-0.0145440300,-0.0159948448,-0.0136347386,-0.0111418894,-0.0215726240,-0.0117648449,-0.0314572563,-0.0172306255,-0.0162054136
2010-11-17,-0.0067746779,0.0040687088,0.0004191521,0.0016397626,0.0006250203,0.0087452378,0.0003520430,-0.0002903434,-0.0003218194,0.0087367767,0.0028690841,0.0002121629
2010-11-18,0.0136426267,0.0220416767,0.0167787314,0.0140795089,0.0203064548,0.0086690987,0.0133754925,0.0188624881,0.0057932495,0.0069666768,0.0155753157,0.0153573135
2010-11-19,0.0000000000,0.0084048249,0.0028876305,0.0009689150,0.0030615389,0.0047129730,0.0006949533,0.0079751891,-0.0038396774,0.0046748490,0.0018780837,0.0025403732
2010-11-22,-0.0148049956,-0.0031451225,0.0057592109,0.0003226055,-0.0021366219,0.0046908013,0.0000000000,0.0025432219,0.0028906748,0.0020471248,-0.0010936687,-0.0015753667
2010-11-23,-0.0157108500,-0.0195616487,-0.0147239125,-0.0145114400,-0.0137656513,-0.0148308637,-0.0118013482,-0.0191662964,-0.0108901847,-0.0070580203,-0.0106332929,-0.0142840328
2010-11-24,0.0152676653,0.0180209577,0.0166044059,0.0094896069,0.0226428350,0.0206297568,0.0077273356,0.0192532313,0.0061527979,0.0192668671,0.0097992249,0.0149229675
2010-11-26,-0.0143534822,-0.0120119547,-0.0098003238,-0.0087522142,-0.0081892149,-0.0081942665,-0.0066228314,-0.0169160784,-0.0067590184,-0.0029360950,-0.0021913714,-0.0074685621
2010-11-29,0.0083211374,0.0067185906,-0.0024740643,-0.0009808646,-0.0003060371,-0.0022037341,-0.0017542439,0.0086038807,-0.0019442594,-0.0005523226,-0.0078429408,-0.0013788588
2010-11-30,-0.0055021104,-0.0034954377,-0.0099210926,-0.0091653552,-0.0024470151,-0.0022078362,-0.0045693361,0.0005683039,-0.0012983452,-0.0038675716,-0.0036363511,-0.0060702169
2010-12-01,0.0200555383,0.0296600815,0.0212941281,0.0191609607,0.0257586434,0.0213003202,0.0162428124,0.0272804892,0.0117026291,0.0075805266,0.0126944343,0.0216169552
2010-12-02,0.0257626372,0.0148677044,0.0118559483,0.0077793692,0.0155456675,0.0130012514,0.0006946884,0.0152145065,0.0028925485,0.0135771610,0.0090879337,0.0128185625
2010-12-03,0.0033048626,0.0044253533,0.0024243670,0.0000000000,0.0020612676,0.0005347533,0.0003476597,0.0084466953,0.0022425170,0.0014480583,0.0046583837,0.0026032366
2010-12-06,-0.0013171996,0.0033426475,0.0000000000,-0.0064328716,-0.0005876793,0.0010687498,-0.0024298381,0.0016212912,-0.0028767105,0.0005427850,0.0018548619,-0.0012982387
2010-12-07,0.0013189369,-0.0037856262,0.0012092046,0.0006473473,0.0026453613,0.0005335886,0.0055672698,0.0013491856,-0.0067330132,0.0032519436,0.0023140995,0.0005150802
2010-12-08,0.0164691622,-0.0047121833,0.0084541148,0.0009707151,-0.0035181668,-0.0026676295,0.0038064838,-0.0105069806,-0.0035508087,-0.0149466087,-0.0001541415,0.0037017604
2010-12-09,0.0123134339,0.0022910779,0.0007984129,0.0016161554,0.0029422693,0.0013375678,0.0027574248,0.0054455500,0.0042112680,-0.0107861075,0.0093904522,0.0038427481
2010-12-10,0.0089630686,0.0041138441,0.0047866557,0.0096803214,0.0090932734,0.0034730801,0.0017182632,0.0086652333,0.0038704320,0.0103487938,0.0062528632,0.0060016419
2010-12-13,-0.0006347088,0.0084975946,-0.0019850317,0.0015979981,0.0005816779,-0.0047922174,0.0000000000,0.0053686784,0.0048203557,0.0025616328,0.0000000000,0.0000483203
2010-12-14,-0.0088888893,-0.0046643878,0.0015912026,0.0102109825,0.0046484924,-0.0002680449,0.0048050449,-0.0008010860,0.0025587040,-0.0102176706,0.0125796360,0.0009109564
2010-12-15,-0.0083279024,-0.0054420735,-0.0039715471,-0.0031588017,-0.0040488509,-0.0032106648,0.0010243873,-0.0053442203,-0.0086124169,-0.0110594491,-0.0041911901,-0.0051224523
2010-12-16,0.0012917734,0.0056239622,0.0015949159,0.0069707536,0.0110334827,0.0072485821,0.0088705291,0.0094033973,0.0090087398,0.0026089046,0.0015030277,0.0061850949
2010-12-17,0.0055684979,0.0003490986,0.0019974707,0.0017080126,-0.0029737793,0.0016080549,0.0015688281,0.0078615229,0.0051955262,0.0078083661,-0.0061532290,0.0008368044
2010-12-20,0.0006442870,0.0065257185,0.0007975818,-0.0003156376,-0.0002888499,0.0058890912,-0.0010216103,0.0031950458,0.0012838712,0.0114373849,0.0080039336,0.0025483530
2010-12-21,0.0173739330,0.0101029116,0.0059759794,-0.0025270721,0.0081092635,0.0042571948,-0.0023866878,0.0100855027,0.0003209176,0.0109425720,0.0043443485,0.0060301022
2010-12-22,0.0113850853,0.0034330399,-0.0011881328,0.0028500115,0.0022979092,0.0013248896,0.0044432923,-0.0005257981,0.0044868637,0.0069655851,0.0016121807,0.0033795555
2010-12-23,-0.0075041620,0.0028267111,-0.0003963919,-0.0006317447,-0.0020066888,-0.0042340251,0.0003403856,0.0026284473,0.0006383523,-0.0030781126,0.0013794407,-0.0016443284
2010-12-27,0.0088213771,-0.0035603070,0.0019835794,-0.0018960406,0.0017236130,-0.0029230825,-0.0047624013,0.0015731948,0.0006378423,0.0079924100,0.0039798786,0.0006126972
2010-12-28,0.0000000000,0.0037222154,-0.0011882170,0.0006335802,-0.0005735976,-0.0021319715,0.0027345920,0.0020945267,0.0035054348,0.0039645189,-0.0012197054,0.0007713239
2010-12-29,-0.0018737451,0.0099374983,0.0019824707,0.0003166287,0.0008607081,0.0032050044,0.0003404732,0.0041798874,-0.0034931897,0.0044876491,0.0018315156,0.0010091454
2010-12-30,-0.0031289657,0.0008809515,-0.0023739067,-0.0034791488,-0.0017194260,-0.0018637098,-0.0017037558,0.0000000000,-0.0015936407,0.0012510229,0.0001523604,-0.0015082192
2010-12-31,0.0012557297,0.0014676837,-0.0011895462,-0.0003173977,0.0011477478,-0.0021336773,0.0003415300,-0.0007804921,0.0003191752,-0.0012494598,-0.0001523372,-0.0001907894
2011-01-03,0.0219433672,0.0074725115,0.0111153445,0.0092065104,0.0071698081,0.0117611467,0.0013646675,0.0080707038,0.0047865117,0.0155470721,0.0152369114,0.0113148280
2011-01-04,-0.0012266525,-0.0085804620,0.0039266629,0.0031454748,-0.0014235076,-0.0055482923,-0.0027258124,-0.0067149457,0.0047633010,-0.0177723581,0.0039020735,-0.0013130618
2011-01-05,0.0116707131,0.0039605722,0.0058659518,0.0021949205,0.0051327442,0.0082360670,0.0003424723,0.0023398511,-0.0063208576,0.0041202464,0.0115120812,0.0050071703
2011-01-06,-0.0066788869,-0.0094975912,0.0058323789,0.0040676081,-0.0017024421,-0.0060604289,-0.0034158528,-0.0051877573,0.0009538678,-0.0053524663,-0.0168493342,-0.0021229577
2011-01-07,-0.0085576429,0.0072282376,-0.0046385405,-0.0006230903,0.0019892929,-0.0005300906,-0.0051404501,-0.0010426209,0.0034955127,-0.0003586682,-0.0064641537,-0.0018447821
2011-01-10,-0.0024658848,-0.0039541929,0.0007762845,-0.0028063888,0.0014182157,-0.0007964713,0.0006885167,0.0013048925,-0.0053831252,-0.0003590236,-0.0031774555,-0.0013763272
2011-01-11,0.0037080187,0.0166152458,-0.0015521807,0.0050028751,0.0036810739,-0.0002650315,-0.0006880430,0.0080812913,0.0015919136,-0.0017948555,-0.0091075622,0.0037251274
2011-01-12,0.0166260216,0.0137401356,0.0089391181,0.0052896868,0.0081833458,0.0023899404,0.0082669785,0.0098265536,0.0050856994,0.0044957183,0.0045956362,0.0090075801
2011-01-13,-0.0030287079,-0.0028534774,-0.0007701851,-0.0052618533,0.0011194774,-0.0015894340,0.0020498977,-0.0087063306,-0.0009484381,0.0028642601,0.0030496893,-0.0017107462
2011-01-14,0.0157959158,0.0108743357,0.0088662969,0.0012450903,0.0039135764,0.0061018698,0.0000000000,0.0023248062,0.0047480175,0.0067835413,-0.0041045077,0.0073845426
2011-01-18,-0.0059813369,0.0062275264,0.0011465429,0.0037288547,0.0072404144,0.0029014553,0.0006819671,0.0054122134,0.0025207222,0.0093966753,-0.0082429274,0.0013764107
2011-01-19,-0.0222619062,-0.0120970420,-0.0072521413,-0.0068109649,-0.0105058057,-0.0099920984,-0.0020443101,-0.0230710958,-0.0025143841,-0.0119439544,-0.0098509180,-0.0101156549
2011-01-20,0.0049232389,-0.0071195184,-0.0053821898,0.0024935235,-0.0050294165,0.0021249146,0.0051214419,-0.0141692764,0.0075615577,-0.0021336654,-0.0029536699,-0.0012949592
2011-01-21,0.0079606401,0.0053063025,-0.0057985595,0.0009326395,0.0081441339,0.0023851406,0.0016981543,-0.0023961154,-0.0009381641,0.0039193149,0.0024946396,0.0024135455
2011-01-24,-0.0012152013,0.0037090370,0.0139971461,-0.0012422324,0.0094702137,0.0039663218,0.0016954715,0.0106729784,0.0056334644,0.0049693462,0.0085537983,0.0058362803
2011-01-25,-0.0018246412,-0.0028426184,0.0046011907,0.0000000000,-0.0011034432,0.0005266609,0.0033857903,0.0013201200,-0.0015557398,0.0105949559,0.0070928757,0.0002634625
2011-01-26,-0.0006093571,0.0239449276,0.0057251682,-0.0012444711,0.0058011604,0.0015793928,-0.0026996288,0.0210911747,-0.0037404567,0.0027953627,0.0151588604,0.0042209072
2011-01-27,0.0085367707,-0.0058461992,0.0034153336,0.0024913490,0.0035703520,0.0078840284,-0.0101489348,-0.0082623048,0.0037545003,0.0139397237,-0.0045246995,0.0022443058
2011-01-28,-0.0175334958,-0.0043403239,-0.0230707303,-0.0180177968,-0.0194305897,-0.0325944404,-0.0095693931,-0.0156207412,-0.0134040646,-0.0156381999,-0.0237882838,-0.0178525267
2011-01-31,0.0092308335,0.0286876182,0.0061941173,0.0022145195,0.0114424756,0.0021562310,-0.0034502195,0.0166621176,0.0022117383,0.0118715220,0.0020179777,0.0076625582
2011-02-01,0.0207314391,0.0162680318,0.0169291874,0.0179923134,0.0140731067,0.0118344025,0.0072714265,0.0267950587,0.0100880266,0.0046585395,0.0156441651,0.0166935984
2011-02-02,-0.0077658549,-0.0008069738,0.0018921956,-0.0034111084,-0.0032652190,-0.0029233712,-0.0037817629,-0.0017736903,-0.0053059407,0.0001719675,-0.0036600752,-0.0027225175
2011-02-03,0.0006018327,0.0005385036,0.0015104741,0.0012450903,0.0005458472,0.0117296673,0.0051765259,0.0043148932,0.0040792763,0.0025753807,0.0055104791,0.0023541991
2011-02-04,-0.0006014707,-0.0025564938,0.0064102734,0.0046611454,0.0035470417,0.0068513511,0.0058353261,0.0002525361,-0.0062498484,-0.0090771835,0.0027402189,0.0028842626
2011-02-07,0.0144493245,0.0058006925,0.0048705037,-0.0015465066,0.0095161336,0.0052344304,0.0013657253,0.0053058870,0.0066036124,0.0112340829,0.0012143634,0.0062401716
2011-02-08,0.0071218962,-0.0033527708,0.0041018436,0.0027877473,0.0067331255,0.0119756928,0.0047714511,0.0032669885,-0.0003123948,0.0025634973,0.0066716442,0.0041847521
2011-02-09,-0.0070715335,-0.0126501114,-0.0018568894,-0.0021622202,-0.0002678554,0.0066889521,0.0016956542,-0.0090180184,0.0000000000,0.0023869896,-0.0001503822,-0.0027857656
2011-02-10,0.0000000000,0.0102219776,-0.0044642516,0.0003095579,0.0053526292,0.0012775913,-0.0037246333,0.0017694569,0.0018747532,0.0032310886,0.0060255573,0.0007494929
2011-02-11,0.0136496084,-0.0001348515,0.0052316052,0.0021666951,0.0074528909,0.0102095642,0.0054384563,0.0055512803,-0.0018712451,0.0062724694,0.0080864016,0.0055073716
2011-02-14,0.0005856362,0.0219946892,0.0014873250,0.0033971830,-0.0010573785,-0.0040423674,-0.0043948323,0.0107905714,-0.0071873257,-0.0001684810,-0.0032677825,0.0023849241
2011-02-15,-0.0011704957,-0.0104306645,-0.0037119664,-0.0021547671,-0.0037022894,0.0012683088,-0.0003394959,-0.0114200222,0.0031472425,-0.0033697617,0.0001487909,-0.0032349111
2011-02-16,0.0052725373,0.0133425031,0.0055885641,0.0052435417,0.0047784784,0.0081070336,0.0027172825,0.0130587012,-0.0021960670,0.0028735976,-0.0037250092,0.0062574352
2011-02-17,-0.0011651770,0.0098748221,0.0018525019,0.0042960082,0.0023766684,0.0002517186,0.0067748951,0.0089240622,0.0018865439,0.0013489703,-0.0007480198,0.0030756911
2011-02-18,0.0023338896,0.0041719361,-0.0014792784,0.0024440796,0.0026363414,0.0052759912,0.0026917802,-0.0110566508,0.0015691259,0.0038719215,-0.0022449639,0.0019247226
2011-02-22,-0.0308497897,-0.0097375552,-0.0244448165,-0.0152391227,-0.0289170253,-0.0239933161,-0.0070466512,-0.0320495572,-0.0043868307,-0.0090556144,-0.0189019454,-0.0205285651
2011-02-23,-0.0042047617,0.0203223713,-0.0117689300,-0.0095943998,-0.0175960461,-0.0145972066,-0.0023658134,-0.0074433871,-0.0022033840,-0.0079539330,-0.0160552917,-0.0061119605
2011-02-24,-0.0024120620,-0.0141348299,0.0034578591,0.0034372149,0.0057867038,0.0059774939,-0.0040647804,-0.0051719950,-0.0037855998,-0.0054591269,0.0024867402,-0.0009943772
2011-02-25,0.0139053375,0.0159018701,0.0126335162,0.0062287198,0.0090409245,0.0103332828,0.0051020814,0.0148169713,0.0056999776,0.0178389818,0.0168964150,0.0105505165
2011-02-28,0.0047704879,0.0076979898,0.0041587811,0.0111420940,0.0048877425,0.0076702877,0.0057524851,0.0107582173,0.0110199832,0.0208961269,0.0077741716,0.0055610857
2011-03-01,-0.0213651345,-0.0187164989,-0.0192015097,-0.0079584916,-0.0213456943,-0.0190305129,-0.0077388317,-0.0245815968,-0.0099656012,-0.0269067462,-0.0196640667,-0.0157396778
2011-03-02,-0.0060640101,0.0057089355,0.0061418074,0.0030855320,0.0049699879,0.0038802012,-0.0027123820,0.0036366796,0.0015728845,-0.0079727201,0.0007716006,0.0016152009
2011-03-03,0.0207444671,0.0171591201,0.0160248765,0.0206090006,0.0241747490,0.0177785156,0.0102003981,0.0201920420,0.0113064582,0.0143638592,0.0075546098,0.0172190015
2011-03-04,-0.0125526651,-0.0063420890,-0.0078855825,-0.0015068887,-0.0118020626,-0.0073416894,-0.0043756991,-0.0091352470,-0.0059007772,-0.0085971561,-0.0087221508,-0.0073780375
2011-03-07,-0.0066583919,-0.0070200118,-0.0128694186,-0.0075461134,-0.0092290600,-0.0099465434,-0.0027042267,-0.0171572984,0.0037485364,-0.0064616161,-0.0030872716,-0.0083412325
2011-03-08,0.0219377102,-0.0082273675,0.0084358299,0.0054748837,0.0156165789,0.0079857172,0.0088134984,0.0114639550,0.0112046143,0.0124935760,0.0134711928,0.0089227339
2011-03-09,0.0000000000,-0.0068698444,-0.0041827642,0.0015120579,-0.0021582956,0.0023003919,0.0050401685,-0.0162284844,0.0101571232,0.0005072586,0.0056533160,-0.0013617034
2011-03-10,-0.0202742258,-0.0364137351,-0.0187096183,-0.0157053878,-0.0202758981,-0.0114739220,-0.0066867489,-0.0217334675,-0.0112737329,-0.0155433828,-0.0091155527,-0.0188709518
2011-03-11,0.0066953377,0.0173372345,0.0038909752,0.0033755979,0.0118653791,0.0061902327,0.0006730498,0.0147216182,0.0021573113,0.0113272126,-0.0029132843,0.0070805137
2011-03-14,-0.0090690788,0.0054587739,-0.0046512180,-0.0048930221,-0.0084536225,-0.0123044167,-0.0070635333,-0.0036930112,-0.0132227075,-0.0067880905,-0.0098415133,-0.0060493257
2011-03-15,-0.0115924824,-0.0075479540,-0.0147971686,-0.0116780400,-0.0093507560,-0.0083052337,-0.0088078236,0.0000000000,-0.0190090791,-0.0080299272,-0.0063675576,-0.0112003482
2011-03-16,-0.0185186466,-0.0160104373,-0.0245059662,-0.0174127898,-0.0186010547,-0.0170113430,-0.0143534971,-0.0201218289,-0.0155651649,-0.0130899501,-0.0118785025,-0.0194949490
2011-03-17,0.0119500307,0.0305086162,0.0105349053,0.0117086170,0.0155591485,0.0045262484,0.0048537726,0.0178332210,0.0012907074,0.0083772757,0.0156595008,0.0133982288
2011-03-18,0.0138334013,-0.0046871685,0.0017700188,0.0045564317,0.0063506055,-0.0006381553,0.0081207092,0.0049006127,0.0049791127,0.0088260694,0.0096558959,0.0043102019
2011-03-21,0.0049168473,0.0303754749,0.0168673367,0.0084457739,0.0219625257,0.0154327472,0.0123927228,0.0172274188,0.0116582382,0.0109800686,-0.0038562526,0.0149858464
2011-03-22,-0.0055044957,-0.0021885729,-0.0015795958,-0.0006208976,-0.0078890506,-0.0078608429,-0.0013602439,-0.0023450987,0.0016005658,-0.0089942172,0.0071226904,-0.0035505671
2011-03-23,-0.0024600790,0.0025805073,0.0055382070,-0.0006206709,0.0032908113,0.0087159395,0.0017027432,0.0146254041,-0.0006391421,-0.0075342677,0.0049201598,0.0029139797
2011-03-24,0.0049321004,0.0036035106,0.0157355518,0.0118010665,0.0103855581,0.0146637143,0.0091772302,0.0043759449,0.0041575394,0.0046585395,0.0084149153,0.0093407485
2011-03-25,0.0024540423,0.0089751146,0.0023235551,0.0027626493,0.0035158758,0.0018063492,0.0000000000,0.0053817680,-0.0003190100,0.0050754823,0.0062207112,0.0031611369
2011-03-28,-0.0030598297,-0.0024145654,-0.0023181687,-0.0003062496,-0.0008085448,-0.0103034342,-0.0003370717,-0.0045881086,-0.0035042361,0.0000000000,0.0114596988,-0.0027478363
2011-03-29,0.0018413992,0.0122292749,0.0069709358,0.0058175033,0.0080925365,0.0091096754,0.0047174003,0.0104994073,0.0099108402,0.0044812848,0.0080498480,0.0070600450
2011-03-30,0.0079657447,0.0069217197,0.0042304808,0.0073058875,0.0040144634,0.0108325010,0.0053652991,0.0103900507,0.0113957048,0.0116677311,0.0121268760,0.0066847062
2011-03-31,-0.0036473558,-0.0032490699,-0.0019144641,0.0006045014,0.0039979400,-0.0035715545,-0.0020018129,0.0037620821,-0.0025040565,0.0074632550,0.0018993623,-0.0018295015
2011-04-01,0.0085416514,0.0030087940,-0.0019186724,0.0051344499,0.0082288726,0.0064018166,0.0050138503,0.0037479819,0.0078446327,0.0023566061,0.0005833112,0.0049629880
2011-04-04,-0.0012095258,0.0006253257,-0.0034602315,0.0060099825,0.0013168175,0.0022895467,0.0019951526,0.0064731403,-0.0006226263,-0.0008399668,0.0021861419,0.0003452098
2011-04-05,-0.0006058713,0.0029986145,-0.0015432106,-0.0044806141,-0.0036816016,0.0033003431,0.0009957807,0.0118723872,-0.0040501388,0.0016807142,-0.0030541485,-0.0001800552
2011-04-06,0.0115145825,-0.0104635742,0.0073414673,0.0021002605,0.0010559162,-0.0017709235,0.0046418456,-0.0083115082,0.0071945474,-0.0013423994,0.0024800989,0.0021836775
2011-04-07,-0.0047931188,0.0000000000,0.0003836945,-0.0017964503,-0.0047457771,-0.0040551388,0.0013204796,-0.0019714004,-0.0040375607,-0.0104186324,-0.0020368315,-0.0015200063
2011-04-08,-0.0090305567,0.0035247932,-0.0057513354,-0.0005997465,-0.0087414539,-0.0058543365,-0.0029667585,-0.0071625122,-0.0028060382,-0.0074712774,-0.0018961643,-0.0040044437
2011-04-11,0.0000000000,-0.0196939076,-0.0015429743,0.0057019731,-0.0008021034,0.0002555666,0.0052893192,-0.0111941168,-0.0131333882,-0.0010264358,0.0108112380,-0.0027933795
2011-04-12,-0.0036445746,-0.0309663543,-0.0081112673,-0.0011933344,-0.0074880234,-0.0012791464,0.0032886435,-0.0135849861,-0.0025350001,-0.0020554100,-0.0079494808,-0.0077766992
2011-04-13,-0.0073172317,0.0040937061,0.0062304429,-0.0008964939,-0.0029642046,0.0033310491,0.0006551772,-0.0058656517,0.0025414427,-0.0012010467,0.0016023948,0.0001902356
2011-04-14,-0.0092142702,0.0068382455,-0.0019347381,0.0053829046,0.0000000000,-0.0022984367,0.0058959341,0.0030786238,0.0060201579,0.0135741357,0.0024727336,0.0000836766
2011-04-15,0.0006197602,0.0082291857,-0.0019385789,0.0089229598,0.0035129568,0.0048645532,0.0042333978,0.0066492785,0.0110238936,0.0110185110,0.0050785061,0.0039254132
2011-04-18,-0.0136302211,-0.0148983856,-0.0089355796,-0.0112028106,-0.0142742499,-0.0089172705,-0.0055126302,-0.0139731065,-0.0087226957,-0.0098924713,-0.0170349157,-0.0110178517
2011-04-19,0.0031405534,0.0101261943,0.0027440002,0.0083484429,0.0087442350,0.0023129715,0.0019565900,0.0177785808,0.0003140979,0.0077896983,-0.0017623464,0.0057311709
2011-04-20,0.0025041688,0.0235650724,0.0211106606,0.0097574094,0.0162508171,0.0179540685,0.0052066055,0.0131644191,0.0128811824,0.0115947581,0.0094161305,0.0135149474
2011-04-21,0.0056221716,0.0045787926,0.0088051342,0.0029279672,0.0029316114,0.0055426738,0.0003238843,0.0107446971,0.0000000000,0.0071431670,0.0046639205,0.0052767819
2011-04-25,-0.0012425044,-0.0051914884,0.0007594112,0.0011682718,-0.0029230422,-0.0010022144,-0.0025894915,-0.0076639259,0.0012404196,0.0049479560,-0.0033366734,-0.0015926699
2011-04-26,0.0062194785,0.0099270763,0.0083425929,0.0116652010,0.0191893975,0.0017552617,0.0068139440,0.0112112422,0.0080545172,0.0093548085,0.0126637675,0.0089795845
2011-04-27,0.0061803642,-0.0005035362,0.0060172134,0.0112426321,0.0044456269,0.0120184611,0.0064455905,0.0032027249,0.0079903563,0.0045525811,0.0117867436,0.0062498471
2011-04-28,0.0079852178,-0.0001263314,0.0003735925,0.0051306183,0.0033846590,0.0039585022,0.0064039429,-0.0002456213,0.0088411563,0.0111687305,0.0018471129,0.0035554241
2011-04-29,-0.0018284064,0.0148802097,-0.0007474281,-0.0005668090,0.0041511167,-0.0007391094,0.0028634142,0.0039302654,0.0021155527,-0.0048021202,-0.0072322260,0.0023006622
2011-05-02,-0.0042738120,-0.0132951411,-0.0037397614,0.0102152786,-0.0015499068,0.0034524432,0.0012690050,-0.0070957259,0.0003014052,-0.0001606852,-0.0055706759,-0.0017527113
2011-05-03,0.0042921559,-0.0250595343,0.0003753975,-0.0025275970,-0.0041407661,-0.0056530234,0.0025345202,-0.0091180561,0.0063312553,-0.0067566151,0.0114907235,-0.0033793036
2011-05-04,-0.0085472450,-0.0176959635,-0.0030015285,-0.0008447831,-0.0145532048,-0.0022240186,-0.0012639201,-0.0176571910,-0.0011983435,-0.0055071287,-0.0042600516,-0.0068553087
2011-05-05,-0.0129308219,-0.0207758715,-0.0052695837,-0.0064825405,-0.0047467626,-0.0027249968,-0.0075948453,-0.0118987111,-0.0071985917,-0.0014657309,-0.0048486207,-0.0090698358
2011-05-06,0.0049905594,0.0044316232,0.0018922535,0.0070919475,0.0087440374,0.0007449843,0.0025511422,0.0081988793,0.0057400660,-0.0053827124,0.0038692990,0.0038199204
2011-05-09,-0.0024829851,0.0175134769,0.0041541456,0.0056340078,0.0042025645,0.0012407540,0.0034989400,0.0144856630,0.0021024596,0.0039361191,0.0052816313,0.0045441636
2011-05-10,0.0093342986,0.0047298794,0.0090257762,0.0061619209,0.0091555260,0.0128911638,0.0060219716,0.0085165849,0.0143892272,0.0138840990,0.0151947630,0.0080740367
2011-05-11,-0.0135634674,-0.0289007098,-0.0089450403,-0.0016699386,-0.0134787786,-0.0095445945,-0.0018907208,-0.0265770417,-0.0032508123,-0.0111164434,-0.0061543461,-0.0111114959
2011-05-12,0.0000000000,-0.0014808675,0.0075215386,0.0092023991,0.0021018678,0.0098832340,0.0148362530,-0.0010205758,0.0100801772,-0.0001631615,0.0073184307,0.0048954374
2011-05-13,-0.0143747602,-0.0048550777,-0.0123183151,-0.0030397911,-0.0120608217,-0.0075846921,-0.0012441378,-0.0127716964,-0.0046964828,-0.0091250627,-0.0088024167,-0.0080673301
2011-05-16,-0.0012684062,-0.0075892761,-0.0143611763,0.0016628748,-0.0037153976,-0.0133135764,0.0003113100,-0.0036221926,0.0011795199,0.0023027891,-0.0091630834,-0.0062043914
2011-05-17,0.0076190185,0.0000000000,0.0000000000,0.0000000000,-0.0135852330,0.0009991165,0.0021788500,-0.0116849618,0.0073641125,-0.0014770660,0.0017076293,-0.0003685606
2011-05-18,0.0044109599,0.0202105263,0.0072849892,0.0077479051,0.0135024457,0.0117330429,0.0015536646,0.0223329074,-0.0032166868,0.0111731096,0.0062488185,0.0088037995
2011-05-19,0.0000000000,0.0001336808,0.0019033353,-0.0021967160,0.0063947176,0.0032075106,0.0055830368,-0.0002569800,0.0023467709,0.0019501000,0.0036701682,0.0021779409
2011-05-20,-0.0138021083,-0.0012041673,-0.0056991585,-0.0082553624,-0.0105906328,-0.0095922163,-0.0030847520,-0.0100258025,-0.0011708249,-0.0102170575,0.0002808735,-0.0076882675
2011-05-23,-0.0139946802,-0.0155436040,-0.0141380037,-0.0102663457,-0.0141823075,-0.0094362075,-0.0068067247,-0.0103871219,-0.0117195439,-0.0104871336,-0.0077320140,-0.0119255846
2011-05-24,-0.0012902009,0.0141554224,-0.0031009571,-0.0028030601,-0.0051575417,-0.0050134700,-0.0009342214,0.0049860753,-0.0008895025,0.0029808017,0.0097755650,-0.0008273802
2011-05-25,0.0006458837,0.0169105003,0.0031106029,0.0014051576,0.0084584456,0.0002512793,-0.0065484423,0.0140989554,-0.0020772590,0.0041273825,-0.0029460061,0.0031831687
2011-05-26,0.0051651371,0.0050154031,0.0065889021,0.0014038092,0.0040589956,0.0090681069,0.0015694861,0.0023175258,-0.0002971929,0.0129891863,0.0090063080,0.0039531158
2011-05-27,0.0070643478,0.0024954397,0.0050060708,0.0005609163,0.0048499590,0.0024959837,0.0040738371,0.0107883495,0.0000000000,0.0017855351,0.0068338465,0.0040809197
2011-05-31,0.0102038120,0.0100858072,0.0137929306,0.0117679389,0.0091179027,0.0069727444,0.0084269655,0.0101650565,0.0074358251,0.0174987983,0.0056794836,0.0105927247
2011-06-01,-0.0334593391,-0.0238621188,-0.0207862581,-0.0138465713,-0.0326863810,-0.0227502997,-0.0102135553,-0.0311949612,-0.0103334126,-0.0281848772,-0.0180441630,-0.0227846443
2011-06-02,0.0006532583,-0.0003979736,0.0007723976,-0.0022464754,0.0052195355,-0.0022770340,-0.0115696102,0.0015580310,-0.0029834888,-0.0057348834,0.0000000000,-0.0012248354
2011-06-03,-0.0065274067,0.0002653929,-0.0150404749,-0.0095693989,-0.0133917511,-0.0129342272,-0.0094905746,-0.0127039012,-0.0068816326,0.0036253874,-0.0183753018,-0.0097338095
2011-06-06,-0.0190537598,-0.0225886995,-0.0074395633,-0.0059680279,-0.0072021981,-0.0105342680,-0.0051104316,-0.0099793854,-0.0045198722,-0.0142858495,-0.0110034594,-0.0107602063
2011-06-07,-0.0020095510,0.0000000000,-0.0031556364,0.0020016860,-0.0005581918,0.0010384114,-0.0022473446,0.0037133991,0.0012110613,0.0119938735,-0.0014446437,-0.0009564074
2011-06-08,-0.0093959197,0.0029911391,-0.0067275540,0.0011409022,-0.0086541563,-0.0077821434,0.0006437164,-0.0103061732,0.0024180360,-0.0047733310,-0.0028938423,-0.0041868749
2011-06-09,0.0115177369,0.0135536999,0.0007966740,0.0105443587,0.0076035874,0.0083662144,0.0054664528,0.0165555055,0.0009050811,-0.0092625080,0.0027571326,0.0073774899
2011-06-10,-0.0066982260,-0.0193900021,-0.0139328288,-0.0183303297,-0.0159309331,-0.0184080261,-0.0115127199,-0.0126080288,-0.0066287615,-0.0237058392,-0.0108540976,-0.0139798445
2011-06-13,0.0101143595,-0.0158189891,0.0008071936,0.0048832042,0.0002841256,-0.0013206921,0.0045290295,-0.0058530579,0.0045495496,0.0018809937,0.0026339565,0.0006687561
2011-06-14,0.0053406773,0.0213383010,0.0125051201,0.0085771027,0.0190234659,0.0177199763,0.0106282044,0.0192666473,0.0039251177,0.0157019253,0.0087550008,0.0126117796
2011-06-15,-0.0219122962,-0.0229274290,-0.0187252715,-0.0136059735,-0.0150464425,-0.0153324087,-0.0149776290,-0.0231030679,-0.0123308765,-0.0164676550,-0.0127294184,-0.0174318458
2011-06-16,0.0054307919,0.0015271925,-0.0024355353,0.0017241087,0.0033947882,-0.0023753516,0.0080881503,-0.0096749217,0.0079171684,0.0070051932,0.0017581383,0.0017543350
2011-06-17,0.0090126646,-0.0025744406,-0.0008986752,0.0023062005,0.0043918110,0.0075130564,0.0063663221,-0.0001360623,0.0068368804,0.0084826244,0.0048265465,0.0030450170
2011-06-20,-0.0006714623,0.0027902953,0.0036801712,0.0100662975,0.0087445047,0.0081688072,0.0073860860,0.0084606559,0.0057586954,0.0105991798,0.0059680795,0.0053951910
2011-06-21,0.0141128846,0.0198944405,0.0179302302,0.0062641726,0.0156599707,0.0203868105,-0.0009563982,0.0257101820,0.0006028378,0.0088229035,0.0141801346,0.0134234757
2011-06-22,-0.0059642948,-0.0028646842,-0.0072059458,-0.0059421955,-0.0055066133,-0.0076845909,-0.0063816369,-0.0042216577,-0.0066263654,-0.0021449906,-0.0034239685,-0.0064684488
2011-06-23,-0.0099998258,-0.0109436696,0.0068551110,-0.0011385527,-0.0022147022,0.0036139845,-0.0089915816,-0.0007948866,-0.0084900475,-0.0183561297,-0.0002867561,-0.0028279866
2011-06-24,-0.0060603744,-0.0189490264,-0.0172210601,-0.0116844121,-0.0113765375,-0.0097735437,-0.0081011447,-0.0063643580,0.0030580476,-0.0010879350,-0.0061577495,-0.0117257879
2011-06-27,0.0101625252,0.0053570414,0.0134475073,0.0051900398,0.0078587670,0.0122077919,0.0045736335,0.0021350870,0.0073169964,0.0052754345,0.0059078840,0.0091844573
2011-06-28,0.0046944481,0.0291688024,0.0124649728,0.0140565337,0.0155943458,0.0189888558,0.0019510853,0.0194408925,0.0045403462,0.0082951736,0.0098840607,0.0129443549
2011-06-29,0.0206946084,0.0117185488,0.0079424493,0.0019804492,0.0052103193,0.0045327537,0.0058424135,0.0159351874,0.0066283596,0.0110817151,0.0063830458,0.0082827472
2011-06-30,0.0039243876,0.0148148244,0.0126089701,0.0031056962,0.0158206551,0.0080222106,0.0077445452,0.0123420325,0.0020952178,0.0013282130,0.0043690910,0.0101192282
2011-07-01,0.0182405400,0.0094219981,0.0163427003,0.0121021637,0.0179912213,0.0201442653,0.0076850281,0.0091443812,0.0119473977,0.0179105393,0.0164188791,0.0144097022
2011-07-05,-0.0089568915,0.0061797930,0.0015308789,-0.0027808204,-0.0055393090,0.0043879970,-0.0003180583,0.0012583013,-0.0059032645,0.0061908679,-0.0026231403,-0.0013361791
2011-07-06,-0.0051646240,-0.0018294907,0.0045872125,0.0027885749,0.0053051786,-0.0036407442,0.0054037239,0.0040222734,0.0020784214,0.0061527769,0.0038761002,0.0010015590
2011-07-07,0.0162233122,0.0150541175,0.0121761800,-0.0005562733,0.0105537004,0.0138853366,0.0069554849,0.0150225623,0.0041482210,0.0125523217,0.0052396972,0.0104538465
2011-07-08,-0.0127715927,-0.0083827092,-0.0048869311,-0.0044516388,-0.0125322584,-0.0060068573,-0.0034536754,-0.0076470517,-0.0038363529,-0.0034962183,-0.0048008873,-0.0069611165
2011-07-11,-0.0271666444,-0.0236700379,-0.0166225341,-0.0136947525,-0.0185086085,-0.0193370023,-0.0072463723,-0.0201342200,-0.0106631636,-0.0188201798,-0.0168162861,-0.0180905326
2011-07-12,-0.0039898252,-0.0037300585,-0.0088359781,0.0000000000,-0.0096985543,-0.0049299672,-0.0031736488,-0.0040588094,0.0044909348,0.0034135533,-0.0004201926,-0.0044335127
2011-07-13,0.0006673249,0.0074882187,0.0023257898,0.0039667275,0.0040808004,0.0052020384,0.0000000000,0.0086602850,-0.0026828526,-0.0084237618,0.0014021513,0.0031058403
2011-07-14,-0.0073378452,-0.0066358892,-0.0085077193,-0.0016933686,-0.0108373160,-0.0076393250,-0.0044572359,-0.0095958219,-0.0044825060,-0.0111094966,-0.0138652432,-0.0067161277
2011-07-15,-0.0020160521,0.0268534728,0.0109204827,-0.0050888616,0.0008217624,0.0004967488,0.0028778232,0.0089239030,0.0015005489,0.0109039256,-0.0002841810,0.0055544245
2011-07-18,-0.0134680194,-0.0033827654,-0.0034719970,-0.0073886016,-0.0112204517,-0.0096800935,-0.0063770237,-0.0118774074,-0.0095921335,-0.0089884246,-0.0139224987,-0.0081298898
2011-07-19,0.0122867477,0.0182771075,0.0240027618,0.0088751149,0.0130081712,0.0192981780,0.0137996617,0.0150893278,0.0087776141,0.0173152459,0.0113815755,0.0163087082
2011-07-20,0.0114630200,-0.0025646180,-0.0030237358,-0.0034054137,0.0019125704,-0.0051636668,-0.0015827155,-0.0007562907,0.0060003933,0.0074566252,-0.0034187509,-0.0006708333
2011-07-21,0.0240003241,0.0196663540,0.0045497995,0.0150914823,0.0149992021,0.0116167523,0.0082435653,0.0121030074,0.0149118378,0.0064362349,0.0088625025,0.0135461922
2011-07-22,-0.0026040668,0.0050422761,0.0086827180,-0.0016835374,-0.0104787165,0.0039087951,-0.0018869314,-0.0047329781,-0.0061707642,0.0051156430,-0.0034007104,0.0009078514
2011-07-25,-0.0071804862,-0.0040138236,-0.0026200531,-0.0103962867,-0.0005430361,-0.0065703954,-0.0091366911,-0.0025035878,0.0035481118,-0.0112927956,-0.0136479328,-0.0056430133
2011-07-26,-0.0013149759,-0.0047852170,0.0045032192,-0.0079498538,-0.0184729180,-0.0017151946,-0.0025437264,-0.0107903970,-0.0035355672,0.0000000000,-0.0008647518,-0.0041049715
2011-07-27,-0.0236996128,-0.0188539619,-0.0265222904,-0.0174584375,-0.0271248497,-0.0174233943,-0.0108385434,-0.0228310334,-0.0029569621,-0.0268661938,-0.0116850760,-0.0203086685
2011-07-28,0.0006744916,-0.0041267785,-0.0015347603,-0.0008739923,-0.0085349332,-0.0049949983,0.0000000000,-0.0020766186,-0.0062278680,-0.0014881988,-0.0135744711,-0.0032339666
2011-07-29,-0.0026955226,-0.0099712148,-0.0080708127,-0.0052475391,-0.0048777666,-0.0047692473,-0.0064453002,-0.0111865285,-0.0101461899,0.0004968399,-0.0056229418,-0.0064505327
2011-08-01,-0.0033780398,-0.0014385075,-0.0007751725,-0.0169992134,-0.0063435757,-0.0052958134,-0.0035681243,-0.0034199280,0.0030150978,-0.0132384435,0.0062497870,-0.0041322993
2011-08-02,-0.0271192724,-0.0279017698,-0.0209381603,-0.0214669565,-0.0348230893,-0.0377793662,-0.0130205898,-0.0308871676,-0.0171327823,-0.0293473386,-0.0280980834,-0.0255566647
2011-08-03,0.0048785098,-0.0056597111,0.0102969727,0.0018284821,0.0090200802,0.0073783724,0.0039578874,0.0051760515,0.0000000000,-0.0062201531,0.0127815359,0.0050156826
2011-08-04,-0.0506244362,-0.0685727229,-0.0403765495,-0.0398419417,-0.0536354743,-0.0486530215,-0.0312090790,-0.0677507263,-0.0327218622,-0.0483311119,-0.0444712682,-0.0478204462
2011-08-05,-0.0189918046,-0.0096031149,-0.0061273387,0.0076023522,0.0000000000,-0.0008249611,0.0142420063,-0.0023255554,0.0082202333,-0.0206430465,-0.0058176766,-0.0005749177
2011-08-08,-0.0945640637,-0.0850595395,-0.0563089287,-0.0512420998,-0.0705286437,-0.0627404659,-0.0377799380,-0.0731354193,-0.0529947396,-0.0850588196,-0.0646841423,-0.0666344642
2011-08-09,0.0773021179,0.0508990661,0.0457317658,0.0364483459,0.0494577725,0.0463887334,0.0243224581,0.0616156588,0.0327813347,0.0925591118,0.0510651536,0.0474068481
2011-08-10,-0.0694654119,-0.0345300727,-0.0391504479,-0.0421996004,-0.0510007724,-0.0426492692,-0.0383310958,-0.0343495679,-0.0189160343,-0.0235120446,-0.0294402582,-0.0441524040
2011-08-11,0.0557833110,0.0519067395,0.0381448463,0.0457274438,0.0476191822,0.0442558523,0.0296294030,0.0493709032,0.0421567608,0.0466270397,0.0276809237,0.0462900214
2011-08-12,-0.0069931591,0.0073717470,0.0070981115,0.0098946057,0.0194802918,0.0123491668,0.0119906118,0.0064291848,-0.0059579299,-0.0014604936,0.0016131431,0.0052616693
2011-08-15,0.0320812395,0.0337516819,0.0178277484,0.0167511262,0.0149683300,0.0146936134,0.0142179976,0.0159699094,0.0340689886,0.0356552316,0.0265698226,0.0217846221
2011-08-16,-0.0197121484,-0.0166136481,-0.0073319697,-0.0009327514,-0.0141201123,-0.0054645987,0.0023365260,-0.0160044692,-0.0012200993,-0.0037072212,-0.0070588168,-0.0097385454
2011-08-17,0.0061873460,0.0039666135,-0.0045138961,0.0009336222,-0.0031826099,-0.0013736561,0.0066599283,0.0029046750,0.0073306957,0.0012403386,0.0150079209,0.0009473866
2011-08-18,-0.0484243489,-0.0579460225,-0.0486400446,-0.0329494585,-0.0552366544,-0.0495184524,-0.0178630487,-0.0582105816,-0.0118254746,-0.0430087435,-0.0315953357,-0.0445937143
2011-08-19,-0.0201934065,-0.0177070927,-0.0242633344,-0.0025716651,-0.0155451358,-0.0144716964,-0.0047156448,-0.0159900624,-0.0061368360,-0.0199746684,-0.0115719139,-0.0150089815
2011-08-22,-0.0123661330,-0.0080646701,0.0053283543,-0.0006449694,0.0037762654,0.0029369877,0.0030456215,0.0000000000,-0.0024695798,0.0018877622,-0.0013006527,0.0002580412
2011-08-23,0.0325538481,0.0451136868,0.0366615504,0.0325704858,0.0352256594,0.0386526655,0.0205806692,0.0353125306,0.0179508803,0.0246749404,0.0350049411,0.0342848776
2011-08-24,0.0266777459,0.0059490774,0.0089469091,0.0115549342,0.0201516498,0.0177620282,0.0042972721,0.0141862809,0.0215872278,0.0112132596,0.0147869595,0.0131199727
2011-08-25,-0.0031499121,-0.0210766588,-0.0143576039,-0.0169805295,-0.0187823233,-0.0199448688,-0.0151413476,-0.0110115717,-0.0163689310,-0.0210870167,-0.0223225752,-0.0155655201
2011-08-26,0.0086890037,0.0193621492,0.0197081980,0.0125630653,0.0207923509,0.0209160395,0.0083557557,0.0210647912,-0.0015128310,0.0148561788,0.0058668947,0.0151216102
2011-08-29,0.0415032728,0.0291746918,0.0252106933,0.0254342354,0.0316844745,0.0290698779,0.0178982873,0.0303568048,0.0196964090,0.0318387686,0.0233289850,0.0282800016
2011-08-30,-0.0067665445,0.0059058602,0.0040978395,0.0033271007,0.0084609097,0.0045734686,0.0026049288,0.0082951220,0.0005946055,0.0039015232,0.0055453607,0.0023470250
2011-08-31,0.0128692484,0.0074856447,-0.0024488209,0.0069340740,0.0068365525,0.0061589753,0.0032481412,0.0025531820,0.0065341485,0.0107753940,-0.0019915429,0.0049219821
2011-09-01,-0.0224215863,-0.0075756455,-0.0110471250,-0.0065871261,-0.0163578107,-0.0122437630,-0.0035611011,-0.0135821949,-0.0064917306,-0.0167774614,-0.0098232274,-0.0118714326
2011-09-02,-0.0412844725,-0.0278918028,-0.0227555630,-0.0220012752,-0.0320049718,-0.0282935857,-0.0142950332,-0.0255308028,-0.0112861031,-0.0241731462,-0.0217023118,-0.0252819383
2011-09-06,-0.0175438034,-0.0108730478,-0.0046573229,0.0024654719,-0.0103726992,-0.0030506495,-0.0039553730,-0.0052989260,-0.0048058185,-0.0021856650,-0.0139439122,-0.0074362894
2011-09-07,0.0478890889,0.0366413819,0.0259464298,0.0239782499,0.0311167949,0.0258691402,0.0178693412,0.0287069644,0.0111676108,0.0335886010,0.0179977792,0.0286464635
2011-09-08,-0.0216885099,-0.0116347505,-0.0049750895,-0.0108076603,-0.0149299688,-0.0135575880,-0.0026009720,-0.0132334184,-0.0005967025,-0.0072413391,-0.0094711279,-0.0106121796
2011-09-09,-0.0316702785,-0.0330802859,-0.0212498743,-0.0297423019,-0.0267655001,-0.0263879273,-0.0221637761,-0.0329445578,-0.0203108402,-0.0281088840,-0.0191236234,-0.0267054923
2011-09-12,0.0114468215,0.0047772393,0.0119196171,0.0034410750,0.0019878229,0.0118575477,0.0009995979,-0.0066323853,0.0082317292,0.0031115018,-0.0014623086,0.0069657167
2011-09-13,0.0064676392,0.0027608125,0.0117798963,0.0102865230,0.0185186202,0.0117184030,0.0036631791,0.0163880838,0.0066525091,0.0009128752,0.0148067776,0.0091200628
2011-09-14,0.0120481658,0.0123891582,0.0149686111,0.0095652652,0.0175325650,0.0165475826,0.0119441932,0.0155269294,0.0069090635,0.0056518355,0.0104214795,0.0134798048
2011-09-15,0.0253967734,0.0197916785,0.0159769709,0.0091682468,0.0204209624,0.0168203648,0.0118032133,0.0170538121,0.0125298656,0.0193975574,0.0053951253,0.0171870737
2011-09-16,0.0031077069,-0.0021715042,0.0110905308,0.0053893289,0.0052827716,0.0111911025,0.0064945812,0.0032842283,0.0114001138,0.0081806746,0.0056820575,0.0057066971
2011-09-19,-0.0271103090,-0.0157999977,-0.0024021883,-0.0093883671,-0.0093836400,-0.0018537475,-0.0084305579,-0.0147741917,-0.0055919863,-0.0197561617,-0.0086319805,-0.0098025870
2011-09-20,-0.0031847159,-0.0062092825,-0.0024072310,0.0091715316,-0.0072623627,-0.0053048196,0.0019619049,-0.0117612648,0.0145013438,-0.0028793820,-0.0022159484,-0.0016610055
2011-09-21,-0.0495209602,-0.0416026035,-0.0148834320,-0.0269614304,-0.0413491201,-0.0322668384,-0.0205613762,-0.0452243528,-0.0183780781,-0.0478252103,-0.0287168538,-0.0293904425
2011-09-22,-0.0285712307,-0.0564482200,-0.0310330895,-0.0202364615,-0.0374911868,-0.0300356674,-0.0189934750,-0.0560923114,-0.0169385357,-0.0252083713,-0.0217246753,-0.0318831215
2011-09-23,0.0103806311,-0.0107850400,0.0113780478,0.0003177068,0.0103410863,0.0150568132,0.0020378754,-0.0016507546,0.0099755356,0.0080385857,0.0076807307,0.0060820096
2011-09-26,0.0445205172,0.0364563509,0.0124998460,0.0165189198,0.0252473307,0.0235097057,0.0193224124,0.0320769261,0.0080814173,0.0126721956,0.0144156641,0.0233361458
2011-09-27,0.0049179421,0.0146286865,0.0127573031,0.0153122299,0.0176371562,0.0068356239,0.0059856319,0.0208263934,0.0035630401,0.0105897531,0.0096378270,0.0106883823
2011-09-28,-0.0285481971,-0.0327232205,-0.0142218273,-0.0172364817,-0.0255066064,-0.0171095092,-0.0188429702,-0.0442555121,-0.0100595461,-0.0249574215,-0.0114872292,-0.0206911349
2011-09-29,0.0277078521,0.0095462134,-0.0020610280,0.0065767208,0.0144293562,-0.0082902084,0.0097709923,0.0009848072,0.0161388734,0.0148492347,0.0090020443,0.0081142298
2011-09-30,-0.0351303588,-0.0293632640,-0.0251961481,-0.0127558086,-0.0334106363,-0.0286987655,-0.0103439120,-0.0367457395,-0.0111763859,-0.0263759639,-0.0157341504,-0.0249741295
2011-10-03,-0.0448776559,-0.0340107836,-0.0224578494,-0.0318315922,-0.0280627898,-0.0292594756,-0.0144977385,-0.0282694562,-0.0237956520,-0.0470632776,-0.0304876414,-0.0284510281
2011-10-04,0.0398936067,0.0327317354,0.0203727221,0.0107425158,0.0278167718,0.0316191621,0.0095796735,0.0389065265,-0.0048748899,0.0377666295,0.0101988074,0.0224884429
2011-10-05,0.0144927850,0.0368340072,0.0208157060,0.0161027268,0.0212400252,0.0183327578,0.0013550729,0.0398110771,0.0006124660,-0.0075986255,0.0126199331,0.0178656337
2011-10-06,0.0310926138,0.0188364682,0.0149811110,0.0120441817,0.0201273927,0.0233475900,0.0118443657,0.0253077344,0.0177477726,0.0276044173,0.0091392289,0.0183036641
2011-10-07,-0.0358606038,-0.0123255458,-0.0036898317,-0.0009392366,-0.0023016581,-0.0008249163,0.0056861465,-0.0151895389,0.0042092631,-0.0282350195,-0.0192656654,-0.0081633089
2011-10-10,0.0515644427,0.0453201300,0.0308638695,0.0228839483,0.0349371507,0.0338379866,0.0156299875,0.0420951453,0.0194608099,0.0482240419,0.0246811127,0.0341249849
2011-10-11,-0.0008036272,0.0020422511,0.0043915068,-0.0015324356,0.0028663941,0.0042575758,-0.0019649383,0.0012334911,-0.0091041750,-0.0184793249,-0.0054071987,0.0005440036
2011-10-12,0.0257438786,0.0053301866,0.0043721221,0.0006139900,0.0127024990,0.0090088566,0.0078742982,0.0098549767,-0.0023709823,0.0162782369,0.0182866914,0.0097947041
2011-10-13,-0.0235292263,-0.0014037020,0.0110799773,-0.0009201577,-0.0084668159,-0.0007876720,-0.0029298610,-0.0051841138,0.0000000000,-0.0069470390,0.0058242095,-0.0029736722
2011-10-14,0.0120484358,0.0399753157,0.0176127219,0.0095178531,0.0180270998,0.0162943937,0.0078356432,0.0263640797,0.0095072115,0.0231239976,0.0078814025,0.0173802579
2011-10-17,-0.0309528755,-0.0181686587,-0.0157695467,-0.0173358970,-0.0285804150,-0.0204288301,-0.0068028484,-0.0340501271,-0.0041199802,-0.0229815665,-0.0114902431,-0.0193698832
2011-10-18,0.0475021983,0.0321151673,0.0089882406,0.0074278631,0.0287814943,0.0203265439,0.0075016138,0.0256646889,0.0070919235,0.0330479815,0.0113009293,0.0204187164
2011-10-19,-0.0140734794,-0.0103719272,-0.0193647778,-0.0018428429,-0.0121230870,-0.0150060771,-0.0029134620,-0.0289418667,0.0008800988,-0.0124201353,-0.0095782321,-0.0126491374
2011-10-20,0.0150677735,0.0077854160,-0.0043441290,-0.0009235735,0.0084956485,0.0049909532,0.0055192556,0.0093141302,0.0055702181,0.0060975674,0.0000000000,0.0045541787
2011-10-21,0.0257811618,0.0184225649,0.0126933461,0.0200244187,0.0193448963,0.0277046856,0.0161448843,0.0264531253,0.0169095422,0.0295453982,0.0137005337,0.0188087651
2011-10-24,0.0220867379,0.0131288748,0.0156679189,0.0151014639,0.0186715467,0.0147506664,-0.0069908389,0.0239736607,-0.0043003726,0.0264902084,0.0023852245,0.0128729589
2011-10-25,-0.0298062841,-0.0208785163,-0.0158122897,-0.0202319137,-0.0204326279,-0.0218045415,-0.0118403394,-0.0254608049,-0.0112295827,-0.0154122700,-0.0185595433,-0.0200447251
2011-10-26,0.0176654267,0.0216176766,0.0043104471,0.0133615378,0.0070551096,-0.0038430825,0.0100390000,0.0180180390,0.0040767906,0.0092828987,0.0130918684,0.0105365532
2011-10-27,0.0596222538,0.0443359836,0.0296525906,0.0242731077,0.0435579258,0.0272636075,0.0128247505,0.0542769523,0.0237821054,0.0427414381,0.0279194432,0.0342914379
2011-10-28,0.0007121005,0.0067537653,0.0034108936,0.0008777656,0.0000000000,-0.0077618627,-0.0025325973,0.0069950821,-0.0082153918,0.0031130988,0.0001555198,0.0003892293
2011-10-31,-0.0391458813,-0.0455912096,-0.0177495387,-0.0190005059,-0.0245187074,-0.0153918023,-0.0149158884,-0.0427894200,-0.0045701265,-0.0131033793,-0.0187774203,-0.0247375031
2011-11-01,-0.0474074004,-0.0322766081,-0.0276815380,-0.0190700143,-0.0302210137,-0.0215278107,-0.0173967560,-0.0267058036,-0.0209464839,-0.0337177513,-0.0229320399,-0.0279422470
2011-11-02,0.0295488105,0.0300918877,0.0122576316,0.0066829478,0.0197467609,0.0102150585,0.0095081109,0.0247543051,0.0175843595,0.0202498520,0.0171575729,0.0161046678
2011-11-03,0.0173720151,0.0263347668,0.0238280805,0.0108627063,0.0245085558,0.0129636366,0.0123420349,0.0203724002,0.0120973262,0.0113408373,0.0146404064,0.0187818075
2011-11-04,-0.0133632972,-0.0008415199,-0.0061043080,-0.0092535562,-0.0076785964,-0.0038397266,-0.0057753064,-0.0022813346,-0.0045534845,-0.0075341643,-0.0095670538,-0.0062800173
2011-11-07,0.0052671673,0.0054730577,0.0061417995,0.0117504380,0.0023808126,0.0064232384,0.0083901204,0.0085758939,0.0054314111,0.0024718750,0.0063340817,0.0062957436
2011-11-08,0.0187125510,0.0163293552,0.0114461395,0.0122094563,0.0112823712,0.0097013586,0.0099198629,0.0119048795,0.0065397597,0.0119755946,0.0078680116,0.0117356389
2011-11-09,-0.0543718149,-0.0442189538,-0.0347042820,-0.0288319532,-0.0387550841,-0.0356508056,-0.0234473589,-0.0487396823,-0.0217512551,-0.0449005104,-0.0257612270,-0.0366951429
2011-11-10,0.0046619200,0.0173853567,0.0031266900,0.0142386305,0.0122175993,0.0094392183,0.0097338736,0.0120730206,0.0066419157,0.0009111003,0.0076925204,0.0086241769
2011-11-11,0.0239752051,0.0204777863,0.0190884036,0.0176221875,0.0238383034,0.0251945041,0.0115681738,0.0232764448,0.0143422863,0.0258507786,0.0144714048,0.0194805399
2011-11-14,-0.0203926433,-0.0131473299,-0.0076450783,-0.0067513346,-0.0061894412,-0.0073473594,-0.0085767537,-0.0105206269,-0.0118774892,-0.0200529784,-0.0128540922,-0.0095501416
2011-11-15,0.0046261544,-0.0011221245,0.0134821579,0.0023642992,0.0059311494,0.0035729110,0.0048058921,0.0020116378,0.0017174994,0.0086926198,0.0052401998,0.0048171637
2011-11-16,-0.0245589131,-0.0150215464,-0.0148233691,-0.0191623796,-0.0147405933,-0.0188196045,-0.0089283803,-0.0235158999,-0.0120000075,-0.0095157273,-0.0157979278,-0.0166162007
2011-11-17,-0.0196692272,-0.0228050889,-0.0192899781,-0.0105200370,-0.0173546912,-0.0176256483,-0.0035393724,-0.0284876958,-0.0052055050,-0.0179442546,-0.0088279013,-0.0167999521
2011-11-18,0.0032102139,-0.0059802395,-0.0082610827,-0.0021264363,0.0024358352,-0.0005273886,0.0029060279,0.0054414865,0.0069763865,0.0071985806,-0.0038869148,-0.0003946786
2011-11-21,-0.0247998234,-0.0179015341,-0.0174536144,-0.0191779657,-0.0230858393,-0.0155763421,-0.0160978291,-0.0174385099,-0.0124129584,-0.0263884735,-0.0123554976,-0.0186484954
2011-11-22,-0.0090241603,-0.0094125721,-0.0016150981,0.0024828700,-0.0065298572,-0.0005357723,0.0009816410,-0.0076498309,-0.0122772123,-0.0028233308,-0.0077367686,-0.0041408418
2011-11-23,-0.0273178006,-0.0303170804,-0.0238575921,-0.0145510831,-0.0231612423,-0.0198549938,-0.0107875545,-0.0265185459,-0.0156849420,-0.0294448372,-0.0258790907,-0.0220952149
2011-11-25,0.0025533089,-0.0071548222,-0.0053849103,-0.0037702061,-0.0016020370,-0.0054749089,0.0036351898,-0.0050681248,0.0051110602,0.0035006302,-0.0037466389,-0.0026855069
2011-11-28,0.0297114524,0.0374430099,0.0329025785,0.0268056214,0.0336969218,0.0305525755,0.0158046996,0.0375675006,0.0125634828,0.0244183946,0.0270084691,0.0292404253
2011-11-29,-0.0049463229,0.0143460384,-0.0052419750,0.0042998945,0.0009316442,0.0034724823,0.0103732051,0.0018413905,0.0109307708,-0.0028379842,0.0101534832,0.0022136535
2011-11-30,0.0613087914,0.0550844480,0.0385086445,0.0360853693,0.0511784511,0.0311417735,0.0234198845,0.0572736939,0.0289303798,0.0461016264,0.0428401910,0.0433153072
2011-12-01,-0.0054641707,-0.0055033540,0.0054643054,0.0014759688,-0.0032461962,0.0007746047,-0.0015675796,-0.0063730063,-0.0028399270,-0.0101559184,-0.0052141165,-0.0019086458
2011-12-02,0.0133432189,-0.0008510080,-0.0007761549,-0.0123787571,-0.0020718153,0.0077382929,-0.0034535383,-0.0087461412,-0.0102535844,0.0016492873,0.0031769282,-0.0002409863
2011-12-05,0.0201396612,0.0123546428,0.0112662193,0.0017909231,0.0106795156,0.0092138315,0.0059860453,0.0117648702,0.0077698797,0.0093284010,0.0094995355,0.0102870145
2011-12-06,0.0007592584,-0.0001403718,-0.0003838746,0.0041700165,-0.0002939369,-0.0032974584,0.0012525484,0.0093023640,0.0028554237,-0.0007249843,0.0028230837,0.0011057488
2011-12-07,0.0121397355,-0.0095402852,0.0011528651,0.0074163371,-0.0002935089,0.0063615960,0.0025024061,0.0008638405,-0.0014235133,0.0094306309,-0.0081325530,0.0020183549
2011-12-08,-0.0389809511,-0.0279035194,-0.0157391870,-0.0185513401,-0.0246695603,-0.0212387582,-0.0115447056,-0.0310796603,-0.0145424408,-0.0238952237,-0.0230210041,-0.0211418101
2011-12-09,0.0218414452,0.0227303359,0.0156004359,0.0147016594,0.0228843164,0.0165331644,0.0104169303,0.0127710411,0.0127314895,0.0198782252,0.0164619349,0.0168833526
2011-12-12,-0.0236643040,-0.0233647278,-0.0126724920,-0.0118274697,-0.0182509280,-0.0030493475,-0.0090594103,-0.0237533024,-0.0085715232,-0.0178663110,-0.0034932149,-0.0149140541
2011-12-13,-0.0140734794,-0.0093362042,-0.0093349371,-0.0017950152,-0.0131936817,-0.0196282805,-0.0022070294,-0.0168217494,0.0037463103,-0.0088202918,-0.0054173118,-0.0086860098
2011-12-14,-0.0039648821,-0.0281256812,-0.0153121546,-0.0005997071,-0.0118503434,-0.0104003993,-0.0050552342,-0.0122213749,-0.0063163093,0.0057471938,-0.0128164010,-0.0113483674
2011-12-15,0.0007960103,-0.0042421628,-0.0023920576,0.0110975777,0.0070725424,0.0015770677,0.0101617490,0.0068051052,0.0121353201,0.0136404893,0.0053554266,0.0032431004
2011-12-16,0.0040032352,0.0106501046,0.0027696465,-0.0033407739,0.0042420017,0.0000001789,-0.0011100560,0.0063414805,-0.0029443531,0.0083647294,0.0079095590,0.0032161498
2011-12-19,-0.0223284247,-0.0175383497,-0.0096078700,0.0000000000,-0.0104071624,-0.0110824830,-0.0041282841,-0.0178292544,-0.0075277893,-0.0097382499,-0.0132925632,-0.0117328257
2011-12-20,0.0375205040,0.0410894573,0.0282943187,0.0209518424,0.0343333889,0.0274813568,0.0207267186,0.0394363701,0.0212951094,0.0302311564,0.0240217555,0.0298254233
2011-12-21,0.0055031279,0.0110865505,-0.0165091416,0.0064494890,0.0002992657,0.0033761123,0.0106220479,0.0015054665,0.0148530260,0.0014145583,0.0040766745,0.0019495060
2011-12-22,0.0211099304,0.0116957326,0.0115905909,0.0072824496,0.0095663536,0.0028466485,-0.0003090581,0.0099216054,0.0011263004,0.0136807618,0.0034242206,0.0082655498
2011-12-23,0.0068913276,0.0057803077,0.0098772189,0.0063619703,0.0094760738,0.0110964220,0.0071119232,0.0095268285,0.0064654877,0.0049267442,0.0043873824,0.0090350527
2011-12-27,-0.0053227717,0.0025862395,0.0015652006,0.0022989519,-0.0002931948,0.0030630129,0.0018424265,-0.0002948779,0.0081007060,0.0022765257,0.0050154117,0.0000791080
2011-12-28,-0.0160554039,-0.0190601526,-0.0101563770,-0.0108948877,-0.0158453345,-0.0109415899,-0.0049038723,-0.0238937437,-0.0036022860,-0.0108311619,-0.0146492876,-0.0124780023
2011-12-29,0.0155399034,0.0103730895,0.0074981600,0.0072462850,0.0125221945,0.0102907724,0.0052356089,0.0129948941,0.0077867342,0.0083005419,0.0089853968,0.0107070874
2011-12-30,-0.0053559376,-0.0004339042,-0.0031335382,-0.0017260492,-0.0061837374,-0.0063663057,-0.0045955436,-0.0005967704,-0.0071744950,-0.0049047324,0.0066385666,-0.0042913365
2012-01-03,0.0261539471,0.0277739519,0.0141455178,0.0129718815,0.0219261179,0.0084574769,-0.0009232656,0.0277614204,-0.0177876042,0.0061609471,0.0073992770,0.0154739849
2012-01-04,-0.0029984108,0.0021108288,0.0027118555,-0.0048373917,0.0046388746,0.0078782514,-0.0021565079,0.0084229739,-0.0056590675,-0.0111964060,-0.0106979141,0.0001879240
2012-01-05,0.0135340603,-0.0047749061,0.0030908052,0.0028589030,0.0002887434,0.0083204233,-0.0006174396,0.0028799109,0.0019917791,0.0072538398,-0.0085536165,0.0029437169
2012-01-06,-0.0059346517,-0.0059273124,0.0003858026,0.0017111303,-0.0020195444,0.0015004853,-0.0064874243,-0.0014360044,-0.0053957616,-0.0017564228,-0.0014650523,-0.0025369615
2012-01-09,0.0052233506,0.0048265128,-0.0015402238,0.0017080691,0.0075165395,-0.0014982372,0.0015545072,0.0020130909,0.0014274733,-0.0028153282,0.0016301788,0.0022615979
2012-01-10,0.0178177490,0.0089007529,0.0034704723,0.0073881837,0.0143471808,0.0065016510,0.0034149390,0.0186570502,0.0014257029,0.0111170338,0.0069984827,0.0088857697
2012-01-11,0.0116702958,-0.0134434591,0.0030744410,0.0008463255,0.0031115945,0.0014905681,-0.0043316996,0.0098617562,-0.0045557716,0.0089002831,0.0074350735,0.0003095973
2012-01-12,0.0036047110,-0.0093682252,0.0049810394,0.0031003640,0.0087421630,0.0029770356,-0.0003102546,0.0139509313,-0.0014301003,-0.0065734378,0.0088240994,0.0023366084
2012-01-13,-0.0071836374,-0.0050149769,-0.0057185232,-0.0044957069,-0.0078276398,-0.0012364609,-0.0009324492,-0.0066045420,-0.0005730187,0.0045276820,-0.0060434440,-0.0049479229
2012-01-17,-0.0079595425,0.0070564282,0.0046011832,0.0062097529,0.0050720543,0.0027239845,0.0037329284,0.0055405660,-0.0008597995,0.0051999559,-0.0012797780,0.0035529546
2012-01-18,0.0153170748,0.0164449603,0.0145039866,0.0056100379,0.0089711098,0.0160531843,0.0021704006,0.0112947610,-0.0002869647,0.0063802355,0.0104132681,0.0111079291
2012-01-19,0.0093393774,0.0040801295,0.0071485306,0.0000000000,0.0105583335,0.0087505917,0.0018557561,0.0008170897,-0.0083212600,0.0063405150,0.0022198078,0.0049386569
2012-01-20,0.0064057449,0.0001400673,0.0011202382,0.0000000000,-0.0057736395,-0.0081926110,0.0003089365,-0.0043548350,0.0014465629,0.0047672522,-0.0037968430,0.0006694598
2012-01-23,0.0035355546,0.0079853811,0.0033583272,-0.0044630334,-0.0011063990,-0.0007289164,-0.0009260899,-0.0005468492,0.0040450077,0.0030504303,-0.0068286771,0.0004713430
2012-01-24,-0.0014095630,-0.0029188472,-0.0007439776,0.0002802794,0.0011076245,0.0029175728,-0.0055609096,0.0000000000,-0.0080574231,0.0055753454,-0.0105532176,-0.0010258173
2012-01-25,0.0021177071,0.0122664173,0.0078153980,0.0072821614,0.0110615833,0.0072726038,0.0114944323,0.0158643588,0.0165364944,0.0127687566,0.0058175928,0.0086791420
2012-01-26,-0.0084510950,-0.0136325194,-0.0066464421,-0.0044489790,-0.0019144541,-0.0016853849,-0.0036853811,-0.0002689569,0.0034240332,0.0058060910,-0.0133354373,-0.0057538909
2012-01-27,0.0035512748,-0.0020943569,0.0000000000,0.0005587009,-0.0008225505,-0.0007226401,-0.0067817986,0.0013462505,-0.0122296283,0.0024741038,0.0034194327,-0.0015928776
2012-01-30,-0.0092002505,-0.0047562032,0.0029733495,-0.0013959044,-0.0035652741,-0.0028948312,-0.0065181490,-0.0010757730,-0.0063346303,-0.0087200255,-0.0034077800,-0.0025221232
2012-01-31,0.0042856401,-0.0063256342,0.0018534418,0.0008386863,-0.0030277277,-0.0002423008,0.0006248573,0.0010769315,0.0049262650,0.0051453295,0.0017912753,-0.0004569467
2012-02-01,0.0156473556,0.0039611355,0.0099889973,0.0097766546,0.0107673088,0.0033882208,0.0071806704,0.0099515206,0.0034602018,0.0074305888,0.0104031895,0.0088996056
2012-02-02,0.0049021079,0.0076086753,0.0025642674,-0.0038728391,0.0005468414,-0.0012056345,0.0037203510,-0.0047934828,-0.0017242238,0.0021307019,0.0080436920,0.0010951471
2012-02-03,0.0271775978,0.0176198688,0.0127877874,0.0058319456,0.0171984415,0.0205259839,0.0030883241,0.0136471226,0.0025904470,0.0143933036,0.0114905098,0.0146053569
2012-02-06,-0.0047492285,0.0119555978,0.0003603941,-0.0055220872,-0.0024152555,-0.0021291890,-0.0006159015,-0.0055435761,-0.0043063157,-0.0048371115,0.0026823027,-0.0004238742
2012-02-07,-0.0006814603,0.0051599498,0.0025245874,0.0036092403,-0.0010760681,0.0047429486,0.0009241188,-0.0010617115,0.0072089467,-0.0008100054,0.0007867836,0.0020233818
2012-02-08,0.0075037850,-0.0033772614,0.0061150275,0.0000000000,0.0021543207,0.0023597996,0.0003074671,0.0010628399,0.0011451158,0.0006483719,0.0028302098,0.0021602108
2012-02-09,-0.0040624236,0.0001357681,0.0096532092,-0.0052564037,0.0026878469,0.0016480241,0.0055389276,0.0010619836,-0.0028599127,-0.0072917229,0.0001565848,0.0014741106
2012-02-10,-0.0095172023,-0.0100298469,-0.0074364125,-0.0041708038,-0.0091128226,-0.0054064367,-0.0021418185,-0.0175020001,-0.0020072907,-0.0083252422,-0.0042323955,-0.0068863026
2012-02-13,0.0089223026,0.0079407599,0.0064214246,0.0075395410,0.0121719428,0.0080357673,0.0042928314,0.0026989376,-0.0011493937,0.0113578927,0.0094459401,0.0068000393
2012-02-14,-0.0095238849,0.0017656553,0.0017728736,0.0041575366,-0.0034743380,-0.0011721013,0.0024428672,-0.0129208028,0.0002875235,-0.0099286425,-0.0023397589,-0.0009395234
2012-02-15,-0.0061815783,-0.0016269961,-0.0053081499,-0.0019318425,-0.0131403004,-0.0044605269,-0.0003045394,0.0008179812,-0.0020131526,-0.0049318389,-0.0004689081,-0.0053832059
2012-02-16,0.0158952978,0.0130381263,0.0145857261,0.0055309817,0.0092388477,0.0042444884,0.0063985595,0.0177114897,0.0106629107,0.0082606047,0.0093838952,0.0110257058
2012-02-17,0.0061220809,0.0037540242,0.0000000000,-0.0033005753,0.0037697845,0.0086874875,0.0009083412,0.0005354382,-0.0005704926,0.0016383264,0.0046483670,0.0023489303
2012-02-21,-0.0006758276,0.0068116941,0.0042076139,-0.0071744589,0.0034873866,-0.0034917717,-0.0057475218,0.0058871487,-0.0037091726,-0.0124325646,0.0009252327,0.0007199228
2012-02-22,-0.0128553123,0.0022549788,-0.0034916266,0.0000000000,-0.0010694305,-0.0025692602,-0.0027380327,-0.0015960589,0.0011458868,-0.0081162100,-0.0087827449,-0.0033401068
2012-02-23,0.0089103894,0.0050304234,0.0038540615,0.0008339263,0.0032109278,0.0049178648,0.0051862674,0.0010660133,-0.0008579895,0.0116901558,0.0122805005,0.0042720023
2012-02-24,-0.0033971819,0.0039507495,0.0059337668,0.0049983097,-0.0002664722,-0.0011653153,0.0033385859,-0.0005328483,0.0042941621,0.0028061637,-0.0046068885,0.0016722378
2012-02-27,0.0074986715,-0.0031483781,0.0017349496,0.0019344478,0.0007998950,0.0058330581,0.0000000000,0.0002667027,-0.0002850769,-0.0011526341,0.0018514234,0.0013545591
2012-02-28,0.0027061744,-0.0032898732,0.0072741363,0.0038610910,-0.0013325789,0.0055672490,0.0033271371,0.0031946667,-0.0048475131,-0.0075805326,-0.0009239623,0.0033563334
2012-02-29,-0.0040484095,-0.0113547096,-0.0044706004,-0.0060438727,-0.0061399408,-0.0036906381,0.0018086763,-0.0188427416,-0.0002864587,-0.0013286737,-0.0083232743,-0.0047369877
2012-03-01,0.0108398838,0.0096153350,0.0058722764,0.0052517097,0.0034921372,0.0083350362,-0.0015044527,0.0110899982,0.0025796641,0.0053207554,0.0023316033,0.0061580398
2012-03-02,-0.0033509262,-0.0113754030,-0.0013735341,-0.0016497670,-0.0058891740,-0.0006890178,0.0009038117,-0.0024079494,-0.0005718720,-0.0003304731,-0.0026360568,-0.0032457561
2012-03-05,-0.0040356194,-0.0064227944,-0.0085968704,-0.0022035472,-0.0069998616,-0.0009188738,0.0045170069,-0.0160900951,0.0022886202,0.0081071095,0.0015547292,-0.0038696939
2012-03-06,-0.0243075918,-0.0162939495,-0.0097121695,-0.0129724359,-0.0225055184,-0.0156396905,-0.0083931466,-0.0204413852,-0.0039958079,-0.0134579417,-0.0128844699,-0.0153701607
2012-03-07,0.0124570622,0.0083505598,0.0073553441,0.0044739945,0.0102633680,0.0114490195,0.0015114439,0.0025040006,0.0005727403,0.0043251063,0.0095926759,0.0069006220
2012-03-08,0.0095695587,0.0081452626,0.0100834124,0.0111360801,0.0142774383,0.0101633979,0.0069422510,0.0166532064,0.0031503923,-0.0023185720,0.0077879440,0.0098179319
2012-03-09,0.0081244327,-0.0009423143,0.0044751388,0.0041295947,0.0021662102,0.0057170115,0.0032972174,0.0002727715,0.0039962442,0.0046486269,0.0080374076,0.0036312501
2012-03-12,-0.0026869020,-0.0055262682,0.0013707099,0.0000000000,-0.0002703925,-0.0027282005,0.0035852655,-0.0054586976,0.0113739881,0.0069409268,-0.0001532045,0.0001604607
2012-03-13,0.0383841628,0.0120630005,0.0198495039,0.0142583619,0.0208051598,0.0155036755,0.0074426472,0.0164657647,0.0033734490,0.0178894013,0.0084341513,0.0181315493
2012-03-14,0.0012972260,-0.0096427993,0.0036912588,-0.0002701010,-0.0023820122,-0.0013470000,-0.0029544182,-0.0037798510,-0.0148504898,-0.0024188497,-0.0057786921,-0.0011962620
2012-03-15,0.0174863922,0.0016227671,0.0026746650,0.0016222255,0.0119393564,0.0033725502,0.0017777039,0.0073167759,-0.0008531093,-0.0006461781,0.0091775216,0.0059671989
2012-03-16,0.0038322150,0.0137565050,-0.0004684170,-0.0001082878,0.0004481116,-0.0032139872,-0.0006542316,0.0019173743,-0.0008042226,0.0059841815,0.0031826665,0.0011193985
2012-03-19,0.0050885283,0.0045449875,0.0073628962,-0.0002713389,0.0000000000,0.0051857173,0.0005952285,0.0061996720,-0.0069003812,0.0059480957,0.0039281234,0.0039738464
2012-03-20,0.0050632491,-0.0150383852,-0.0009966962,-0.0051574950,-0.0115854097,0.0015704579,-0.0005948744,-0.0056254548,0.0011580693,-0.0023970058,-0.0010537124,-0.0030005182
2012-03-21,-0.0044079039,-0.0118903954,-0.0003325381,-0.0005455075,-0.0005324015,0.0013436934,0.0014881959,0.0000000000,-0.0020248748,-0.0022428145,0.0055741158,-0.0018711970
2012-03-22,-0.0132827412,-0.0225626962,-0.0023286174,-0.0032762164,-0.0111944994,-0.0024604849,0.0008913915,-0.0161637443,0.0023181535,-0.0118814969,-0.0088388634,-0.0072065417
2012-03-23,0.0083333855,0.0109125542,0.0000000000,0.0030128548,0.0016176814,0.0011213537,0.0023756733,0.0106791485,0.0002896523,0.0040621678,-0.0015116418,0.0031088585
2012-03-26,0.0158928934,0.0074729970,0.0146713186,0.0174768740,0.0148005456,0.0159012296,0.0068123945,0.0130043851,0.0069362786,0.0103332503,0.0075688161,0.0138858248
2012-03-27,-0.0093865374,-0.0100277129,-0.0003286795,0.0018788614,-0.0031818457,-0.0015431547,-0.0005882346,-0.0021394713,0.0048792612,-0.0004849458,-0.0111176307,-0.0028167752
2012-03-28,0.0025270194,-0.0124875125,-0.0036156828,-0.0021432525,-0.0095772572,-0.0086108356,-0.0023548987,-0.0139373719,-0.0082834010,-0.0022626849,-0.0104832017,-0.0049415091
2012-03-29,-0.0100820218,0.0000000000,-0.0019798081,0.0021478559,0.0005372334,-0.0002234545,-0.0002951087,0.0013588123,0.0040326279,0.0009718794,0.0003072174,-0.0016079298
2012-03-30,0.0057287140,0.0081493471,-0.0029754138,0.0075003808,0.0045638323,0.0044556363,0.0059030914,0.0035292128,0.0051636064,0.0084172147,-0.0021489373,0.0036984360
2012-04-02,0.0075953565,0.0097556295,0.0106103813,0.0034565766,0.0064139998,0.0026615630,0.0079222018,0.0140651333,0.0051364689,0.0064205201,0.0046145291,0.0075046459
2012-04-03,-0.0056536244,-0.0086954045,-0.0006562052,-0.0005296242,-0.0071698369,-0.0019908236,-0.0055310856,-0.0074688233,-0.0005677250,-0.0046254861,-0.0033685415,-0.0039886360
2012-04-04,-0.0157926905,-0.0128096950,-0.0118186977,-0.0053025072,-0.0072212176,-0.0093081772,-0.0032200478,-0.0139746275,-0.0014202057,-0.0100944725,-0.0059919934,-0.0102025244
2012-04-05,-0.0025672744,-0.0056419875,0.0023257515,-0.0002667512,-0.0040403904,0.0069349011,0.0000000000,-0.0057235136,-0.0073968621,-0.0043705275,-0.0035546598,-0.0006290422
2012-04-09,-0.0154440791,-0.0126234597,-0.0069606847,-0.0125298299,-0.0162300041,-0.0091093172,-0.0091041520,-0.0145283139,-0.0051591667,-0.0095914541,-0.0111679932,-0.0113584383
2012-04-10,-0.0215685682,-0.0196815505,-0.0140188743,-0.0113390831,-0.0203461635,-0.0244393686,-0.0088917095,-0.0205843200,-0.0129647602,-0.0193697697,-0.0183526497,-0.0170814543
2012-04-11,0.0160314168,0.0002933361,0.0057548091,0.0035499570,0.0112265400,0.0137899279,0.0050836084,0.0107923981,0.0023351583,0.0118846186,0.0174177853,0.0074488958
2012-04-12,0.0184092967,0.0218279926,0.0124540818,0.0054424665,0.0213707755,0.0126952838,0.0005952177,0.0272548879,0.0032034849,0.0142267251,0.0091095024,0.0137793878
2012-04-13,-0.0232407061,-0.0150539039,-0.0156250846,-0.0100138068,-0.0127712275,-0.0026857813,0.0000000000,-0.0117611726,-0.0034830180,-0.0052191015,-0.0130741554,-0.0124750010
2012-04-16,0.0072705402,-0.0066955859,-0.0104697588,0.0002736059,0.0027519605,-0.0035916294,0.0041627995,0.0030441073,0.0093207790,0.0116410396,-0.0018921965,-0.0005036004
2012-04-17,0.0131233467,0.0162660037,0.0218431539,0.0147578032,0.0164699124,0.0105879084,0.0100679467,0.0135215165,0.0051947255,0.0085899156,0.0115339260,0.0154866738
2012-04-18,-0.0064767765,-0.0020184854,-0.0073482178,-0.0026931232,-0.0043206796,0.0015602537,0.0000000000,-0.0027228969,-0.0017225094,-0.0053028373,-0.0103090950,-0.0040552888
2012-04-19,-0.0045631697,-0.0013000529,-0.0111032263,0.0016201200,-0.0111198116,-0.0080126214,-0.0032244412,-0.0035489567,-0.0025883544,-0.0004850620,-0.0069444252,-0.0059343970
2012-04-20,-0.0052392857,-0.0023151673,-0.0037425527,0.0053930327,0.0085020249,0.0015708105,0.0091177863,-0.0005481370,0.0098039856,0.0105063373,0.0101714732,0.0011692657
2012-04-23,-0.0072417219,-0.0010152247,-0.0078554390,-0.0077774680,-0.0111500542,-0.0107526632,-0.0154476672,-0.0123356130,-0.0042836519,-0.0092772212,-0.0102267353,-0.0084075701
2012-04-24,0.0112733448,0.0074031726,-0.0020652059,0.0035134328,0.0132014956,-0.0033966610,0.0002959870,0.0000000000,0.0068830127,0.0127541260,0.0147831504,0.0036797734
2012-04-25,0.0085249444,0.0099423925,0.0282853951,0.0105037857,0.0018998858,0.0168141362,0.0065106973,0.0210936959,0.0051266653,0.0109999792,0.0037596103,0.0136445922
2012-04-26,0.0084524872,0.0105581382,0.0077155463,-0.0002667512,0.0059608004,0.0125141235,0.0091150259,-0.0010868000,0.0056672021,0.0042572222,0.0042133185,0.0066801656
2012-04-27,0.0006445676,-0.0004237364,-0.0003329465,0.0005334515,0.0061940866,0.0123596546,-0.0014566497,0.0048975881,0.0033813839,0.0048674323,0.0029525775,0.0024143237
2012-04-30,-0.0057986497,0.0062147908,-0.0069927550,-0.0005331670,-0.0093681394,-0.0056687871,-0.0026261202,-0.0070403919,0.0014037678,-0.0014064961,0.0035637817,-0.0038835019
2012-05-01,0.0103690226,0.0143177457,0.0033530284,0.0037329365,0.0029718118,0.0065777503,0.0026330349,0.0059992579,0.0050480257,0.0087623076,0.0049403978,0.0056583842
2012-05-02,-0.0076970793,-0.0163300310,0.0006684873,-0.0018597193,0.0002699461,0.0054454096,0.0008751833,-0.0048790045,-0.0058594412,-0.0015508929,-0.0004606084,-0.0024966837
2012-05-03,-0.0084034127,-0.0166009504,-0.0083499342,-0.0037254043,-0.0080799331,-0.0077990152,0.0014575804,-0.0114412035,-0.0030869855,-0.0034178819,0.0015369683,-0.0076588713
2012-05-04,-0.0156454375,-0.0228894535,-0.0208824797,-0.0130872525,-0.0143905611,-0.0194324199,-0.0078599338,-0.0168091907,0.0014076691,-0.0076383815,-0.0095151958,-0.0161472090
2012-05-07,0.0059601388,-0.0029284724,-0.0027516611,0.0021648364,-0.0027546446,-0.0004456058,0.0014673172,0.0008407797,-0.0019680871,0.0056550870,0.0021692483,0.0003505810
2012-05-08,-0.0065830731,-0.0032311052,-0.0034496603,0.0002700200,-0.0024862675,-0.0120287928,-0.0023441859,-0.0047605591,0.0016900858,-0.0009370576,-0.0023190364,-0.0042786734
2012-05-09,-0.0112655671,-0.0048609741,0.0000000000,-0.0067490039,-0.0116311353,-0.0038331379,-0.0049925360,-0.0090035738,0.0005626410,-0.0023455007,-0.0049590829,-0.0067022665
2012-05-10,0.0040210548,0.0042928014,-0.0076151267,0.0070667095,0.0014009669,0.0033951228,0.0070837921,-0.0031232674,0.0092747423,-0.0009401416,0.0000000000,0.0025174108
2012-05-11,-0.0113485996,-0.0073702227,0.0006972330,-0.0010796274,-0.0019590528,-0.0020300387,-0.0026379926,-0.0028486793,0.0005568161,0.0042352800,0.0052952610,-0.0033873413
2012-05-14,-0.0202562635,-0.0166317447,-0.0087134960,-0.0032427743,-0.0114941109,-0.0140148328,-0.0041137048,-0.0137099236,-0.0011131829,-0.0121835372,-0.0119287441,-0.0111128639
2012-05-15,-0.0055136025,-0.0166116117,-0.0028126961,-0.0059631833,-0.0051047495,-0.0016046078,-0.0011808467,-0.0150593168,-0.0069656157,-0.0049021625,-0.0001568207,-0.0057458374
2012-05-16,-0.0145530255,-0.0056815836,-0.0081103512,0.0016363545,-0.0011401073,-0.0016072901,0.0032497031,-0.0108793201,0.0014028436,-0.0122357492,-0.0061157872,-0.0044038186
2012-05-17,-0.0203938834,-0.0063322444,-0.0142195246,-0.0092570444,-0.0214040436,-0.0264488484,-0.0070670256,-0.0219972802,-0.0056041142,-0.0276704102,-0.0033134654,-0.0150513759
2012-05-18,-0.0114856877,-0.0062169408,-0.0093763276,-0.0087936017,-0.0049580088,-0.0075601985,-0.0059310205,-0.0039517800,-0.0019722654,-0.0102580311,0.0031662252,-0.0073877770
2012-05-21,0.0094406494,0.0229902970,0.0247547674,0.0097034358,0.0222744257,0.0176150548,0.0038783439,0.0292951412,0.0011289519,0.0205613214,0.0012623661,0.0160359012
2012-05-22,0.0079134654,-0.0024461932,-0.0031975421,-0.0027460890,0.0037270740,0.0039766016,0.0011886880,-0.0062257833,0.0070507775,0.0021295891,-0.0037824027,0.0004863370
2012-05-23,0.0035692041,0.0036780458,0.0010691574,-0.0044053757,0.0054270623,0.0053589155,-0.0026714969,0.0119328578,-0.0053205793,0.0042498317,-0.0014239550,0.0016937032
2012-05-24,0.0007110416,-0.0007633632,-0.0056962190,0.0096796221,-0.0011366424,0.0046348877,0.0095238222,0.0061915886,0.0039408529,0.0030921831,0.0031687331,0.0013800315
2012-05-25,-0.0035533325,-0.0047372968,-0.0021481039,-0.0024650570,-0.0068259256,-0.0016147058,-0.0008842138,-0.0041020516,0.0033655222,-0.0029206788,0.0042638099,-0.0021656323
2012-05-29,0.0142649941,0.0167362468,0.0132759799,0.0032948425,0.0134595048,0.0138632108,0.0070817840,0.0173579235,0.0030743860,0.0136695307,0.0091207291,0.0110789776
2012-05-30,-0.0232064776,-0.0306554293,-0.0063738940,-0.0057469232,-0.0166712540,-0.0157245077,-0.0082045280,-0.0179295869,-0.0061300968,-0.0232781190,-0.0074797728,-0.0143348922
2012-05-31,0.0086389050,-0.0087241522,-0.0046331517,-0.0049546727,-0.0037361395,-0.0020836215,-0.0020676254,-0.0041225875,0.0053268909,0.0062462490,0.0073797291,-0.0022766655
2012-06-01,-0.0371161502,-0.0249883418,-0.0261364135,-0.0177040288,-0.0276890272,-0.0315546669,-0.0183540905,-0.0212888596,-0.0041828828,-0.0253187776,-0.0241584731,-0.0246425847
2012-06-04,-0.0096366022,-0.0008063217,0.0058821804,0.0022525572,-0.0103827066,0.0035935919,0.0033170700,0.0009060060,0.0033604652,-0.0070384995,0.0087845551,0.0001095542
2012-06-05,0.0164672103,0.0085502218,0.0062132586,0.0056198564,0.0029974096,0.0054905729,-0.0012021813,0.0096592203,0.0036275562,0.0197464285,0.0025332058,0.0057268507
2012-06-06,0.0294551616,0.0308698980,0.0228841401,0.0156469717,0.0265988865,0.0216049102,0.0135420575,0.0251120429,0.0139044611,0.0213507359,0.0164244297,0.0230494009
2012-06-07,-0.0007155469,0.0006210737,-0.0049712229,0.0005500760,0.0055310499,0.0000000000,0.0035629710,0.0017497237,0.0076799342,-0.0048613571,-0.0027967891,-0.0001064645
2012-06-08,0.0121689660,0.0001545115,0.0110632115,0.0060491034,0.0075278847,0.0088313889,0.0085797847,0.0066958561,0.0021776150,0.0125387999,0.0130882617,0.0081141636
2012-06-11,-0.0183876651,-0.0136430509,-0.0141193837,-0.0087457316,-0.0129311660,-0.0152043862,-0.0046933833,-0.0185077892,-0.0008148312,-0.0196206833,-0.0066136090,-0.0126201138
2012-06-12,0.0151295824,0.0141462968,0.0100248954,0.0093743835,0.0160120259,0.0107604515,0.0047155150,0.0185623092,0.0010870779,0.0093504844,0.0154824611,0.0116507371
2012-06-13,-0.0035485051,-0.0127092468,-0.0060258043,-0.0010926686,-0.0100290365,-0.0145802682,-0.0014665594,-0.0153316648,0.0002713704,-0.0047133428,-0.0036588415,-0.0070232510
2012-06-14,0.0121081866,0.0156987559,0.0049929054,0.0150394228,0.0078146556,0.0133867695,0.0138072675,0.0082262485,0.0067864102,0.0135535007,0.0180562803,0.0108146528
2012-06-15,0.0140009237,0.0191178276,0.0106514966,0.0037643463,0.0087717634,0.0098142641,0.0016338762,0.0115714618,0.0049526321,0.0062831966,0.0055613970,0.0103378154
2012-06-18,-0.0055787424,-0.0089905962,0.0074019495,0.0067464185,0.0022888909,0.0071395242,0.0026217825,0.0052126040,0.0037906828,0.0078449589,0.0022423819,0.0014447466
2012-06-19,0.0168299050,0.0144546723,0.0076976831,0.0091125860,0.0134130719,0.0091473584,-0.0008716154,0.0190147212,-0.0021575620,0.0046633889,0.0026844339,0.0098156954
2012-06-20,0.0020697039,-0.0039413316,0.0017362752,-0.0026558570,-0.0053506241,-0.0011330680,-0.0052338513,-0.0056544263,-0.0097323597,-0.0012759577,-0.0055034911,-0.0016863570
2012-06-21,-0.0220239971,-0.0409372453,-0.0235699765,-0.0138481924,-0.0195359001,-0.0217786066,-0.0116927675,-0.0326985246,-0.0103743136,-0.0156525732,-0.0103202116,-0.0222616770
2012-06-22,0.0091486872,0.0066645447,0.0110043050,0.0105322691,0.0034652352,0.0044065728,0.0029574483,0.0052911968,0.0002758482,0.0008112986,0.0084632491,0.0071746043
2012-06-25,-0.0209201250,-0.0223835739,-0.0203652637,-0.0122934398,-0.0184168195,-0.0154701396,-0.0061929087,-0.0125729211,-0.0019301538,-0.0055121260,-0.0058444286,-0.0159548535
2012-06-26,0.0049854036,0.0108033497,0.0039429760,0.0029764054,0.0017588496,0.0124294987,0.0023741595,0.0032571825,0.0013812757,0.0044017045,0.0025624705,0.0047727215
2012-06-27,0.0120480398,0.0207365221,0.0060692458,0.0107902249,0.0096575173,-0.0013897517,0.0059207246,0.0109208780,0.0113133989,0.0063301433,0.0066154537,0.0089849055
2012-06-28,-0.0007000336,0.0068760138,-0.0081617108,-0.0045368707,-0.0008697336,-0.0055668475,0.0044143458,0.0002914994,0.0035473025,0.0083869390,0.0005975070,-0.0021097996
2012-06-29,0.0259281145,0.0301101373,0.0279066784,0.0190352936,0.0348128388,0.0212268248,0.0187518626,0.0300649035,0.0057097490,0.0227129585,0.0122405673,0.0249202388
2012-07-02,0.0061478675,0.0004523086,0.0055692517,0.0031564626,-0.0086906197,0.0029690363,0.0057520647,-0.0051008496,0.0062176641,0.0106346833,0.0237427409,0.0024593113
2012-07-03,0.0054310360,0.0239457225,0.0079610499,-0.0002621479,0.0104636913,-0.0009108531,0.0045750803,0.0142411088,-0.0024182590,0.0055713820,0.0020169743,0.0062321109
2012-07-05,-0.0148548266,-0.0130901105,0.0000000000,-0.0062953419,-0.0011193337,0.0025071554,-0.0037003235,-0.0014041860,-0.0059250758,-0.0046169263,-0.0076194220,-0.0046870230
2012-07-06,-0.0082246216,-0.0120716052,-0.0147666390,-0.0066004976,-0.0134493338,-0.0047747514,-0.0011428690,-0.0115298310,-0.0021672433,0.0013914377,0.0000000000,-0.0094326495
2012-07-09,-0.0013826276,-0.0045254172,-0.0020907546,0.0053154318,-0.0005679673,-0.0054831121,-0.0011443353,-0.0062586102,-0.0032584610,0.0020070413,0.0034764363,-0.0016388318
2012-07-10,-0.0076121954,-0.0156086560,-0.0111774041,-0.0047584930,-0.0161974920,-0.0059727962,0.0011456463,-0.0148869397,0.0016342674,-0.0118640978,-0.0025984754,-0.0081259265
2012-07-11,0.0083684312,0.0135464850,-0.0045919016,-0.0007967252,-0.0080881182,-0.0057777332,-0.0014302010,-0.0031970439,0.0051675751,0.0015589698,0.0021712312,-0.0000149236
2012-07-12,-0.0103739898,-0.0033413099,-0.0099364292,0.0023924007,-0.0037857846,-0.0023243985,0.0008593814,-0.0049559657,0.0013525816,0.0043594739,-0.0057768745,-0.0049870973
2012-07-13,0.0279528349,0.0175255326,0.0132617402,0.0111373594,0.0192928168,0.0163092207,0.0111618893,0.0178728457,0.0089171281,0.0108510082,0.0091515425,0.0164973623
2012-07-16,-0.0020393302,0.0032947691,-0.0010609888,0.0018361064,-0.0068829099,-0.0064185672,-0.0050947558,-0.0037426929,-0.0005359977,0.0038338842,0.0008638572,-0.0023143137
2012-07-17,0.0054495338,0.0125390818,0.0038950175,0.0128271763,0.0043312773,0.0099209880,0.0042670949,0.0127134775,0.0021437587,0.0084020397,0.0087731645,0.0074096726
2012-07-18,-0.0047427291,0.0086983163,0.0172838585,0.0015511767,0.0186893186,0.0052547987,0.0002835052,0.0059914027,0.0032083131,-0.0077266400,0.0028512308,0.0066804909
2012-07-19,-0.0061264244,0.0030691839,0.0086687017,0.0000000000,0.0047984046,0.0065910702,-0.0014162604,0.0107768965,0.0018659823,-0.0083966401,-0.0150697218,0.0027170999
2012-07-20,-0.0150683869,0.0023314712,-0.0113444051,-0.0129033102,-0.0123598431,-0.0121922801,-0.0062389991,-0.0061724217,0.0021276338,-0.0033872250,-0.0076498568,-0.0100616599
2012-07-23,-0.0083450461,-0.0095942407,-0.0097355695,-0.0117652299,-0.0051196053,-0.0146286883,-0.0085618514,-0.0158104838,-0.0066363300,-0.0060251223,-0.0084364672,-0.0089090561
2012-07-24,-0.0028050197,-0.0159989816,-0.0101826318,-0.0111105906,-0.0111487144,-0.0067268286,-0.0031665121,-0.0154907996,-0.0088185330,-0.0040408179,-0.0195101022,-0.0090409329
2012-07-25,0.0035162175,0.0007456890,-0.0039020080,0.0048150710,0.0034689560,-0.0021019808,0.0002889903,0.0000000000,-0.0005396107,-0.0001560932,-0.0040394906,-0.0003138615
2012-07-26,0.0154168490,0.0284695224,0.0153134697,0.0095844422,0.0152691858,0.0161477657,0.0164548777,0.0046621737,0.0156466008,0.0081161575,0.0327476414,0.0165409747
2012-07-27,0.0186335814,0.0176809734,0.0217468684,0.0239979601,0.0218501189,0.0198065653,0.0113606079,0.0182714951,0.0116864791,0.0113018738,0.0253087449,0.0190805656
2012-07-30,-0.0020325247,0.0028482147,0.0003432740,-0.0051502355,-0.0027766784,-0.0038390577,0.0050550071,-0.0008540181,0.0036752401,0.0027554269,0.0042561458,-0.0004833596
2012-07-31,-0.0047518730,-0.0109346524,0.0041178746,-0.0062127251,-0.0027850957,-0.0129222028,-0.0044708003,-0.0068419659,-0.0081085664,-0.0010682356,0.0009891115,-0.0043168284
2012-08-01,-0.0047752862,0.0048819344,-0.0034178016,0.0005208698,-0.0067018250,-0.0041342369,-0.0050520141,0.0002872190,-0.0076476133,-0.0029040315,0.0001412935,-0.0028999798
2012-08-02,-0.0075394620,-0.0167167097,-0.0065153418,-0.0096334521,-0.0050602472,0.0025368515,-0.0081807588,-0.0117651645,-0.0055810166,0.0010730417,-0.0069146168,-0.0075036695
2012-08-03,0.0234805765,0.0235395305,0.0196753921,0.0118298718,0.0217572914,0.0197836791,0.0167809476,0.0197449059,0.0117584765,0.0073498129,0.0028417937,0.0190402859
2012-08-06,0.0040487975,0.0026975583,0.0071085461,0.0002599457,0.0000000000,0.0036095010,-0.0005596402,0.0091118001,-0.0023771398,-0.0028881403,0.0068004662,0.0023292693
2012-08-07,0.0040319606,0.0150074802,0.0067230957,-0.0023374676,0.0102325353,0.0094401319,-0.0053177351,0.0115685101,-0.0103257787,-0.0103662120,-0.0090061842,0.0051067580
2012-08-08,0.0000000000,0.0008371365,0.0003339518,0.0036448787,-0.0013691153,-0.0048986924,0.0070346940,0.0011158004,0.0013377089,-0.0060071220,0.0097984871,0.0006208264
2012-08-09,-0.0006690069,0.0068291748,0.0033377934,-0.0005190197,0.0008227980,-0.0006710408,-0.0041913317,0.0055724300,0.0000000000,-0.0029445343,-0.0008435814,0.0004136855
2012-08-10,0.0006694547,0.0017999282,0.0023287283,0.0041526297,0.0046559901,-0.0008953554,-0.0002806449,-0.0008309687,0.0029389146,0.0021763819,0.0094299814,0.0021884418
2012-08-13,0.0006695151,-0.0037310217,0.0029870040,-0.0025846527,-0.0021810224,0.0004478274,-0.0002804901,-0.0055466517,-0.0010653956,-0.0003104350,-0.0005581171,-0.0012519008
2012-08-14,-0.0013376264,-0.0018034229,-0.0019857331,0.0025913504,-0.0013661606,0.0024639090,0.0039303775,-0.0044616036,-0.0010670173,-0.0004654265,0.0013950223,-0.0001281464
2012-08-15,0.0033486976,-0.0001385727,0.0003318538,0.0023263613,0.0021891842,0.0031291981,0.0005588632,0.0016808751,-0.0048048036,0.0027937665,0.0068266109,0.0011396405
2012-08-16,0.0066754481,0.0088933601,0.0135896073,-0.0025789636,0.0101006997,0.0082421256,0.0025156892,0.0148207440,-0.0024142854,0.0072745371,-0.0044278351,0.0071005103
2012-08-17,0.0033160945,-0.0004133218,0.0055590262,-0.0051705183,0.0048648752,0.0037559306,0.0008364588,-0.0013778048,-0.0026887595,-0.0004609007,0.0043087933,0.0018721340
2012-08-20,0.0026436257,-0.0034446764,0.0009759396,0.0020789816,-0.0021518904,-0.0041823122,0.0000000000,-0.0019317423,0.0018868787,-0.0007686444,-0.0084416421,-0.0000211748
2012-08-21,0.0032961195,-0.0031804317,-0.0064978923,-0.0033711647,-0.0021561991,-0.0013261622,-0.0061283896,0.0013828676,-0.0072654320,0.0000000000,-0.0062808909,-0.0034975361
2012-08-22,-0.0013141961,0.0037458639,0.0016350604,0.0007801790,-0.0048618480,0.0028775313,-0.0030826227,0.0082823124,-0.0016265394,-0.0009232114,-0.0096909324,0.0002264032
2012-08-23,-0.0098685423,-0.0110563530,-0.0081620314,-0.0012995553,-0.0081436936,-0.0068420103,-0.0078719600,-0.0167030514,-0.0103180618,-0.0026177996,-0.0028364115,-0.0080722426
2012-08-24,0.0053158622,0.0058692851,0.0062539231,0.0085912539,0.0046525056,0.0082225804,0.0087842326,-0.0019494942,0.0046643557,0.0038595600,0.0106665668,0.0064547309
2012-08-27,-0.0006607057,0.0004171436,0.0009816115,0.0010327625,-0.0029965470,-0.0015432172,0.0014048791,-0.0058588437,0.0021844055,0.0021535287,-0.0059101451,-0.0004890148
2012-08-28,-0.0013228876,0.0006943099,-0.0022877080,-0.0015471427,-0.0038249804,0.0019867076,0.0005601985,-0.0022455929,-0.0019070131,0.0039900568,-0.0009907858,-0.0008081823
2012-08-29,0.0019866583,-0.0066616571,0.0019652712,0.0033572334,-0.0002744164,0.0048469870,-0.0022424166,0.0022506470,-0.0016381672,0.0003057006,0.0075100885,0.0008443492
2012-08-30,-0.0052877532,-0.0106170728,-0.0111146437,-0.0033460001,-0.0085049171,-0.0054813090,-0.0039336916,-0.0089812315,-0.0049221508,-0.0010697621,-0.0066103367,-0.0078058050
2012-08-31,0.0073091213,0.0100252940,0.0079339234,0.0030993904,0.0060874819,0.0041888655,0.0002819926,0.0096289133,-0.0010993145,0.0039776051,0.0028315925,0.0050732956
2012-09-04,0.0000000000,-0.0076890132,0.0000000000,0.0020592160,-0.0104508803,-0.0024149802,0.0059218961,-0.0129033324,0.0038515846,0.0050279655,0.0066358890,-0.0011659591
2012-09-05,0.0000000000,-0.0038039991,-0.0009840370,0.0002568885,-0.0027790614,0.0015402475,-0.0016815986,0.0045466933,-0.0043848746,-0.0006063959,0.0053291946,-0.0010676613
2012-09-06,0.0237466524,0.0210723631,0.0223243838,0.0159262667,0.0225750857,0.0224128815,0.0123561301,0.0251766688,0.0112852892,0.0078885642,0.0138119455,0.0204355405
2012-09-07,0.0103092683,0.0173125910,-0.0016054368,-0.0005056536,0.0084490138,0.0053728349,-0.0080442928,0.0195922847,-0.0032658660,0.0018056849,-0.0026151568,0.0040499741
2012-09-10,-0.0082908991,-0.0043566903,-0.0106145520,-0.0035415480,-0.0064866112,-0.0014960317,-0.0011186573,-0.0016244921,-0.0010923270,-0.0064601291,0.0027598724,-0.0061478299
2012-09-11,0.0083602128,0.0106659918,0.0026011892,0.0005078294,0.0054409916,-0.0004287508,-0.0030795585,0.0035244274,-0.0024604027,0.0039318923,0.0027515863,0.0031349558
2012-09-12,0.0038267327,0.0060884938,0.0055118623,0.0005072668,0.0040584273,0.0049262590,-0.0053354990,-0.0013507038,-0.0057552103,0.0037656512,0.0102907023,0.0020926922
2012-09-13,0.0260480793,0.0162721295,0.0135440307,0.0101447634,0.0113175715,0.0127878341,0.0177865291,0.0246145068,0.0140574628,0.0121548849,0.0116800054,0.0163097474
2012-09-14,0.0080498040,0.0132328744,0.0047725978,-0.0040170317,0.0061282830,0.0039983679,-0.0074899252,0.0124078803,-0.0067951479,0.0051887959,-0.0114107498,0.0039589513
2012-09-17,-0.0092139635,-0.0075745515,0.0009499278,0.0057978789,-0.0047665032,-0.0037728918,0.0027952361,-0.0153852622,-0.0062943201,-0.0047195129,0.0029874989,-0.0031246908
2012-09-18,-0.0049601210,-0.0071064037,0.0006325397,0.0032578259,0.0002655824,-0.0048388181,0.0055738068,-0.0026481321,-0.0030296493,-0.0085953878,0.0033843811,-0.0012797755
2012-09-19,-0.0006227392,-0.0096754525,0.0009484264,0.0009993607,0.0023945214,0.0103591796,0.0027717633,0.0055757688,0.0011048328,-0.0046336691,0.0102556866,0.0011855540
2012-09-20,-0.0056107958,0.0028104908,-0.0018949833,0.0042426677,-0.0095540290,-0.0012552123,0.0055283572,-0.0015838220,0.0041391157,-0.0117136531,0.0030717421,-0.0005407337
2012-09-21,-0.0033996964,0.0011259740,0.0012713345,0.0037214908,-0.0029661797,-0.0007151155,-0.0045681656,-0.0043334424,0.0005829218,-0.0003036168,0.0133155382,-0.0000753190
2012-09-24,0.0006316468,-0.0050883097,-0.0063471573,0.0027362110,0.0000000000,-0.0027351588,0.0033374303,-0.0029373272,0.0094367983,-0.0010639800,-0.0009198969,-0.0022326540
2012-09-25,-0.0151514804,-0.0109017751,-0.0140533783,-0.0007443325,-0.0132546619,-0.0118143266,-0.0069293876,-0.0160686157,-0.0021995051,-0.0146785188,-0.0076284644,-0.0105018558
2012-09-26,-0.0064102738,-0.0095248402,-0.0071267349,-0.0052146243,-0.0038377728,-0.0068317018,0.0000000000,-0.0048992411,0.0022043536,-0.0009345382,-0.0017228790,-0.0057367349
2012-09-27,0.0090324974,0.0136008360,0.0130509516,0.0057413923,0.0093562604,0.0101032035,0.0033493086,0.0123085082,-0.0041238967,0.0054535259,0.0065054282,0.0096489818
2012-09-28,-0.0031974707,-0.0047437841,-0.0070854183,-0.0042195235,-0.0040893308,-0.0042562785,-0.0033381282,-0.0056743670,0.0046931476,-0.0023244697,-0.0100249103,-0.0044777531
2012-10-01,0.0044900811,0.0050385218,-0.0022705960,0.0059817326,0.0046535961,-0.0006410847,0.0064194953,0.0032607446,-0.0046712249,-0.0071450741,-0.0002666098,0.0026515067
2012-10-02,0.0019158981,0.0017619065,0.0013006052,0.0044604229,-0.0016346142,-0.0019248706,0.0008317189,-0.0054167287,0.0052455703,0.0084480416,0.0018660977,0.0008722870
2012-10-03,0.0089230217,-0.0123092856,0.0051944818,0.0083870044,0.0051856551,0.0079279050,0.0030478393,-0.0046294395,0.0049436340,0.0029476175,0.0026606405,0.0036244096
2012-10-04,0.0151611463,0.0099973140,0.0029072375,0.0061149971,0.0057017179,0.0091413786,0.0046961159,0.0128588634,0.0057389544,-0.0037122480,0.0046434328,0.0071744356
2012-10-05,-0.0006225897,-0.0023051630,-0.0051532446,0.0009727646,0.0032395491,0.0029490610,0.0038497627,0.0048619127,-0.0016304963,0.0043471855,0.0058108677,-0.0003215894
2012-10-08,-0.0006226009,0.0016307935,-0.0103592871,-0.0007289515,-0.0024217339,-0.0018903176,-0.0030130787,-0.0018814561,0.0016331591,-0.0041740626,-0.0085340889,-0.0034567355
2012-10-09,-0.0062304533,0.0013569234,-0.0127574844,-0.0121532891,-0.0115996221,-0.0159931124,-0.0096152238,-0.0094267140,-0.0019016610,-0.0043461440,-0.0135087495,-0.0098909418
2012-10-10,-0.0006268946,-0.0186988968,-0.0039762731,-0.0073821088,-0.0092797164,-0.0062020845,-0.0041608938,-0.0108751071,-0.0016340115,0.0012472550,-0.0030876154,-0.0061880304
2012-10-11,0.0056464447,0.0074562019,-0.0039919199,0.0007439499,0.0030302534,-0.0045187848,-0.0022281598,0.0041233678,0.0010909602,0.0001556204,0.0107728470,0.0001953895
2012-10-12,-0.0137246404,-0.0054823152,-0.0006678093,-0.0014864383,0.0010985569,-0.0002167234,0.0008368299,-0.0043802531,-0.0057204405,-0.0043590917,-0.0090593186,-0.0029661373
2012-10-15,0.0113854611,0.0050991072,0.0050132849,0.0143881589,0.0068587819,0.0099461924,0.0066947272,0.0085234009,0.0041097018,0.0067237275,0.0001344046,0.0080779225
2012-10-16,0.0062537357,0.0159056395,0.0136349119,0.0107608781,0.0106264261,0.0089918046,0.0024942279,0.0239913668,0.0038195420,0.0046599550,-0.0025541526,0.0102699333
2012-10-17,0.0130513670,0.0125524111,-0.0052495395,0.0000000000,0.0059316864,0.0057288035,0.0044216026,0.0082531554,0.0122317604,0.0015458693,0.0060650412,0.0041170580
2012-10-18,0.0018407653,-0.0001333464,-0.0115435696,0.0002418118,0.0029482889,0.0006328345,-0.0055034874,0.0002643958,0.0045646850,0.0094167292,0.0048225407,-0.0024437291
2012-10-19,-0.0134719512,-0.0157311431,-0.0226893911,-0.0178998112,-0.0168357913,-0.0179209522,-0.0118977649,-0.0208553424,-0.0080190681,-0.0093288817,-0.0191973809,-0.0165713046
2012-10-22,0.0000000000,-0.0050112246,0.0068281565,0.0007381253,-0.0027181579,-0.0032203549,0.0005600423,0.0045838030,-0.0026946581,-0.0035501578,-0.0088354109,0.0004395823
2012-10-23,-0.0167600157,-0.0232785466,-0.0108506961,-0.0132901675,-0.0100845024,-0.0079690772,-0.0134340326,-0.0300596189,-0.0091867545,-0.0100697620,-0.0104223604,-0.0144439063
2012-10-24,0.0000000000,-0.0076653419,-0.0058279322,0.0017460517,-0.0063328937,-0.0039084430,0.0000000000,-0.0005533357,-0.0073629578,0.0006255989,0.0011087331,-0.0030853829
2012-10-25,0.0025251831,0.0094104740,-0.0020692288,0.0079679358,0.0055422349,-0.0023968789,0.0062408575,-0.0022145682,0.0049451587,-0.0043788633,-0.0070596336,0.0029955426
2012-10-26,-0.0050378357,0.0012519348,0.0017280770,-0.0039524749,0.0008264396,0.0032768574,-0.0033833019,0.0019422232,0.0000000000,-0.0058121432,0.0059944470,-0.0007289817
2012-10-31,0.0063293235,-0.0002779467,-0.0041394925,-0.0071925326,0.0046807729,0.0032668366,0.0011320374,-0.0022153909,0.0087482509,0.0112186155,-0.0051275603,0.0001558797
2012-11-01,0.0125784596,0.0043094158,0.0162796499,0.0082434187,0.0178128784,0.0115040975,0.0005649506,0.0194282536,-0.0105695402,0.0010935500,0.0094721048,0.0109264752
2012-11-02,-0.0062110098,-0.0164707980,-0.0129515739,-0.0054507987,-0.0083464083,-0.0006433147,-0.0059306154,-0.0179688894,-0.0068473546,0.0067114119,-0.0068990745,-0.0093794542
2012-11-05,-0.0018751845,0.0075989059,0.0055249118,0.0004986762,0.0054298120,0.0025762602,-0.0017044701,0.0069307817,-0.0162713369,-0.0074420362,-0.0026405230,0.0021638090
2012-11-06,0.0112714872,0.0160615560,0.0044641647,0.0009957836,0.0108019681,0.0053548701,0.0073991965,0.0104630109,0.0005606041,0.0021869728,-0.0006960852,0.0078531849
2012-11-07,-0.0334370088,-0.0261167500,-0.0249569624,-0.0166663812,-0.0235103061,-0.0117174704,-0.0118645012,-0.0158044164,-0.0210143663,-0.0049875567,-0.0241182769,-0.0237050000
2012-11-08,-0.0083278162,-0.0180661379,-0.0143757787,-0.0118899239,-0.0103967846,-0.0161673412,-0.0108637342,-0.0135655241,-0.0017168648,-0.0101816610,-0.0081430007,-0.0122048426
2012-11-09,0.0012920519,-0.0002874953,0.0046244811,0.0028162277,0.0027651570,-0.0048202387,0.0000000000,-0.0019647852,-0.0060209964,-0.0033235473,-0.0014403024,0.0016986924
2012-11-12,0.0019353818,0.0020129557,-0.0014165036,0.0051062840,0.0027565873,0.0008806609,0.0000000000,0.0000000000,-0.0083643043,-0.0015874085,0.0025962258,0.0001304879
2012-11-13,-0.0070831143,-0.0041614583,-0.0049647146,-0.0038097557,-0.0027490095,0.0028598019,-0.0005774520,-0.0016871531,0.0037813953,-0.0031808069,-0.0025895029,-0.0039854205
2012-11-14,-0.0175097879,-0.0121038405,-0.0099784046,-0.0119840204,-0.0234359855,-0.0149156041,-0.0109891580,-0.0169016097,-0.0069547656,-0.0194642497,-0.0115387493,-0.0138520357
2012-11-15,0.0019802937,0.0013131069,-0.0057599182,-0.0028392503,0.0000000000,-0.0006679216,-0.0002921833,-0.0034382634,-0.0058356728,-0.0043931400,-0.0084636218,-0.0015935449
2012-11-16,0.0065875344,0.0039326976,0.0014483835,0.0075053776,0.0028235702,0.0066842778,0.0064345037,0.0023001807,0.0085113380,0.0114396282,0.0013245500,0.0048399496
2012-11-19,0.0189797763,0.0230703021,0.0274767726,0.0105315724,0.0188623671,0.0214702412,0.0162740942,0.0283990501,0.0008731850,0.0093718230,0.0205760213,0.0198620538
2012-11-20,0.0051376507,-0.0039709212,-0.0042226763,0.0055926718,0.0008292646,0.0049831414,0.0037175043,0.0008372460,-0.0017442353,0.0062432931,-0.0061924226,0.0006633864
2012-11-21,0.0000000000,0.0054105415,0.0031805778,-0.0007583159,0.0013807373,0.0034500198,0.0014246344,0.0016718241,-0.0043697377,-0.0006367973,0.0072452681,0.0023201811
2012-11-23,0.0121404817,0.0141623346,0.0162028411,0.0123949039,0.0129577283,0.0133220814,0.0147936318,0.0127993690,-0.0026332618,0.0081186101,0.0132356619,0.0130263148
2012-11-26,-0.0037880610,-0.0097752470,0.0045059432,-0.0044973622,0.0008169171,-0.0046649717,-0.0072891011,0.0008243869,0.0126140437,0.0014210150,-0.0048276111,-0.0020295819
2012-11-27,-0.0088715559,-0.0083200054,-0.0044857308,-0.0060238332,-0.0021757357,-0.0040483715,-0.0008472197,-0.0043922073,0.0026071514,-0.0053611076,-0.0027107055,-0.0052265873
2012-11-28,0.0038363074,0.0091014589,0.0058924965,0.0078281174,0.0084490425,0.0130484627,0.0096098348,0.0041355247,0.0040449361,-0.0017434188,0.0057222561,0.0078560287
2012-11-29,0.0050951111,0.0022545560,0.0048239593,0.0070163669,0.0056759863,0.0027454494,0.0053191838,0.0068644548,0.0057553241,0.0065106666,0.0113798244,0.0042696426
2012-11-30,-0.0012671050,-0.0008438643,-0.0010286649,0.0012439486,-0.0021498763,0.0008418973,0.0036202699,0.0008184548,0.0105863354,0.0039447839,0.0018284991,0.0001625075
2012-12-03,-0.0038070014,-0.0054878592,-0.0013729916,-0.0022368010,-0.0107730023,-0.0052598556,-0.0038844769,-0.0185294274,-0.0062283499,0.0028287230,0.0002806966,-0.0047452248
2012-12-04,-0.0025482780,-0.0036797050,-0.0017188533,0.0022418155,0.0038111169,-0.0042302669,-0.0019501961,0.0019433026,-0.0051284828,-0.0012537981,-0.0015435390,-0.0017098124
2012-12-05,0.0121330232,0.0069594711,-0.0099860756,0.0032304858,0.0105780298,-0.0029733010,0.0016746543,-0.0119141471,0.0151773621,-0.0026674681,0.0004212955,0.0015848622
2012-12-06,0.0031547261,0.0032440430,0.0059126753,-0.0004953610,-0.0002686367,0.0063906457,0.0011146976,0.0025237745,-0.0005638293,0.0088106417,0.0008432228,0.0033065906
2012-12-07,0.0081763031,0.0060449259,-0.0051866369,0.0032214422,0.0064432310,0.0038106260,0.0069582402,0.0083915686,0.0008466448,0.0040546580,0.0008423011,0.0029209196
2012-12-10,-0.0024954406,-0.0011178270,0.0024332555,0.0042004274,0.0050679525,-0.0056937686,-0.0011062190,0.0063801916,0.0002820044,0.0000000000,-0.0032266313,0.0003385605
2012-12-11,0.0050030831,0.0058757279,0.0135230698,0.0105771315,0.0021229953,0.0031814239,0.0005536839,0.0079935524,0.0022556532,0.0012426056,0.0108363484,0.0065488821
2012-12-12,0.0043556813,0.0036161495,-0.0017108538,-0.0014606320,0.0015892459,0.0012682501,-0.0022122153,-0.0024613182,-0.0016879114,-0.0006207155,0.0084923877,0.0004482398
2012-12-13,-0.0049566813,-0.0092847601,-0.0071965753,-0.0085319227,-0.0031729308,-0.0065452859,-0.0016628973,-0.0027411689,-0.0039447241,-0.0066746752,0.0009663741,-0.0063214252
2012-12-14,-0.0037356997,-0.0037764687,-0.0096653550,-0.0039341263,-0.0021222583,-0.0042509453,-0.0016662024,0.0074215482,-0.0039605164,-0.0012499936,-0.0015174084,-0.0041354013
2012-12-17,0.0206249506,0.0091266421,0.0121994884,0.0078992115,0.0093036590,0.0179291018,0.0022249791,0.0100956734,0.0153364478,0.0062588100,0.0070445189,0.0118705909
2012-12-18,0.0146969350,0.0183662334,0.0148068694,0.0078371859,0.0129048134,0.0117432392,-0.0002772661,0.0118851683,0.0069934251,0.0102628358,0.0056231339,0.0114866564
2012-12-19,-0.0060352015,-0.0068312938,-0.0050898388,-0.0106926524,-0.0054597537,-0.0070468862,-0.0099918402,-0.0042711042,-0.0075000717,-0.0014024694,-0.0064100507,-0.0075892010
2012-12-20,0.0139647231,0.0067411768,0.0017055253,0.0014741420,0.0052281705,0.0020873667,0.0056068583,0.0096516459,0.0030786906,0.0113901920,0.0026854688,0.0054881095
2012-12-21,-0.0118095544,-0.0101504255,-0.0086297444,-0.0084091243,-0.0062872690,-0.0088883787,-0.0085137424,-0.0088403795,-0.0036683139,-0.0030853762,-0.0075106005,-0.0093786876
2012-12-24,-0.0018296926,-0.0076310267,-0.0027629545,-0.0039792858,-0.0029001136,0.0008458884,-0.0031274821,0.0051356314,-0.0042482926,0.0013926484,-0.0029979287,-0.0024402966
2012-12-26,0.0000000000,-0.0044746961,-0.0055423942,-0.0034960530,-0.0034374166,-0.0103549484,-0.0085568424,0.0061840784,-0.0085323285,-0.0049449937,-0.0017185705,-0.0047874602
2012-12-27,-0.0036656340,-0.0018256367,-0.0010449562,-0.0015024073,-0.0015918185,0.0012809777,0.0017258567,-0.0034740260,-0.0017207594,0.0012423921,0.0002870374,-0.0012184420
2012-12-28,-0.0079699685,-0.0174478296,-0.0111571229,-0.0097873832,-0.0108955977,-0.0081038700,-0.0106257895,-0.0126041029,-0.0100578664,-0.0060494862,-0.0093219724,-0.0110499416
2012-12-31,0.0129791204,0.0227693173,0.0172773963,0.0106435916,0.0182697458,0.0199958253,0.0130622594,0.0195548803,0.0136431354,0.0092074031,0.0134626168,0.0169419413
2013-01-02,0.0292859771,0.0221228852,0.0332757039,0.0198096720,0.0240106132,0.0208684305,0.0257879857,0.0250396607,0.0183275335,0.0162364510,0.0184261707,0.0254034203
2013-01-03,-0.0011858711,-0.0002740466,-0.0063736440,0.0012290966,0.0005150641,0.0024776821,-0.0025139227,-0.0072764744,0.0000000000,0.0000000000,0.0009818536,-0.0020856175
2013-01-04,0.0118694910,0.0110993721,-0.0040514094,0.0044204840,0.0074680878,0.0037077038,0.0028004906,0.0123037845,0.0050619102,0.0060861567,0.0065851933,0.0048650963
2013-01-07,-0.0023459107,-0.0077250211,-0.0013559122,0.0031787279,-0.0043450930,-0.0024628846,-0.0067021488,-0.0020689255,-0.0097928380,0.0015125783,0.0023664337,-0.0031231162
2013-01-08,-0.0029391291,-0.0032778286,-0.0037339366,0.0002433147,-0.0077020591,-0.0028798347,-0.0028114364,0.0015550733,-0.0031083045,-0.0019637355,-0.0159698531,-0.0032423713
2013-01-09,-0.0011794008,-0.0016440484,0.0017035140,0.0109651578,0.0100904188,0.0016504250,0.0022555670,0.0064680730,-0.0019839193,0.0037830751,0.0064914335,0.0026558659
2013-01-10,0.0123964677,0.0090584370,0.0051022355,0.0069895896,0.0048666467,0.0057675190,0.0059072226,0.0043703922,0.0042599354,0.0024120996,0.0049075522,0.0075974151
2013-01-11,-0.0023322318,0.0012238948,0.0013535413,-0.0002392885,-0.0035685212,0.0008191285,0.0044734833,-0.0015359038,0.0011308395,-0.0001509215,-0.0022324867,-0.0000475140
2013-01-14,-0.0029221267,0.0001360568,-0.0064211848,0.0009579525,0.0038371129,0.0024551922,0.0030632445,0.0002567949,-0.0019770272,0.0015040736,-0.0092295363,-0.0009306716
2013-01-15,0.0041030020,0.0044823358,-0.0064625290,-0.0011962661,0.0028035437,0.0073485351,0.0030527558,0.0010249268,0.0028302555,0.0046557224,-0.0073394711,0.0011286698
2013-01-16,0.0005840238,0.0044624182,0.0034234349,-0.0021550836,-0.0040662511,-0.0022286430,-0.0013835096,-0.0071684241,-0.0047983747,-0.0010463723,-0.0083888572,0.0001969919
2013-01-17,-0.0005836829,0.0063277793,0.0040941831,0.0088794427,0.0107172334,0.0105604536,0.0066498502,0.0077359133,0.0039705117,0.0022444125,0.0077425755,0.0056429222
2013-01-18,0.0011674334,0.0098996734,-0.0013591374,0.0033301116,0.0080786295,0.0012056394,0.0041284481,0.0066530467,0.0079100375,0.0059721048,0.0046958107,0.0034032704
2013-01-22,0.0093293653,0.0095377058,0.0027218974,0.0028447948,0.0040067008,0.0026093111,0.0002749893,0.0096588463,0.0084081422,0.0050458142,0.0100552469,0.0044281068
2013-01-23,-0.0005775167,-0.0034118931,0.0105193644,-0.0011816220,0.0002497944,0.0008011178,-0.0002749137,-0.0055379774,-0.0025013279,0.0001475977,0.0014020413,0.0015074770
2013-01-24,0.0052018702,0.0028967695,-0.0171256771,0.0063903788,0.0059850868,0.0076015921,0.0027419782,0.0030376693,0.0044577171,0.0011810393,0.0009802720,0.0000066147
2013-01-25,0.0046010413,0.0094524784,0.0010248093,0.0077605449,0.0032223834,0.0105215753,0.0049210073,0.0035325723,0.0049935198,0.0041291495,-0.0020983997,0.0054454817
2013-01-28,-0.0040067091,-0.0016905362,0.0034130741,-0.0035001439,0.0007413861,-0.0047151607,0.0008160898,-0.0095564482,-0.0005524975,0.0010282573,0.0018226049,-0.0018496216
2013-01-29,0.0040228274,0.0161541479,0.0013607551,0.0107726717,0.0022222108,-0.0039479596,0.0054360392,0.0055866156,0.0069044208,0.0019073280,0.0107736138,0.0051059952
2013-01-30,-0.0045799687,-0.0050001531,-0.0030572119,-0.0030120585,-0.0091160907,-0.0017829319,-0.0018927135,-0.0055555787,0.0008227450,-0.0092255822,-0.0084442441,-0.0038996213
2013-01-31,-0.0005748601,-0.0033501869,0.0017035140,-0.0027888211,-0.0034800809,-0.0047650364,-0.0013540593,-0.0091414168,0.0024663686,-0.0057641833,0.0083763833,-0.0025633011
2013-02-01,0.0132340567,0.0093086014,0.0112242873,0.0079235545,0.0097302240,0.0057848984,0.0081365534,0.0123014962,0.0027339469,0.0066897211,0.0143984261,0.0100527056
2013-02-04,-0.0113572311,-0.0094787610,-0.0131178354,-0.0110979918,-0.0086484044,-0.0122968134,-0.0094164957,-0.0096203531,-0.0068158677,-0.0020675774,-0.0087349449,-0.0115387448
2013-02-05,0.0097641518,0.0086642532,0.0115881828,0.0109893458,0.0092225826,0.0106425435,0.0119505128,0.0051123024,0.0027449593,-0.0013316510,0.0024784766,0.0104165102
2013-02-06,0.0017068814,0.0006409594,-0.0003368080,-0.0002317588,0.0002468466,0.0021856014,0.0013419224,0.0010170434,0.0030112221,0.0017780756,0.0000000000,0.0005491706
2013-02-07,-0.0028394144,-0.0025623547,0.0000000000,-0.0037009683,-0.0012344682,-0.0021808350,0.0053603501,-0.0053350073,0.0013642083,-0.0047329748,-0.0024723490,-0.0018053994
2013-02-08,0.0022779484,0.0093770603,0.0087628555,0.0074295431,0.0039556733,0.0077490549,-0.0007994823,0.0058746078,0.0000000000,0.0099568484,0.0004131462,0.0056579406
2013-02-11,0.0045455423,-0.0049630090,0.0020050264,-0.0020742346,-0.0007388300,-0.0033518781,0.0000000000,-0.0012695582,0.0024533299,0.0010300519,-0.0020640774,-0.0006061175
2013-02-12,0.0079185767,0.0026856147,-0.0033344708,-0.0011547722,0.0044354195,0.0039568138,-0.0010671927,0.0005082651,0.0043503352,0.0058800157,0.0017925270,0.0015952722
2013-02-13,-0.0022447963,0.0035714402,-0.0003343659,-0.0006932465,0.0053976330,0.0021668997,0.0010683328,0.0035582116,0.0000000000,-0.0004383698,-0.0013766306,0.0005922631
2013-02-14,0.0033741785,0.0086422469,-0.0026777145,0.0020820625,0.0014645559,0.0003934795,0.0021341673,-0.0032923660,-0.0081213461,-0.0039474862,-0.0150261924,0.0006906717
2013-02-15,-0.0044839721,-0.0114669319,-0.0006710552,0.0023091209,0.0004867215,0.0011793626,0.0013312043,-0.0002540661,0.0021830735,0.0011741050,0.0026596017,-0.0010450813
2013-02-19,0.0095718133,0.0115999477,0.0067158937,0.0062199452,0.0073062649,0.0037300890,0.0101036882,-0.0043199675,0.0087151319,0.0068904319,0.0071187805,0.0073364755
2013-02-20,-0.0150582910,-0.0209175035,-0.0136756958,-0.0064100498,-0.0130560281,-0.0152555277,-0.0018427492,-0.0280754080,-0.0018898912,-0.0084449262,-0.0080389495,-0.0124041380
2013-02-21,-0.0079276307,-0.0069491240,-0.0081163670,-0.0046085525,-0.0073496389,-0.0083417323,0.0031647177,-0.0091916072,-0.0043276553,-0.0077825502,-0.0020959189,-0.0063030573
2013-02-22,0.0125574508,0.0104971121,0.0122740179,0.0043978061,0.0078979835,0.0056077567,0.0057831178,0.0132521121,0.0100511606,0.0085835665,0.0095213332,0.0087724679
2013-02-25,-0.0270578446,-0.0261636393,-0.0141461983,-0.0110625117,-0.0205686541,-0.0155345322,-0.0135908892,-0.0230184093,-0.0088756563,-0.0168746230,-0.0091540771,-0.0183095807
2013-02-26,0.0052143611,0.0098775635,0.0058081799,0.0025638550,0.0060002346,0.0099132000,0.0023844793,0.0107093481,0.0029849121,0.0088058638,0.0032196040,0.0061094640
2013-02-27,0.0155618512,0.0152582779,0.0084916835,0.0109253726,0.0188871623,0.0152243271,0.0074018133,0.0177484872,0.0091991605,0.0076936530,0.0026510991,0.0127259941
2013-02-28,-0.0017026653,-0.0020553895,-0.0020209290,-0.0009203937,-0.0007319206,0.0049329784,-0.0005251686,0.0018218450,0.0034852318,0.0001471821,-0.0026440893,-0.0008640799
2013-03-01,0.0028429858,0.0012871141,0.0016874161,0.0075950985,-0.0017088679,0.0023564090,0.0034133874,0.0005191624,0.0018706761,0.0019081896,-0.0006974619,0.0023238554
2013-03-04,0.0085031597,-0.0021849215,0.0030325676,0.0054819823,-0.0019559277,0.0088142364,0.0075876119,0.0012988253,0.0101327563,0.0074722842,0.0075396053,0.0046107234
2013-03-05,0.0084318035,0.0064412917,0.0137723163,0.0086324191,0.0142093376,0.0100973744,0.0033756637,0.0067425727,0.0052800077,0.0077080194,0.0059591882,0.0095660165
2013-03-06,0.0066889248,0.0011519866,-0.0006629055,0.0020272646,0.0000000000,-0.0007688121,-0.0023293633,0.0087586044,-0.0005247209,-0.0037524457,-0.0008269475,0.0010845127
2013-03-07,0.0071980970,0.0051144644,0.0023208835,-0.0006746728,0.0007242619,0.0017311367,0.0000000000,0.0028090006,-0.0044667196,-0.0036214437,0.0037227065,0.0018164914
2013-03-08,0.0027488786,0.0048340296,0.0019849789,0.0017996646,0.0094133995,0.0105628308,0.0018159099,0.0081488758,0.0021107393,0.0005812069,0.0067308965,0.0044811391
2013-03-11,0.0076752164,0.0005065299,0.0023111463,0.0051640868,0.0033479214,0.0024704653,0.0010355502,0.0055567916,0.0023710168,0.0039238225,-0.0012284087,0.0032490857
2013-03-12,-0.0054403532,0.0011385643,-0.0036233952,0.0044671029,-0.0057196634,-0.0028435899,-0.0010344789,0.0007532053,-0.0026281015,-0.0036188057,0.0032785055,-0.0024032529
2013-03-13,0.0027351796,-0.0022750107,-0.0006612968,0.0002219969,0.0047933587,0.0055135044,0.0025891929,-0.0025094861,0.0044785678,0.0002907327,-0.0012249766,0.0013140518
2013-03-14,0.0065466891,0.0136813467,0.0072775078,0.0008894825,0.0047711875,0.0011346266,0.0033574973,0.0060386495,0.0020979997,0.0053729981,0.0066805580,0.0056029905
2013-03-15,0.0033716290,-0.0007909051,-0.0041547386,-0.0021415450,0.0007629858,-0.0038266620,-0.0043714753,0.0008542744,0.0065732494,0.0004335579,-0.0071779931,-0.0016184626
2013-03-18,-0.0097559328,-0.0080401793,0.0003310778,-0.0064839484,-0.0061952541,-0.0076059499,-0.0031178031,-0.0070256512,-0.0055068735,-0.0027430993,0.0005456857,-0.0055103324
2013-03-19,-0.0054735699,-0.0110182378,-0.0013240965,0.0006752925,-0.0009586561,-0.0070895932,0.0083397678,-0.0042967874,0.0026364349,-0.0070944856,0.0027265440,-0.0024225307
2013-03-20,0.0066044008,0.0056342958,0.0049719267,0.0083202890,0.0012001376,0.0115784949,0.0095636980,0.0076145912,0.0073648515,0.0058327731,0.0004078465,0.0066974924
2013-03-21,-0.0120287354,-0.0050932174,-0.0112137277,-0.0055754049,-0.0100674713,-0.0083933997,-0.0030727206,-0.0171286750,-0.0049608347,-0.0033346885,-0.0025819526,-0.0082824338
2013-03-22,0.0060876766,0.0079352737,0.0063374654,0.0076255138,0.0077485454,0.0123123466,0.0092452515,0.0012815108,0.0015742068,0.0061093798,0.0057228257,0.0071742564
2013-03-25,-0.0027502924,-0.0038096734,-0.0023200732,-0.0028936842,-0.0088903137,-0.0017107060,-0.0007633168,-0.0076789047,-0.0020957205,-0.0006705712,0.0005418577,-0.0033400389
2013-03-26,0.0066186414,0.0105804702,0.0063124241,0.0116075879,0.0050912675,0.0049494772,0.0094218918,0.0069644875,0.0094514364,0.0074409186,0.0039269809,0.0077851108
2013-03-27,-0.0049313423,0.0032796694,-0.0026413470,0.0050744448,0.0000000000,0.0003793059,-0.0007565645,-0.0002566307,0.0046810889,0.0015930602,-0.0064742005,-0.0005883499
2013-03-28,0.0027531566,-0.0028920375,0.0019861821,0.0087814327,0.0072351966,0.0035976763,0.0040396169,0.0038433573,0.0121667823,0.0046266806,0.0066519153,0.0040566695
2013-04-01,-0.0049422566,-0.0020169846,-0.0066073593,0.0026121980,-0.0122123159,-0.0075473617,-0.0005032953,-0.0086775308,-0.0023018615,0.0031664863,0.0020231889,-0.0044735805
2013-04-02,0.0060704645,-0.0056857454,0.0039908590,0.0145432608,-0.0031512847,0.0083650985,0.0108176732,-0.0097838858,0.0033325067,0.0025823870,0.0025569316,0.0051722641
2013-04-03,-0.0164563355,-0.0186781160,-0.0079497669,-0.0059914282,-0.0060796553,-0.0092380787,-0.0109504101,-0.0083205979,-0.0028104360,-0.0052948764,-0.0032215333,-0.0105461287
2013-04-04,0.0089237674,-0.0012952580,0.0003338414,0.0045204015,0.0044040943,0.0057088245,0.0052838505,0.0086526401,0.0094797286,0.0146743357,0.0080803523,0.0040484519
2013-04-05,-0.0033166384,0.0022043848,-0.0076766168,-0.0055710914,-0.0019487271,-0.0049197586,-0.0072591044,-0.0041591525,0.0043148552,0.0026939990,0.0049436284,-0.0042948956
2013-04-08,0.0099831083,0.0067266311,0.0043725828,0.0008621360,0.0058575961,0.0114088827,0.0113465047,0.0031325227,0.0075817363,0.0093323196,0.0086415351,0.0063027380
2013-04-09,0.0027460088,0.0084815226,0.0070326289,0.0032291291,0.0031549304,-0.0026321745,-0.0009973153,0.0117093689,-0.0030099482,0.0004206068,0.0043491235,0.0035443321
2013-04-10,0.0136910501,0.0053513374,0.0176257572,0.0167384809,0.0133040842,0.0116874886,0.0074866895,0.0069444618,0.0080499713,0.0058813061,0.0133858064,0.0121891326
2013-04-11,0.0021609754,0.0043096303,-0.0032680884,0.0097085331,0.0026258126,0.0083840416,0.0047071251,0.0043423761,0.0022464334,0.0048725938,0.0058274454,0.0035522505
2013-04-12,-0.0043127929,-0.0156490088,-0.0042624892,0.0018812036,-0.0057146385,0.0053588797,0.0036976190,-0.0147504951,0.0042329055,0.0058187279,0.0127461276,-0.0028367671
2013-04-15,-0.0211151838,-0.0407690005,-0.0164633074,-0.0181512842,-0.0304114633,-0.0262820158,-0.0159662063,-0.0369133731,-0.0143812171,-0.0249310136,-0.0124584271,-0.0229662906
2013-04-16,0.0154865922,0.0122960213,0.0123868713,0.0144498471,0.0135843340,0.0143451177,0.0187216958,0.0182259794,0.0120754012,0.0158215843,0.0028320246,0.0143072233
2013-04-17,-0.0185182798,-0.0219172594,-0.0205027260,-0.0046089002,-0.0165696801,-0.0102346402,-0.0085762121,-0.0147408304,-0.0057170112,-0.0120986552,-0.0136074722,-0.0143276814
2013-04-18,-0.0105438728,0.0085042771,-0.0104657533,-0.0122051314,-0.0044601053,-0.0109042348,-0.0019775768,-0.0029392338,0.0032503947,0.0000000000,0.0101513738,-0.0067010034
2013-04-19,0.0140212325,-0.0020073863,0.0013648313,0.0140604375,0.0049776670,0.0119749462,0.0156020696,0.0117902571,0.0149511307,0.0115429763,0.0145576542,0.0088479024
2013-04-22,0.0011058538,0.0107293113,0.0078364699,0.0060924076,0.0012376990,0.0043202370,0.0024383395,0.0095334614,-0.0012279954,0.0013913921,0.0049527661,0.0046616300
2013-04-23,0.0182324312,0.0115445865,0.0108180724,0.0062641655,0.0071733821,0.0100989128,0.0077839180,0.0086572486,0.0024583594,0.0058365980,0.0085920485,0.0104192188
2013-04-24,0.0059684373,0.0133805959,0.0016720734,-0.0172232619,0.0103141165,0.0007404912,-0.0159301996,0.0150844510,0.0031882248,0.0031779087,-0.0180400085,0.0000063402
2013-04-25,0.0059329456,0.0007768096,0.0033388653,0.0040117256,0.0051051163,0.0085108239,0.0031884875,0.0110171260,0.0002441588,-0.0012395659,0.0178611031,0.0040347323
2013-04-26,-0.0042895082,-0.0016816209,-0.0003325056,-0.0002101425,-0.0029028770,-0.0044028440,-0.0002441982,-0.0141914440,0.0014663210,-0.0045508224,-0.0022559874,-0.0018421130
2013-04-29,0.0043079874,0.0101063999,0.0143140432,0.0031548925,0.0050940910,0.0035011353,0.0031791297,0.0151669293,0.0082968427,0.0077574986,0.0041453896,0.0071860117
2013-04-30,0.0026806616,0.0039766458,0.0108302326,-0.0075486837,0.0002414297,0.0027542221,-0.0019505129,0.0015190817,0.0026625159,0.0097593787,0.0042542629,0.0024848997
2013-05-01,-0.0112294953,-0.0155873840,-0.0087660601,-0.0105639718,-0.0130282218,-0.0053104691,-0.0009769638,-0.0176987853,-0.0098968665,-0.0068059887,-0.0137041959,-0.0093078836
2013-05-02,0.0086531712,0.0131084678,0.0127743110,0.0111043166,0.0124664059,0.0097571467,0.0036674786,0.0072076482,-0.0012188120,0.0038375733,0.0049261853,0.0094079833
2013-05-03,0.0107239312,0.0180630577,0.0093789929,0.0067577630,0.0171412660,0.0125797913,0.0043849852,0.0176332736,-0.0019524214,0.0008192161,0.0035193018,0.0105346669
2013-05-06,0.0106101487,0.0067950477,0.0048063207,-0.0065028879,0.0064087444,0.0032408140,-0.0072767743,0.0027629461,-0.0139399071,0.0039563296,-0.0040080147,0.0019077786
2013-05-07,0.0052493777,0.0077487394,-0.0006376625,0.0031670834,0.0091986974,0.0084351037,0.0075747954,0.0095164938,0.0096724790,0.0058427048,0.0106897311,0.0052302695
2013-05-08,0.0083548634,0.0016127631,0.0079766575,0.0029468648,0.0063097781,0.0007118412,0.0012120412,0.0086823231,-0.0088429483,0.0024319866,0.0095802037,0.0041390813
2013-05-09,-0.0072500690,-0.0008671955,-0.0028489464,0.0012587060,0.0000000000,0.0017786129,-0.0070233897,-0.0012295768,-0.0151178946,-0.0051213469,-0.0110918267,-0.0036871039
2013-05-10,0.0041736210,-0.0052049260,0.0028570861,0.0098516207,0.0030189339,0.0078107906,0.0039023337,-0.0009853022,0.0022649391,0.0002708742,0.0090979566,0.0043216553
2013-05-13,0.0031163888,-0.0001245201,-0.0025322225,0.0083022757,-0.0039359887,0.0001763568,0.0017006963,-0.0071479203,-0.0052724224,0.0014897190,-0.0065458590,0.0000428894
2013-05-14,0.0170896423,0.0142037730,0.0031734923,0.0100863661,0.0123195263,0.0102148731,0.0118843331,0.0124133745,0.0068146530,0.0052738600,0.0094480077,0.0101421535
2013-05-15,0.0091651214,-0.0028255742,0.0031635244,0.0052989006,0.0041337412,0.0054041825,0.0098274226,0.0056400804,0.0095261226,0.0088781176,0.0070196838,0.0051141363
2013-05-16,-0.0065589375,-0.0049281721,0.0053610886,-0.0103388048,-0.0050312070,-0.0116174464,-0.0059339238,-0.0046337296,-0.0081943551,-0.0032000457,-0.0050141334,-0.0050097412
2013-05-17,0.0132048627,0.0167143608,0.0100376689,0.0057351929,0.0151687212,0.0096490549,0.0014327801,0.0107794560,0.0095141209,0.0062872140,0.0034419174,0.0103000965
2013-05-20,0.0020046945,0.0141256427,0.0000000000,-0.0069243119,0.0029432875,-0.0029538121,-0.0102529308,0.0009697196,-0.0049606162,-0.0005316716,-0.0075947884,-0.0007076179
2013-05-21,0.0025012668,-0.0020413737,-0.0031057691,0.0108695209,0.0013546218,0.0045308150,0.0009638750,-0.0012111262,0.0019942267,0.0046545433,-0.0001231552,0.0017223863
2013-05-22,-0.0104790647,-0.0115514083,-0.0109032503,0.0000000000,-0.0087918219,-0.0095418436,-0.0016850591,-0.0135758628,-0.0169152866,-0.0247554384,-0.0165414444,-0.0082736576
2013-05-23,-0.0060516124,0.0004875114,-0.0003149149,-0.0004060248,-0.0027293566,-0.0021018579,-0.0040981577,0.0004920197,-0.0068321939,-0.0139809493,0.0061509134,-0.0029238324
2013-05-24,0.0010147809,-0.0058404295,-0.0015753546,-0.0030445009,-0.0031925963,-0.0029841954,0.0094408842,-0.0034393819,-0.0107004434,-0.0038545605,-0.0048655237,-0.0005513654
2013-05-28,0.0101370661,0.0105247840,0.0047335206,0.0101791989,0.0052619602,0.0096830328,0.0016786079,0.0091207140,-0.0115887279,-0.0099502292,-0.0080231216,0.0063409815
2013-05-29,0.0000000000,-0.0021796796,-0.0025129053,-0.0157191639,-0.0056898038,-0.0102879231,-0.0191523772,-0.0031755208,-0.0148517084,-0.0199611472,-0.0169343206,-0.0070479819
2013-05-30,0.0120423445,-0.0023065088,0.0062976643,0.0071659572,0.0059512486,0.0000000000,-0.0039055220,0.0031856369,0.0026444951,-0.0095425137,0.0034708601,0.0036703444
2013-05-31,-0.0163608995,-0.0206809045,-0.0093872017,-0.0219554792,-0.0095561054,-0.0112755551,-0.0186230362,-0.0156333099,-0.0060671116,-0.0122235303,-0.0099921579,-0.0143072415
2013-06-03,0.0010076781,0.0096898983,0.0050538884,0.0054044386,0.0048243751,0.0044549334,0.0109864319,0.0049631096,0.0021232865,0.0024754826,0.0000000000,0.0059359884
2013-06-04,-0.0090632921,-0.0078743721,-0.0043996767,-0.0062025888,-0.0054874157,-0.0035481557,0.0002470725,-0.0012344342,-0.0034425916,-0.0116181888,0.0046583118,-0.0055108075
2013-06-05,-0.0162601750,-0.0116566394,-0.0097853555,-0.0145622804,-0.0181604989,-0.0165566595,-0.0120986791,-0.0222504222,-0.0087697125,-0.0107258659,-0.0119781428,-0.0137797327
2013-06-06,0.0139461999,0.0075286803,0.0022316819,0.0145667330,0.0063211439,0.0104997290,0.0042489292,0.0065743209,0.0117962170,0.0187140437,0.0189020908,0.0084902940
2013-06-07,0.0173203569,0.0125772262,0.0092238673,0.0091552446,0.0188462276,0.0182731033,0.0124436754,0.0092945210,0.0060942844,-0.0005833105,0.0014075645,0.0128315412
2013-06-10,0.0005007844,-0.0028289309,0.0022061485,0.0014431604,-0.0029686074,-0.0029910208,0.0000000000,0.0047284563,-0.0002635290,-0.0087527325,0.0079215443,-0.0003468135
2013-06-11,-0.0165163391,-0.0151699226,-0.0103774793,-0.0041176101,-0.0091617142,-0.0098816011,-0.0024579202,-0.0138717926,-0.0065854649,-0.0153055033,-0.0070990533,-0.0101533672
2013-06-12,-0.0106871210,-0.0061365266,-0.0066731980,-0.0101304479,-0.0069343732,-0.0110499402,-0.0049288879,-0.0050231326,-0.0098119447,-0.0146463379,-0.0039570280,-0.0083695555
2013-06-13,0.0190329517,0.0167591183,0.0115165899,0.0154551377,0.0146643639,0.0187421468,0.0104014245,0.0184289437,0.0163364804,0.0304868373,0.0155087497,0.0147842914
2013-06-14,-0.0131247231,-0.0096663899,-0.0075905258,-0.0016450194,-0.0066530204,-0.0031842155,-0.0024510227,-0.0071887358,0.0013173311,0.0025022966,-0.0006310334,-0.0058850161
2013-06-17,0.0097187786,0.0143911431,0.0092417950,0.0022659824,0.0078519802,0.0055016761,0.0088451889,0.0084897148,0.0031579928,0.0013212933,-0.0077046072,0.0075673644
2013-06-18,0.0065854422,0.0056747752,0.0078940402,0.0084274587,0.0116866538,0.0102363498,0.0036532538,0.0044560032,0.0068210094,0.0016128304,0.0134912552,0.0077911578
2013-06-19,-0.0135884727,-0.0092004411,-0.0115917704,-0.0158991689,-0.0151752292,-0.0113559834,-0.0198981504,-0.0076410265,-0.0229287716,-0.0300100907,-0.0199671919,-0.0138514745
2013-06-20,-0.0214283165,-0.0292185614,-0.0221868576,-0.0256832034,-0.0227688895,-0.0261528244,-0.0302056041,-0.0258317770,-0.0282669847,-0.0390885409,-0.0197334717,-0.0250103509
2013-06-21,0.0008899206,0.0017171858,-0.0060271009,0.0098661930,0.0006145052,0.0019292779,0.0132081494,-0.0033913952,0.0130583056,0.0117793703,0.0047060621,0.0026697766
2013-06-24,-0.0177825867,-0.0148395242,-0.0121270004,-0.0084588810,-0.0167850222,-0.0090838574,-0.0040576273,-0.0159836490,-0.0008209755,-0.0063639999,-0.0092376493,-0.0121450156
2013-06-25,0.0186367379,0.0128551997,0.0082945067,0.0051184053,0.0113011128,0.0089839870,0.0015276981,0.0060258558,0.0131473576,0.0184342170,0.0181221601,0.0094972721
2013-06-26,0.0099322873,0.0061544447,0.0059230646,0.0144284818,0.0097482174,0.0125386618,0.0104251380,0.0046875308,0.0127057621,0.0149571117,0.0042562559,0.0095904864
2013-06-27,0.0129399799,0.0019110286,0.0049066282,0.0035556182,0.0098893906,0.0086145464,0.0045288890,-0.0005187702,0.0021360190,0.0178492405,0.0152838841,0.0061998312
2013-06-28,-0.0061318627,-0.0041968864,-0.0042318572,-0.0077114420,-0.0058286413,0.0035587636,-0.0062624956,-0.0054459353,0.0023973175,-0.0043467715,-0.0017706354,-0.0042895624
2013-07-01,0.0030847705,0.0071521746,0.0052303943,0.0027304708,0.0100840799,0.0069144790,0.0073103840,0.0057370193,-0.0124902867,-0.0052683383,-0.0021545334,0.0054037475
2013-07-02,0.0010251966,0.0021555890,0.0016260665,-0.0020949846,-0.0106803182,0.0017613629,0.0012511778,-0.0031115671,-0.0002688052,0.0116521819,0.0021591854,-0.0005449082
2013-07-03,-0.0030722108,-0.0006327065,0.0058443653,-0.0014691226,0.0004691341,0.0045699230,-0.0019997733,0.0002601978,-0.0037689890,-0.0043377177,0.0054488207,0.0008240472
2013-07-05,0.0179764189,0.0124082110,0.0064556864,0.0136640337,0.0157165821,0.0108485349,0.0025047761,0.0067600364,-0.0029720685,-0.0105168707,0.0090746647,0.0102017321
2013-07-08,0.0075682607,0.0065033682,-0.0006415715,0.0055992238,0.0027716178,0.0093478077,0.0099921880,0.0056820063,0.0143631629,0.0039478070,0.0037477371,0.0052515465
2013-07-09,0.0085126949,0.0101888833,0.0038513970,0.0028873228,0.0140485915,0.0039442720,0.0074205318,0.0154082327,0.0072137140,0.0127039315,0.0032350270,0.0072296707
2013-07-10,-0.0059583189,-0.0061501768,0.0031968137,0.0065805807,-0.0002271661,0.0010249833,0.0012275904,-0.0002530249,0.0055700791,0.0000000000,0.0029770027,0.0001815925
2013-07-11,0.0094906644,0.0080443171,0.0168899998,0.0128700774,0.0159025076,0.0143343951,0.0156939974,0.0161906178,0.0160906242,0.0276285750,0.0117486076,0.0135542499
2013-07-12,0.0069271465,0.0056479079,0.0006264026,0.0060505674,-0.0060379849,0.0047107071,0.0002411290,-0.0034854981,0.0031154062,-0.0065394588,0.0006111923,0.0030864836
2013-07-15,0.0044225877,-0.0008545539,0.0028189772,0.0010024103,0.0035995560,-0.0025118270,0.0014483103,0.0024982877,0.0163043314,0.0036566014,0.0193014783,0.0013748794
2013-07-16,-0.0039142040,-0.0061095213,0.0006246007,-0.0058080820,-0.0053804541,-0.0053718848,-0.0036152473,-0.0074754454,-0.0053471679,-0.0016031200,0.0035953992,-0.0037087609
2013-07-17,0.0044203437,0.0044259167,0.0009359664,0.0026189054,0.0029306394,0.0005065742,0.0019353059,0.0092890944,-0.0005120557,0.0052558306,0.0010745357,0.0027740472
2013-07-18,0.0132030355,0.0106483127,-0.0024942288,0.0028129708,0.0101119074,0.0057353109,0.0033799672,0.0004974337,0.0087090339,0.0062442678,-0.0038171897,0.0050329647
2013-07-19,0.0004826638,0.0139276122,-0.0168803841,0.0132238417,0.0102335183,-0.0008386554,0.0057748593,0.0064649000,0.0002540214,-0.0010102760,-0.0003593198,0.0016100503
2013-07-22,0.0067538175,-0.0032246131,0.0028616446,0.0049436639,0.0006608938,-0.0006713095,-0.0021532026,0.0009876800,-0.0010159014,0.0028893864,0.0033540446,0.0020330263
2013-07-23,-0.0038334136,0.0016775675,-0.0041214787,-0.0035420577,-0.0006604573,-0.0013438177,-0.0019183318,0.0029617040,0.0025412628,-0.0004325195,0.0003584788,-0.0018519369
2013-07-24,-0.0072150765,-0.0111259256,0.0066856725,-0.0015799162,-0.0077073895,-0.0033644365,-0.0064851480,-0.0093506792,-0.0152087052,-0.0194549818,-0.0078766525,-0.0038112215
2013-07-25,0.0009692136,0.0066539111,0.0006320059,0.0049448294,0.0004441605,0.0013505413,0.0053187185,0.0094389397,0.0092662242,-0.0011758492,0.0042098268,0.0025564722
2013-07-26,-0.0009682752,-0.0025239797,0.0028447447,0.0064949428,-0.0033275896,0.0032022137,-0.0012024309,-0.0036906955,0.0035703067,0.0026485004,-0.0008382499,0.0008282943
2013-07-29,-0.0072674399,-0.0083130211,-0.0015757030,-0.0029333215,-0.0026711738,-0.0052084288,-0.0021672017,0.0056800948,0.0017792097,-0.0079249350,0.0010789031,-0.0037360378
2013-07-30,-0.0004879360,-0.0019443087,0.0050505751,0.0001961917,0.0042400596,-0.0025334627,-0.0009649606,-0.0024556501,0.0032975968,-0.0011833329,-0.0087424065,0.0003738169
2013-07-31,0.0004881742,0.0032869907,-0.0034549359,0.0003918443,0.0035558838,0.0052490715,-0.0002419610,-0.0034463977,-0.0073326001,-0.0137737454,-0.0061617601,-0.0001364092
2013-08-01,0.0161054565,0.0162580974,0.0107153313,0.0062723196,0.0170505900,0.0154960743,0.0082146120,0.0074109924,0.0084056590,-0.0055561081,0.0059566583,0.0125405699
2013-08-02,-0.0004804888,-0.0044171743,0.0043656691,0.0003896166,0.0019591858,0.0071320793,0.0004793855,0.0056398235,-0.0012627077,-0.0043795054,-0.0001206391,0.0016404582
2013-08-05,-0.0019218037,-0.0023983552,0.0021733464,-0.0013627140,-0.0039109191,-0.0021408713,0.0007187014,-0.0026823609,-0.0065758405,-0.0006066096,0.0039885976,-0.0014798348
2013-08-06,-0.0091481018,-0.0061306941,-0.0052666907,-0.0046795881,-0.0074167861,-0.0041259268,-0.0011969969,-0.0092910567,-0.0050919531,-0.0034905805,-0.0054170602,-0.0057230335
2013-08-07,-0.0068024637,-0.0035076653,-0.0024914705,0.0007836598,-0.0015391047,-0.0087838305,-0.0047925643,0.0004935664,0.0046060707,-0.0041120863,0.0013308767,-0.0038058649
2013-08-08,0.0024460126,0.0054616108,0.0031224492,0.0000000000,0.0046228424,0.0066880040,0.0052973376,0.0148002991,0.0038208553,0.0009175603,-0.0037471586,0.0038854499
2013-08-09,-0.0034159163,-0.0030172918,-0.0049799074,-0.0035232465,-0.0032864440,-0.0021590049,-0.0043111766,0.0058340186,-0.0068512136,0.0094729405,-0.0047318757,-0.0035699605
2013-08-12,-0.0039184021,-0.0042376644,0.0065684244,-0.0041247406,0.0013190391,-0.0013316628,-0.0028869941,-0.0014500451,-0.0053651510,-0.0081731368,0.0014632111,-0.0011529207
2013-08-13,0.0049168854,0.0018234319,0.0068367970,0.0037472898,0.0043901246,0.0000000000,0.0007236433,0.0036298379,-0.0053940911,-0.0137342627,-0.0096168446,0.0027760561
2013-08-14,-0.0039142040,-0.0046124841,-0.0009258436,-0.0078599399,-0.0069944439,-0.0110000943,-0.0069910045,-0.0021698111,-0.0064572768,-0.0021662393,-0.0015977821,-0.0051766181
2013-08-15,-0.0147344057,-0.0054863179,-0.0160645114,-0.0168351822,-0.0112256921,-0.0175261643,-0.0160233875,-0.0072504047,-0.0127369436,-0.0189176114,-0.0107100118,-0.0142816014
2013-08-16,-0.0019941012,-0.0040464922,-0.0009418316,-0.0046333238,0.0013360983,-0.0036019072,-0.0059216847,-0.0077891712,-0.0115847244,-0.0230757908,-0.0074664628,-0.0033045954
2013-08-19,-0.0129869975,-0.0158807045,-0.0031427739,0.0018211391,-0.0053364061,-0.0043040251,-0.0044675362,-0.0078513508,-0.0085245455,-0.0135897773,-0.0121617465,-0.0059003024
2013-08-20,0.0096153904,0.0061294461,0.0015762704,0.0028286011,0.0017883812,0.0102006547,0.0002499443,0.0056879167,0.0094035798,0.0234537278,0.0093921538,0.0038211953
2013-08-21,-0.0070177999,-0.0054705647,-0.0022031645,-0.0060432552,-0.0069167334,-0.0085569798,-0.0077276115,-0.0076222442,-0.0114458186,-0.0020833546,-0.0116937905,-0.0057796029
2013-08-22,0.0116105416,0.0148768909,0.0044164117,0.0064853123,0.0137049912,0.0100119958,0.0042709278,0.0118931630,0.0056549314,0.0056210329,0.0059798892,0.0086193765
2013-08-23,0.0009980830,0.0071447281,0.0072233746,0.0026180406,0.0002216782,0.0001708678,0.0057523893,0.0080797280,0.0082995377,0.0116575209,0.0111289569,0.0039470109
2013-08-26,-0.0064806244,-0.0017122434,-0.0046769236,0.0014057782,-0.0022159708,-0.0020502900,-0.0116879650,0.0000000000,-0.0074345077,-0.0037885216,-0.0083799563,-0.0040396578
2013-08-27,-0.0240844041,-0.0062483184,-0.0175440296,-0.0162455394,-0.0202089757,-0.0162675520,-0.0052845509,-0.0174882820,-0.0005353812,-0.0030104434,-0.0103432303,-0.0158741947
2013-08-28,0.0015426921,0.0166440011,0.0006377461,0.0042811530,0.0009067018,0.0053963273,-0.0075891344,-0.0019779878,0.0034802046,-0.0047679923,-0.0020387915,0.0027476452
2013-08-29,0.0025664783,-0.0104297599,0.0054174582,0.0030452724,0.0029439206,0.0048475684,0.0040779689,0.0032203477,-0.0058688045,0.0015966390,0.0108554776,0.0019634016
2013-08-30,-0.0046085072,-0.0003672296,-0.0047542199,-0.0038452206,-0.0056447263,-0.0062028035,0.0030464309,-0.0017284577,0.0008053642,-0.0076529700,-0.0088441328,-0.0031743184
2013-09-03,0.0082305692,0.0073556774,0.0009549721,0.0065015073,0.0063581137,0.0071083811,-0.0007592435,0.0059364715,-0.0115283545,-0.0083547478,-0.0058636388,0.0041642216
2013-09-04,0.0076532115,0.0053546454,0.0095452452,0.0115056734,0.0101531939,0.0105009572,0.0063324276,0.0093432332,0.0000000000,0.0071288839,0.0082063622,0.0081169532
2013-09-05,0.0025316194,0.0033894003,0.0006303095,0.0013965189,0.0024572016,0.0003406295,-0.0015101461,0.0017056008,-0.0040683735,-0.0085261431,-0.0043240424,0.0012098628
2013-09-06,0.0000000000,-0.0001208270,0.0006299124,0.0003991871,-0.0004455128,-0.0011921734,0.0025209883,-0.0012162721,0.0070806911,0.0183349565,-0.0010220113,0.0000544311
2013-09-09,0.0116161020,0.0112212393,0.0119610837,0.0061751177,0.0124829237,0.0088661023,0.0070400554,0.0150963198,0.0035154931,0.0197582134,0.0065208958,0.0099928808
2013-09-10,0.0119820827,0.0003574724,0.0062207518,0.0063352758,0.0145309504,0.0096333683,0.0009989891,0.0088750196,0.0078144851,-0.0012503439,0.0110519328,0.0073457894
2013-09-11,0.0009866844,0.0076339144,-0.0046367892,0.0066891040,0.0041235132,0.0073654611,0.0072335286,0.0061815491,-0.0098931820,0.0068837020,0.0055282454,0.0030522834
2013-09-12,-0.0073927280,-0.0059187458,0.0009315247,-0.0015634596,-0.0041065797,-0.0023266475,0.0002478730,-0.0103967337,-0.0027001630,-0.0063703843,0.0043731399,-0.0033804153
2013-09-13,0.0029787891,-0.0003570425,0.0009310055,0.0023485849,0.0028214666,0.0028316143,0.0081703135,0.0066854184,0.0075816204,0.0021892737,0.0024883235,0.0027146797
2013-09-16,0.0108916591,-0.0002381623,-0.0015498157,0.0089826429,0.0129839368,0.0044844935,0.0090863215,0.0111481524,0.0026874142,0.0098298520,-0.0009926664,0.0056931530
2013-09-17,0.0048968155,0.0045274095,0.0049675397,0.0005809205,0.0042727792,0.0057868897,0.0034072441,-0.0028152862,0.0058968086,-0.0007725938,0.0065837170,0.0042177393
2013-09-18,0.0087721160,0.0120987262,0.0126657981,0.0061891799,0.0125506253,0.0115074790,0.0118844679,0.0230535428,0.0298424237,0.0349468536,0.0072814689,0.0121776729
2013-09-19,-0.0038648236,-0.0024612714,0.0006102563,-0.0032680432,0.0033611476,-0.0003252498,-0.0045541237,-0.0034486659,-0.0046573904,-0.0038850375,-0.0020831757,-0.0018429538
2013-09-20,-0.0053070511,-0.0081085087,-0.0071072746,-0.0018784600,-0.0122211102,-0.0060326536,-0.0070028159,-0.0116878195,-0.0150893322,-0.0172489761,-0.0098218839,-0.0072168863
2013-09-23,-0.0141946471,-0.0048788888,0.0030852871,-0.0069846073,-0.0031943164,-0.0077101822,-0.0043923952,-0.0075082044,0.0119900400,-0.0064098284,0.0021079308,-0.0047195865
2013-09-24,-0.0064547583,0.0009568675,-0.0043062123,-0.0050805263,0.0036319903,0.0026452520,-0.0046566024,-0.0004726527,-0.0005267104,-0.0066054496,-0.0016082177,-0.0025971431
2013-09-25,0.0054968075,-0.0002389149,-0.0015447565,-0.0078556819,-0.0044699140,-0.0061004346,-0.0083726148,0.0026016343,-0.0068490948,0.0034338464,0.0029737583,-0.0027394660
2013-09-26,0.0000000000,0.0017919969,0.0037125995,0.0035638834,0.0044899839,0.0094555596,0.0052150543,0.0066059920,-0.0013263642,0.0060662929,0.0059315592,0.0034854259
2013-09-27,-0.0034790271,-0.0034586763,-0.0061650765,0.0000000000,-0.0063854021,0.0001642506,-0.0061760472,-0.0119526244,-0.0063743906,-0.0037106209,-0.0046679548,-0.0040738011
2013-09-30,-0.0069824201,-0.0076597716,-0.0062033204,-0.0021699629,-0.0057842145,-0.0037790976,-0.0106884433,-0.0035579503,-0.0010690083,-0.0100869242,-0.0032085183,-0.0060292308
2013-10-01,0.0070315172,0.0063918158,0.0087390395,0.0126509821,0.0062485747,0.0080816971,0.0060300497,0.0042848792,0.0029433050,0.0152059021,0.0066854249,0.0079985435
2013-10-02,-0.0004986120,0.0022771840,0.0003094293,-0.0023426256,-0.0047107310,-0.0003270501,-0.0022474224,0.0026068333,0.0010668578,0.0006179955,-0.0008609787,-0.0006666695
2013-10-03,-0.0074849865,-0.0087287387,-0.0086608574,-0.0088043258,-0.0109726028,-0.0112929027,-0.0050064519,-0.0085105422,-0.0117263901,-0.0154323472,-0.0071389909,-0.0089794146
2013-10-04,0.0080440569,0.0101326938,0.0040561211,0.0110537436,0.0065255898,0.0094352865,0.0015090552,0.0145450481,0.0018875688,-0.0036049568,0.0013636974,0.0070532243
2013-10-07,-0.0114711135,-0.0082399054,-0.0043503031,-0.0111281359,-0.0069156050,-0.0141027356,-0.0032650179,-0.0122212733,-0.0048453695,0.0044047081,0.0017329294,-0.0085063620
2013-10-08,-0.0126136976,-0.0107160586,-0.0159176207,-0.0144128498,-0.0113167806,-0.0158020646,0.0000000000,-0.0159409677,0.0070331264,-0.0114329351,-0.0142128347,-0.0123320789
2013-10-09,0.0035769539,-0.0035298452,0.0038057620,-0.0018029350,-0.0004401050,-0.0045628414,0.0007558923,0.0014511365,0.0040287042,-0.0003169810,0.0027582917,0.0005739064
2013-10-10,0.0285132612,0.0185659919,0.0167455829,0.0232792352,0.0257652341,0.0232596541,0.0186348542,0.0212450848,0.0149812928,0.0239302200,0.0176292779,0.0218304960
2013-10-11,0.0054453268,0.0107925011,0.0083904544,0.0047070286,0.0047230727,0.0086276832,0.0029668742,0.0059107196,0.0047440975,0.0095960103,0.0079860235,0.0062862718
2013-10-14,0.0049238995,0.0067626595,0.0033898804,0.0072220723,0.0038461200,0.0041128548,0.0041900396,0.0035248754,-0.0055085964,-0.0003067276,-0.0013405226,0.0040747203
2013-10-15,-0.0073495146,-0.0036530685,-0.0061425588,-0.0063953455,-0.0100041467,-0.0095018594,-0.0090815351,-0.0060887695,-0.0139805877,-0.0032203619,-0.0046380912,-0.0070637234
2013-10-16,0.0212242422,0.0150202257,0.0095796246,0.0204799269,0.0066652313,0.0124045205,0.0148623028,0.0101318713,0.0090959476,0.0181540455,0.0148369603,0.0138275324
2013-10-17,0.0087001929,0.0020977974,0.0003062509,0.0084095712,0.0076890558,0.0073521247,0.0112275451,0.0130631323,0.0161716832,0.0154124442,0.0178833465,0.0067439531
2013-10-18,0.0019162971,0.0109301382,0.0171357914,-0.0039800437,0.0108096026,0.0061629581,0.0014481858,0.0029930977,0.0026089015,-0.0019343078,0.0109213519,0.0065487554
2013-10-21,-0.0019126319,-0.0044860377,0.0054151690,-0.0051381066,0.0025163960,0.0025788073,-0.0021690084,-0.0002294903,-0.0020817954,-0.0052185632,0.0028182937,0.0000917364
2013-10-22,0.0019162971,0.0055462338,-0.0002993114,0.0093725116,0.0066929443,0.0067522670,0.0125602305,0.0144660727,0.0127770799,0.0106414336,0.0030442779,0.0057375131
2013-10-23,-0.0081301246,-0.0156265971,-0.0047887467,-0.0018951582,0.0004158141,-0.0063878342,0.0019082802,-0.0065641646,0.0007722374,0.0020765346,-0.0018677072,-0.0047245572
2013-10-24,0.0014466439,0.0047857727,0.0024058611,0.0000000000,0.0074762693,0.0099646195,-0.0019046456,0.0050126224,-0.0020575623,-0.0007403054,0.0004676021,0.0032581348
2013-10-25,0.0043332333,0.0060404037,0.0051004939,0.0013293347,0.0051538500,0.0074793764,0.0023856854,0.0029469568,0.0105695194,0.0097750033,0.0049100771,0.0043948435
2013-10-28,-0.0023969652,0.0008082260,0.0032835639,0.0034127083,-0.0014359067,-0.0018955341,0.0130887675,-0.0049728549,-0.0020411235,-0.0068937553,0.0041878160,0.0013296998
2013-10-29,0.0028834122,0.0070383240,0.0065457012,0.0066139426,0.0028755494,0.0058556399,0.0086915150,0.0020447253,0.0012785142,-0.0084181499,0.0099632795,0.0055841950
2013-10-30,-0.0038334485,-0.0067596381,-0.0020689301,-0.0054441168,-0.0045057359,-0.0048775812,-0.0086166235,-0.0061211006,-0.0063828616,-0.0072980336,-0.0044734044,-0.0048759236
2013-10-31,-0.0105818007,-0.0034608149,-0.0032584071,-0.0039636940,0.0002061005,0.0025294748,-0.0051680043,-0.0015966217,-0.0035971090,-0.0072022310,-0.0032264617,-0.0038393812
2013-11-01,0.0024302521,-0.0035879463,0.0002972655,0.0066330981,0.0071984331,0.0023660290,0.0037784413,-0.0022849054,0.0072205618,0.0063471961,-0.0097103803,0.0029034212
2013-11-04,0.0004849729,0.0124300254,0.0038619781,0.0007527676,0.0036757857,0.0034608297,0.0009407399,0.0041220006,0.0020479223,0.0013518710,0.0130742416,0.0035705587
2013-11-05,-0.0053319723,-0.0090649164,-0.0026633810,-0.0033863634,-0.0010169385,0.0000000000,0.0018802774,-0.0043331644,-0.0071537056,-0.0151469753,-0.0077199674,-0.0028055878
2013-11-06,0.0048732183,0.0030109435,0.0100887886,-0.0022649807,0.0028507557,-0.0025080414,0.0107905355,0.0068710860,0.0136388082,-0.0001520327,0.0030191644,0.0042655403
2013-11-07,-0.0111538731,-0.0154698851,-0.0129257674,-0.0088913944,-0.0105601593,-0.0207483692,-0.0146205877,-0.0131938121,-0.0093936170,-0.0121838965,-0.0196806740,-0.0131827720
2013-11-08,0.0230504697,0.0148917235,0.0089285809,0.0146977840,0.0135467428,0.0158909007,0.0049460084,0.0186724413,-0.0017937234,-0.0134134502,0.0069676122,0.0134275595
2013-11-11,0.0004795355,0.0018487446,0.0011796352,0.0024454272,-0.0008099943,0.0015799483,-0.0030467395,-0.0004523258,-0.0002569818,-0.0007819008,-0.0052775262,0.0007229313
2013-11-12,-0.0095832654,-0.0092260285,0.0026521362,-0.0005632373,0.0004053254,-0.0017352641,0.0016453382,-0.0031699433,-0.0084744287,-0.0034403833,0.0007073121,-0.0023703916
2013-11-13,0.0087079624,0.0087305916,0.0085218788,0.0056330792,0.0058753229,0.0158026763,0.0084491139,0.0054509901,0.0049210181,0.0070621893,0.0002357944,0.0080953442
2013-11-14,0.0086331447,0.0059995499,-0.0026229001,0.0084015868,0.0038265493,0.0070009191,0.0072139453,0.0083579666,0.0087629061,0.0079476036,-0.0030623209,0.0048372588
2013-11-15,0.0047553203,0.0055063663,0.0020454055,0.0057397511,0.0034110880,0.0033984106,0.0011554214,0.0064963023,0.0058761397,0.0024735418,0.0031897872,0.0042220340
2013-11-18,-0.0004733377,-0.0076433503,-0.0037906334,-0.0044181258,0.0015995806,-0.0078522649,-0.0030003939,-0.0062315512,-0.0012697362,-0.0069401154,0.0044755418,-0.0036981972
2013-11-19,0.0014204041,0.0017243694,-0.0035114666,0.0011094982,-0.0071867128,-0.0043452633,-0.0037037865,-0.0031361958,-0.0073753002,-0.0076100753,-0.0029316122,-0.0020429656
2013-11-20,-0.0028368490,-0.0024095110,-0.0032306565,0.0029548625,-0.0044241909,-0.0051431119,-0.0041822267,-0.0080873144,-0.0110171433,-0.0087633882,-0.0070551660,-0.0036356111
2013-11-21,0.0142245278,0.0095474902,0.0085443485,0.0040519386,0.0080791578,0.0103399527,0.0018664906,0.0081532523,0.0023317890,0.0053679822,0.0055659656,0.0081285643
2013-11-22,0.0046753568,0.0053553295,-0.0020446236,0.0133895225,0.0088157050,0.0055820739,0.0051235359,0.0051678357,-0.0007757531,-0.0029839880,-0.0024733107,0.0049614580
2013-11-25,0.0013955336,-0.0090670860,0.0000000000,0.0039815862,-0.0021843814,0.0009255322,-0.0016216412,-0.0062585646,-0.0038802096,-0.0042526467,-0.0033060768,-0.0012633421
2013-11-26,-0.0009289672,-0.0025158235,0.0035131457,-0.0028843538,0.0019903219,0.0058542476,-0.0009285121,-0.0024739576,-0.0098672208,-0.0028470558,0.0054492641,0.0001498045
2013-11-27,0.0027908059,-0.0067654820,0.0078759292,-0.0003615235,0.0039725464,0.0038287748,0.0006969691,0.0006765405,-0.0020981745,0.0103109362,0.0022381624,0.0024850814
2013-11-29,-0.0037104890,-0.0020780675,0.0040519528,-0.0005425238,-0.0027697225,0.0009153178,-0.0016247766,-0.0009017770,-0.0005255896,-0.0092636311,-0.0002345842,-0.0007856896
2013-12-02,-0.0004656941,0.0006940370,-0.0031705399,0.0003618506,-0.0041669784,-0.0047251639,-0.0053478175,-0.0024809867,-0.0042071559,-0.0052299039,-0.0123460814,-0.0027190203
2013-12-03,-0.0102469301,0.0024275511,0.0023128763,-0.0086827161,-0.0085674873,-0.0094963411,0.0049088875,-0.0117561853,0.0050174053,-0.0011152115,0.0003574546,-0.0031928480
2013-12-04,0.0023529742,-0.0032290852,0.0008657455,-0.0034675916,-0.0040189482,-0.0023194531,-0.0023260578,0.0048038851,0.0044662988,0.0022331856,-0.0003573269,-0.0013034932
2013-12-05,-0.0093896635,-0.0033553860,-0.0031705399,-0.0018310458,0.0004034295,0.0010848323,-0.0090929628,-0.0056919162,-0.0081083955,0.0011136970,-0.0040471526,-0.0043395725
2013-12-06,0.0137438459,0.0031342937,0.0069399834,0.0130250658,0.0153289717,0.0083607288,0.0136469930,0.0137394757,0.0137127061,0.0077890168,0.0063349783,0.0112378706
2013-12-09,0.0042079809,0.0013888405,0.0031592152,0.0019920026,0.0025823741,-0.0007676226,0.0034819836,0.0051951831,-0.0059830698,0.0064669418,-0.0033259886,0.0018171002
2013-12-10,-0.0037247230,-0.0030050282,-0.0020039681,-0.0039760848,-0.0021796621,0.0006144345,-0.0085591274,0.0029219051,-0.0099449879,0.0000000000,-0.0086999219,-0.0031796590
2013-12-11,-0.0135507606,-0.0141413486,-0.0091793099,-0.0172382213,-0.0156871282,-0.0092138343,0.0016334290,-0.0170291783,-0.0081953478,-0.0216270589,-0.0110600638,-0.0113168746
2013-12-12,0.0000000000,0.0042327854,-0.0066593188,-0.0072009139,0.0010085155,-0.0030998623,-0.0137434188,-0.0020514918,0.0013331124,-0.0067273462,-0.0018236640,-0.0037705619
2013-12-13,0.0009470088,-0.0032780188,-0.0032058501,0.0007438427,0.0030232709,0.0024876010,-0.0016529211,0.0047965421,-0.0015970674,0.0040313977,0.0059677772,-0.0001014101
2013-12-16,0.0061521240,0.0086924707,0.0099416843,0.0018587044,0.0094437208,0.0065136466,-0.0002373907,0.0040921276,0.0053317918,0.0011245298,0.0033901292,0.0063200398
2013-12-17,-0.0065849503,-0.0057066054,-0.0002896704,-0.0048231606,-0.0003983505,-0.0026190311,-0.0047315920,0.0065653157,-0.0018558054,0.0052943296,-0.0027753737,-0.0031009879
2013-12-18,0.0232008010,0.0151088898,0.0078192967,0.0247905642,0.0167265114,0.0148306528,0.0166424199,0.0121460508,0.0132833995,0.0175551272,0.0136716909,0.0166479643
2013-12-19,-0.0013885406,0.0028847969,0.0017240117,-0.0021825870,0.0009791793,-0.0006091312,-0.0018709179,0.0015550263,-0.0073409669,-0.0122335274,0.0064459898,-0.0005799292
2013-12-20,0.0060993038,0.0017683180,0.0078121991,0.0050330958,0.0080430706,0.0041601027,0.0045326132,0.0031705626,0.0099039337,0.0077803608,0.0081770338,0.0048187283
2013-12-23,0.0046273832,0.0010386576,0.0131580793,0.0038242740,0.0039019384,0.0044164220,-0.0009403795,0.0048969992,-0.0039655268,0.0014154531,0.0099099384,0.0053181201
2013-12-24,0.0018425912,0.0055324224,0.0028232864,-0.0018138744,0.0046637008,0.0021231293,0.0014121156,0.0108524567,0.0039813148,0.0017468780,0.0064200224,0.0029157469
2013-12-26,0.0022985948,0.0071066261,0.0025337292,0.0074515634,0.0069630314,0.0074140472,0.0039935016,0.0054779827,-0.0044943089,0.0011099876,0.0034904952,0.0047455291
2013-12-27,-0.0004589496,0.0048942199,-0.0008422549,-0.0009016541,-0.0011523736,-0.0046563388,0.0023391606,0.0030501681,0.0039832021,0.0012664615,0.0056377795,-0.0003365844
2013-12-30,-0.0018352161,-0.0071351228,-0.0019679369,0.0016247629,-0.0009617401,0.0045271782,0.0025680266,0.0006522350,0.0023805150,0.0007910057,-0.0032204233,-0.0001792539
2013-12-31,0.0050572622,0.0096961071,0.0064775783,-0.0005409901,0.0059674096,0.0039060520,0.0006983296,0.0034731319,0.0018466040,-0.0031607197,0.0010766824,0.0039596752
2014-01-02,-0.0054893696,-0.0142354652,-0.0097933369,-0.0055913731,-0.0139685756,-0.0046391812,-0.0123308741,-0.0080052354,-0.0152745410,-0.0015852366,-0.0086060892,-0.0088619127
2014-01-03,0.0068998415,-0.0036673347,-0.0048032428,0.0023582107,0.0027169898,-0.0027061773,-0.0018845629,-0.0023992098,-0.0032097992,0.0058749210,-0.0028938986,-0.0003329651
2014-01-06,0.0009135170,0.0013801721,-0.0017035406,-0.0041623641,-0.0058063717,-0.0061802346,-0.0037766185,-0.0054653672,0.0016098761,0.0041041195,0.0035073232,-0.0025117675
2014-01-07,0.0004561729,0.0075814661,0.0091010328,0.0105401913,0.0062295666,0.0060674114,0.0054487698,-0.0017585414,0.0088397429,0.0034585155,0.0071092746,0.0060817647
2014-01-08,0.0031938457,-0.0069542300,0.0000000000,0.0088109505,-0.0017413483,-0.0027135978,-0.0075395940,0.0059458425,-0.0053105571,-0.0015665217,-0.0011970871,-0.0002122090
2014-01-09,0.0036373837,-0.0031000977,-0.0064824277,0.0074864725,0.0048451467,-0.0001514825,0.0052230264,-0.0039405014,0.0058729150,-0.0004709329,-0.0150933817,0.0003483092
2014-01-10,-0.0018117320,0.0008062857,0.0019856678,0.0038927869,0.0015429048,0.0030236749,0.0014169692,0.0030770667,0.0143313088,0.0119311386,0.0012165487,0.0023066868
2014-01-13,-0.0149800939,-0.0199085939,-0.0107587137,-0.0081073393,-0.0121318182,-0.0200479507,-0.0056604205,-0.0135844106,-0.0102037607,-0.0065157694,-0.0095969403,-0.0125762165
2014-01-14,0.0082951430,0.0130331437,0.0168858966,0.0126157806,0.0105260341,0.0086141650,0.0052184505,0.0139932337,0.0013213895,0.0062459795,0.0087087327,0.0108179718
2014-01-15,0.0118833146,-0.0028973521,0.0121025237,-0.0008774648,0.0071377050,0.0024401413,0.0002358655,0.0061338059,-0.0018479562,0.0046554289,0.0104567344,0.0051661881
2014-01-16,-0.0063238815,0.0013948241,-0.0002779162,0.0024585665,-0.0024898641,-0.0053248200,0.0002358099,0.0023952434,0.0068764477,0.0023173204,0.0015647771,-0.0013471203
2014-01-17,-0.0031816268,-0.0016248037,-0.0055634505,-0.0010512978,-0.0049923411,-0.0044356720,-0.0077828981,-0.0023895199,-0.0002621620,-0.0032366436,-0.0020425763,-0.0038951744
2014-01-21,0.0009121882,0.0082544547,0.0050352298,0.0057875672,0.0009647128,-0.0009217420,0.0038031085,0.0060963052,0.0110347688,0.0069572762,-0.0021670357,0.0027737520
2014-01-22,0.0004554763,0.0046128901,-0.0011132105,0.0008717124,0.0030844365,0.0026142255,0.0000000000,-0.0097381070,0.0010391811,0.0026103913,0.0007238015,0.0005748652
2014-01-23,-0.0163935199,-0.0113639016,-0.0019507533,-0.0069685216,-0.0119158283,-0.0070557304,-0.0087618592,-0.0148602061,-0.0028552074,-0.0004594376,0.0002406807,-0.0088895767
2014-01-24,-0.0226846377,-0.0208985678,-0.0192628796,-0.0235083291,-0.0311224771,-0.0191531646,-0.0090775961,-0.0268409974,-0.0111952515,-0.0147079826,-0.0166339751,-0.0208754486
2014-01-27,-0.0061586244,-0.0035574642,-0.0093936052,-0.0080851298,0.0010036423,-0.0039372301,-0.0040981864,-0.0041034137,0.0023697096,-0.0060643693,0.0023290385,-0.0048762939
2014-01-28,0.0133458708,0.0076163130,-0.0060348629,0.0134034789,0.0094267096,0.0069569604,0.0077460231,0.0057220335,0.0036779169,0.0101686267,0.0002444663,0.0061406526
2014-01-29,-0.0117591186,-0.0055509251,-0.0078051739,-0.0091157550,-0.0107291826,-0.0160152930,-0.0175357233,0.0040968786,-0.0005235981,-0.0046456197,-0.0089251125,-0.0102092323
2014-01-30,0.0142788771,0.0032065087,0.0122378843,0.0182179901,0.0098411182,0.0167544498,0.0014673778,0.0047599680,0.0154487033,0.0121356705,0.0043175294,0.0112670447
2014-01-31,-0.0117315278,-0.0129037407,0.0023021744,-0.0086800104,-0.0049719669,-0.0141242234,-0.0048828606,-0.0065419752,0.0082519347,0.0030748920,-0.0011052495,-0.0064652996
2014-02-03,-0.0251662468,-0.0178703135,-0.0209644756,-0.0196569535,-0.0277834577,-0.0262657020,-0.0215896556,-0.0233881551,-0.0079279734,-0.0145593422,-0.0317267078,-0.0228319198
2014-02-04,0.0097420560,0.0102581299,0.0038127880,0.0098432844,0.0063733008,0.0122609601,0.0052652794,0.0088354872,-0.0059297244,0.0104200561,0.0071121319,0.0076410889
2014-02-05,-0.0009649919,-0.0097915568,0.0008773753,-0.0055957459,-0.0004083348,0.0012921675,0.0007484796,0.0011520706,-0.0044087070,-0.0003077895,0.0011350102,-0.0020282228
2014-02-06,0.0154513563,0.0148931336,0.0110945628,0.0056272345,0.0138971416,0.0211290449,0.0107179779,0.0149636262,0.0072937736,0.0073902648,-0.0015118268,0.0124397929
2014-02-07,0.0123634801,0.0108248535,0.0135721838,0.0171479597,0.0173353745,0.0123202379,0.0093711157,0.0138352167,0.0054300923,0.0067249707,0.0102184893,0.0133018868
2014-02-10,0.0009393316,-0.0048787204,0.0019939639,0.0083406062,-0.0063401809,-0.0006242424,0.0039092301,0.0049216473,0.0074591407,0.0091083770,-0.0016229731,0.0015692348
2014-02-11,0.0103238527,0.0130337883,0.0122265325,0.0135519118,0.0111661593,0.0073381114,0.0116814408,0.0115759422,0.0094458828,0.0034598736,0.0118820235,0.0110621136
2014-02-12,0.0000000000,-0.0023606772,0.0039328533,0.0000000000,0.0057187899,0.0009298172,-0.0043297126,-0.0017606917,0.0012647485,0.0006001206,0.0037080423,-0.0002692624
2014-02-13,0.0037158547,0.0047327431,0.0072748942,0.0071188685,0.0007844970,0.0030967152,0.0050737036,0.0085979317,0.0108613533,0.0038955699,0.0130543266,0.0058100251
2014-02-14,0.0013886119,0.0130710001,0.0019438677,0.0036211780,0.0064652290,0.0060208431,0.0057693382,0.0080872599,0.0064963548,0.0040298538,-0.0060779719,0.0048092167
2014-02-18,0.0018480722,0.0045338348,0.0005549989,0.0092767180,-0.0007786610,0.0012273909,-0.0057362439,0.0006509623,0.0034759119,0.0059464121,-0.0046479347,0.0011584739
2014-02-19,-0.0138377364,0.0012721526,-0.0033256248,-0.0061280853,-0.0093509352,-0.0081226392,-0.0021634859,-0.0069339909,-0.0056904598,-0.0002955922,0.0013514091,-0.0065244843
2014-02-20,0.0028066164,0.0065876785,0.0033367215,0.0090774001,0.0094392005,0.0054080539,0.0043359695,0.0104732900,0.0077133139,-0.0017739111,0.0143574552,0.0060314583
2014-02-21,0.0018656570,-0.0079224641,-0.0038793934,-0.0018672684,0.0011691339,0.0019979125,-0.0021584339,-0.0025912635,0.0012349105,0.0016289191,-0.0093151841,-0.0019187236
2014-02-24,0.0074490065,0.0150445842,0.0038945017,0.0074817744,0.0075889655,0.0041410091,0.0036052139,-0.0034639942,-0.0024662116,0.0016263535,-0.0061054349,0.0061865135
2014-02-25,-0.0060077895,-0.0004555255,-0.0027710568,-0.0025316707,-0.0032829442,0.0070258289,0.0038326420,0.0036937657,-0.0012363661,0.0004425733,-0.0072492626,-0.0013476817
2014-02-26,-0.0013945176,-0.0062735559,0.0008336702,0.0000000000,0.0009685457,0.0056123123,-0.0009537260,0.0075753668,-0.0032177680,0.0028035281,-0.0064353137,0.0000217000
2014-02-27,0.0051207617,0.0010332221,0.0080510110,0.0057528655,0.0058071277,0.0040724373,0.0045374250,0.0079485883,-0.0024832892,-0.0010302140,0.0145737326,0.0049480829
2014-02-28,0.0050946730,0.0050446163,0.0011014381,0.0000000000,0.0019245944,0.0040558539,0.0068943510,0.0034102035,0.0069706476,0.0066273430,-0.0079804327,0.0027826888
2014-03-03,-0.0078338057,-0.0063885495,-0.0107290379,-0.0074020828,-0.0067230495,-0.0094255840,-0.0054301954,-0.0023365273,-0.0098888823,0.0007318353,0.0002480932,-0.0073785103
2014-03-04,0.0204368571,0.0109084170,0.0130699628,0.0189826701,0.0145041514,0.0125359478,0.0135324295,0.0157546059,0.0072413039,0.0122807265,0.0180645689,0.0152677011
2014-03-05,0.0104686380,-0.0093146035,0.0013728721,-0.0024948796,0.0013341392,0.0041765638,-0.0032795698,0.0023057770,-0.0066935052,-0.0013002076,-0.0029171109,-0.0000533513
2014-03-06,0.0031532955,0.0072231462,0.0013704424,-0.0061697247,0.0057110416,0.0025250379,-0.0002351105,0.0037634422,-0.0049911541,-0.0047722747,0.0007313261,0.0017184083
2014-03-07,0.0044902443,0.0019354871,-0.0030115640,-0.0025167251,0.0032178765,-0.0014812389,0.0028210528,-0.0043741865,0.0030098576,-0.0113338248,-0.0032882221,0.0005380893
2014-03-10,0.0004469908,0.0015905618,-0.0016472897,0.0042049152,-0.0043393104,-0.0026713701,0.0009375189,-0.0008373119,-0.0025007474,-0.0036739406,-0.0024444643,-0.0004632463
2014-03-11,-0.0067023284,-0.0113433709,-0.0022000307,-0.0020096165,-0.0072013421,-0.0058026992,-0.0004680094,-0.0102615408,-0.0027577901,0.0054579853,-0.0040428387,-0.0050821390
2014-03-12,-0.0017994228,0.0001146876,0.0016537682,-0.0001679426,-0.0019085249,-0.0014964193,0.0021087395,-0.0004229886,0.0125692467,0.0022004662,0.0003691061,0.0003051709
2014-03-13,-0.0112664827,-0.0099799653,-0.0134839841,-0.0135977079,-0.0141521870,-0.0121400098,-0.0049096243,-0.0071973710,0.0104273104,-0.0032206388,-0.0049182995,-0.0117010951
2014-03-14,-0.0063811258,0.0009265016,-0.0061363852,-0.0054453425,-0.0038797109,-0.0009108067,0.0004693613,0.0000000000,0.0046680416,0.0002938519,0.0030889865,-0.0028217777
2014-03-17,0.0105508210,0.0053255278,0.0117873786,0.0097535427,0.0122691293,0.0066824067,0.0058711250,0.0081022280,0.0066030564,0.0016148821,0.0124419937,0.0096136346
2014-03-18,0.0049931856,0.0084063454,0.0130377065,0.0106758473,0.0053864773,0.0043744487,0.0021011070,0.0057104662,-0.0014574507,0.0043978074,0.0088815600,0.0072196189
2014-03-19,-0.0004517679,-0.0075363075,-0.0041069469,-0.0030181229,-0.0103324916,-0.0066088078,-0.0076887927,-0.0088326011,-0.0158151628,-0.0176592212,-0.0042207949,-0.0061316493
2014-03-20,0.0158156799,0.0039115739,0.0076985667,0.0000000000,0.0028997332,0.0025699545,0.0035227225,0.0133671744,0.0022247250,0.0013372376,0.0181664725,0.0060405048
2014-03-21,0.0001338161,0.0027294348,-0.0050151311,-0.0181418538,0.0000967735,-0.0063834403,-0.0005644407,-0.0042047640,0.0075860901,0.0081602201,-0.0015466111,-0.0029326714
2014-03-24,-0.0004465859,-0.0020675905,-0.0008264353,-0.0111726054,-0.0032911746,-0.0100488579,-0.0009416388,-0.0078106873,0.0027154378,-0.0058868200,0.0016682465,-0.0048647097
2014-03-25,-0.0008932417,0.0089780287,0.0060649699,0.0088652123,0.0091299186,-0.0059980963,0.0073013123,0.0055319580,0.0041854618,0.0073219936,0.0023782743,0.0044039398
2014-03-26,-0.0102816942,-0.0046770262,-0.0120551204,0.0003447327,-0.0102023290,-0.0080457884,-0.0023380009,-0.0143884499,-0.0041680167,-0.0111486950,-0.0054579261,-0.0070003198
2014-03-27,-0.0054199018,0.0081375758,-0.0036052904,-0.0022389468,-0.0013614031,-0.0048356438,-0.0007029511,-0.0027904480,0.0081243222,0.0048103056,0.0053689128,-0.0019000839
2014-03-28,0.0040871616,0.0125055439,0.0038963994,-0.0037980523,0.0074003642,0.0075235656,0.0025793004,0.0068888713,0.0014650568,0.0065830280,0.0022546924,0.0046402219
2014-03-31,0.0104023334,0.0000000000,0.0077626140,0.0135161256,0.0115985049,0.0068450342,0.0072514732,0.0109043675,0.0109728872,0.0057969224,0.0076953607,0.0079241022
2014-04-01,0.0017905480,0.0059511029,0.0118294153,0.0063256188,0.0070705805,0.0139061574,-0.0016255481,0.0054989894,-0.0069945280,0.0063544784,0.0089300917,0.0070393486
2014-04-02,0.0022345303,0.0035717035,0.0005440565,0.0044175079,0.0070207583,0.0067054539,0.0011629261,0.0073622900,-0.0014573656,0.0001466245,0.0025621435,0.0028533268
2014-04-03,-0.0017836255,0.0064508586,-0.0048913839,-0.0021987244,0.0015075153,-0.0048441148,0.0011622505,0.0012530921,0.0031620273,-0.0035236311,-0.0024397668,-0.0011264503
2014-04-04,-0.0098257247,-0.0036465770,-0.0191153957,-0.0166132250,-0.0114766977,-0.0165806176,-0.0032495057,-0.0127216914,0.0053346733,0.0039778660,-0.0108290298,-0.0125372880
2014-04-07,-0.0153361933,-0.0167483405,-0.0077949076,-0.0099981590,-0.0142751565,-0.0194896306,0.0009314042,-0.0145752012,-0.0016885722,0.0010277340,-0.0080043329,-0.0107501124
2014-04-08,0.0013743351,0.0100396416,0.0089787532,-0.0081838561,0.0000000000,0.0100960265,0.0051170959,0.0038582599,0.0142550048,0.0055708409,0.0111544682,0.0037505538
2014-04-09,0.0086919068,0.0045790979,0.0133476643,0.0214184066,0.0127439255,0.0107763810,0.0043976117,0.0151610844,-0.0021439362,-0.0007289424,-0.0004694128,0.0109182127
2014-04-10,-0.0231296469,-0.0138967946,-0.0230512090,-0.0333450637,-0.0198285410,-0.0248761988,-0.0099076196,-0.0199831096,-0.0038192407,-0.0089002683,-0.0110365993,-0.0208847956
2014-04-11,-0.0120706501,-0.0028182123,-0.0112359592,-0.0094235769,-0.0099202627,-0.0137855856,-0.0051202753,-0.0120195652,-0.0009586744,-0.0060356839,-0.0125848304,-0.0094867737
2014-04-14,0.0079893238,0.0136801452,0.0099431699,0.0055644089,0.0056974393,0.0078729827,0.0079537271,0.0080380639,0.0059964117,0.0037026370,0.0046893704,0.0082172862
2014-04-15,0.0093236518,0.0133836993,0.0050630631,0.0107104878,0.0070326825,0.0012751066,0.0025521187,0.0060342865,0.0138292220,0.0106245894,0.0017955031,0.0067573078
2014-04-16,0.0078521713,0.0119961208,0.0097959279,0.0049451572,0.0153248323,0.0140106775,0.0097227223,0.0147813861,0.0072906566,0.0059864131,0.0089591988,0.0104884906
2014-04-17,0.0018332190,0.0091359784,-0.0013856414,-0.0001759835,0.0078335914,0.0012558182,0.0002290927,0.0031667090,-0.0123741226,-0.0027578901,0.0082878887,0.0013638529
2014-04-21,-0.0009147637,0.0067893943,0.0038856455,0.0119533405,0.0028432879,0.0026658153,0.0004584438,0.0002106800,-0.0011822955,0.0042204500,0.0003518285,0.0037751235
2014-04-22,0.0068679879,-0.0016057018,0.0041470688,0.0109434403,0.0005672247,0.0086019108,-0.0004582337,0.0035768062,0.0014201794,0.0033333085,0.0062216188,0.0040921390
2014-04-23,0.0022740932,0.0052537328,-0.0107380796,-0.0049828780,0.0037787568,-0.0046517138,-0.0016044322,0.0002094762,0.0004729002,-0.0030333691,-0.0171490454,-0.0022133139
2014-04-24,-0.0004541477,0.0003194443,0.0077927372,-0.0015545375,-0.0018823551,0.0054525667,0.0039024278,-0.0044016540,0.0068510362,0.0033324236,-0.0128187869,0.0017169606
2014-04-25,-0.0081705471,-0.0059703864,-0.0127033208,-0.0074368106,-0.0098057037,-0.0170438806,0.0013721263,-0.0071580286,0.0114966314,-0.0034655450,-0.0090179338,-0.0080963910
2014-04-28,-0.0059493258,0.0017157351,0.0095106095,0.0059243138,0.0005716183,-0.0025220862,0.0114181344,-0.0042407006,0.0048713701,0.0052167993,0.0036403380,0.0032360359
2014-04-29,0.0096683848,0.0046048482,0.0069269592,0.0058896651,0.0026642213,0.0045824594,-0.0042900181,0.0070273547,-0.0041554986,0.0005764843,0.0088245427,0.0047607571
2014-04-30,0.0013679334,-0.0008527318,0.0030268073,0.0008611456,0.0066439364,0.0042476280,0.0031749062,0.0080348803,0.0016232082,0.0044661636,0.0116237880,0.0029920170
2014-05-01,0.0018214643,-0.0022404123,0.0010973578,0.0022367955,-0.0024515602,0.0039160340,-0.0009043646,-0.0062930502,0.0041658798,0.0077453505,0.0068704023,-0.0001432615
2014-05-02,-0.0004547056,0.0020315016,-0.0027402663,-0.0085837239,-0.0015118217,0.0024965073,0.0000000000,0.0038000302,-0.0205118019,-0.0004268269,0.0031764747,-0.0013484451
2014-05-05,-0.0040929388,0.0046945757,0.0052211645,0.0065798248,0.0020821944,0.0009338588,-0.0022625396,0.0054678686,0.0089410021,0.0035596802,0.0034009579,0.0018712161
2014-05-06,-0.0141553311,0.0014867959,-0.0112081845,-0.0087734655,-0.0075569755,-0.0143057414,-0.0063492731,-0.0050193294,-0.0048974324,-0.0036892811,-0.0106354578,-0.0089883922
2014-05-07,0.0134323095,0.0086956595,0.0005528040,0.0027769125,0.0085662200,-0.0012618998,0.0095850373,0.0077774337,0.0161707399,0.0116779358,0.0060248259,0.0056164684
2014-05-08,0.0027425910,-0.0142972378,0.0027632258,-0.0053650613,-0.0001884908,0.0028431729,0.0013566066,-0.0039633773,-0.0108399569,0.0005630894,0.0058711038,-0.0013736249
2014-05-09,-0.0004558147,-0.0009602773,0.0011021349,0.0060898985,0.0007549117,0.0055125459,0.0047400206,0.0000000000,-0.0146882834,-0.0001410267,0.0081720044,0.0015194764
2014-05-12,0.0100314889,0.0070462724,0.0134875820,0.0102039566,0.0149028488,0.0125312814,0.0008985225,0.0127752890,-0.0092288785,0.0021107533,0.0062530087,0.0096727376
2014-05-13,-0.0009028538,0.0037103864,0.0005431652,0.0015409918,0.0016729429,-0.0027848089,0.0020202166,0.0008273765,0.0023886730,-0.0058969872,-0.0056389042,0.0004217577
2014-05-14,-0.0072297570,0.0004224289,-0.0046148779,0.0006839642,-0.0074220910,-0.0111692575,-0.0053760278,0.0002064465,0.0050029442,0.0025422945,-0.0011574505,-0.0047010051
2014-05-15,-0.0113789371,-0.0114019200,-0.0059992597,-0.0100786917,-0.0087869295,-0.0072170742,-0.0087842610,-0.0140468438,-0.0040300620,-0.0016907747,0.0016220061,-0.0093618070
2014-05-16,0.0013808877,-0.0025629829,0.0063100500,0.0034510721,0.0013202301,0.0074272569,0.0061352548,0.0035614103,0.0030943536,0.0073385216,0.0082129983,0.0037469652
2014-05-19,0.0050574244,0.0031048087,0.0065432227,0.0061910465,0.0039554682,0.0045490868,-0.0020325348,0.0041757977,-0.0154245780,-0.0036425300,0.0012622186,0.0038447865
2014-05-20,-0.0059468067,-0.0028818173,-0.0056882061,-0.0063236961,-0.0133208404,-0.0090569727,-0.0036205352,-0.0054055473,0.0000000000,-0.0030934690,-0.0154696758,-0.0064983981
2014-05-21,0.0064426026,0.0108110706,0.0068099715,0.0084279764,0.0098877437,0.0121339573,0.0056777661,0.0045988619,0.0007229263,-0.0039491736,-0.0005814836,0.0081160990
2014-05-22,0.0045726030,-0.0009530783,0.0018942367,0.0059697277,0.0018829749,0.0052933092,-0.0015806416,0.0022883975,0.0081887912,-0.0008490651,0.0051237443,0.0023622299
2014-05-23,0.0031863465,-0.0020136086,0.0083713760,0.0005085416,0.0063899040,0.0078984274,0.0015831440,0.0085117092,-0.0023887028,0.0075105198,0.0049818758,0.0042483919
2014-05-27,0.0086205830,0.0027612448,0.0085698560,0.0054229232,0.0052286534,0.0052241749,0.0027102254,0.0000000000,0.0079021295,0.0060489362,-0.0006912697,0.0059878059
2014-05-28,-0.0017998714,0.0016947416,-0.0026547815,-0.0028653376,0.0007432920,-0.0010698498,-0.0013515987,0.0004117647,0.0059397633,-0.0040548634,0.0053068054,-0.0011140717
2014-05-29,0.0022535972,0.0085653265,0.0058567483,0.0079444592,0.0040833074,0.0041315951,0.0078936460,0.0100822769,0.0028343211,0.0012635914,0.0030985724,0.0053671103
2014-05-30,0.0022481987,-0.0007340482,0.0010590778,0.0026831521,-0.0007389297,0.0009144952,0.0078315879,-0.0002035448,0.0065943466,0.0049075133,0.0032029740,0.0018436779
2014-06-02,0.0026919454,-0.0012588464,-0.0015868775,0.0013377912,0.0042548195,0.0033492642,-0.0024424475,0.0040748037,-0.0002338394,0.0018137400,-0.0060439239,0.0007278261
2014-06-03,0.0013419636,0.0034662071,-0.0015885804,0.0018374529,-0.0011049081,-0.0018208877,-0.0035608468,-0.0022319431,0.0037440942,-0.0012533271,-0.0082605014,-0.0003792165
2014-06-04,0.0026811861,-0.0005228522,0.0018569961,0.0028344422,-0.0001847052,0.0048650682,0.0035735718,0.0016264028,-0.0004662413,0.0009758690,-0.0030079815,0.0018916635
2014-06-05,0.0093581717,0.0057606835,0.0066184984,0.0011636194,0.0101459537,0.0065047774,0.0040062614,0.0046705793,0.0083977766,0.0156034223,0.0052217791,0.0065252796
2014-06-06,0.0066225739,0.0082273341,0.0044717085,-0.0009961404,0.0100437006,0.0058622248,0.0026600664,0.0048505114,-0.0034701249,-0.0020574609,-0.0017316588,0.0046277587
2014-06-09,0.0043862827,0.0015492870,0.0031420804,-0.0051531999,0.0050626181,0.0002991932,-0.0015472674,-0.0026147105,-0.0067315689,-0.0107218820,0.0035846319,0.0009387712
2014-06-10,-0.0004370280,-0.0016500457,0.0005220398,0.0033417484,-0.0023390030,-0.0019424103,0.0000000000,0.0014115288,-0.0023367864,-0.0051409817,-0.0042632363,-0.0002459836
2014-06-11,-0.0065532008,0.0038224883,-0.0023476650,-0.0011657125,-0.0073923864,-0.0029933236,-0.0026573546,-0.0056383531,-0.0126498076,-0.0040502550,-0.0033555929,-0.0035370410
2014-06-12,-0.0061564550,0.0032931460,-0.0086299410,-0.0050014861,-0.0134423637,-0.0127609031,-0.0071048860,-0.0085055853,0.0030846812,-0.0029450461,-0.0075466958,-0.0070888935
2014-06-13,0.0004425034,0.0095394762,0.0058036099,-0.0008378362,0.0034985148,0.0004561743,-0.0002232213,0.0038808062,0.0063859703,0.0025315685,0.0081889940,0.0031345617
2014-06-16,-0.0048651893,0.0059945784,0.0000000000,0.0020126962,-0.0011012312,0.0022800976,0.0038021106,-0.0022378464,0.0068153486,-0.0050501169,0.0008121181,0.0008367052
2014-06-17,0.0102222239,-0.0007069519,0.0023600937,-0.0005020659,0.0027556337,0.0039424090,0.0000000000,0.0020387157,-0.0013999596,0.0011280843,0.0044060827,0.0021725691
2014-06-18,0.0057197092,0.0075805276,0.0052326893,0.0080373229,0.0056786190,0.0075531252,0.0118091563,0.0107856296,0.0226735093,0.0061967652,0.0090038298,0.0077188813
2014-06-19,-0.0013125402,0.0071225399,-0.0018223104,0.0033223185,0.0025502130,-0.0023986213,0.0057255746,-0.0020130541,0.0082287962,0.0076988769,-0.0006866105,0.0012774786
2014-06-20,0.0039577695,0.0099458586,-0.0022004225,0.0084087849,0.0041979498,-0.0037391230,-0.0030644890,0.0061003118,-0.0060820734,0.0034728870,0.0004576992,0.0017300583
2014-06-23,0.0021900787,0.0035670907,0.0028878904,-0.0037903796,-0.0058163739,0.0012106318,-0.0055286023,0.0014102798,-0.0034503796,-0.0023536280,0.0018311323,-0.0001324641
2014-06-24,-0.0065560706,-0.0210289761,-0.0052353597,0.0006617279,-0.0100550006,-0.0024186653,-0.0035580788,-0.0094546966,0.0030006738,0.0004619288,-0.0051397482,-0.0064353106
2014-06-25,0.0008799632,0.0075635814,0.0039475899,0.0109108685,0.0009237483,0.0084853577,-0.0015619105,0.0079203394,0.0036822970,0.0000000000,0.0034444152,0.0048975112
2014-06-26,-0.0035163064,0.0011007758,-0.0010487205,0.0013080023,-0.0007380900,0.0007512045,-0.0035757834,-0.0002016627,0.0029813002,-0.0011186234,-0.0003431312,-0.0011788840
2014-06-27,0.0039699899,0.0000000000,0.0060350306,-0.0026131180,0.0024004989,0.0024021286,0.0017941311,-0.0030227153,0.0038866843,0.0060202541,0.0041198415,0.0019108686
2014-06-30,-0.0008789965,0.0008000468,0.0002605941,-0.0039298324,-0.0042366985,-0.0004496054,-0.0008956353,0.0034361174,0.0079705500,-0.0008349387,0.0026219117,-0.0003722567
2014-07-01,0.0061567108,0.0005992835,0.0101701577,0.0126584423,0.0061041601,0.0106382193,0.0022415071,0.0024176086,-0.0099412807,0.0025075255,0.0045477931,0.0066777704
2014-07-02,-0.0008738733,-0.0014976134,0.0010321809,0.0076297893,-0.0016547495,0.0014827791,0.0026831825,0.0012057427,-0.0193973712,-0.0011117793,0.0002258118,0.0006588130
2014-07-03,0.0078737291,0.0037996645,0.0043841458,0.0040276890,0.0082873743,0.0076977965,0.0055751023,0.0064235325,-0.0109377139,-0.0047288398,0.0053180849,0.0054795081
2014-07-07,-0.0043401706,-0.0076700349,0.0010266158,-0.0075418645,-0.0071232018,-0.0061701037,0.0015525602,-0.0083767131,0.0047055923,0.0009777534,-0.0040517424,-0.0039235219
2014-07-08,-0.0087186274,-0.0016060931,-0.0089767502,-0.0093773063,-0.0068066512,-0.0097560180,-0.0019929549,-0.0026146250,0.0067914812,0.0030718906,-0.0080234482,-0.0070488020
2014-07-09,0.0026386641,0.0066359968,0.0049169442,0.0042434772,0.0016671843,0.0120916745,0.0044374386,0.0034279000,-0.0027915024,0.0022271204,0.0045564819,0.0046442679
2014-07-10,-0.0065790100,-0.0095886733,-0.0028324016,-0.0006500376,-0.0059173857,-0.0092922980,-0.0015459233,-0.0044212840,0.0067652062,0.0031945826,0.0009075222,-0.0041310719
2014-07-11,0.0017662719,-0.0076644088,0.0051648207,0.0021139964,0.0057662912,0.0032755691,0.0013271122,0.0018167928,-0.0076464076,0.0006921598,0.0054385069,0.0014709227
2014-07-14,0.0061699523,0.0086381226,0.0071945675,0.0032458933,0.0057335812,0.0028190823,0.0035350486,-0.0006042061,-0.0114404686,0.0045655691,0.0046205047,0.0048435530
2014-07-15,0.0070082903,-0.0043323184,-0.0017860464,-0.0085733445,0.0005517135,-0.0034034249,-0.0088063745,-0.0020165747,0.0051963102,-0.0002752474,-0.0021313768,-0.0019320957
2014-07-16,-0.0017395758,0.0151790859,0.0092003064,-0.0032629151,0.0042267475,0.0025239687,0.0002222057,0.0068686597,0.0032892051,0.0037194154,0.0032598876,0.0042010849
2014-07-17,-0.0130722716,-0.0161487884,-0.0129142961,-0.0109675362,-0.0155559775,-0.0094783091,-0.0062182806,-0.0042132777,-0.0091334552,-0.0059015744,-0.0097481989,-0.0118340265
2014-07-18,0.0114790178,0.0029385432,0.0120573185,0.0163851473,0.0083657723,0.0092702629,0.0100560719,0.0062460698,0.0101629227,0.0088359890,0.0067890625,0.0102649356
2014-07-21,-0.0026187638,0.0015153754,-0.0012676468,-0.0040709762,-0.0005529634,-0.0045929448,-0.0046457636,-0.0028031300,-0.0009357685,-0.0028739848,-0.0075297399,-0.0023202505
2014-07-22,0.0030634391,0.0071615333,0.0083757256,0.0086658630,0.0036893335,0.0041678611,-0.0017787141,0.0014056510,-0.0021078620,0.0042549218,0.0050959373,0.0050161501
2014-07-23,0.0021810946,0.0064095746,0.0017617776,0.0081046958,-0.0040435233,-0.0007413957,-0.0013359160,0.0042108391,0.0009388870,0.0021864865,-0.0001129745,0.0017544380
2014-07-24,0.0021772423,0.0008957978,-0.0007535459,-0.0020900529,-0.0047978174,0.0022247379,0.0026754060,-0.0011979414,0.0030485369,-0.0025910238,0.0007883910,0.0004881559
2014-07-25,-0.0056474478,-0.0073572731,-0.0012573364,-0.0037060946,-0.0025959419,-0.0110996424,-0.0040024010,0.0017990672,-0.0079482634,-0.0056055775,-0.0029271719,-0.0048491508
2014-07-28,0.0004371626,-0.0024038610,0.0017624426,0.0009703253,-0.0050194458,0.0019454414,-0.0051352186,0.0025946636,0.0139019886,0.0060498613,0.0024845301,0.0002881549
2014-07-29,-0.0052403898,-0.0025103998,-0.0020104395,0.0008078206,-0.0125190928,-0.0028376764,-0.0044882262,-0.0071658176,-0.0092955322,-0.0046472478,0.0245550975,-0.0045277869
2014-07-30,0.0043897713,-0.0059384775,0.0010067462,0.0040359927,0.0009462918,0.0055422219,-0.0105950908,-0.0052127684,-0.0168896610,-0.0009610256,-0.0020886578,0.0000609128
2014-07-31,-0.0205420208,-0.0215673299,-0.0188677721,-0.0205818707,-0.0202265881,-0.0184716769,-0.0170884038,-0.0195485090,-0.0157482709,-0.0144306199,-0.0195003074,-0.0199992403
2014-08-01,-0.0084781684,-0.0080722661,-0.0053843770,0.0008211227,-0.0009647318,-0.0036424347,0.0076496710,0.0008223017,0.0038791633,-0.0019520698,-0.0062916118,-0.0028591211
2014-08-04,0.0081007144,0.0167972731,0.0072182230,0.0042652081,0.0034759503,0.0097489558,0.0032208388,0.0119120830,-0.0053131454,0.0060075574,-0.0001135941,0.0071890324
2014-08-05,-0.0102678715,-0.0218547628,-0.0094700457,-0.0096375882,-0.0059659561,-0.0069393750,-0.0043572682,-0.0103508870,-0.0121387408,-0.0088885317,0.0009049565,-0.0096854700
2014-08-06,0.0040597241,0.0029370352,-0.0031013355,-0.0004947651,-0.0050339428,-0.0021266182,0.0085218571,0.0073828230,-0.0127795296,0.0018214933,-0.0185289911,0.0000156385
2014-08-07,-0.0044921850,-0.0062758490,-0.0041469900,-0.0128715620,0.0009729001,-0.0051758972,-0.0082211019,-0.0087540244,0.0114516791,0.0015387768,-0.0084030801,-0.0055566200
2014-08-08,0.0099272438,0.0167348072,0.0065072417,0.0118692377,0.0141914357,0.0154551099,0.0101313106,0.0104745862,0.0199357479,0.0075416866,0.0032500881,0.0115314024
2014-08-11,0.0008938561,0.0001038752,0.0049133572,-0.0004958125,0.0040252320,0.0045209439,0.0070658374,-0.0010166328,-0.0036198757,0.0055447238,0.0012730268,0.0027594253
2014-08-12,0.0022322514,-0.0073487654,-0.0005147800,-0.0008263805,-0.0022908467,-0.0025504211,-0.0006786980,0.0032556474,-0.0007265238,-0.0028948312,0.0023113674,-0.0016366416
2014-08-13,0.0044539053,0.0032321539,0.0097840447,0.0120760549,0.0097588830,0.0036096313,0.0029445278,0.0054756034,0.0046048667,0.0124428752,0.0019602553,0.0067071600
2014-08-14,0.0062089118,-0.0057166772,0.0017845745,0.0117686006,0.0043582865,0.0077924559,0.0040650050,0.0000000000,0.0086857159,-0.0002729926,0.0016103495,0.0043458141
2014-08-15,-0.0048480045,0.0074220623,0.0000000000,0.0009692281,-0.0020754149,-0.0019326132,0.0013494372,0.0030254467,0.0038268684,0.0009561882,-0.0027566196,-0.0000613729
2014-08-18,0.0110716321,0.0026980990,0.0094172433,0.0077468410,0.0151256428,0.0092370492,0.0058399952,0.0098530159,-0.0026214938,0.0092794133,0.0033406865,0.0085316722
2014-08-19,0.0017518958,0.0076580213,0.0063035644,0.0065663017,0.0024210733,0.0075287613,0.0026797057,0.0029865047,0.0126616183,0.0008108941,-0.0039043050,0.0050006519
2014-08-20,0.0026236652,0.0021566113,0.0000000000,-0.0001590963,0.0105911940,0.0046887506,-0.0006678146,0.0013900338,0.0021232767,0.0048638888,0.0006921569,0.0024778130
2014-08-21,0.0117752460,0.0008200521,0.0047606995,0.0014323165,-0.0009192377,-0.0008753518,0.0017827697,-0.0013881043,0.0023539701,-0.0009412218,0.0019581266,0.0029498897
2014-08-22,-0.0034485440,-0.0066562404,0.0002493759,0.0009535119,-0.0034966999,0.0018977694,-0.0024470190,-0.0039703420,-0.0030534162,-0.0067286020,-0.0003450025,-0.0019925871
2014-08-25,0.0086504956,0.0088656451,0.0009971453,0.0076199443,0.0038783992,0.0029133820,0.0055751023,0.0037871598,0.0068316116,-0.0004062711,0.0044851869,0.0047877788
2014-08-26,0.0021443755,0.0051086847,0.0004983500,0.0036240565,-0.0033113250,0.0001454676,-0.0006648841,0.0009929268,-0.0119326735,0.0000000000,0.0032062893,0.0010510809
2014-08-27,-0.0021397870,-0.0020330506,-0.0002489413,-0.0007850125,-0.0005539245,0.0010167320,0.0004436675,0.0000000000,0.0108930612,0.0016267196,0.0053638918,0.0000499873
2014-08-28,-0.0030015719,0.0002034420,-0.0014941295,-0.0003142663,-0.0014773691,-0.0013061070,0.0004435871,0.0007931108,0.0072612073,-0.0009475595,-0.0015891248,-0.0016899011
2014-08-29,0.0047314251,0.0056010931,0.0044885473,0.0036145783,-0.0009245034,-0.0001447920,0.0006652020,0.0015858300,0.0065117527,0.0050114918,0.0053436600,0.0033204147
2014-09-02,0.0038518452,-0.0126589428,0.0002484800,-0.0004697403,0.0033322540,0.0018888401,0.0004433283,-0.0033641331,-0.0090111232,0.0005391458,-0.0004524767,-0.0005440662
2014-09-03,-0.0017051399,0.0026667914,-0.0054606167,0.0045436840,-0.0012918972,-0.0026103816,0.0006643490,0.0015885672,0.0048968632,0.0002692041,-0.0007917972,-0.0007791411
2014-09-04,0.0008545277,-0.0135039845,-0.0004992352,-0.0049909676,0.0003694787,0.0037803633,0.0030983533,0.0000000000,-0.0004646598,-0.0018853368,-0.0003398065,-0.0015344208
2014-09-05,0.0012803840,0.0067408313,0.0059928257,0.0057994935,0.0033240804,0.0033321875,0.0057372546,0.0043615831,0.0125348999,0.0094442662,0.0062300744,0.0050358854
2014-09-08,0.0004261655,-0.0155540110,0.0014895271,0.0001558960,-0.0009199922,-0.0041871855,-0.0074597563,-0.0039479959,-0.0059601394,-0.0017373343,-0.0019135993,-0.0030731141
2014-09-09,-0.0102261786,-0.0043948383,-0.0071875285,-0.0026487336,-0.0031319331,-0.0100046877,-0.0024311017,-0.0081251537,-0.0115319494,-0.0053553462,-0.0112787716,-0.0065450090
2014-09-10,0.0051660748,-0.0024171453,0.0059908892,0.0070299528,0.0007389685,0.0035149390,0.0048749830,0.0000000000,-0.0044326362,-0.0138649904,-0.0006846523,0.0036460744
2014-09-11,0.0025695418,0.0006317329,0.0022334638,-0.0027924230,0.0003695168,0.0004379955,0.0004405989,-0.0013982423,0.0084365856,0.0012288698,0.0078764484,0.0008819054
2014-09-12,-0.0008540889,-0.0149500842,-0.0042087342,-0.0073118286,-0.0033229398,-0.0029177162,-0.0070528401,-0.0046019748,-0.0178941148,-0.0287663369,-0.0012460639,-0.0059625585
2014-09-15,-0.0004280056,0.0070541464,-0.0059672736,-0.0026641654,-0.0003705243,-0.0040965517,0.0048831738,0.0014068686,0.0030760720,-0.0040705953,-0.0094122538,-0.0007101515
2014-09-16,0.0042773687,0.0120994828,0.0075034019,0.0136708724,0.0055589615,0.0051419773,0.0075109568,0.0046165610,0.0127387991,0.0074702084,0.0051519433,0.0074843763
2014-09-17,0.0042586507,-0.0054531596,0.0019865297,0.0007747239,0.0038693868,-0.0004386355,-0.0021926226,0.0059940732,-0.0018639074,-0.0006995769,0.0021637240,0.0012956437
2014-09-18,0.0097542940,-0.0051669267,0.0059464655,0.0074352883,0.0047727986,0.0043863675,0.0019777428,0.0067527997,-0.0072340978,-0.0072799183,0.0076145653,0.0048911801
2014-09-19,-0.0026147040,-0.0008200475,-0.0021278867,0.0010954458,-0.0009730019,0.0004235199,0.0025814486,-0.0003169850,0.0090130588,0.0005640823,0.0033838102,-0.0004772696
2014-09-22,-0.0067652008,-0.0147133663,-0.0066930777,-0.0053946640,-0.0112075471,-0.0140159159,-0.0017606190,-0.0003963568,-0.0075219780,-0.0088797362,-0.0065200894,-0.0080133233
2014-09-23,-0.0068115916,-0.0029218641,-0.0022454030,-0.0058884982,-0.0081750664,-0.0085890985,-0.0088202311,-0.0051567892,-0.0028423920,-0.0056880737,-0.0087120890,-0.0057765016
2014-09-24,0.0055720264,0.0008678754,0.0065029736,0.0174589201,0.0052453309,0.0113518659,0.0129029930,0.0103666540,-0.0035630186,-0.0010102785,0.0034243646,0.0078324915
2014-09-25,-0.0166238891,-0.0152893286,-0.0218691732,-0.0163935181,-0.0156542336,-0.0146211787,-0.0131781582,-0.0151934795,-0.0059597311,-0.0049119729,-0.0152430918,-0.0161687724
2014-09-26,0.0095363964,0.0128841011,0.0109250305,0.0031155535,0.0092768510,0.0103415274,0.0037837623,0.0098178315,0.0014389857,0.0110336543,0.0060067146,0.0085758246
2014-09-29,-0.0034353879,-0.0022830111,-0.0002507922,-0.0021740636,-0.0015001300,-0.0051922855,-0.0002216876,-0.0041669665,0.0064656647,-0.0002871553,-0.0004592796,-0.0025468022
2014-09-30,-0.0017230485,-0.0125313610,0.0030159877,-0.0054466411,-0.0015034439,-0.0055172424,0.0004434736,-0.0119541719,0.0014272899,-0.0060327031,0.0028716027,-0.0027859286
2014-10-01,-0.0120845546,-0.0204151437,-0.0155390776,-0.0104832792,-0.0188144441,-0.0133450479,-0.0062070344,-0.0235935619,0.0057026090,0.0005781208,-0.0162656390,-0.0132485610
2014-10-02,0.0026210550,-0.0051817830,-0.0005087661,-0.0020558764,-0.0011507095,0.0045590099,0.0017842989,-0.0024782509,-0.0014174370,-0.0015884781,0.0045412865,0.0000051433
2014-10-03,0.0143794858,-0.0015850775,0.0081510963,0.0205989914,0.0136303245,0.0128593392,0.0118015950,0.0028985258,0.0063870595,0.0067980906,0.0075345581,0.0111655097
2014-10-06,-0.0030074749,0.0011339469,0.0002523441,-0.0046578413,-0.0030306644,-0.0053772304,0.0004402873,-0.0002063609,0.0000000000,0.0012936510,-0.0033361828,-0.0015651599
2014-10-07,-0.0168028871,-0.0130281759,-0.0156601969,-0.0159101066,-0.0243156234,-0.0148669044,-0.0059391982,-0.0175512733,-0.0014103750,-0.0058831678,-0.0080805008,-0.0151260530
2014-10-08,0.0188433133,0.0097570319,0.0189890279,0.0255188205,0.0179127089,0.0157008315,0.0146047809,0.0130307051,0.0225987879,0.0190530244,0.0108227266,0.0174616503
2014-10-09,-0.0210754064,-0.0367176508,-0.0166210349,-0.0207108460,-0.0231445985,-0.0226622017,-0.0100329833,-0.0244810481,-0.0163441849,-0.0012747832,-0.0232555744,-0.0206614150
2014-10-10,-0.0079084638,-0.0140429007,-0.0256083210,-0.0061548557,-0.0146856110,-0.0087531067,0.0048472332,-0.0153128505,0.0046803882,-0.0014179832,-0.0143801852,-0.0114510123
2014-10-13,-0.0088575527,-0.0308797739,-0.0110378643,-0.0236620091,-0.0155006312,-0.0202942901,-0.0138126683,-0.0257016715,-0.0009316002,-0.0017049459,-0.0092086842,-0.0164679296
2014-10-14,0.0040216012,-0.0125972097,0.0015942706,-0.0074824749,0.0139276353,0.0072737836,-0.0004445581,0.0031030691,0.0090930474,0.0150806820,0.0085702083,0.0015788648
2014-10-15,-0.0191366240,0.0076297211,-0.0068985556,-0.0081939979,-0.0023884532,-0.0083203465,-0.0120111906,0.0068510533,-0.0131700180,-0.0070078302,0.0050264942,-0.0081003149
2014-10-16,0.0000000000,0.0178749124,-0.0058772475,-0.0051224002,0.0073834366,0.0011083102,-0.0074286253,0.0098772802,0.0009368547,0.0026817735,0.0001188500,0.0001449777
2014-10-17,0.0127041339,0.0085363579,0.0118249293,0.0159443064,0.0198096707,0.0110688400,0.0122471359,0.0132575632,0.0058477462,0.0050679368,0.0072624150,0.0128841074
2014-10-20,0.0058243615,0.0087061863,0.0071712783,0.0120974423,0.0029138036,0.0139194140,0.0143408175,0.0152297204,0.0139531913,0.0142855344,0.0075652016,0.0091426572
2014-10-21,0.0187078240,0.0304483530,0.0195142587,0.0264901137,0.0222738638,0.0194352776,0.0041968225,0.0215509198,0.0034403745,0.0095278480,0.0117316275,0.0195744872
2014-10-22,-0.0091818786,-0.0189619413,-0.0046556141,-0.0050353181,-0.0130732004,-0.0086246389,0.0021995501,-0.0080662495,0.0061716964,-0.0004106640,-0.0086964782,-0.0072993302
2014-10-23,0.0097084260,0.0186170970,0.0111747584,0.0170802944,0.0220774387,0.0135841496,-0.0006584626,-0.0008342082,0.0018171275,0.0075263330,0.0008184547,0.0123033771
2014-10-24,0.0096159092,-0.0034920900,0.0087382448,0.0139947514,0.0088278297,-0.0009039501,0.0083462890,0.0075128317,0.0097503775,0.0004071682,0.0032727753,0.0070534494
2014-10-27,0.0012986449,-0.0210280031,0.0010192022,0.0010734587,-0.0003724583,0.0019595010,0.0023963350,-0.0209202167,-0.0022452241,0.0059735370,0.0064071637,-0.0015015684
2014-10-28,0.0108084266,0.0227921736,0.0137433255,0.0073533106,0.0176939815,0.0108302959,0.0039110564,0.0099433182,0.0069770720,0.0032388306,0.0172472232,0.0119390731
2014-10-29,0.0025661849,0.0032666723,-0.0010040313,0.0004558139,-0.0034771835,-0.0029763011,-0.0017317263,-0.0123588714,-0.0058111385,-0.0073984719,-0.0007966203,-0.0013853555
2014-10-30,0.0055456277,-0.0036050193,0.0032670143,0.0183916553,0.0040404112,0.0065670718,0.0062880016,0.0076356260,0.0220323107,0.0085376393,0.0053527128,0.0062301242
2014-10-31,0.0114559283,0.0203083036,0.0155314032,0.0040301317,0.0098777220,0.0097866301,0.0064640275,0.0187327417,0.0002197700,0.0075252436,0.0095154950,0.0117313935
2014-11-03,0.0037747586,-0.0157861649,0.0041931279,0.0011892512,-0.0012684418,0.0000000000,0.0038536190,-0.0070248613,0.0065976484,0.0077348643,0.0030295210,-0.0001189218
2014-11-04,0.0004177861,-0.0205715555,-0.0002455550,0.0001482824,-0.0005436870,-0.0120406647,0.0053313994,-0.0104036452,-0.0052437426,0.0011915380,-0.0062649938,-0.0028298417
2014-11-05,0.0066838616,0.0175625332,0.0027028450,-0.0010390587,0.0061692335,0.0040125911,0.0070005428,0.0096722007,0.0226227854,0.0000000000,-0.0021387410,0.0057004974
2014-11-06,0.0016594768,0.0125948461,-0.0004900139,0.0060933161,0.0104600633,0.0084382928,0.0021067456,0.0081212792,-0.0169675478,-0.0042299111,-0.0097021571,0.0037755130
2014-11-07,0.0004142727,0.0110556213,0.0012253667,-0.0098966727,0.0014279768,-0.0016147904,0.0035733351,0.0047513366,0.0104875460,-0.0007969049,0.0074046282,0.0003495862
2014-11-10,0.0053831334,-0.0089985045,0.0026935802,0.0101445171,0.0049899541,-0.0005883495,0.0043988720,0.0026724544,0.0049730627,0.0045171625,0.0066721440,0.0031201847
2014-11-11,-0.0032952520,0.0029887423,0.0004887666,0.0036924733,-0.0012413154,0.0042665590,-0.0018768189,0.0049212288,-0.0036577531,-0.0025128707,-0.0007862092,0.0006966942
2014-11-12,-0.0020658660,-0.0088242766,0.0031728113,-0.0014718960,0.0014204570,0.0046883495,0.0000000000,0.0024485152,-0.0174906188,-0.0051708311,0.0094434005,-0.0007011167
2014-11-13,-0.0004141012,-0.0132963014,0.0053527598,-0.0007368624,-0.0028368010,0.0062699869,0.0035521195,0.0002030695,-0.0081318630,0.0039984838,0.0032301693,0.0005298447
2014-11-14,-0.0033142422,0.0101941467,0.0070185118,-0.0082581943,0.0012447096,0.0039125050,-0.0056211858,0.0030529906,-0.0042102937,-0.0061070087,0.0062163825,0.0002402702
2014-11-17,0.0000000000,-0.0052197885,-0.0019226870,0.0049071981,-0.0014205421,-0.0011549402,0.0066999930,-0.0002031941,0.0131283547,0.0037403004,-0.0059578462,0.0007353590
2014-11-18,0.0033252629,0.0008164553,0.0033708412,0.0161290565,0.0074690825,0.0018784849,0.0037434873,0.0119725619,0.0028555522,0.0047904020,-0.0012206182,0.0051339833
2014-11-19,-0.0020712424,0.0052431775,-0.0064793459,-0.0055337591,-0.0030006802,0.0041831782,0.0041445180,-0.0014035892,-0.0008756562,-0.0062243593,-0.0125571508,-0.0015011590
2014-11-20,0.0000000000,0.0125169877,0.0050726154,-0.0042467548,0.0026554367,0.0043089855,-0.0043335134,0.0052207004,-0.0021923703,0.0027982297,0.0023629795,0.0019670962
2014-11-21,0.0049814692,0.0130494086,0.0014416731,0.0047058697,0.0097123924,0.0024313567,0.0041446192,0.0121856684,0.0039541305,0.0073091486,0.0033682353,0.0052368774
2014-11-24,0.0066085935,-0.0076832467,0.0052794359,0.0051231720,0.0026234225,0.0092734693,-0.0006185402,-0.0045392243,-0.0083148936,0.0029020834,-0.0041400587,0.0028640233
2014-11-25,-0.0008205459,-0.0162838718,0.0004779035,0.0013103701,0.0029651701,0.0031105207,0.0008259488,-0.0035685520,0.0000000000,0.0027627347,-0.0019100490,-0.0011500297
2014-11-26,0.0012320397,-0.0126168239,0.0090669446,0.0061084259,-0.0019132511,-0.0001417533,0.0045393997,0.0007955527,0.0044130306,0.0074774412,0.0100191192,0.0028059819
2014-11-28,0.0008204490,-0.0642436399,0.0047290659,0.0062151646,-0.0083636780,0.0121218357,0.0127367292,-0.0226633880,0.0105447758,0.0028645098,0.0021180446,-0.0025424272
2014-12-01,-0.0069672909,0.0035077228,-0.0112966875,-0.0024414183,-0.0128271689,-0.0110014536,-0.0064910211,-0.0103747772,0.0019565863,-0.0036355334,-0.0124568976,-0.0068293625
2014-12-02,0.0094922161,0.0108612558,0.0002380606,0.0110882774,0.0085438957,0.0038018973,0.0034708945,0.0059608169,0.0067263869,0.0035185763,-0.0104746404,0.0063844611
2014-12-03,0.0044972632,0.0122266642,0.0035695375,0.0015669692,0.0134133650,0.0016832916,-0.0071213046,0.0147121074,-0.0028026680,-0.0009090013,-0.0047802802,0.0037647427
2014-12-04,0.0012205916,-0.0086623280,0.0000000000,-0.0012798864,-0.0050506362,-0.0005599718,-0.0008194106,0.0030202429,-0.0008639320,0.0015594614,-0.0045747335,-0.0011618962
2014-12-05,0.0089436971,-0.0119384941,-0.0011858908,0.0079737606,0.0022755572,0.0022415073,0.0018455335,-0.0008031280,-0.0077872870,-0.0051904666,0.0020685889,0.0016652165
2014-12-08,0.0048347187,-0.0404833157,-0.0102087310,0.0035317520,-0.0110025872,-0.0081089165,-0.0020470170,-0.0158728788,0.0080664531,0.0044351126,-0.0074525965,-0.0072565652
2014-12-09,-0.0024053181,0.0109046268,-0.0002395727,-0.0042233955,0.0001766267,-0.0018316627,-0.0032819668,0.0026544957,0.0049740782,0.0033766984,-0.0139769848,-0.0002378235
2014-12-10,-0.0128624269,-0.0308205811,-0.0151152983,-0.0154083690,-0.0190674163,-0.0132732919,-0.0094671132,-0.0205662557,-0.0124812943,-0.0023300709,-0.0168701454,-0.0163509688
2014-12-11,0.0024431296,-0.0006623434,0.0043850887,0.0028714342,0.0048595759,0.0081568127,0.0083109907,0.0008315794,0.0100234856,0.0009081048,0.0067926246,0.0045356892
2014-12-12,-0.0194963931,-0.0185627746,-0.0147950369,-0.0153186115,-0.0180905326,-0.0063871466,-0.0127759846,-0.0278353154,-0.0094927319,-0.0090732355,-0.0178721103,-0.0162135873
2014-12-15,-0.0091130913,-0.0089165252,-0.0061548483,-0.0091595372,-0.0032839924,-0.0060001541,-0.0066786936,-0.0053422837,-0.0084946581,-0.0117722896,0.0003616331,-0.0063425866
2014-12-16,-0.0096157195,0.0088605810,-0.0133764225,-0.0115922032,0.0009152974,-0.0153781267,-0.0037826885,-0.0077335263,-0.0008790216,-0.0046326213,0.0009635948,-0.0084890229
2014-12-17,0.0227944303,0.0414807197,0.0188302337,0.0187059416,0.0093252606,0.0191215000,0.0145542276,0.0272788224,0.0178103737,0.0223406877,0.0188954418,0.0203524157
2014-12-18,0.0231118314,0.0192005270,0.0285855638,0.0273972003,0.0251812449,0.0164705882,0.0191271098,0.0227608248,0.0196585723,0.0089744695,-0.0030712250,0.0240152047
2014-12-19,0.0006486876,0.0319566675,0.0011076407,0.0024199784,0.0056153296,0.0027310150,-0.0010276721,0.0123169966,0.0016457201,0.0020631019,0.0009477252,0.0045700489
2014-12-22,0.0068884123,-0.0101776651,0.0120285169,-0.0095155573,0.0095422702,0.0097355645,0.0096669032,0.0006143478,0.0025612691,0.0164668145,0.0082865913,0.0038104639
2014-12-23,0.0056334431,0.0121630206,0.0026144504,-0.0229425972,0.0036760574,0.0055902493,0.0069259362,0.0077789588,0.0025540214,-0.0050622255,0.0023475611,0.0017463617
2014-12-24,-0.0016005054,-0.0073091404,-0.0009486622,0.0073376588,0.0010460126,-0.0016675893,-0.0010113480,-0.0034531238,0.0184714746,-0.0041133137,0.0019910319,-0.0001392965
2014-12-26,0.0000000000,-0.0002495715,0.0042713789,0.0071389150,0.0000000000,0.0054291397,0.0016199627,0.0034650892,0.0120908249,0.0038718526,0.0065458786,0.0033095746
2014-12-29,0.0036072597,0.0036200639,-0.0049623036,0.0034719569,0.0015681940,0.0076142445,-0.0030326222,0.0000000000,0.0115345918,0.0043710589,0.0002322533,0.0008617745
2014-12-30,-0.0011978657,-0.0079602128,-0.0071237966,-0.0043245316,-0.0059140818,-0.0046717209,-0.0044616416,-0.0034531238,-0.0207699714,-0.0010238736,-0.0071985049,-0.0048886047
2014-12-31,-0.0111963183,-0.0075222528,-0.0110020973,-0.0099904772,-0.0099737578,-0.0040032443,-0.0122224451,-0.0097838273,-0.0180909861,-0.0153762784,-0.0092387044,-0.0103108584
2015-01-02,0.0000000000,0.0046739499,-0.0019346710,0.0036560882,-0.0012372637,-0.0072070704,-0.0028871817,0.0014406258,0.0046591593,0.0123629955,0.0016526673,-0.0003399637
2015-01-05,-0.0210266231,-0.0413679957,-0.0152654498,-0.0050993541,-0.0233588016,-0.0191261379,-0.0070322593,-0.0254880616,-0.0122262529,0.0033422799,-0.0146123623,-0.0182781051
2015-01-06,-0.0152826732,-0.0146901204,-0.0120569238,-0.0033683744,-0.0123209260,-0.0099632786,-0.0012498582,-0.0088588921,0.0006403761,0.0073030394,-0.0083712575,-0.0088934717
2015-01-07,0.0104863609,0.0021293309,0.0084680730,0.0235118920,0.0075213036,0.0158138392,0.0171014391,0.0112791580,0.0098101508,0.0129737611,0.0055474429,0.0116298427
2015-01-08,0.0149439063,0.0224496086,0.0219805140,0.0170857975,0.0200294679,0.0150014425,0.0151732477,0.0237791731,0.0069694934,0.0056503629,0.0137923758,0.0178882806
2015-01-09,-0.0134972217,-0.0079252931,-0.0031416543,-0.0088937534,-0.0107105222,-0.0115729375,-0.0080791739,-0.0051384095,-0.0062921243,0.0003748724,-0.0042589212,-0.0084038110
2015-01-12,-0.0082910565,-0.0288109186,-0.0116361708,0.0004273844,-0.0068564243,-0.0053599178,-0.0030542352,-0.0022729821,-0.0023215384,0.0054913739,0.0067720048,-0.0080936852
2015-01-13,-0.0033447449,-0.0079552844,-0.0007354086,-0.0044136093,-0.0019988166,0.0000000000,-0.0002044440,-0.0111826122,0.0027504661,-0.0026065755,0.0034223386,-0.0025785552
2015-01-14,-0.0142621243,0.0031261489,-0.0056460618,-0.0015727796,-0.0054615706,-0.0120550572,-0.0030644302,-0.0117273512,0.0086491512,0.0065961616,-0.0034106662,-0.0058130673
2015-01-15,-0.0123406238,-0.0127371714,-0.0128359611,-0.0107417154,-0.0047592577,-0.0129203599,0.0016393229,-0.0019075178,0.0079477945,0.0013600107,-0.0061367627,-0.0092478759
2015-01-16,0.0120641931,0.0325279366,0.0097519039,0.0188209624,0.0066211478,0.0132344732,0.0079786327,0.0159235429,0.0089238403,0.0085199561,0.0151987849,0.0134241994
2015-01-20,-0.0042569569,0.0011961420,0.0084205991,0.0000000000,0.0071259717,-0.0057414638,0.0040589500,0.0016724077,0.0024682124,-0.0078358419,0.0040936483,0.0015499524
2015-01-21,0.0025647331,0.0203133757,0.0017188804,0.0019900787,0.0081640327,0.0064962429,0.0048517825,0.0098058366,0.0096425994,-0.0014807067,0.0008149141,0.0047316240
2015-01-22,0.0247339987,0.0046841768,0.0164255432,0.0119127702,0.0160157572,0.0187895303,0.0100580776,0.0126031778,-0.0042669977,0.0195252620,0.0065180176,0.0152697219
2015-01-23,-0.0108203449,-0.0071230115,-0.0002409163,-0.0057463257,-0.0083244317,-0.0014077920,-0.0111528086,-0.0155072225,0.0028568554,-0.0020604252,-0.0087881888,-0.0054915224
2015-01-26,0.0050489345,0.0143490836,-0.0041016113,0.0052157065,0.0012504687,0.0052165824,0.0000000000,0.0043524322,-0.0006103271,0.0098384618,-0.0008164763,0.0025684609
2015-01-27,-0.0108833889,-0.0006428682,-0.0288273096,-0.0071515200,-0.0132003591,-0.0079944322,-0.0114804080,-0.0068100099,0.0014250037,-0.0013234330,-0.0087567092,-0.0133878624
2015-01-28,-0.0181970233,-0.0393773242,-0.0017463268,-0.0144074323,-0.0086768743,-0.0130073034,-0.0116135274,-0.0180757956,-0.0085395381,-0.0071055389,-0.0081271568,-0.0134956094
2015-01-29,0.0081895885,0.0033493756,0.0094950107,0.0084552621,0.0114880035,0.0136088319,0.0080389530,0.0131189046,0.0133302749,0.0016977380,0.0009498635,0.0095346853
2015-01-30,-0.0162468117,0.0086779969,-0.0123761129,-0.0156311592,-0.0162249560,-0.0108821313,-0.0179955778,-0.0039681259,-0.0220605536,-0.0163469494,-0.0139993751,-0.0129919653
2015-02-02,0.0160804464,0.0305758173,0.0102756674,0.0056299931,0.0148431979,0.0090010175,0.0118698874,0.0090163791,0.0043462763,-0.0032010042,0.0212971542,0.0129624637
2015-02-03,0.0166805090,0.0273566601,0.0114116129,0.0067471857,0.0162514941,0.0212410716,0.0088500442,0.0220283823,0.0037087874,0.0092626504,0.0220309188,0.0144394953
2015-02-04,-0.0025241614,-0.0165022673,0.0019625149,-0.0125483204,-0.0076403022,0.0066551361,0.0004078593,-0.0065067667,-0.0121119696,-0.0029371027,0.0026516388,-0.0041560462
2015-02-05,0.0101221955,0.0143638507,0.0093023003,0.0168953269,0.0085944490,0.0061981543,0.0050981161,0.0241507234,0.0091435747,0.0104321572,0.0072431237,0.0102914067
2015-02-06,0.0079333776,0.0002508284,-0.0031535055,-0.0090887500,-0.0023081868,-0.0015056371,-0.0044638721,-0.0023978626,-0.0411862286,-0.0263576756,0.0062775054,-0.0034181723
2015-02-09,-0.0049710055,0.0010023129,-0.0014596443,-0.0117507028,-0.0026684939,-0.0038386443,-0.0075400859,-0.0012018131,-0.0088059653,-0.0047400877,-0.0024953800,-0.0042471944
2015-02-10,0.0079101958,-0.0005010289,0.0148639222,0.0168214208,0.0055303941,0.0122487414,0.0117042530,0.0074203228,0.0205851969,0.0035093665,0.0095521793,0.0106755610
2015-02-11,0.0000000000,-0.0070119293,0.0038412615,0.0009982908,0.0003549550,0.0002714526,0.0046681078,-0.0015923056,-0.0216561611,-0.0021230856,0.0006757003,-0.0000290336
2015-02-12,0.0099132639,0.0131146052,0.0136336408,0.0035610838,0.0094005645,0.0118258625,0.0046464178,0.0171485793,-0.0045572538,0.0107645964,0.0030390702,0.0096445064
2015-02-13,-0.0008179269,0.0211605112,0.0063704203,0.0039756796,0.0045686684,0.0060454143,-0.0046249285,0.0084293554,-0.0152606719,-0.0054486668,0.0010101632,0.0040747385
2015-02-17,0.0032749812,0.0030470132,0.0004690019,0.0072113770,0.0013993761,-0.0022702793,0.0002023184,0.0011667675,-0.0008851496,-0.0028639639,-0.0004484155,0.0015975745
2015-02-18,-0.0061200852,-0.0119094615,0.0009375641,0.0011230047,0.0055892740,-0.0005348674,0.0054531234,0.0027182598,0.0237093453,0.0084915059,-0.0065052553,-0.0003143092
2015-02-19,-0.0041052803,-0.0046729707,0.0035117557,0.0016830375,0.0017371480,0.0030799728,-0.0064279937,0.0027109838,-0.0112557118,-0.0190687078,-0.0027096405,-0.0010620573
2015-02-20,0.0074192343,-0.0048192750,0.0051329303,0.0104999879,0.0084965833,0.0070747325,0.0028303497,0.0028966996,0.0002187715,0.0092142857,0.0044151424,0.0061265336
2015-02-23,-0.0024543690,-0.0040969672,0.0006966833,0.0045712559,-0.0042983313,-0.0009277154,0.0028227790,-0.0011553886,0.0067850804,0.0078800685,-0.0085653386,-0.0003033392
2015-02-24,0.0049217103,0.0027423985,0.0030154776,-0.0012406575,0.0039714324,0.0047763091,0.0034181309,0.0042412945,0.0073910422,-0.0188632052,0.0023867797,0.0027587709
2015-02-25,0.0000000000,0.0054705401,-0.0062443264,-0.0004143420,-0.0020638028,0.0076585404,-0.0034064871,-0.0028794613,-0.0164003045,0.0021504885,0.0048769677,-0.0007657236
2015-02-26,-0.0024492480,-0.0185485846,0.0062835631,0.0027624911,-0.0044814247,-0.0031450592,0.0014073126,-0.0063531824,-0.0065821419,-0.0084564739,-0.0030475886,-0.0014760282
2015-02-27,-0.0036820593,-0.0044092485,-0.0034692158,-0.0048214222,-0.0046742883,-0.0013144620,0.0040154651,-0.0023251969,-0.0011038863,0.0071280075,0.0030569048,-0.0029563045
2015-03-02,0.0073922895,-0.0069603054,0.0078905064,0.0089977603,0.0092189787,0.0119783276,0.0017991889,0.0066028375,-0.0192352856,0.0039185220,0.0023693300,0.0061249193
2015-03-03,-0.0028536445,0.0036956456,-0.0066776884,-0.0090546617,-0.0063770959,-0.0027318049,-0.0037918107,-0.0054020007,0.0060868878,-0.0026437250,-0.0013507926,-0.0045385422
2015-03-04,-0.0061326561,-0.0013967477,-0.0039403280,0.0048454515,-0.0078059924,-0.0052168155,-0.0070125929,-0.0034917159,-0.0056015451,-0.0083314614,-0.0075536149,-0.0043885035
2015-03-05,0.0041135455,-0.0059755990,-0.0011637730,0.0035823081,0.0006994030,0.0006551671,0.0034294993,-0.0042828555,0.0078863264,0.0033095899,0.0005680752,0.0011960800
2015-03-06,-0.0073740007,-0.0179076604,-0.0123484380,-0.0196317643,-0.0136268256,-0.0119232870,-0.0195050652,-0.0134898194,-0.0299574754,-0.0304493282,-0.0170297226,-0.0141739466
2015-03-09,0.0045398637,-0.0071630571,0.0047180659,0.0061615040,0.0093874934,0.0057025511,0.0055373194,0.0013876182,0.0018435577,0.0088981940,-0.0005775888,0.0039444212
2015-03-10,-0.0213641779,-0.0139054213,-0.0204272559,-0.0111346798,-0.0184243681,-0.0155590327,-0.0142769181,-0.0152385659,-0.0018401652,-0.0049286371,-0.0158325597,-0.0169613301
2015-03-11,0.0062974313,0.0029266697,-0.0064714112,-0.0005628277,-0.0010727762,-0.0054923012,-0.0076560684,-0.0012061598,-0.0064530238,0.0014341793,0.0015261587,-0.0019176796
2015-03-12,0.0216935292,-0.0063670222,0.0065135631,0.0132376963,0.0128847120,0.0203374212,0.0145957684,0.0124753229,0.0190208605,0.0165297812,0.0140699423,0.0126014396
2015-03-13,-0.0069414400,-0.0037377159,-0.0055128113,-0.0019458001,-0.0091870529,-0.0079198409,-0.0078094264,-0.0095392224,-0.0102436096,-0.0037133682,-0.0067061839,-0.0060747110
2015-03-16,0.0123356217,0.0135332327,0.0118092831,0.0221417946,0.0165832260,0.0117077515,0.0122203975,-0.0016049579,0.0172492305,0.0109243416,0.0095450971,0.0135336712
2015-03-17,-0.0024371916,-0.0038339158,0.0002383475,-0.0028612301,-0.0040341291,-0.0055230572,-0.0071618315,-0.0110534268,-0.0015821660,-0.0008903509,-0.0001155114,-0.0033201737
2015-03-18,0.0057002004,0.0290643257,0.0135748926,0.0129799197,0.0117999020,0.0088603568,0.0068017511,0.0152409778,0.0269472507,0.0197231523,0.0156826717,0.0121584214
2015-03-19,-0.0093113102,-0.0158626407,-0.0028196557,0.0057997989,-0.0067885872,-0.0014418063,-0.0045041846,-0.0172138022,-0.0092613441,-0.0014976059,-0.0034058810,-0.0048725794
2015-03-20,0.0135769926,0.0147107401,0.0064593812,0.0072349053,0.0056511575,0.0111294125,0.0125378267,0.0064398651,0.0089951957,0.0242440839,0.0074046282,0.0090127547
2015-03-23,-0.0056655184,-0.0035104499,0.0000000000,-0.0028037785,-0.0084033093,-0.0016935958,0.0016354108,0.0000000000,0.0006671608,-0.0014644165,0.0047496779,-0.0017457310
2015-03-24,-0.0081405390,-0.0066546225,-0.0032908383,-0.0087022761,-0.0033541906,-0.0052189434,-0.0057124396,-0.0032499721,-0.0111087120,-0.0080640810,-0.0066403935,-0.0061394220
2015-03-25,-0.0160028902,0.0130041519,-0.0257079419,-0.0182337932,-0.0170062533,-0.0162643614,-0.0024622841,-0.0112084184,-0.0116829107,-0.0165180450,-0.0196010523,-0.0145589057
2015-03-26,-0.0008341191,-0.0011668095,0.0007264091,-0.0023384673,-0.0027031931,-0.0062670069,-0.0043191569,0.0022669957,-0.0084110084,-0.0056823448,0.0016176664,-0.0023775000
2015-03-27,-0.0012521627,-0.0081788269,0.0007256718,0.0071706309,0.0037947619,0.0050993619,0.0061971418,-0.0004112219,0.0059605168,0.0034287407,0.0005769892,0.0023685614
2015-03-30,0.0146262544,0.0214660099,0.0120858647,0.0101311690,0.0140413540,0.0102784726,0.0100595515,0.0135773815,0.0123061981,0.0112648549,0.0064574569,0.0122366452
2015-03-31,-0.0070019910,-0.0058944363,-0.0102700506,-0.0173491904,-0.0099417651,-0.0043607315,-0.0093494968,-0.0099450863,0.0002250674,-0.0072591999,-0.0095096287,-0.0087957750
2015-04-01,-0.0008290209,-0.0002578727,-0.0014477371,-0.0100687620,-0.0066337453,-0.0043798308,0.0012309308,0.0028698976,0.0009004365,-0.0001263885,0.0159633168,-0.0039653713
2015-04-02,0.0049807783,0.0020629007,-0.0002414471,0.0030656508,0.0005413655,0.0089314499,0.0067624819,0.0010221071,0.0017988223,0.0066828118,0.0116131668,0.0035296670
2015-04-06,0.0016524499,0.0180131452,0.0096686078,0.0015275342,0.0075768639,0.0047558082,0.0079377983,0.0079640801,0.0139171458,0.0100200844,0.0019133782,0.0066088151
2015-04-07,-0.0053609303,0.0006323589,-0.0021547086,0.0023580496,-0.0023274610,-0.0055223316,-0.0046444367,-0.0016206578,-0.0115120868,-0.0162450966,-0.0065150675,-0.0020619041
2015-04-08,0.0037312093,-0.0080840222,0.0031196561,0.0084408755,0.0034098215,0.0093876683,0.0016230668,0.0028409733,-0.0029111719,0.0027733449,0.0023742004,0.0026825331
2015-04-09,0.0016524499,0.0160448323,0.0026304696,0.0075461030,0.0048292624,0.0009169862,0.0028358684,0.0028324414,-0.0042677796,-0.0175991210,-0.0010155099,0.0044574810
2015-04-10,-0.0004125953,0.0043868106,0.0038170124,0.0085799121,0.0140619547,0.0034024736,0.0018177322,0.0028251165,0.0074436580,-0.0006396819,0.0002260386,0.0052028650
2015-04-13,0.0037132763,-0.0099828094,-0.0028518479,-0.0054010351,-0.0094786513,-0.0054780121,-0.0046371521,-0.0040243599,-0.0098517704,-0.0028166776,-0.0002259875,-0.0045812806
2015-04-14,0.0000000000,0.0180236472,-0.0030981138,0.0016291032,0.0012404048,-0.0005243037,0.0022276834,0.0042424732,0.0049747421,0.0020542853,-0.0006771686,0.0016297589
2015-04-15,0.0036988838,0.0238950562,0.0088456304,0.0025753167,0.0017697763,0.0000000000,-0.0028292530,0.0096558684,0.0024751814,-0.0058943331,0.0071186163,0.0051481957
2015-04-16,0.0016380614,-0.0022974043,-0.0035551349,-0.0005408414,-0.0021200455,0.0019680472,0.0036482002,-0.0021912798,-0.0065093831,0.0041244587,-0.0030293908,-0.0007784436
2015-04-17,-0.0134914025,-0.0072718527,-0.0137927732,-0.0086572745,-0.0120395817,-0.0147977234,-0.0092889773,-0.0091855930,-0.0036148997,-0.0052631237,-0.0119285839,-0.0113112455
2015-04-20,0.0041439494,0.0037846440,0.0171211271,0.0061406552,0.0116487313,0.0110322738,0.0034649763,0.0072552777,0.0149658938,0.0012904688,0.0126420498,0.0092351317
2015-04-21,-0.0049524807,-0.0105812362,-0.0004743525,0.0066445218,-0.0012400479,0.0010519070,0.0018283848,-0.0074027403,-0.0089363275,0.0007736440,0.0005625573,-0.0014806053
2015-04-22,0.0070513646,0.0066376316,0.0101986833,0.0016169035,0.0042567182,0.0009193948,0.0006080710,0.0020153964,0.0020286542,0.0029620377,0.0053956073,0.0050874804
2015-04-23,0.0016472675,0.0068387447,0.0039917578,0.0037658602,-0.0010596483,0.0049859309,-0.0034446153,0.0026153995,0.0056241180,0.0017971801,0.0147585247,0.0023577159
2015-04-24,-0.0016445585,-0.0057006972,0.0086527385,-0.0032157349,-0.0042432539,0.0135788127,0.0002033371,0.0084269652,0.0100672852,0.0016663582,-0.0013221241,0.0022528006
2015-04-27,-0.0037066205,-0.0010978553,0.0027827229,-0.0181474510,-0.0003550700,-0.0087594936,-0.0054891952,0.0087541450,-0.0119600433,-0.0026871460,-0.0075022635,-0.0041413142
2015-04-28,0.0057874252,0.0050069264,0.0032373170,0.0049287312,0.0017761459,-0.0035086209,0.0010226154,0.0013810324,0.0071731365,-0.0002565622,0.0146730079,0.0027692317
2015-04-29,-0.0004112385,0.0077766468,-0.0048403059,-0.0091281430,-0.0049646717,-0.0067814364,-0.0089851977,-0.0005909740,-0.0042283494,-0.0196356352,-0.0023006390,-0.0037403356
2015-04-30,-0.0078124572,-0.0031347675,-0.0138950872,-0.0140244105,-0.0087312965,-0.0111608741,-0.0032971807,-0.0063066968,-0.0116228482,-0.0116507192,-0.0157020942,-0.0101289066
2015-05-01,0.0087030263,0.0022979594,0.0122121107,0.0135262939,0.0125832675,0.0138098328,0.0090963376,0.0164616011,0.0056532453,0.0052977163,0.0005576641,0.0109230017
2015-05-04,0.0098595983,-0.0025343173,0.0009278504,0.0063294073,0.0015977793,0.0020954840,0.0014342553,-0.0027314898,0.0074209034,0.0026355728,-0.0002228790,0.0029407487
2015-05-05,-0.0089496949,-0.0123398823,-0.0155304580,-0.0125785673,-0.0134706422,-0.0104559615,-0.0079787147,-0.0113478083,-0.0223216317,-0.0219446654,-0.0137166085,-0.0118373837
2015-05-06,-0.0049264655,-0.0039193220,-0.0084768765,-0.0038771184,-0.0005389206,-0.0040944699,0.0030936710,0.0001974539,-0.0054795780,-0.0026873346,-0.0118730039,-0.0044557248
2015-05-07,0.0070134882,-0.0108217133,0.0073619073,0.0047262674,0.0052134624,0.0051723035,0.0024669229,0.0043532491,0.0036734935,0.0132024066,-0.0050347340,0.0037738134
2015-05-08,0.0143384620,0.0164100453,0.0143800700,0.0161866156,0.0118024529,0.0106871904,0.0084084217,0.0159571808,0.0070904246,0.0152905971,0.0079352235,0.0134579012
2015-05-11,-0.0036352317,-0.0188356633,-0.0051128904,0.0005447331,-0.0008839248,-0.0044383009,-0.0040670469,-0.0046538025,-0.0068133192,-0.0145365039,-0.0037648545,-0.0050895605
2015-05-12,-0.0036484948,0.0046120153,-0.0053723455,-0.0063954723,-0.0010612529,-0.0018361221,-0.0022469300,-0.0105202697,-0.0011437186,0.0029236414,0.0036649785,-0.0029496377
2015-05-13,0.0004075277,-0.0026055016,0.0042270299,0.0010958189,0.0021249256,-0.0063057875,-0.0004090218,-0.0011810123,-0.0098439849,-0.0083475611,-0.0023964659,-0.0003049548
2015-05-14,0.0089464027,-0.0003734086,0.0161364926,0.0138166222,0.0100726115,0.0044953143,0.0153563445,0.0104473589,0.0115601331,0.0181717492,0.0048046587,0.0107792866
2015-05-15,-0.0044333035,0.0039825410,-0.0032216176,0.0020238435,-0.0008748743,0.0080279278,0.0032261841,0.0048767745,0.0130289988,0.0082679459,0.0048953117,0.0007684139
2015-05-18,0.0056680454,0.0008676147,0.0048485459,0.0059252813,0.0019260338,0.0037866076,-0.0032158093,-0.0044646913,0.0038357040,-0.0029940015,0.0049845381,0.0030479480
2015-05-19,0.0056359830,-0.0142435309,-0.0025278115,0.0046854548,-0.0027962884,-0.0002602840,-0.0026214238,-0.0048755244,0.0022476244,-0.0013050411,-0.0127381288,-0.0006433745
2015-05-20,-0.0028022564,0.0018853521,0.0006917683,0.0013323707,-0.0036802925,-0.0011705731,-0.0022242539,-0.0005881505,0.0015696492,-0.0020919760,0.0069650399,-0.0009305162
2015-05-21,-0.0024087004,0.0094055944,0.0043731416,0.0001331943,0.0054531773,0.0039072695,0.0022292122,0.0035296673,-0.0004475321,-0.0045846455,0.0026078124,0.0023378745
2015-05-22,0.0004020501,-0.0036035265,-0.0006876833,-0.0023950384,-0.0045488901,-0.0016864446,-0.0042459056,-0.0011724798,-0.0015680135,0.0002633583,-0.0071249529,-0.0022338863
2015-05-26,-0.0112633695,-0.0158350174,-0.0144488974,-0.0101357905,-0.0108963621,-0.0071483046,-0.0079191896,-0.0125192615,-0.0062822726,-0.0060519656,-0.0011392561,-0.0102819802
2015-05-27,0.0109852115,-0.0017734820,0.0188499991,0.0115869090,0.0063964650,0.0074617243,0.0063448417,0.0065371133,0.0040639063,0.0075448312,0.0085533161,0.0091626413
2015-05-28,-0.0012071998,-0.0039343603,-0.0020557826,0.0006661641,-0.0047668577,-0.0016891905,-0.0014232309,0.0025586837,0.0022489432,-0.0006572359,-0.0035060314,-0.0012667609
2015-05-29,-0.0088638489,-0.0011469675,-0.0073239550,-0.0025289798,-0.0099341341,-0.0068981970,-0.0063138246,-0.0064780816,-0.0015704761,-0.0107791228,-0.0014745164,-0.0063184692
2015-06-01,0.0008129787,-0.0025513983,0.0027669218,0.0040032243,0.0044795171,0.0028831918,0.0000000000,0.0003950393,0.0013483451,0.0097007773,-0.0088635515,0.0020594613
2015-06-02,0.0016246367,0.0069064952,-0.0020695900,-0.0065125448,0.0019620251,0.0022214698,-0.0026647232,0.0031600105,-0.0132411193,-0.0081602959,0.0058469797,-0.0010085962
2015-06-03,0.0085157429,-0.0068591227,0.0020738821,0.0018732847,0.0049850010,0.0078237048,-0.0006162130,0.0009843808,-0.0147824642,-0.0120751628,0.0093469738,0.0021188711
2015-06-04,-0.0088461468,-0.0135567497,-0.0091977899,-0.0069440106,-0.0111603485,-0.0071158230,-0.0071973945,-0.0118014236,-0.0013854521,-0.0009402063,-0.0077924740,-0.0086231676
2015-06-05,0.0056796622,0.0070012575,-0.0032491363,-0.0004037120,0.0007163342,-0.0028668857,-0.0142913779,-0.0045781221,-0.0124823202,-0.0120999811,-0.0069428460,-0.0014361829
2015-06-08,-0.0060508429,-0.0056648647,-0.0111756169,-0.0049766339,-0.0073398777,-0.0070568975,-0.0004203695,-0.0035992526,-0.0058523218,-0.0020415227,-0.0013748854,-0.0064745098
2015-06-09,0.0024353301,-0.0001298283,-0.0023546482,-0.0002705139,-0.0001799008,-0.0010535818,0.0048347130,0.0006022182,-0.0023542712,-0.0072274222,-0.0022955575,0.0004183530
2015-06-10,0.0141699961,0.0123025948,0.0155770908,0.0123058084,0.0099204222,0.0102770350,0.0098328633,0.0104291624,0.0049565146,0.0071427737,0.0083978164,0.0120424248
2015-06-11,0.0039917558,-0.0044774947,0.0004642764,0.0068127166,0.0057154359,0.0033908307,-0.0004148741,0.0023817208,0.0079847003,0.0079106689,0.0052472642,0.0017386264
2015-06-12,-0.0043734850,-0.0111798126,-0.0088263321,-0.0123391441,-0.0058607698,-0.0045492880,-0.0039369130,-0.0059406749,-0.0088536926,-0.0018943345,-0.0040854132,-0.0069942999
2015-06-15,-0.0043936222,-0.0023393152,-0.0060937355,0.0012086388,-0.0083954087,-0.0047001503,-0.0072828619,-0.0061750246,-0.0016457407,-0.0051521700,-0.0039879103,-0.0046225725
2015-06-16,0.0056162217,0.0078158724,0.0066023654,0.0049646245,0.0009007117,0.0060344106,0.0108988804,0.0052114457,0.0047094443,0.0084494324,0.0049193936,0.0056898566
2015-06-17,-0.0011964906,-0.0024559022,0.0004684825,0.0009345519,0.0026995357,0.0045641183,0.0053909012,0.0041873890,0.0084368416,0.0062159863,-0.0009110345,0.0019796413
2015-06-18,0.0091852023,-0.0006475612,0.0088974060,0.0141387043,0.0100522419,0.0120717971,0.0111362392,0.0083397609,0.0132465575,0.0138332264,0.0097996573,0.0099027106
2015-06-19,-0.0166932844,-0.0092793559,-0.0083222731,-0.0007783710,-0.0048580104,-0.0035130525,-0.0013954885,-0.0067062731,-0.0096511328,-0.0064912000,-0.0009028056,-0.0053035017
2015-06-22,0.0153592656,0.0122511934,0.0082274717,0.0077931009,0.0061020535,0.0055520895,0.0039048182,0.0037840455,-0.0014024525,-0.0098667125,0.0046307309,0.0060948666
2015-06-23,0.0019910138,0.0032536312,0.0006995377,0.0019654284,-0.0024975704,0.0039810231,-0.0042990426,-0.0027779517,-0.0135732038,-0.0048476256,0.0087687821,0.0006358685
2015-06-24,-0.0083433263,-0.0062264461,-0.0046597876,-0.0100718209,-0.0092986394,-0.0069067266,-0.0045226685,-0.0127335963,-0.0078294823,-0.0056251140,-0.0086925590,-0.0073532970
2015-06-25,-0.0060095933,-0.0101817056,-0.0023412060,0.0055496537,-0.0077618997,-0.0007728743,-0.0018592462,-0.0008060126,-0.0066952647,-0.0094745788,0.0024727976,-0.0029735743
2015-06-26,0.0032243083,0.0032968897,-0.0084460117,-0.0014453715,0.0018192331,0.0039955706,0.0020691950,-0.0038325121,0.0060185558,0.0048518374,-0.0060555439,-0.0003900796
2015-06-29,-0.0241058664,-0.0189274744,-0.0212971354,-0.0244769986,-0.0188854146,-0.0225931812,-0.0154862305,-0.0232835731,-0.0052644463,-0.0160017805,-0.0183908716,-0.0208661939
2015-06-30,0.0037054761,0.0069669848,0.0009672550,0.0035073013,0.0005555225,0.0044650847,-0.0016776221,0.0031091109,-0.0026461537,-0.0004207991,-0.0005749076,0.0026584899
2015-07-01,0.0151763851,-0.0127725075,0.0067629898,0.0107546702,0.0049945271,0.0113756501,0.0128152184,0.0055796635,0.0060300369,0.0152875418,0.0023004174,0.0069360401
2015-07-02,-0.0044448698,0.0044469557,0.0014400027,-0.0046550204,-0.0018405781,-0.0019389022,-0.0008296954,-0.0030826674,0.0124669423,0.0022100737,-0.0028685210,-0.0003080227
2015-07-06,-0.0040580760,-0.0131491097,-0.0040733299,-0.0004009622,-0.0038726061,-0.0019431143,-0.0008307029,-0.0082456368,0.0040255906,0.0045486018,-0.0075952172,-0.0038617569
2015-07-07,0.0020372467,0.0091096255,0.0014436053,0.0048123746,0.0081455683,0.0086958142,0.0205696305,-0.0033258353,0.0247642172,0.0153679678,-0.0005798661,0.0060809751
2015-07-08,-0.0174868835,-0.0202102789,-0.0163338848,-0.0171612965,-0.0179949268,-0.0190425987,-0.0111974806,-0.0218975958,-0.0052936453,-0.0052704170,-0.0126464901,-0.0166527491
2015-07-09,0.0078642343,0.0050881831,-0.0039078607,0.0054143299,0.0024303739,0.0041971384,0.0008238619,0.0029849568,-0.0111059864,-0.0047548716,-0.0030549084,0.0022622026
2015-07-10,0.0119096323,0.0054722237,0.0159350214,0.0134625313,0.0104458943,0.0144979212,0.0117261857,0.0140307538,0.0053812678,0.0069618535,0.0133191807,0.0123384851
2015-07-13,0.0121753987,0.0070764907,0.0152029588,0.0085010052,0.0110763458,0.0144208060,0.0093529922,0.0109011225,0.0004652945,0.0014911735,0.0051178924,0.0110660492
2015-07-14,0.0024062047,0.0071608702,0.0038032108,0.0100111658,0.0027383917,0.0012689037,0.0016115884,0.0055995331,-0.0013952975,0.0027069842,0.0079853513,0.0044531592
2015-07-15,0.0083998276,-0.0175746510,0.0002369599,0.0013039915,-0.0041874567,-0.0010142288,-0.0026145146,-0.0078366394,0.0048910279,0.0009445519,-0.0068890443,-0.0007349861
2015-07-16,0.0099162036,0.0013656424,0.0127839061,0.0046884825,0.0045714522,0.0060910058,0.0102844402,-0.0024944259,0.0148355970,0.0071476535,0.0112140394,0.0080146804
2015-07-17,-0.0027490163,-0.0121367401,0.0154279874,-0.0022034247,-0.0003647197,-0.0017658919,-0.0005991029,-0.0068760565,-0.0098214732,-0.0038830424,-0.0059449102,0.0011061830
2015-07-20,0.0011809268,-0.0132521760,0.0052945881,0.0032479340,0.0001825107,0.0005053400,0.0017975690,-0.0083930917,-0.0050753751,0.0017475239,0.0010347216,0.0007712339
2015-07-21,-0.0011795338,0.0004193596,-0.0066407891,-0.0044027571,-0.0107409535,-0.0031567795,-0.0023922201,-0.0061363068,-0.0090420388,-0.0036233559,-0.0114886988,-0.0042616894
2015-07-22,0.0074834829,-0.0081106282,-0.0161367129,0.0022109944,-0.0044166938,0.0048136089,0.0021986294,-0.0042576383,0.0044456075,0.0028282465,-0.0091816872,-0.0023877099
2015-07-23,-0.0086006152,-0.0008458883,-0.0021087369,-0.0036339047,-0.0092418448,-0.0059255608,-0.0037889026,-0.0145393120,-0.0149082215,-0.0071176811,-0.0021114759,-0.0056760403
2015-07-24,-0.0094643913,-0.0191903121,-0.0054002584,-0.0250100047,-0.0130600349,0.0000000000,-0.0056043273,-0.0219138492,0.0009461295,0.0002703784,-0.0104618432,-0.0107033280
2015-07-27,-0.0071651689,-0.0143862625,-0.0089709289,-0.0009350254,-0.0049148308,-0.0074822344,-0.0006039618,-0.0110913032,0.0127566713,0.0021639567,-0.0053457305,-0.0057750152
2015-07-28,0.0040098400,0.0286087941,0.0090521349,0.0180530000,0.0193768232,0.0077945132,0.0112787404,0.0208615179,0.0046650005,0.0018886990,0.0019105064,0.0123861546
2015-07-29,0.0099837569,0.0136229814,0.0066103353,0.0017072793,0.0122997185,0.0102704435,0.0033858495,0.0072507543,0.0037152255,0.0051179230,0.0069141430,0.0073187953
2015-07-30,0.0000000000,-0.0069997827,0.0018761342,-0.0014426393,-0.0009205011,0.0036389118,-0.0033744242,0.0050176779,0.0074021320,-0.0037517939,0.0100628502,0.0000283673
2015-07-31,-0.0031629978,-0.0218523374,-0.0032771625,0.0057781722,-0.0009213492,0.0031262048,0.0019915144,-0.0026046735,0.0101032634,0.0064562264,0.0130096289,-0.0022715200
2015-08-03,-0.0011901596,-0.0210437766,-0.0054018292,-0.0007833624,-0.0047954342,-0.0033657620,0.0013915638,-0.0078345301,0.0052287269,0.0049439052,0.0015040574,-0.0027568867
2015-08-04,-0.0015882356,-0.0033864175,-0.0059028262,-0.0005225713,-0.0005560714,0.0042527322,0.0000000000,0.0043867235,-0.0160563010,-0.0051856083,-0.0043897652,-0.0022497048
2015-08-05,0.0039773644,-0.0075342057,0.0097384787,0.0083672481,0.0055631204,-0.0108359436,0.0087333380,0.0050230522,0.0025279198,-0.0042775179,0.0003480970,0.0031146787
2015-08-06,-0.0035657784,0.0159272031,-0.0098801578,-0.0217807558,-0.0051628485,-0.0135986638,-0.0074771006,-0.0034770847,0.0052727690,0.0000000000,-0.0076556849,-0.0077529853
2015-08-07,0.0019881790,-0.0178755244,0.0007129365,-0.0017232725,-0.0048195173,-0.0007654087,-0.0055512998,-0.0139553114,0.0123151045,0.0034902122,-0.0057276710,-0.0028748824
2015-08-10,0.0095239109,0.0319259612,0.0156694274,0.0080985680,0.0195566553,0.0080481098,0.0037878433,0.0245466643,-0.0040547294,0.0001339916,0.0202207830,0.0128081665
2015-08-11,-0.0090408908,0.0018797619,-0.0149603625,-0.0084285937,-0.0122399049,-0.0089979354,-0.0035750434,-0.0185628417,0.0049760315,0.0066878375,0.0035724553,-0.0095571025
2015-08-12,-0.0091234887,0.0181816417,0.0045089841,0.0006636677,0.0001849515,-0.0043480120,0.0005980633,0.0037390390,0.0177811624,0.0014620060,-0.0068893017,0.0009500547
2015-08-13,0.0036027764,-0.0151640846,-0.0028350663,-0.0022561894,-0.0007394121,0.0057797098,-0.0039839245,-0.0028480804,0.0002205917,0.0019898721,-0.0018497551,-0.0012752121
2015-08-14,0.0071800313,-0.0021585425,0.0049754462,0.0027938043,0.0062914106,0.0006387802,0.0031998673,0.0046139263,0.0075168679,0.0056936403,0.0088031322,0.0039119641
2015-08-17,0.0019804191,0.0021632119,0.0056575927,0.0100820240,0.0049652222,0.0095710879,0.0009969028,0.0056871315,0.0048283620,0.0075050517,0.0087265273,0.0052114242
2015-08-18,-0.0007906931,-0.0037418699,-0.0051573305,-0.0014449727,-0.0018298854,0.0008845748,-0.0049789388,-0.0065249983,-0.0024026397,0.0007843774,0.0007967862,-0.0026255302
2015-08-19,-0.0090981122,-0.0275891572,-0.0065969587,-0.0040774039,-0.0093490996,-0.0017679118,-0.0092076868,-0.0122586111,0.0041593075,-0.0054843881,-0.0046630691,-0.0082548762
2015-08-20,-0.0211578806,-0.0225786224,-0.0244309901,-0.0232429699,-0.0207257155,-0.0280870355,-0.0090907212,-0.0188388318,-0.0058859447,-0.0077472359,-0.0181698075,-0.0211001701
2015-08-21,-0.0358891645,-0.0349546983,-0.0381716189,-0.0305573471,-0.0275887512,-0.0320229425,-0.0273193243,-0.0243956346,-0.0120614717,-0.0195843794,-0.0103581303,-0.0318509657
2015-08-24,-0.0427240222,-0.0537004935,-0.0394337831,-0.0425382837,-0.0355614098,-0.0399410400,-0.0347933307,-0.0419079756,-0.0375138638,-0.0467000709,-0.0395154594,-0.0394136929
2015-08-25,-0.0132569450,-0.0144782032,-0.0078945468,-0.0100509989,-0.0130969680,-0.0040621379,-0.0076004736,-0.0157081496,-0.0306734705,-0.0252017323,-0.0166523953,-0.0135219950
2015-08-26,0.0376176438,0.0344474616,0.0503973812,0.0422305461,0.0312370235,0.0379748305,0.0295405394,0.0270072745,0.0178443294,0.0249820637,0.0256506750,0.0390338588
2015-08-27,0.0246008885,0.0494613466,0.0232324544,0.0194838210,0.0241540547,0.0234417642,0.0146648936,0.0363375336,0.0116878935,0.0201216758,0.0193029505,0.0242977486
2015-08-28,-0.0046334278,0.0227097817,0.0019745068,-0.0056783200,0.0003864562,0.0003972838,-0.0020944461,0.0057667455,-0.0030041295,-0.0011111029,-0.0008340356,0.0006087364
2015-08-31,-0.0084636021,0.0103418892,-0.0091137656,-0.0182448326,-0.0088888189,-0.0076760253,-0.0069267801,-0.0055044646,-0.0159902272,-0.0198861525,-0.0020262853,-0.0083916704
2015-09-01,-0.0324375081,-0.0352246573,-0.0320651553,-0.0262451685,-0.0265157539,-0.0253403288,-0.0205030861,-0.0304430009,-0.0270843432,-0.0190121641,-0.0238888071,-0.0295764466
2015-09-02,0.0136745134,0.0092056900,0.0241396233,0.0205422416,0.0222310043,0.0210732168,0.0135951475,0.0142727107,0.0007261190,0.0107025482,0.0168864788,0.0182929750
2015-09-03,0.0056570604,0.0027830610,0.0007524446,-0.0071378984,0.0005877933,0.0004018982,0.0068127947,0.0060972547,0.0045958324,0.0020034086,0.0081828657,0.0011647935
2015-09-04,-0.0199046454,-0.0164971800,-0.0152846297,-0.0125090340,-0.0139026636,-0.0107169722,-0.0162825753,-0.0198134907,-0.0137246833,-0.0189944808,-0.0131294139,-0.0153295957
2015-09-08,0.0256070204,0.0156767264,0.0279896641,0.0279557343,0.0276013392,0.0231553260,0.0208516017,0.0249699099,0.0212399670,0.0151406005,0.0179006452,0.0250830536
2015-09-09,-0.0137751906,-0.0188304016,-0.0131186670,-0.0154390651,-0.0106281847,-0.0107196720,-0.0164245666,-0.0076565258,-0.0124310528,-0.0121898688,-0.0096249769,-0.0138975605
2015-09-10,0.0048015425,0.0058207404,0.0100327268,0.0096389053,0.0005857756,0.0028089694,0.0017127884,0.0023380911,-0.0016946278,0.0011615798,-0.0008399160,0.0052779550
2015-09-11,0.0043434678,-0.0089150812,0.0047178278,0.0064119682,0.0054659977,0.0074706737,0.0066251735,-0.0013993825,0.0075169091,0.0163859395,0.0046835139,0.0044870432
2015-09-14,-0.0021624978,-0.0086790533,-0.0024712334,-0.0031150074,-0.0050477265,-0.0052968701,-0.0031849001,-0.0119130874,0.0024066341,-0.0005706875,-0.0026297347,-0.0040896557
2015-09-15,0.0143044170,0.0111428619,0.0128839401,0.0143446806,0.0173660556,0.0105166966,0.0119276887,0.0073282438,0.0052820788,0.0084225992,0.0124629208,0.0128313114
2015-09-16,0.0064102335,0.0283377394,0.0041583883,0.0028003148,0.0072881279,0.0113294509,0.0113658129,0.0143162143,0.0100311961,0.0128823554,0.0026035505,0.0087054143
2015-09-17,-0.0140128606,-0.0006124786,-0.0068208644,0.0090756086,-0.0043793369,0.0026051437,0.0000000000,-0.0046272735,0.0137148703,0.0097835388,-0.0020068902,-0.0025610593
2015-09-18,-0.0193444926,-0.0262647706,-0.0129844544,-0.0152614618,-0.0220923874,-0.0159232407,-0.0115618049,-0.0210836943,-0.0056272964,-0.0033221245,-0.0121833979,-0.0161641657
2015-09-21,0.0114738037,0.0057053067,0.0099852052,-0.0132565523,0.0049152849,0.0087463795,0.0074168154,0.0033425658,0.0040256527,0.0087491165,0.0028741462,0.0045657836
2015-09-22,-0.0126526134,-0.0105576143,-0.0168064743,-0.0061454765,-0.0144783065,-0.0132685694,-0.0109381760,-0.0185624832,-0.0125005519,-0.0132161983,-0.0103881557,-0.0123184293
2015-09-23,0.0004419340,-0.0129002201,0.0025133303,-0.0010069223,-0.0069485965,-0.0026621880,0.0017015064,-0.0213385262,0.0026273828,0.0046038098,-0.0039613994,-0.0020486429
2015-09-24,-0.0070671228,0.0043563017,0.0000000000,-0.0102197506,-0.0061975722,-0.0026700946,0.0016981845,-0.0027257225,0.0080991269,-0.0091655718,0.0003742341,-0.0033629843
2015-09-25,0.0146798555,0.0019276736,-0.0017548342,-0.0273416597,0.0020118578,-0.0001342577,0.0063589580,-0.0012420090,0.0096878115,0.0050370395,-0.0021182866,-0.0004657933
2015-09-28,-0.0232356494,-0.0399230677,-0.0228593229,-0.0387262361,-0.0196746406,-0.0287820205,-0.0147432424,-0.0310945484,-0.0049142863,-0.0180179034,-0.0216035128,-0.0256660905
2015-09-29,0.0017954412,-0.0015033194,-0.0043698967,0.0091774859,0.0065528712,-0.0033076119,-0.0004273960,0.0038510550,0.0002350580,0.0070240140,-0.0068917856,0.0012328533
2015-09-30,0.0152329662,0.0235826307,0.0198812284,0.0208076663,0.0150561392,0.0269672188,0.0091958780,0.0209723647,0.0178698112,0.0099638542,0.0128518703,0.0190755559
2015-10-01,0.0004410955,0.0019605555,0.0005064691,0.0101162488,-0.0022053545,0.0074064291,0.0000000000,0.0112720191,-0.0117810586,0.0046511036,-0.0112930890,0.0019738842
2015-10-02,0.0013235262,0.0412593233,0.0141699292,0.0207772098,0.0126561098,0.0143028646,0.0137739934,0.0245232017,0.0133242251,0.0086984759,0.0053898566,0.0143152893
2015-10-05,0.0211452030,0.0302269591,0.0197103937,0.0026355534,0.0283673833,0.0147599706,0.0171402826,0.0261123530,0.0129179094,0.0179417922,0.0292318363,0.0182898408
2015-10-06,-0.0047456816,0.0221953675,0.0012235718,-0.0235138019,-0.0009647751,-0.0074026281,-0.0067816660,0.0129592186,-0.0068320003,-0.0024596807,-0.0040926076,-0.0035882362
2015-10-07,0.0078026615,0.0126412020,0.0046432811,0.0160036316,0.0131299122,0.0034021717,0.0091043119,0.0132592037,-0.0034400224,0.0097248349,0.0119553189,0.0080356336
2015-10-08,0.0060217785,0.0190924716,0.0046218206,0.0029443675,0.0139131189,0.0122567528,0.0118924926,0.0140035425,0.0124253952,0.0082751131,0.0104598950,0.0088184355
2015-10-09,-0.0064133694,-0.0064852552,0.0043584121,0.0045497721,0.0033831375,0.0011595595,0.0022290855,-0.0004526917,-0.0047728078,-0.0010769539,-0.0066986184,0.0007251113
2015-10-12,0.0008606067,-0.0129095451,0.0012053702,0.0026304445,0.0001876300,0.0047607118,0.0026281596,-0.0086069678,0.0089059347,0.0053873017,0.0056404243,0.0012754772
2015-10-13,-0.0077389234,-0.0104336624,-0.0021676551,-0.0125331559,-0.0106760783,-0.0053788522,-0.0060497165,-0.0038841790,-0.0022629304,-0.0073677850,-0.0046329533,-0.0068254239
2015-10-14,-0.0082316039,0.0086131340,-0.0019299984,-0.0019185834,-0.0107914613,-0.0101711678,-0.0115643197,0.0080273573,-0.0002273486,-0.0064777200,-0.0067371811,-0.0047162742
2015-10-15,0.0227170250,0.0179626243,0.0128143703,0.0223275801,0.0109091874,0.0130074947,0.0090314340,0.0027307164,0.0147495092,0.0114096512,0.0218278358,0.0148527736
2015-10-16,0.0059801928,0.0013013847,0.0019095725,0.0089671471,-0.0051117816,0.0052644540,0.0095610674,0.0004538263,0.0013419273,0.0080582702,-0.0001208794,0.0045704743
2015-10-19,-0.0008494611,-0.0197889963,0.0038123784,0.0035836986,0.0013318750,0.0047260518,0.0044323008,-0.0070311166,0.0006701245,0.0118572151,0.0020519195,0.0002705455
2015-10-20,0.0059505508,0.0027998136,-0.0026111260,-0.0157118885,0.0066513928,-0.0012711294,-0.0006015105,0.0015991298,0.0033474194,0.0011846269,0.0137315555,-0.0014210904
2015-10-21,-0.0071823546,-0.0123440574,-0.0076157866,-0.0089971431,0.0001889953,-0.0044551060,0.0002003521,-0.0088943342,-0.0020022050,-0.0035505790,-0.0104562926,-0.0058254150
2015-10-22,0.0161704315,0.0180031769,0.0225425340,-0.0060038361,0.0279349808,0.0131693959,0.0198675044,0.0273814584,0.0115892026,0.0109540400,0.0184920859,0.0166275716
2015-10-23,0.0108874995,-0.0023382248,0.0279079606,0.0213612944,0.0036723447,0.0049217999,-0.0015738789,0.0082868337,-0.0176249199,-0.0091380127,0.0089602426,0.0110303445
2015-10-26,-0.0041424269,-0.0244653380,-0.0038786636,0.0038940930,-0.0021952099,0.0070327110,-0.0019707002,-0.0082187265,-0.0035883828,-0.0001319826,-0.0019862512,-0.0019131007
2015-10-27,-0.0058236525,-0.0120139079,-0.0057261209,0.0183911140,-0.0110011265,-0.0047389421,0.0013818628,-0.0042550287,-0.0036009429,-0.0025031971,-0.0134645744,-0.0025541185
2015-10-28,0.0234307642,0.0221919032,0.0149734374,0.0083238938,0.0079716007,0.0095225840,-0.0057189646,0.0150694993,-0.0106168924,0.0038306980,0.0199380796,0.0118400333
2015-10-29,-0.0012262002,0.0050555200,-0.0027232382,0.0044771101,-0.0005515391,0.0028545139,0.0003971457,0.0019944614,-0.0057078466,-0.0010527332,-0.0109381589,-0.0004497742
2015-10-30,-0.0143269730,0.0065098599,-0.0065999212,-0.0062681641,-0.0012881716,0.0021039955,-0.0111024660,0.0013267501,0.0045926262,-0.0072459078,0.0087062379,-0.0048098770
2015-11-02,0.0137046927,0.0233725028,0.0089348605,0.0213065965,0.0116084136,0.0045698378,0.0060143401,0.0061834708,0.0011427388,0.0221606969,0.0097970664,0.0118738170
2015-11-03,0.0016383604,0.0255669817,0.0052220624,-0.0035685750,0.0007288175,0.0038111636,-0.0047824642,0.0039510677,0.0029682323,-0.0098659753,-0.0035810273,0.0027280673
2015-11-04,-0.0028624996,-0.0089632781,0.0011296968,-0.0044076140,-0.0027304254,-0.0064914431,-0.0042051215,-0.0065588521,0.0052354385,-0.0043269537,-0.0073025312,-0.0035453672
2015-11-05,0.0041010580,-0.0084795340,-0.0029334897,-0.0031819048,0.0012776759,0.0035750478,-0.0002011236,-0.0050616519,-0.0086052281,0.0028970790,0.0004671877,-0.0011321484
2015-11-06,0.0102128810,-0.0051311139,0.0033946419,-0.0041641590,0.0000000000,0.0001229980,-0.0108607101,0.0026548204,-0.0349474242,-0.0286241068,-0.0024506918,-0.0003476213
2015-11-09,-0.0109182128,-0.0098853230,-0.0096975113,-0.0076656213,-0.0076556016,-0.0137558810,-0.0067102685,-0.0068391957,0.0026036245,-0.0135172301,-0.0087752294,-0.0098227294
2015-11-10,0.0044973976,0.0021703687,-0.0066049191,0.0067418391,-0.0001838074,0.0094647962,0.0026611868,-0.0073300166,0.0089708898,0.0091806483,-0.0048391250,0.0015105950
2015-11-11,-0.0032563177,-0.0212241765,-0.0004585335,-0.0099049757,0.0012860416,-0.0059217849,-0.0014290078,0.0011190373,0.0086571547,0.0012219084,-0.0020166005,-0.0032280858
2015-11-12,-0.0151078542,-0.0227174086,-0.0087152450,-0.0173316057,-0.0135780645,-0.0093074300,-0.0134938969,-0.0201163484,-0.0095110878,-0.0071872275,-0.0074874989,-0.0139903756
2015-11-13,-0.0082919602,-0.0040755262,-0.0196667309,-0.0024378469,-0.0044640910,-0.0263058135,-0.0087051339,0.0127738012,-0.0037467110,-0.0105178166,-0.0113760544,-0.0112073647
2015-11-16,0.0121238970,0.0333434510,0.0153408640,0.0125056067,0.0128921131,0.0120930937,0.0171442937,0.0128377027,0.0169249332,0.0117339406,0.0158673015,0.0149032653
2015-11-17,-0.0020654022,-0.0110001259,0.0002321643,0.0042590791,-0.0020293550,0.0019061792,-0.0004114901,-0.0011120697,-0.0180305882,0.0005455777,0.0027422116,-0.0013393792
2015-11-18,0.0177980097,0.0164614151,0.0151057707,0.0195076300,0.0138635095,0.0171279726,0.0137777919,0.0178093427,0.0063562753,0.0106372156,0.0091558379,0.0161624518
2015-11-19,0.0016267179,-0.0134228744,0.0045788394,-0.0167768401,0.0043755468,0.0012478288,0.0026368959,-0.0010935169,0.0107601502,0.0028331607,0.0027102211,-0.0011231092
2015-11-20,0.0016238429,-0.0106474469,0.0072926723,0.0086020538,0.0050826213,0.0119595959,-0.0070805059,-0.0030655930,0.0041655325,0.0102262990,-0.0039954415,0.0038101957
2015-11-23,-0.0040533166,0.0071747484,-0.0058821303,-0.0025167817,-0.0050569189,0.0036931584,0.0087611906,0.0013183408,-0.0092189379,0.0017316986,-0.0024772918,-0.0012348608
2015-11-24,-0.0028493364,0.0213711752,0.0002275970,0.0030837426,-0.0016338281,-0.0020854709,0.0026254029,0.0083350038,-0.0013952422,-0.0049199389,0.0020103408,0.0012219960
2015-11-25,0.0008166400,-0.0081370703,-0.0031853392,0.0054497882,0.0000000000,0.0050392783,0.0026191425,-0.0063087069,-0.0060567075,0.0033406524,-0.0020063074,-0.0001291323
2015-11-27,0.0024467501,-0.0071782829,0.0022826251,0.0019460101,0.0018182703,-0.0036684566,0.0038175613,-0.0013133899,0.0018752392,0.0079904488,0.0060316650,0.0005936177
2015-11-30,-0.0008133980,0.0036886026,0.0011380766,-0.0135942209,-0.0065332907,-0.0084698833,-0.0108087394,0.0024112384,0.0016375589,-0.0063415046,-0.0022337938,-0.0046409973
2015-12-01,0.0109932025,0.0079387763,0.0088722484,0.0168754804,0.0047493494,0.0102750918,0.0084986343,0.0069981562,0.0079398056,0.0123650740,0.0063631882,0.0106805734
2015-12-02,-0.0116791057,-0.0309216316,-0.0063134138,-0.0084360796,-0.0101814593,-0.0086999089,-0.0050161757,-0.0134643206,-0.0222424745,-0.0189122174,-0.0091325668,-0.0109956932
2015-12-03,-0.0163000878,-0.0200180152,-0.0129341733,-0.0218967380,-0.0124910297,-0.0150801266,-0.0052427460,-0.0088044989,-0.0075830946,-0.0147258467,-0.0099254558,-0.0143735267
2015-12-04,0.0265120792,-0.0062970196,0.0245975282,0.0235277658,0.0148809889,0.0193272491,0.0225014078,0.0175437582,0.0140877979,0.0167120285,0.0153955100,0.0205256691
2015-12-07,-0.0092817067,-0.0380217211,-0.0049356835,-0.0055725054,-0.0049485910,-0.0041864400,0.0027755913,-0.0178960214,0.0044737643,-0.0026725255,0.0011755499,-0.0069895030
2015-12-08,-0.0126272838,-0.0102829871,-0.0024809071,0.0022416336,-0.0160252407,-0.0029675888,-0.0025703660,-0.0188889009,-0.0014066014,-0.0024121502,-0.0012917567,-0.0064899017
2015-12-09,-0.0115511463,0.0131496244,-0.0146921318,-0.0100642472,-0.0029950887,-0.0127727692,-0.0095143420,0.0301248698,0.0002349950,-0.0061786584,-0.0125776509,-0.0077389850
2015-12-10,0.0008344457,0.0064090435,0.0027526990,0.0074834045,0.0046939658,0.0033916221,0.0012009456,-0.0074759619,-0.0164283849,-0.0056763697,0.0003569620,0.0022513872
2015-12-11,-0.0221017385,-0.0374142561,-0.0208190357,-0.0147158890,-0.0168191553,-0.0227843785,-0.0109936347,-0.0265839130,-0.0028630342,-0.0046209103,-0.0245151128,-0.0194227673
2015-12-14,0.0021324640,0.0052925247,0.0077102521,0.0065432414,0.0036112790,0.0051244787,0.0099029996,-0.0132000053,0.0050251457,0.0031405786,0.0019517561,0.0047555600
2015-12-15,0.0234044401,0.0251727100,0.0044055574,0.0130017984,0.0001893421,0.0054806742,0.0064038228,0.0055348715,0.0078572380,0.0110259029,0.0098627170,0.0106185611
2015-12-16,0.0162155122,-0.0065795182,0.0136198139,0.0129744728,0.0177995830,0.0167317696,0.0192880075,0.0103214927,0.0252774249,0.0196582987,0.0232695565,0.0145149694
2015-12-17,-0.0143201211,-0.0245559834,-0.0157141357,-0.0107425844,-0.0165581492,-0.0164564245,-0.0128751769,-0.0199774187,0.0020739267,-0.0048862960,-0.0102505879,-0.0150405209
2015-12-18,-0.0267335300,-0.0175138508,-0.0193937422,-0.0144978564,-0.0152450448,-0.0157195030,-0.0177186812,-0.0135124069,-0.0124290474,-0.0127384833,-0.0138101510,-0.0177972200
2015-12-21,0.0098709718,0.0010203864,0.0101967226,0.0090787040,0.0077312341,0.0050432161,0.0113499207,0.0089897125,-0.0007058777,0.0051071531,0.0090542668,0.0077784025
2015-12-22,0.0093496790,0.0117246522,0.0072768383,0.0067487572,0.0138089127,0.0073341298,0.0130257358,0.0126608559,0.0084745752,0.0041458889,0.0123216958,0.0088167361
2015-12-23,0.0117901182,0.0435001087,0.0083902292,0.0107524821,0.0117287516,0.0051090753,0.0073196250,0.0236164473,0.0154065846,0.0113198376,0.0167777991,0.0124180683
2015-12-24,-0.0008327705,-0.0090132564,-0.0004623059,0.0009671624,-0.0003739248,-0.0026684948,-0.0009817716,-0.0022617028,-0.0006901794,0.0002665396,-0.0026933731,-0.0015986362
2015-12-28,-0.0008328704,-0.0181907510,-0.0006934828,-0.0046928383,-0.0022445595,0.0025486790,-0.0013760690,-0.0070280666,0.0018407302,0.0029333803,-0.0009394059,-0.0021785599
2015-12-29,0.0104208068,0.0069480035,0.0136510292,0.0122034533,0.0095613529,0.0115651225,0.0086612684,0.0093606838,0.0055105182,0.0102366985,0.0085797565,0.0106297629
2015-12-30,-0.0070131092,-0.0134712996,-0.0084459702,-0.0042469700,-0.0083566476,-0.0080404674,-0.0035128565,-0.0092738740,-0.0009133359,-0.0044742442,-0.0121199851,-0.0072172286
2015-12-31,-0.0099707758,0.0044963599,-0.0140424960,-0.0089433833,-0.0073033574,-0.0100066341,-0.0111634251,-0.0086755857,-0.0107427832,-0.0075345148,-0.0101447888,-0.0094119131
2016-01-04,-0.0193035847,-0.0003316299,-0.0130746574,-0.0180479260,-0.0133939670,-0.0171443595,-0.0126758800,-0.0156606085,-0.0020792824,-0.0097234147,-0.0141817915,-0.0153037311
2016-01-05,0.0038513492,0.0038141421,-0.0026020267,0.0048070857,0.0026767927,-0.0013016546,0.0064192598,-0.0004680959,0.0071777299,0.0164093906,0.0106381661,0.0020122260
2016-01-06,-0.0153453199,-0.0384933670,-0.0123341853,-0.0081609938,-0.0154459123,-0.0097760231,-0.0033881660,-0.0262175093,-0.0018392153,-0.0033082522,-0.0043059425,-0.0131153967
2016-01-07,-0.0281386237,-0.0243984179,-0.0295393383,-0.0202869678,-0.0271159072,-0.0205341094,-0.0120000505,-0.0271632139,-0.0066790883,-0.0223049499,-0.0205430820,-0.0237004430
2016-01-08,-0.0155900643,-0.0128564973,-0.0079186116,-0.0150593863,-0.0101533454,-0.0107517612,-0.0076922315,-0.0101311385,-0.0004635327,-0.0118142025,-0.0078497433,-0.0108383744
2016-01-11,0.0013572770,-0.0214097066,0.0064856329,-0.0119078859,0.0006031652,0.0078795655,0.0093835387,-0.0169743049,0.0053348869,0.0039852444,0.0046976432,0.0008532721
2016-01-12,0.0076818426,0.0023700352,0.0118958396,0.0127956629,0.0080403930,0.0110528162,0.0054570198,0.0015236877,-0.0039219805,-0.0069807677,-0.0057834689,0.0078027985
2016-01-13,-0.0260086780,-0.0240084703,-0.0269412041,-0.0296752725,-0.0241277480,-0.0337288324,-0.0182913195,-0.0230732822,-0.0004636573,-0.0151619827,-0.0205440962,-0.0249654523
2016-01-14,0.0087475297,0.0430489160,0.0188778473,0.0267977007,0.0118513556,0.0071746754,0.0047089575,0.0134959237,0.0150638076,-0.0013994166,0.0165525768,0.0166959054
2016-01-15,-0.0223640340,-0.0289442389,-0.0281622669,-0.0140075831,-0.0175685417,-0.0205484518,-0.0156917055,-0.0204862814,-0.0089042026,-0.0113527166,-0.0205093527,-0.0215990980
2016-01-19,-0.0004668549,-0.0215273993,0.0010168706,-0.0001495702,-0.0002056653,0.0037762150,0.0120083609,-0.0122875350,0.0149737071,0.0029772265,0.0068525759,0.0005318216
2016-01-20,-0.0196171987,-0.0265135733,-0.0078718447,0.0019441592,-0.0129522354,-0.0087779613,-0.0124795804,-0.0074114074,-0.0224694857,-0.0265721611,-0.0180239535,-0.0116938552
2016-01-21,-0.0042877030,0.0310990135,0.0056308340,-0.0029852992,0.0043740657,0.0127920942,0.0039363622,0.0087998189,-0.0009289124,0.0066787554,0.0101400730,0.0051954384
2016-01-22,0.0181818802,0.0442118180,0.0277422849,0.0158704337,0.0087100332,0.0174878068,0.0171269660,0.0179753385,0.0178947148,0.0276937612,0.0353240844,0.0202837010
2016-01-25,-0.0202067676,-0.0466453992,-0.0116391998,-0.0092846778,-0.0123354892,-0.0114584701,-0.0089263032,-0.0319396419,-0.0084473963,-0.0098245845,-0.0036817945,-0.0156379821
2016-01-26,0.0167867639,0.0378246955,0.0097715716,0.0075867357,0.0189425125,0.0146266537,0.0092118082,0.0171669063,0.0069076543,0.0214035168,0.0221729546,0.0141443356
2016-01-27,-0.0037739333,-0.0047146004,-0.0205954972,-0.0113686538,-0.0112360928,-0.0156399601,-0.0010139302,-0.0079114576,0.0022866540,-0.0155427811,-0.0004820969,-0.0108634838
2016-01-28,0.0004735541,0.0304240957,0.0129216125,-0.0232975110,0.0057852524,0.0128493149,0.0101519489,0.0015952217,0.0159708485,-0.0066254322,0.0002412189,0.0055285772
2016-01-29,0.0279225489,0.0291732528,0.0315159245,0.0163607423,0.0269104081,0.0109121582,0.0203014460,0.0289275037,0.0199860990,0.0217117098,0.0238666799,0.0247602174
2016-02-01,-0.0041439884,-0.0166640688,0.0036366191,0.0015045658,-0.0024005462,0.0060723286,0.0033491812,0.0041271989,0.0094675874,0.0001384596,0.0031786153,-0.0004432366
2016-02-02,-0.0277390879,-0.0333682132,-0.0178785565,-0.0144210540,-0.0200519243,-0.0194473422,-0.0127626038,-0.0066788682,0.0043619649,-0.0105539299,-0.0144346997,-0.0187430908
2016-02-03,0.0009511613,0.0356044918,-0.0012301520,0.0065539229,0.0161653268,-0.0025987843,-0.0021880121,0.0336179053,0.0123777364,0.0049125485,0.0119073037,0.0049920389
2016-02-04,0.0085509617,-0.0005233588,0.0009855235,-0.0054511675,0.0173172520,-0.0057599939,-0.0091683512,0.0277705239,-0.0042898073,0.0011169252,0.0036479764,0.0015267326
2016-02-05,-0.0131889289,-0.0232235103,-0.0280514988,-0.0194884620,-0.0095008184,-0.0322758996,-0.0016094354,-0.0114409387,0.0032312454,-0.0224607384,-0.0093796396,-0.0184812463
2016-02-08,-0.0252982129,-0.0051842065,-0.0144304395,-0.0136644569,-0.0083935166,-0.0193841834,-0.0026196247,-0.0263479250,-0.0034352561,-0.0293992177,-0.0189369005,-0.0141539357
2016-02-09,-0.0014692227,-0.0240788775,-0.0046232864,0.0073989695,0.0060460249,-0.0015990743,0.0066665532,0.0123922759,0.0034470978,-0.0161740419,-0.0108581447,-0.0006636204
2016-02-10,-0.0053948898,-0.0040508635,0.0015479221,0.0089077168,-0.0052080495,-0.0017465612,-0.0012038158,-0.0094927626,-0.0010735746,0.0052307241,-0.0002437947,-0.0001889503
2016-02-11,-0.0305720996,-0.0042523603,-0.0020612945,-0.0161088505,-0.0195327286,-0.0005833301,-0.0080371729,-0.0216898818,-0.0176267806,-0.0147190425,0.0056120443,-0.0123011618
2016-02-12,0.0422176364,0.0263647466,0.0139430300,0.0133814575,0.0201269770,0.0183859337,0.0141788840,0.0296470787,-0.0030634207,0.0129772580,0.0137081744,0.0195180496
2016-02-16,0.0161054767,0.0099493011,0.0178254827,0.0187975615,0.0201329424,0.0242159986,0.0079889163,0.0152724619,0.0063651897,0.0192168979,0.0096937630,0.0165166541
2016-02-17,0.0134487930,0.0327780473,0.0205150779,0.0126563043,0.0153938780,0.0215436137,0.0103028993,0.0197291652,-0.0019629654,0.0090614237,0.0099560723,0.0164804392
2016-02-18,-0.0056873586,-0.0124868203,-0.0039223673,-0.0061734169,-0.0005833289,-0.0065733714,-0.0045107014,-0.0029025331,0.0163898311,0.0095595244,0.0049290685,-0.0046657137
2016-02-19,0.0000000000,-0.0022832458,0.0007383070,-0.0010605855,-0.0019448818,0.0027572629,0.0015759450,-0.0116417644,-0.0066652521,0.0021520160,-0.0087585032,-0.0000260329
2016-02-22,0.0157295266,0.0255234612,0.0132809844,0.0142572200,0.0169529712,0.0193845086,0.0049178729,0.0191409148,0.0116885677,0.0115962904,0.0116633017,0.0144541972
2016-02-23,-0.0178319965,-0.0341569460,-0.0157766189,-0.0074770130,-0.0099641883,-0.0055297318,-0.0001960169,-0.0245603113,0.0008554626,-0.0024056876,-0.0009316391,-0.0124543719
2016-02-24,-0.0023887871,0.0101295476,0.0076449262,0.0033143053,0.0005810227,0.0058312910,0.0031322428,0.0103674305,0.0047030689,0.0004256831,0.0132886297,0.0044397868
2016-02-25,0.0138883869,0.0008796303,0.0124817182,0.0124646160,0.0131526643,0.0099773359,0.0113192589,0.0129494869,0.0102123851,0.0181504113,0.0063263597,0.0113482754
2016-02-26,0.0070856594,0.0059765963,-0.0026594603,-0.0017796607,0.0013366143,-0.0010680338,-0.0140868258,0.0144715549,-0.0275902924,-0.0030635352,0.0037728366,-0.0018701145
2016-02-29,-0.0107876293,-0.0113577729,-0.0070285482,-0.0158991156,-0.0062918351,-0.0052119325,-0.0033278432,-0.0061816212,0.0028156148,-0.0016765119,0.0056940740,-0.0081209763
2016-03-01,0.0336651483,0.0261579540,0.0297780760,0.0214402198,0.0195701463,0.0264642310,0.0096228279,0.0255983879,-0.0049676095,0.0260283325,0.0110972211,0.0238687918
2016-03-02,0.0110090795,0.0244571417,0.0028443351,0.0016260334,0.0007525483,-0.0009160027,0.0029179296,-0.0039657090,0.0052095013,0.0076381973,0.0142231483,0.0040943087
2016-03-03,0.0068054422,0.0151312700,0.0000000000,-0.0028040376,0.0071459429,0.0058948339,0.0050425467,0.0060890788,0.0060465980,0.0050080351,-0.0005519081,0.0034987407
2016-03-04,0.0040560890,0.0096057872,0.0025997688,-0.0023676585,0.0041072850,-0.0009116918,0.0042456849,0.0116386444,0.0111609265,0.0026930762,-0.0008839776,0.0033058923
2016-03-07,-0.0004483864,0.0234583128,-0.0061288917,0.0080105366,0.0029752227,-0.0043011032,-0.0061490188,0.0115049609,0.0055187547,0.0018808118,0.0066349026,0.0008850142
2016-03-08,-0.0161656147,-0.0419939306,-0.0061672957,-0.0122150035,-0.0140900037,-0.0078546689,0.0028998536,-0.0195637509,0.0099217111,-0.0103232970,-0.0054924614,-0.0112401086
2016-03-09,0.0013693076,0.0162285538,0.0085919625,0.0017878185,0.0031966788,0.0019790163,0.0075189082,0.0062646087,0.0045991966,0.0040642418,-0.0039770201,0.0050523933
2016-03-10,-0.0009117102,0.0008231508,-0.0009470138,0.0005947183,-0.0014992584,0.0025019377,0.0003828709,0.0053034479,0.0008320775,-0.0025636523,-0.0012197288,0.0001558049
2016-03-11,0.0260033505,0.0258267089,0.0153960858,0.0194712558,0.0144544467,0.0153688025,0.0032514198,0.0183487010,0.0010396466,0.0236709893,0.0084389512,0.0163955005
2016-03-14,-0.0031124429,-0.0065747113,0.0011665489,-0.0042283666,0.0009256758,0.0037516003,-0.0005720336,-0.0067570227,0.0012458386,-0.0013214744,-0.0029729194,-0.0012609729
2016-03-15,-0.0004458411,-0.0019370504,0.0037275101,-0.0155196360,-0.0005551119,-0.0002575934,0.0024801988,0.0022678766,0.0018670943,-0.0002644927,-0.0071782771,-0.0018369417
2016-03-16,-0.0022307728,0.0173056167,0.0116066388,-0.0023793462,0.0035148099,0.0081211773,0.0022832997,0.0083705941,0.0153206328,0.0127052242,0.0076750651,0.0056003515
2016-03-17,0.0120748537,0.0136723101,0.0036709606,-0.0116277817,0.0219353997,0.0014067491,0.0060759499,0.0183981459,0.0055056141,0.0139835526,0.0082787569,0.0065952365
2016-03-18,0.0088770659,0.0028749883,0.0016087083,0.0117610821,0.0085756503,0.0012950796,-0.0013086387,0.0041344577,-0.0063745497,-0.0038666295,-0.0018610148,0.0044056437
2016-03-21,-0.0017600163,-0.0034650973,0.0034409417,0.0058352500,0.0059321113,0.0005120746,0.0005696153,0.0046236881,-0.0010282380,-0.0064693972,-0.0017645223,0.0009855773
2016-03-22,-0.0030847705,-0.0055317859,0.0002287847,0.0099660542,-0.0057184280,-0.0016636353,-0.0058844205,-0.0113961458,-0.0032937482,0.0002607327,-0.0022097739,-0.0008773878
2016-03-23,-0.0075155651,-0.0219325394,-0.0057144164,-0.0070697909,-0.0064704767,-0.0070515182,0.0001906313,-0.0124143588,0.0074348790,-0.0070482699,-0.0083044103,-0.0063860316
2016-03-24,-0.0062360641,0.0048747963,0.0027587037,-0.0004446680,-0.0028939742,0.0012911493,-0.0011452949,0.0000000000,0.0026653070,0.0007958896,0.0079271287,-0.0003780703
2016-03-28,0.0031373755,-0.0053363746,-0.0025218954,-0.0028193651,0.0003626831,0.0045134691,0.0053512216,0.0042650927,-0.0036801420,0.0076893032,0.0006651107,0.0005452555
2016-03-29,0.0017873512,0.0047145019,0.0156287359,0.0116070309,0.0065289852,0.0101412747,0.0074149049,0.0055879319,0.0147752666,0.0198654216,0.0239122396,0.0088166518
2016-03-30,0.0057986383,0.0019419767,0.0058839730,0.0001471348,0.0018018200,0.0063539066,0.0066051148,0.0044455252,-0.0024266361,-0.0015474327,0.0027026977,0.0043503153
2016-03-31,-0.0022173295,-0.0004848790,-0.0020250226,-0.0030885114,-0.0023381531,-0.0011368340,-0.0052495506,-0.0084094775,0.0058785111,0.0059429615,-0.0002150278,-0.0020397592
2016-04-01,0.0088887756,-0.0134104413,0.0076643925,0.0113601383,0.0046871014,0.0041722045,0.0105534670,0.0095960942,0.0038292416,0.0006421189,0.0107844523,0.0063309151
2016-04-04,-0.0048460666,-0.0073700539,-0.0038031435,0.0119617618,-0.0113044559,-0.0078058755,0.0003735919,-0.0130413426,-0.0042162920,-0.0014119139,-0.0010664715,-0.0032083223
2016-04-05,-0.0141648816,-0.0067644230,-0.0096562325,-0.0129736669,-0.0061705790,-0.0085010201,-0.0067113811,-0.0062708144,-0.0187498278,-0.0056556407,-0.0084382445,-0.0101444924
2016-04-06,0.0053881531,0.0215945793,0.0097503845,0.0268731811,0.0049306563,0.0094700892,0.0078826768,0.0114942032,-0.0012326548,0.0024561962,0.0018311142,0.0105076193
2016-04-07,-0.0187583242,-0.0058537864,-0.0143723205,-0.0109514907,-0.0096310420,-0.0112830226,-0.0108004469,-0.0144832392,-0.0004115730,-0.0054157459,-0.0146237728,-0.0119757865
2016-04-08,0.0036412822,0.0201180159,0.0000000000,-0.0027324578,0.0038532497,-0.0015387382,0.0054593268,0.0065568538,0.0053506968,0.0057045010,0.0025099626,0.0027865779
2016-04-11,0.0040815803,-0.0041686690,-0.0027338994,-0.0076424639,0.0003654843,-0.0037241481,-0.0071148723,0.0044921415,-0.0042988277,-0.0012890391,-0.0058779478,-0.0027397858
2016-04-12,0.0126465675,0.0297856754,0.0068540689,0.0081372721,0.0058467771,0.0076048071,0.0062231425,0.0138642837,0.0069901488,0.0068414040,0.0060223165,0.0096621338
2016-04-13,0.0227475149,0.0046905342,0.0102110673,0.0093688231,0.0148957011,0.0140720457,-0.0076840445,0.0099247797,-0.0061245900,-0.0023077564,0.0014147019,0.0100401371
2016-04-14,0.0021805842,0.0023342282,-0.0002248719,0.0005710523,0.0017898057,0.0000000000,-0.0045325278,0.0006555110,-0.0012327265,-0.0064248869,0.0006520468,0.0001729274
2016-04-15,-0.0034807500,-0.0135072458,-0.0038194734,-0.0007140542,0.0014292702,0.0027756114,0.0062608282,0.0045828125,0.0055528679,0.0065955136,0.0038013869,-0.0009842849
2016-04-18,0.0074229875,0.0165250220,0.0042851113,0.0092837762,0.0008923136,0.0094348334,0.0056562578,0.0045625164,0.0038869588,0.0042404936,0.0060594179,0.0065410253
2016-04-19,0.0125708963,0.0199723008,-0.0056138440,0.0035372669,0.0071296270,-0.0054834805,-0.0005626232,0.0214098990,0.0016296662,0.0010232619,0.0069907892,0.0030844852
2016-04-20,0.0077053189,0.0089555213,0.0020323165,0.0053581309,-0.0015928563,0.0012531267,-0.0112550332,-0.0029642303,-0.0250204504,-0.0140593891,-0.0008544170,0.0007615449
2016-04-21,-0.0089208111,-0.0058670032,-0.0036060844,0.0058910267,-0.0024815321,-0.0035043846,-0.0178332857,-0.0044596144,-0.0208635643,-0.0169821063,-0.0198827081,-0.0051940270
2016-04-22,0.0094296137,0.0145276347,-0.0174167153,0.0020914901,0.0024877054,-0.0020096849,0.0036698884,0.0070393725,0.0089495126,0.0106820528,0.0114515240,0.0000478597
2016-04-25,-0.0021230551,-0.0111877661,0.0002303647,-0.0038960336,-0.0047862733,0.0011326507,0.0069286679,-0.0033893818,0.0019006385,0.0062629524,-0.0007545730,-0.0018120459
2016-04-26,0.0063828369,0.0159907000,-0.0048334078,-0.0037713669,0.0089063156,0.0023887547,-0.0040138000,0.0080766360,0.0014755319,0.0036308508,-0.0001076433,0.0018727516
2016-04-27,0.0016916709,0.0190051836,-0.0046252559,-0.0011218910,0.0070624603,-0.0010031703,0.0047973651,0.0084333627,0.0145234164,-0.0002583607,0.0098206138,0.0016493528
2016-04-28,-0.0105531990,-0.0148622097,-0.0125465964,-0.0047727721,-0.0096427712,-0.0107958694,0.0009550646,-0.0094081048,-0.0014523755,-0.0023263133,-0.0060915539,-0.0092307685
2016-04-29,-0.0055460045,-0.0016268431,-0.0087057014,-0.0156558921,-0.0058413990,0.0050757924,-0.0020988883,-0.0059095930,0.0060251876,-0.0082901628,-0.0049462266,-0.0050630884
2016-05-02,0.0090089547,-0.0010370594,0.0073577988,0.0057315893,0.0051640314,0.0140152877,0.0114722909,0.0036093925,0.0080547157,0.0133227823,0.0151281257,0.0078099465
2016-05-03,-0.0127554830,-0.0235801769,-0.0091892953,-0.0031341445,-0.0081491259,-0.0092139950,-0.0018904408,-0.0165008507,-0.0008194488,-0.0021910705,-0.0113899066,-0.0086766382
2016-05-04,-0.0077520257,-0.0144290580,-0.0030916085,-0.0095754625,-0.0123235908,-0.0045246574,0.0030305862,-0.0101100368,0.0116869655,0.0134348839,-0.0001076040,-0.0059368893
2016-05-05,-0.0004330362,0.0081679364,0.0004771305,0.0041841321,-0.0005425833,-0.0064386458,0.0001886972,-0.0049978562,-0.0038506527,0.0038241320,-0.0160455928,-0.0002390081
2016-05-06,0.0043417348,-0.0022929265,0.0073913365,-0.0058915334,0.0066943947,0.0073698523,0.0050972739,0.0080804099,-0.0065103508,0.0097773172,0.0040493482,0.0031746391
2016-05-09,-0.0025943688,-0.0145549770,0.0000000000,0.0114198705,-0.0044931341,0.0027750468,0.0054467388,-0.0121315660,0.0057340082,0.0080484944,-0.0022891730,0.0007534970
2016-05-10,0.0143043588,0.0175679840,0.0130180532,0.0084319904,0.0171510371,0.0128301029,0.0099013067,0.0166666051,0.0010181882,0.0018712132,0.0130016132,0.0124836434
2016-05-11,-0.0106838085,0.0030561878,-0.0072430171,-0.0120464725,-0.0083420504,-0.0201194211,-0.0079538916,-0.0034514245,0.0036611052,-0.0178060395,-0.0034515954,-0.0095615181
2016-05-12,0.0004322668,0.0027421357,-0.0028242787,-0.0058812598,-0.0021481094,0.0019015085,0.0054069413,0.0043295013,0.0058779651,0.0049443248,0.0019480777,-0.0001694649
2016-05-13,-0.0120895937,-0.0127605010,-0.0037762029,-0.0023090545,-0.0125559379,-0.0118914268,-0.0126110583,-0.0096987539,-0.0048356711,-0.0080734855,-0.0037807357,-0.0084782890
2016-05-16,0.0052443765,0.0169256954,0.0139777888,0.0135952249,0.0123523671,0.0062731847,0.0063859228,0.0171926844,0.0012148990,0.0078852059,0.0076982277,0.0097966525
2016-05-17,-0.0056519789,0.0046904141,-0.0100468395,-0.0104164055,-0.0048447551,-0.0113232190,-0.0195967762,-0.0051345960,-0.0169868795,-0.0151419823,-0.0157089272,-0.0094112975
2016-05-18,0.0174900612,-0.0096382451,0.0018879507,0.0041817046,-0.0034258453,-0.0057904594,-0.0116124933,-0.0152690607,-0.0187204369,-0.0139656705,-0.0061217786,0.0002051787
2016-05-19,-0.0094544175,0.0001517208,-0.0054181442,-0.0084720141,-0.0094083719,-0.0009059500,0.0098230942,0.0034941843,0.0100625442,-0.0107846433,-0.0086888337,-0.0037067077
2016-05-20,0.0069417757,0.0059300609,0.0120801253,0.0092685454,0.0051142072,0.0066068081,-0.0051501555,0.0071816420,0.0022833621,0.0080124365,0.0087649912,0.0060195041
2016-05-23,-0.0008619312,-0.0025696713,-0.0018723430,-0.0040175834,-0.0018173746,-0.0034751379,0.0009589193,0.0116680010,-0.0089043433,0.0009123419,-0.0031896054,-0.0020854590
2016-05-24,0.0150928273,0.0050006049,0.0187574545,0.0144069596,0.0103770329,0.0120111982,0.0084277138,0.0066215684,0.0100291237,0.0119776249,0.0079445945,0.0136813827
2016-05-25,0.0106200851,0.0158324155,0.0069042522,0.0062487677,0.0068469981,0.0054874335,0.0015192283,0.0123059980,-0.0028961201,0.0015437818,0.0024080470,0.0069747406
2016-05-26,-0.0058848705,-0.0041559014,0.0031998201,0.0001418777,-0.0028637146,0.0020309632,0.0039824008,-0.0106896385,0.0114107553,0.0006421350,0.0026212088,-0.0002104439
2016-05-27,0.0067654225,0.0005958833,0.0047848575,0.0045156090,0.0037688834,0.0046865183,0.0011333697,-0.0004234899,0.0016410229,0.0043644706,0.0028319513,0.0042868573
2016-05-31,-0.0025202158,-0.0038727379,0.0020408051,0.0023883342,-0.0001784709,-0.0010092316,-0.0064150310,-0.0050866116,0.0065530132,0.0001277605,0.0034755760,-0.0010052630
2016-06-01,0.0021055360,0.0002987495,-0.0024893658,0.0036439946,0.0008940620,-0.0006305091,0.0102545626,0.0012778053,0.0026454575,0.0006393139,-0.0103908080,0.0011350423
2016-06-02,0.0021009330,-0.0013453498,-0.0009073073,0.0128474458,0.0012506012,0.0055562934,0.0003757862,0.0055318829,0.0004057631,0.0053634743,0.0083127632,0.0028246781
2016-06-03,-0.0142558804,-0.0038923868,-0.0022708117,-0.0033091502,-0.0008921476,-0.0065301476,0.0063887013,0.0084638980,0.0158216608,0.0030491281,-0.0071594790,-0.0029118147
2016-06-06,0.0059548373,0.0220923742,0.0018207840,0.0053950739,0.0094657461,0.0025278976,0.0011195938,0.0102815477,-0.0013982746,-0.0062053998,0.0021851484,0.0048972812
2016-06-07,-0.0021138380,0.0226433707,0.0040888345,-0.0061914075,0.0047772806,0.0012608688,-0.0011183418,0.0004147453,-0.0007995751,0.0061164985,0.0143900855,0.0012894462
2016-06-08,0.0008470856,-0.0023003880,0.0020365737,0.0034611208,0.0063391281,0.0011334706,0.0059745096,0.0058130653,0.0060034602,0.0053201673,0.0011823145,0.0033095665
2016-06-09,-0.0071974405,-0.0076379889,0.0002258474,-0.0016557477,-0.0001752988,-0.0022639472,0.0038976814,-0.0072238288,0.0085538359,0.0015117532,-0.0011809182,-0.0017177586
2016-06-10,-0.0123663419,-0.0216381605,-0.0076751561,-0.0080158235,-0.0117253898,-0.0104639638,0.0007395772,-0.0074844671,-0.0025639555,-0.0049062516,-0.0032240836,-0.0091751812
2016-06-13,-0.0069086196,-0.0029687454,-0.0111465971,-0.0079404935,-0.0108019838,-0.0054787768,-0.0083134922,-0.0111017162,-0.0011865505,-0.0007585545,-0.0040970355,-0.0081151914
2016-06-14,-0.0147825451,-0.0005955170,0.0023003920,0.0015448799,0.0001790208,-0.0025619016,0.0039120162,-0.0074138636,0.0053454023,-0.0054402496,0.0068204862,-0.0017988851
2016-06-15,0.0013237139,-0.0023834017,-0.0025245943,-0.0068711457,0.0003577328,0.0028254391,-0.0029690090,0.0044814039,-0.0063015800,0.0091588038,0.0012903075,-0.0018407129
2016-06-16,0.0026443662,-0.0047780195,0.0020709565,0.0035298539,0.0017894102,0.0032018829,0.0052111680,0.0033993641,0.0063415417,0.0050428684,0.0102018426,0.0031329907
2016-06-17,-0.0008396554,0.0102090851,-0.0066685910,-0.0103823565,0.0008436346,-0.0015759842,-0.0040416390,0.0043618500,0.0036134186,-0.0015055089,0.0024449355,-0.0032579654
2016-06-20,0.0057500688,0.0086710895,0.0041812812,0.0062807485,0.0091516709,0.0089824402,0.0031791558,0.0057207397,-0.0037584295,0.0018841408,0.0082714254,0.0058081853
2016-06-21,0.0057168218,0.0118571292,0.0069397848,-0.0034044743,-0.0007111314,-0.0022890846,0.0026101595,-0.0027386171,0.0013900288,0.0041119002,0.0076520151,0.0027120616
2016-06-22,-0.0008749107,-0.0055660771,-0.0034457347,0.0028468927,-0.0028470335,-0.0014021545,0.0005578373,0.0010563431,-0.0047593755,-0.0005043354,-0.0033612617,-0.0016515637
2016-06-23,0.0210068479,0.0164973350,0.0136004435,0.0130568149,0.0115989248,0.0098289712,0.0061325108,0.0154038180,0.0027896833,0.0066809373,0.0188639134,0.0133640787
2016-06-24,-0.0535791749,-0.0323141396,-0.0384354241,-0.0289999388,-0.0407478140,-0.0371636270,-0.0192093432,-0.0436407716,0.0015894027,-0.0121460924,-0.0211002656,-0.0359198000
2016-06-27,-0.0285328924,-0.0320459735,-0.0201039476,-0.0134177147,-0.0235382955,-0.0183798699,-0.0020713464,-0.0336809523,0.0122992062,-0.0019013244,-0.0108835541,-0.0180965022
2016-06-28,0.0256413853,0.0278468492,0.0197923299,0.0194501949,0.0169489689,0.0199278706,0.0062274081,0.0085448009,0.0037230762,0.0217169977,0.0128188486,0.0177701651
2016-06-29,0.0227272742,0.0189643343,0.0153847527,0.0190787792,0.0177778121,0.0161290502,0.0116278471,0.0169453310,0.0027332781,0.0128029487,0.0197238840,0.0170326726
2016-06-30,0.0160000236,0.0079762944,0.0109556492,0.0094313259,0.0191050252,0.0073558811,0.0224322987,0.0160054927,0.0216123630,0.0111687843,0.0177907533,0.0135650447
2016-07-01,-0.0052492279,0.0052756748,0.0023059571,0.0062754686,0.0032135959,0.0103763131,-0.0047145227,0.0004316152,0.0001901483,-0.0007285564,0.0041665625,0.0019486024
2016-07-05,-0.0149516781,-0.0201165088,-0.0073615987,-0.0009700170,-0.0090762636,-0.0081146070,0.0056472674,-0.0181192147,0.0074317309,0.0076519751,-0.0033399339,-0.0068474774
2016-07-06,0.0026784175,0.0043140893,0.0069528474,0.0112361230,0.0050285544,0.0085644935,0.0009063849,0.0039545138,0.0020806587,-0.0036157225,0.0045699720,0.0053529632
2016-07-07,0.0013356314,-0.0102206524,0.0000000000,-0.0015090776,0.0026807138,0.0043090781,-0.0019908322,0.0026260601,-0.0184974443,-0.0088316153,-0.0064692918,-0.0008715778
2016-07-08,0.0191197496,0.0133191606,0.0156500713,0.0123640938,0.0199607976,0.0174159779,0.0099741986,0.0248796361,0.0103847748,0.0147685533,0.0178044316,0.0152533493
2016-07-11,0.0056718028,0.0019201203,0.0058916574,-0.0027142580,0.0062901009,0.0058296802,0.0001798073,0.0048975464,-0.0007615724,0.0072168328,0.0038985657,0.0034086155
2016-07-12,0.0125812575,0.0247641588,0.0081096417,0.0048990964,0.0092031292,0.0039463302,-0.0053859054,0.0182240749,-0.0137144643,0.0011939127,0.0035845648,0.0070092932
2016-07-13,0.0000000000,-0.0086306773,0.0002234846,-0.0004060336,0.0024088007,-0.0049134704,0.0055956388,0.0027059488,0.0079179655,0.0041748387,0.0069447884,0.0001347678
2016-07-14,0.0094257427,0.0050782255,0.0064793217,0.0043343320,0.0075525468,0.0040736392,-0.0001795636,0.0089248494,-0.0065143744,-0.0073643440,-0.0004924913,0.0052592041
2016-07-15,-0.0016976160,-0.0005769923,-0.0008882674,-0.0008090735,-0.0001706603,-0.0044259498,0.0000000000,0.0034972145,0.0028930950,0.0008376041,0.0019718115,-0.0009289473
2016-07-18,0.0034011859,0.0007216567,0.0066654333,0.0004050165,-0.0008516718,0.0038280240,-0.0010774856,0.0065598366,0.0028843465,0.0025107704,-0.0049196529,0.0023822950
2016-07-19,0.0004241037,-0.0056290784,-0.0022068504,-0.0021588688,0.0005114232,-0.0018452196,-0.0007187997,-0.0059059606,-0.0017255503,0.0045320623,-0.0065254540,-0.0014351737
2016-07-20,0.0016940801,-0.0014516840,0.0130498338,0.0090600699,0.0018749806,0.0041902227,-0.0035968528,0.0004095827,-0.0057627485,-0.0002374662,-0.0008957838,0.0042703002
2016-07-21,-0.0050741230,-0.0098852197,-0.0052400177,0.0029485266,-0.0102074945,-0.0026998175,-0.0028883738,-0.0061438956,0.0059894125,0.0014246503,-0.0087659006,-0.0036125289
2016-07-22,0.0063747162,0.0030835751,0.0059264330,0.0020038545,0.0018905380,0.0041839300,0.0047066617,0.0026785124,0.0132510815,0.0083012225,0.0175862414,0.0045539647
2016-07-25,-0.0021113262,-0.0199066104,-0.0013094932,-0.0010664969,-0.0053182009,0.0015933778,-0.0010809193,-0.0016437648,-0.0017056991,-0.0009411683,0.0008887960,-0.0030114751
2016-07-26,0.0008464728,0.0058245390,0.0021849492,-0.0017355851,0.0082787318,-0.0012236616,-0.0077562305,0.0076165114,-0.0087335867,-0.0045908941,-0.0067094818,0.0003227842
2016-07-27,-0.0004229680,-0.0097998523,0.0082844095,0.0045469984,-0.0039339401,-0.0030626945,-0.0149062346,0.0012255192,-0.0114917833,-0.0070955816,0.0007950045,-0.0011985421
2016-07-28,0.0021157350,0.0001501720,0.0006486176,-0.0009321548,-0.0003439978,0.0018430748,0.0044288421,-0.0014283550,0.0038747546,0.0073845794,-0.0080396541,0.0016062090
2016-07-29,-0.0016890145,0.0101946225,0.0036730867,0.0019986085,-0.0029202780,0.0011040389,0.0049603979,-0.0051080889,0.0059832288,0.0096946789,0.0111063007,0.0016313093
2016-08-01,-0.0025369719,-0.0329470686,0.0019378399,0.0063826707,-0.0012059433,0.0015925724,0.0010971839,-0.0055451946,0.0005757824,0.0035129550,-0.0069273612,-0.0012697873
2016-08-02,-0.0084778821,0.0090548281,-0.0075206592,-0.0038312361,-0.0093152174,-0.0149232851,-0.0014612478,-0.0026848853,-0.0065196712,-0.0151686409,-0.0155452972,-0.0063616195
2016-08-03,0.0102603850,0.0193154048,0.0034636352,-0.0027855518,0.0048754037,0.0028558138,-0.0054861014,0.0024849238,-0.0059832288,-0.0042659022,0.0013158150,0.0031339433
2016-08-04,-0.0025388205,-0.0014924452,0.0053943411,-0.0014631915,0.0003467049,-0.0004952808,0.0022063624,0.0041314020,-0.0005823074,-0.0023799098,-0.0015163083,0.0002125719
2016-08-05,0.0190916266,0.0091154869,0.0096566440,0.0023975705,0.0100467207,0.0105305361,0.0016515866,0.0032916763,-0.0143775113,0.0013119877,-0.0047584522,0.0086034964
2016-08-08,0.0012491819,0.0133272621,-0.0002126498,-0.0085050714,0.0013718502,-0.0033097651,-0.0010991203,0.0020503570,-0.0003942692,0.0009535202,-0.0037641663,-0.0009071656
2016-08-09,0.0008313965,-0.0052603578,0.0021257787,0.0024124741,-0.0003425897,-0.0029525699,0.0031173569,-0.0030694330,-0.0001971608,0.0036889084,0.0028591889,0.0003897939
2016-08-10,-0.0078936424,-0.0108713628,-0.0031819489,-0.0033429362,-0.0005137890,0.0020972315,0.0036564892,0.0002053609,0.0001971996,-0.0013042093,-0.0041748042,-0.0028646860
2016-08-11,0.0020939390,0.0147038475,0.0036176781,0.0057691918,0.0065136172,0.0099716921,0.0000000000,0.0043091121,0.0023664453,-0.0094977993,-0.0002047198,0.0047345880
2016-08-12,-0.0029251293,0.0055617517,-0.0010598704,-0.0025344925,-0.0027247744,-0.0004874502,0.0034608642,-0.0106249581,0.0013771760,0.0027567718,-0.0078743341,-0.0007960464
2016-08-15,0.0067055570,0.0080058865,0.0048818360,0.0017386026,0.0066595181,0.0019514742,-0.0025414583,0.0101197376,-0.0153243210,-0.0007173135,-0.0008246320,0.0027929092
2016-08-16,-0.0024976581,0.0015884272,-0.0073932108,-0.0089442021,-0.0044105131,-0.0057209235,-0.0043677698,-0.0053161648,-0.0117716137,-0.0117226158,-0.0176415836,-0.0054790770
2016-08-17,0.0033386672,0.0030279204,-0.0004255721,0.0020202930,0.0028967031,-0.0023257231,0.0027422308,-0.0008219554,0.0149400207,0.0029048775,-0.0013653342,0.0018685896
2016-08-18,-0.0008319776,0.0205547322,0.0004257532,0.0004036319,0.0030581480,-0.0006136614,0.0034632050,0.0063769521,0.0123340885,-0.0028964636,-0.0003156444,0.0021996173
2016-08-19,-0.0004159235,-0.0083100371,0.0006386737,-0.0008066351,-0.0003387412,0.0006140382,-0.0023616791,0.0014310783,-0.0121838123,-0.0072621938,-0.0082053280,-0.0014402714
2016-08-22,0.0000000000,-0.0115039446,0.0000000000,0.0020175790,-0.0008472167,-0.0009814635,0.0014568094,-0.0014290332,0.0025863579,0.0051207233,0.0012728599,-0.0005633232
2016-08-23,0.0012491133,0.0070400716,0.0036152789,0.0009396047,0.0008479351,0.0050355531,-0.0020001537,0.0085859937,-0.0043650471,0.0021834150,0.0030721520,0.0019517694
2016-08-24,-0.0004156950,-0.0039947979,-0.0055096176,-0.0156879890,-0.0030496270,-0.0047659728,-0.0016393973,-0.0115525296,-0.0003986950,-0.0048413801,-0.0008448363,-0.0052402768
2016-08-25,0.0020807501,-0.0027213996,0.0021309418,-0.0084457929,-0.0001700233,-0.0033150485,-0.0038321791,0.0049207421,0.0005980723,0.0036490105,0.0056017967,-0.0013652276
2016-08-26,0.0012459516,-0.0034472625,0.0004252100,0.0038464858,-0.0028899628,-0.0028338172,-0.0051291978,-0.0057128498,-0.0207214400,-0.0093313746,-0.0076730660,-0.0015788166
2016-08-29,0.0087098704,0.0067739425,0.0038255339,0.0021897196,0.0071599569,0.0034594639,0.0058918606,0.0090292440,0.0081387686,0.0094192693,0.0098507526,0.0052280472
2016-08-30,0.0090461534,-0.0034358306,-0.0033875454,-0.0034136572,-0.0027080184,-0.0055408450,-0.0058573499,-0.0024407351,-0.0104946977,-0.0016967712,-0.0020976916,-0.0019536805
2016-08-31,0.0008150259,-0.0158022880,-0.0016996650,-0.0030145998,-0.0056010741,-0.0026001905,0.0012890713,-0.0099896671,0.0040793967,0.0019420820,-0.0010510039,-0.0023758643
2016-09-01,-0.0040718107,-0.0029192213,0.0031921061,-0.0026115988,0.0008536667,0.0019862522,0.0003677271,0.0041185445,-0.0050783691,-0.0016957416,-0.0042087190,-0.0000413845
2016-09-02,0.0044972461,0.0112722467,0.0044548723,0.0011028073,0.0049454058,0.0019825245,0.0077205304,0.0100493665,0.0132709845,0.0080094284,0.0084529206,0.0042010413
2016-09-06,-0.0016280614,0.0150548266,0.0050684849,0.0035784684,-0.0028848283,0.0018540496,0.0021886538,-0.0022338087,0.0108803658,0.0071032246,0.0036675560,0.0029816788
2016-09-07,-0.0004075063,0.0057044700,0.0025216851,0.0000000000,0.0011913979,0.0004937351,-0.0087366768,-0.0014242921,0.0001992829,0.0057382792,0.0054283746,-0.0001463852
2016-09-08,-0.0008155753,0.0187181778,-0.0081742625,0.0008231556,-0.0008500298,-0.0086341158,-0.0055085380,-0.0042795404,0.0033878641,-0.0114108962,-0.0009343846,-0.0022230136
2016-09-09,-0.0187759659,-0.0297884456,-0.0245141754,-0.0200084535,-0.0282409608,-0.0241382561,-0.0271417874,-0.0290628171,-0.0375371943,-0.0397981409,-0.0332575753,-0.0245220690
2016-09-12,0.0112315207,0.0098996805,0.0166812926,0.0148230231,0.0127800494,0.0140251168,0.0187890737,0.0094860671,0.0177466479,0.0121463483,0.0261236513,0.0146770527
2016-09-13,-0.0176884380,-0.0285552193,-0.0072450577,-0.0133664892,-0.0146930365,-0.0142084720,-0.0122950987,-0.0185848372,-0.0137874344,-0.0243719417,-0.0230489453,-0.0148306743
2016-09-14,-0.0025125375,-0.0118454604,0.0047223034,0.0000000000,-0.0008771614,0.0001273045,-0.0030173712,-0.0023399545,0.0039062298,0.0030433148,-0.0012867291,-0.0005876767
2016-09-15,0.0058776314,0.0124315125,0.0164494729,0.0103356071,0.0079015425,0.0072696819,0.0081345121,0.0063975922,0.0075768807,0.0045506372,0.0113820229,0.0101092734
2016-09-16,-0.0094775793,-0.0080736384,-0.0036721248,0.0006796476,-0.0083729620,-0.0021607164,-0.0032477545,-0.0040045764,0.0097573618,-0.0010061145,-0.0012737932,-0.0037722947
2016-09-19,0.0063764612,-0.0005930514,-0.0019065664,-0.0036054424,0.0044162970,-0.0007644783,-0.0020835547,0.0014974350,0.0099473520,0.0094481303,-0.0012760788,-0.0000186031
2016-09-20,0.0005178908,-0.0072691067,-0.0006364376,0.0030619568,0.0008793758,0.0007650632,0.0026574619,-0.0029896005,-0.0018091480,-0.0016220936,-0.0100815554,0.0002991382
2016-09-21,0.0062112367,0.0231619873,0.0112548942,0.0099902348,0.0130028679,0.0096802049,0.0054903739,0.0152065121,0.0203383545,0.0114996151,0.0119306281,0.0109171624
2016-09-22,0.0020575926,0.0011687662,0.0060901728,0.0075559763,0.0071118969,0.0073169076,0.0088495079,0.0031649186,0.0061182525,0.0194019968,0.0162916070,0.0064997844
2016-09-23,-0.0051337122,-0.0132752511,-0.0087669012,-0.0031357951,-0.0058559474,-0.0022542082,-0.0044793648,-0.0050476208,-0.0007847563,0.0025454012,0.0031638328,-0.0057367745
2016-09-26,-0.0159957460,-0.0044351396,-0.0058957006,-0.0116264594,-0.0043312897,-0.0110456371,-0.0084364369,-0.0046499860,-0.0025519517,0.0011708104,-0.0058874050,-0.0085877628
2016-09-27,0.0078657102,-0.0066827270,0.0110143366,0.0070578350,0.0069599436,0.0101534665,0.0041596993,0.0029728970,-0.0129896583,-0.0077950610,0.0075084915,0.0064441701
2016-09-28,0.0046827249,0.0432050794,0.0018859725,-0.0015117462,0.0077762553,0.0027643443,0.0016945568,0.0114332642,-0.0013954318,0.0055239823,-0.0022042316,0.0052965540
2016-09-29,-0.0139821653,-0.0017194216,-0.0060647887,-0.0176163618,-0.0078876313,-0.0051373818,-0.0097743341,-0.0077454205,-0.0149763301,-0.0107435259,-0.0039974473,-0.0093214115
2016-09-30,0.0136550838,0.0136375480,0.0052602353,0.0102269038,0.0089871824,0.0080604124,0.0100607612,0.0073840280,-0.0068925963,-0.0048132455,-0.0030630400,0.0079679692
2016-10-03,-0.0046633148,-0.0007082191,-0.0029303989,-0.0008315699,0.0008565575,-0.0006241676,-0.0063898451,-0.0012565716,-0.0140843907,-0.0181047245,-0.0004233681,-0.0032606955
2016-10-04,0.0041646952,-0.0102037763,-0.0035684135,-0.0019431709,-0.0083863387,-0.0035010638,-0.0085115271,-0.0136294999,-0.0209109193,-0.0143975750,-0.0100691919,-0.0049555623
2016-10-05,0.0160703148,0.0153209128,0.0035811927,0.0038937209,0.0063862879,0.0041401160,-0.0009537808,0.0068026695,-0.0021148661,-0.0193493288,-0.0043896213,0.0042966907
2016-10-06,0.0015309179,0.0015506710,0.0023090777,-0.0037402187,0.0000000000,0.0007496543,0.0019093828,0.0082346802,-0.0002119458,0.0016986674,-0.0029032681,0.0004815598
2016-10-07,-0.0005094484,-0.0057728139,-0.0027225107,-0.0006952219,-0.0128625467,-0.0044942408,-0.0026680983,-0.0186385627,-0.0012713945,-0.0014346220,-0.0038831186,-0.0032534834
2016-10-10,0.0050968474,0.0157202720,0.0069296986,0.0045910314,0.0010425590,0.0016302734,0.0000000000,0.0059752742,0.0082765120,0.0058784951,0.0094197523,0.0046059050
2016-10-11,-0.0091279877,-0.0114334128,-0.0112617162,-0.0250686988,-0.0104131677,-0.0121449064,-0.0051597291,-0.0135764768,-0.0113656922,-0.0100003112,-0.0054699706,-0.0124464716
2016-10-12,-0.0010233561,-0.0042314520,0.0016873791,-0.0046885824,0.0019291037,0.0046895737,0.0055709073,-0.0019355250,0.0097934011,0.0135118997,0.0051763834,0.0011465890
2016-10-13,-0.0097335975,-0.0055238602,-0.0063169236,0.0004284000,-0.0003500565,-0.0036581878,0.0001906702,-0.0051716090,0.0124393356,0.0055657311,-0.0049356230,-0.0030992637
2016-10-14,0.0046559584,-0.0058394929,0.0038143916,-0.0067054572,0.0021013899,-0.0011395196,0.0001911074,0.0032489330,-0.0056226520,-0.0033468036,-0.0003233179,0.0002016045
2016-10-17,-0.0046343809,-0.0048715468,-0.0021110936,-0.0033034785,-0.0026208354,-0.0082393002,-0.0047739304,0.0008635764,0.0054448761,0.0012915950,-0.0006471298,-0.0030379940
2016-10-18,0.0082772068,0.0040313957,0.0055001340,0.0119611376,0.0021019409,0.0066458984,0.0030698952,0.0090594289,0.0085399528,0.0068359503,0.0051807710,0.0061604033
2016-10-19,0.0087224821,0.0141956459,0.0018937309,-0.0037026116,0.0031471253,0.0044442493,-0.0057382948,0.0072682202,-0.0022718580,0.0042275200,0.0037581359,0.0021919710
2016-10-20,0.0000000000,-0.0011311797,-0.0046200058,0.0047172719,-0.0054026262,-0.0018962204,-0.0005769410,-0.0008490130,-0.0006210964,-0.0038269448,-0.0126231846,-0.0013757240
2016-10-21,-0.0005085548,-0.0065107023,0.0027425249,-0.0082518420,-0.0014019345,0.0079785513,0.0053894180,-0.0004247196,-0.0057991048,-0.0012806137,-0.0114842714,-0.0000841416
2016-10-24,0.0030536951,-0.0029919777,0.0096782007,-0.0018648178,0.0019301191,0.0071618229,0.0065099312,0.0023372948,0.0037496716,0.0026925423,0.0055898537,0.0047498395
2016-10-25,-0.0010152244,-0.0045728047,-0.0035421245,-0.0028744744,-0.0026268027,-0.0117266502,0.0036143651,-0.0091158658,0.0062267531,-0.0019179597,-0.0091549956,-0.0037977278
2016-10-26,0.0060945206,0.0022967831,-0.0056466491,-0.0060532084,0.0035117862,-0.0042916573,-0.0013270451,-0.0014974805,0.0024751383,-0.0116595568,-0.0047302183,-0.0017404116
2016-10-27,0.0025238665,-0.0037237404,-0.0012617197,0.0046397515,-0.0068242631,-0.0083673563,-0.0045548393,-0.0012857492,-0.0059670381,-0.0229449026,0.0146993730,-0.0029867267
2016-10-28,-0.0045315917,-0.0027315452,-0.0010528798,-0.0216507184,0.0059901490,-0.0023012911,0.0041943110,0.0025742124,0.0031050522,0.0019902438,-0.0056639163,-0.0031082993
2016-10-31,-0.0015172913,-0.0108117023,-0.0004215780,-0.0061968923,0.0019263220,0.0007688664,0.0024682671,0.0004280991,0.0200166334,0.0148303664,-0.0033957526,-0.0001222764
2016-11-01,-0.0040527601,0.0001457350,-0.0086460392,-0.0053444569,-0.0085647062,-0.0070421136,-0.0043559291,-0.0057749317,-0.0182077578,-0.0220511767,-0.0148386920,-0.0067868835
2016-11-02,-0.0066126067,-0.0110737451,-0.0063819612,-0.0052235835,-0.0037027174,-0.0060604967,-0.0024728675,-0.0053785723,-0.0125694630,-0.0128085343,-0.0249910987,-0.0065255003
2016-11-03,0.0010243480,0.0039784092,-0.0096336153,-0.0094526316,-0.0015926170,-0.0025950624,-0.0068648295,0.0002161139,0.0037562570,-0.0058115726,0.0017162611,-0.0044234008
2016-11-04,-0.0030691982,-0.0054300922,-0.0017294177,0.0069675683,0.0008864737,-0.0019508945,-0.0090247162,0.0034602815,-0.0031183924,0.0053017536,0.0053690148,-0.0016661307
2016-11-07,0.0251414651,0.0215437469,0.0216544867,0.0255715168,0.0246147845,0.0230678616,0.0168569995,0.0153017500,0.0175180140,0.0163625083,0.0107941494,0.0222235440
2016-11-08,0.0004998380,0.0012994815,0.0048749089,0.0027868274,0.0060490876,0.0040764125,0.0041923862,0.0031836132,0.0077884397,0.0061200633,0.0115779926,0.0037719745
2016-11-09,0.0425216822,0.0163015896,-0.0012656233,0.0352498326,0.0250815494,0.0020301989,-0.0136624853,0.0211597073,-0.0368109661,-0.0185133315,0.0164463841,0.0110770208
2016-11-10,0.0369479451,0.0042584793,-0.0160504153,0.0110196299,0.0212836544,0.0036716193,-0.0267408512,0.0116040623,-0.0240710353,-0.0181894605,-0.0200068084,0.0019507459
2016-11-11,0.0027764124,-0.0182338930,0.0030049757,-0.0149525335,0.0018050871,0.0056768616,-0.0009884780,-0.0137237009,-0.0041105843,0.0053521649,0.0039046510,-0.0013979503
2016-11-14,0.0244583034,0.0056150120,-0.0151939011,-0.0031207780,0.0042588282,0.0001255673,-0.0017808246,0.0022840945,-0.0006518610,0.0169260619,-0.0008888218,-0.0001155028
2016-11-15,-0.0009011490,0.0282032503,0.0141242834,0.0028460571,0.0037514086,0.0038878671,0.0061445888,0.0041442119,0.0160870184,-0.0036240022,0.0091203159,0.0074807974
2016-11-16,-0.0144276806,-0.0069616047,0.0092137879,-0.0042572251,-0.0056871419,0.0054972895,0.0001973266,-0.0018571461,-0.0068462301,-0.0021555979,0.0066130056,-0.0015822634
2016-11-17,0.0137241383,-0.0067306114,0.0063693177,0.0039904664,0.0021244680,0.0120525408,-0.0017726591,0.0004134883,0.0002152378,-0.0082355730,0.0037230566,0.0046763696
2016-11-18,0.0000000000,0.0040936278,-0.0008436894,-0.0106461792,-0.0003261370,-0.0030691940,-0.0035516141,-0.0014466109,-0.0030150284,0.0029945761,0.0061082063,-0.0023867984
2016-11-21,0.0036097626,0.0237598686,0.0101349608,0.0035869563,0.0053833107,0.0065272257,0.0067323521,0.0117960356,0.0105850166,0.0001361389,0.0103005524,0.0074614006
2016-11-22,0.0004496616,-0.0005496304,0.0031354422,-0.0144384126,0.0045432444,0.0118683073,0.0051140304,0.0061364527,0.0038477955,0.0170985016,0.0149174036,0.0021654323
2016-11-23,0.0058425625,0.0041223050,-0.0039589589,0.0039160849,0.0074301757,0.0009674233,-0.0054791641,0.0044727386,-0.0100084740,-0.0054702820,0.0066617340,0.0008080244
2016-11-25,0.0013406483,-0.0049261149,0.0041842050,0.0039013283,0.0054513519,0.0024161698,0.0078707659,0.0030356998,0.0144116163,0.0050978895,0.0059875376,0.0039143869
2016-11-28,-0.0116017986,-0.0138892683,0.0008334068,-0.0074839622,-0.0068570256,-0.0079541318,0.0021477102,-0.0040353184,0.0192963677,0.0034703418,0.0050117153,-0.0052545356
2016-11-29,0.0027084156,-0.0122713444,0.0006242491,0.0065256318,0.0008028471,0.0026727723,0.0013636288,0.0010128936,0.0041601270,0.0082469304,-0.0036364974,0.0013352931
2016-11-30,0.0135079681,0.0508257516,-0.0118579869,-0.0095092334,0.0012832646,-0.0083596509,-0.0159532591,0.0107263330,-0.0314890551,-0.0125332399,-0.0204378659,-0.0026534040
2016-12-01,0.0173253308,0.0024183835,-0.0206315861,-0.0072725840,0.0065698364,0.0004886834,-0.0065243624,0.0004005820,-0.0079145783,-0.0157647511,-0.0015965950,-0.0035155290
2016-12-02,-0.0109171477,0.0029487642,0.0036543259,0.0023444707,-0.0001593900,-0.0054951319,0.0063680773,0.0004004216,0.0090555074,0.0105878826,0.0014928638,0.0003970065
2016-12-05,0.0119207923,0.0088202838,0.0096381920,-0.0017544044,-0.0007957856,0.0109282822,0.0011862507,0.0078029168,0.0012821612,0.0079248256,0.0096876503,0.0058213053
2016-12-06,0.0087257172,-0.0018549127,0.0029698264,0.0027824696,0.0019119952,0.0023078921,0.0029627005,0.0011915789,-0.0019205021,0.0063967209,0.0101227458,0.0034108884
2016-12-07,0.0155710799,0.0079626509,0.0190356565,-0.0086158459,0.0186066111,0.0193890335,0.0143761251,0.0142770582,0.0130423507,0.0194651787,0.0244256671,0.0131632414
2016-12-08,0.0093697302,0.0053986932,0.0024904423,0.0019147437,-0.0056203210,0.0000000000,-0.0040773609,0.0066470766,0.0016885478,0.0050649603,0.0004076395,0.0021593430
2016-12-09,0.0021097079,0.0031429613,0.0072466478,0.0122021848,0.0045530843,0.0022584817,0.0144253633,0.0001939466,0.0105352512,-0.0007749604,-0.0003056723,0.0059389848
2016-12-12,-0.0096843793,0.0046997453,-0.0030831515,0.0047931292,-0.0035949257,-0.0083022827,0.0040353590,-0.0044658459,0.0104253086,0.0062078984,-0.0019357990,-0.0011374349
2016-12-13,0.0025513356,0.0113047248,0.0125773204,0.0080948196,-0.0014118868,0.0089700102,0.0045932897,-0.0015605809,0.0103178501,0.0000000000,0.0097999777,0.0065397747
2016-12-14,-0.0046651899,-0.0200441237,-0.0034616001,-0.0051619395,-0.0100531229,-0.0067567689,-0.0108592427,-0.0119161951,-0.0206290299,-0.0185089248,-0.0079266633,-0.0081171719
2016-12-15,0.0085216279,0.0022287739,0.0044947917,0.0064861308,0.0011107590,-0.0023869452,0.0042372218,0.0065243662,0.0070906402,-0.0074647412,0.0064702808,0.0038832280
2016-12-16,-0.0086152247,0.0062080889,-0.0072325076,0.0007910424,-0.0020094902,-0.0049096065,0.0057194657,-0.0030846130,0.0121897505,0.0133265127,0.0034690615,-0.0017506226
2016-12-19,0.0004283087,-0.0045748549,0.0072031357,-0.0041676890,0.0055929419,0.0026602572,0.0019212723,-0.0019832445,0.0037181594,0.0110675904,0.0150501102,0.0019751207
2016-12-20,0.0124090185,-0.0022319258,0.0036779768,-0.0007216211,0.0057205472,0.0079605071,-0.0019175881,0.0007951121,0.0012348306,0.0018029530,0.0064110823,0.0036375121
2016-12-21,-0.0025358254,0.0015790232,-0.0020354906,-0.0056329549,-0.0037921001,-0.0004784167,-0.0001920516,0.0003971945,-0.0041107437,-0.0123056147,-0.0050763465,-0.0024573615
2016-12-22,-0.0025429467,0.0040728177,-0.0020404994,0.0013077912,-0.0019031254,-0.0107747978,-0.0015374644,-0.0041684752,0.0035088308,-0.0018475159,0.0075036700,-0.0018629737
2016-12-23,0.0016996520,-0.0009158711,0.0010222499,0.0075422067,0.0009534127,-0.0021785332,0.0019245056,0.0019931268,-0.0002060657,0.0026444200,0.0054617200,0.0012517153
2016-12-27,0.0012721662,0.0022268166,0.0040843090,0.0020155174,0.0020636413,0.0038812568,-0.0001919202,0.0053708568,0.0008229522,0.0011867582,0.0015804795,0.0022483727
2016-12-28,-0.0101649769,-0.0108466771,-0.0089485535,-0.0076146417,-0.0104561854,-0.0068863447,-0.0061480146,-0.0100907962,-0.0094556403,-0.0059273499,-0.0080861960,-0.0083565292
2016-12-29,-0.0072743361,-0.0019819571,0.0002051263,0.0017375626,-0.0003201718,-0.0013384146,0.0046394635,0.0000000000,0.0134888361,0.0099381303,0.0028831596,-0.0002933047
2016-12-30,0.0021550383,-0.0029123584,-0.0077963061,-0.0036131261,-0.0035232327,-0.0084054339,-0.0050027327,-0.0065959724,-0.0055283980,0.0094462058,-0.0072365885,-0.0046370502
2017-01-03,0.0111825511,0.0112849859,0.0088917398,0.0130542135,0.0059464200,0.0058970342,0.0036743049,0.0058346446,-0.0024704662,0.0040290237,0.0326511380,0.0084865753
2017-01-04,0.0080819799,-0.0021005877,0.0034839785,0.0078753238,0.0059116985,0.0133120515,0.0000000000,0.0146030210,0.0037149829,0.0137219246,0.0068651378,0.0057222738
2017-01-05,-0.0101267586,-0.0024996428,0.0016340744,0.0051144284,-0.0028590884,-0.0007232693,0.0032753560,-0.0029573164,0.0010282142,0.0034474597,-0.0072982803,-0.0007706705
2017-01-06,0.0034098289,0.0009233428,0.0073410388,0.0028267928,0.0057342157,0.0049451083,0.0009600783,0.0009887264,0.0030815798,-0.0021634244,-0.0138338635,0.0035169592
2017-01-09,-0.0067966761,-0.0144947096,-0.0002025994,0.0042283630,-0.0077606157,-0.0008399678,-0.0080580741,-0.0001973499,-0.0131073797,-0.0066316486,-0.0097118176,-0.0035485943
2017-01-10,0.0021387391,-0.0090922999,0.0002026405,0.0035087889,0.0041503256,0.0036032768,-0.0050289542,0.0005924394,-0.0031124883,-0.0093722151,0.0059436110,0.0000000000
2017-01-11,0.0064020387,0.0107948083,0.0046560445,-0.0100698084,0.0052454366,0.0021547457,0.0019437686,0.0080967865,0.0104084239,-0.0042764630,-0.0038404518,0.0028296383
2017-01-12,-0.0084819118,-0.0041379862,-0.0024181480,0.0009885220,-0.0041112504,-0.0009552052,-0.0009701421,-0.0019590394,0.0008240328,0.0045548032,-0.0002965981,-0.0021448090
2017-01-13,0.0055601381,-0.0029492073,0.0030298635,0.0009884296,0.0038105521,0.0037060114,0.0005828034,-0.0015703801,-0.0014411082,-0.0010364736,0.0028676781,0.0018498402
2017-01-17,-0.0238193963,0.0061841832,-0.0038260198,-0.0050763957,-0.0077506540,0.0016668296,0.0141693416,-0.0045213558,0.0109256929,0.0067451049,0.0012817340,-0.0029675027
2017-01-18,0.0082785906,-0.0022713678,0.0026276025,-0.0012752731,0.0038260244,-0.0017833799,0.0034449208,0.0063190662,-0.0012234993,0.0016742381,-0.0064993253,0.0017637541
2017-01-19,-0.0043215487,-0.0054910197,-0.0014112918,-0.0063860310,0.0073053049,-0.0030970805,-0.0036236598,-0.0062793863,-0.0087792231,-0.0104176472,0.0004957109,-0.0036093084
2017-01-20,0.0047742670,0.0037707308,0.0054513321,-0.0025706637,0.0001573906,0.0028676866,0.0065082648,0.0088865107,0.0018535601,0.0063686223,0.0024768939,0.0033662372
2017-01-23,-0.0064790813,-0.0105986245,0.0018071462,-0.0041523026,-0.0055169821,0.0007146968,-0.0003802314,0.0019570554,-0.0051393812,0.0076193407,0.0030634489,-0.0026901248
2017-01-24,0.0126086432,0.0109834633,0.0062138448,-0.0069012561,0.0099857294,0.0082154893,0.0066586415,0.0257863788,-0.0002066202,0.0023070213,-0.0136946527,0.0065645936
2017-01-25,0.0167451639,0.0052305351,0.0095615936,0.0094108263,0.0105148224,0.0061406641,-0.0001887440,0.0066657338,0.0000000000,-0.0053707660,0.0001001066,0.0080260906
2017-01-26,0.0025338766,0.0008005803,-0.0027622679,-0.0077456211,0.0023293475,0.0015259688,-0.0043479786,0.0026481681,0.0004135384,-0.0010286708,0.0032957708,-0.0007353844
2017-01-27,-0.0037910647,-0.0103987660,0.0039573480,0.0082394609,-0.0007748067,-0.0031641055,-0.0055058049,-0.0035849156,-0.0002067899,-0.0093950730,0.0067695113,-0.0008664639
2017-01-30,-0.0080338476,-0.0183210283,-0.0080805816,-0.0048742657,-0.0085282322,-0.0011759283,-0.0007637424,-0.0102252452,0.0008266934,-0.0068855993,-0.0077127166,-0.0060095435
2017-01-31,-0.0063938532,0.0004116382,-0.0049671375,0.0159917254,-0.0087584242,-0.0015299835,0.0047762860,-0.0059308899,0.0154858406,0.0078493929,0.0017936919,-0.0008899054
2017-02-01,0.0012869995,-0.0074074488,0.0075876141,0.0086501744,-0.0017354192,-0.0018859345,-0.0077959786,0.0050041757,-0.0172836399,-0.0118118600,-0.0167117582,0.0002983635
2017-02-02,-0.0038559384,0.0056659212,-0.0019816866,-0.0002815212,-0.0018964371,-0.0008268720,0.0091988112,-0.0044046440,0.0105529537,0.0111651684,-0.0100149661,0.0005703094
2017-02-03,0.0202150893,0.0086572178,0.0065530766,0.0043594299,0.0074424279,-0.0013003464,0.0064564526,0.0017312047,0.0012284043,0.0067548378,0.0077664248,0.0072647581
2017-02-06,-0.0046374937,-0.0084466145,0.0005915016,0.0011203856,0.0014144678,-0.0029593070,-0.0054716168,-0.0026881837,-0.0020449687,-0.0033550804,-0.0136890752,-0.0021153570
2017-02-07,-0.0025413887,-0.0141522593,0.0039433048,0.0009790682,0.0017269926,-0.0009490247,0.0081578968,-0.0078938654,0.0024588225,-0.0014238176,-0.0032899367,0.0002268292
2017-02-08,-0.0067940782,0.0023693444,0.0017673976,-0.0015371291,-0.0014103857,0.0061785046,0.0041402297,0.0023287893,0.0098119015,0.0072605335,0.0022692635,0.0006933224
2017-02-09,0.0136813014,0.0112623035,0.0031368080,0.0036384321,0.0076886981,0.0062589728,0.0041226977,-0.0003871852,-0.0085017720,0.0030891359,0.0064837796,0.0057525464
2017-02-10,0.0029521763,0.0075624765,0.0029314899,0.0019519430,0.0079412210,0.0061025673,0.0007465455,0.0091030008,0.0063290169,0.0076986716,0.0064415644,0.0035660501
2017-02-13,0.0113540631,0.0019105399,0.0044811960,0.0061232069,0.0100416766,0.0011662492,0.0000000000,0.0082536433,0.0048689667,0.0033113948,-0.0066037004,0.0052458451
2017-02-14,0.0116422379,0.0032688997,0.0032980995,0.0078838356,0.0004589112,0.0057090971,0.0001865201,-0.0001903495,-0.0072681660,-0.0055848132,0.0000000000,0.0040073352
2017-02-15,0.0078094041,-0.0039370315,0.0032866891,0.0108415805,0.0053509608,0.0052127362,0.0091368630,-0.0013327875,-0.0024407384,-0.0008931482,-0.0023524927,0.0049923089
2017-02-16,-0.0024470715,-0.0136293888,0.0023125871,-0.0013579836,0.0003040367,-0.0050703421,0.0012930323,0.0000000000,0.0099898426,0.0047264228,0.0023580400,-0.0008641180
2017-02-17,0.0004090472,-0.0055276027,0.0034610387,0.0013598302,0.0016725785,0.0032431129,0.0049827994,-0.0028600356,0.0006057831,0.0016528849,0.0088972423,0.0016785565
2017-02-21,0.0049038640,0.0068085276,0.0051735713,0.0044796334,0.0050080655,0.0057729668,0.0089974304,0.0032503479,0.0104901497,0.0125661441,0.0091234557,0.0060480662
2017-02-22,0.0008133993,-0.0151806056,0.0011436495,-0.0014866728,-0.0027182013,0.0000000000,0.0001816473,0.0026686423,0.0041924827,-0.0025067402,0.0023103143,-0.0010822001
2017-02-23,0.0000000000,0.0042038039,-0.0001904038,0.0073091829,-0.0065111758,-0.0067727887,0.0023659115,-0.0055127016,0.0103378052,0.0042730151,-0.0021045514,0.0004189867
2017-02-24,-0.0077204587,-0.0093495935,0.0022853612,0.0048376513,0.0042678830,0.0046230796,0.0034486024,0.0021026887,0.0151517573,0.0050056946,-0.0031134671,0.0014933642
2017-02-27,0.0053235289,0.0085924352,-0.0005701773,0.0048138826,0.0036420564,0.0011500896,-0.0045222650,-0.0024796139,-0.0056217147,0.0052296575,-0.0010070863,0.0010179831
2017-02-28,-0.0004074549,-0.0030723046,-0.0047526969,-0.0019962594,-0.0040826143,-0.0074692104,0.0012718290,-0.0009561089,0.0091621944,-0.0039638307,-0.0143205756,-0.0025783764
2017-03-01,0.0285246659,0.0200334662,0.0141357986,0.0100011428,0.0168539880,0.0112306175,0.0047187272,0.0195215444,-0.0088853840,-0.0031090898,0.0084922670,0.0136738547
2017-03-02,-0.0154513766,-0.0094765731,-0.0065926625,-0.0031685005,-0.0107511047,-0.0024040160,-0.0001804798,-0.0107000637,0.0072110859,-0.0041165413,-0.0082180350,-0.0058598805
2017-03-03,0.0048289671,-0.0018025515,0.0022750757,0.0039737183,0.0010563252,-0.0014925518,-0.0037939619,-0.0007590291,-0.0030962616,-0.0023798776,-0.0046028995,0.0005038773
2017-03-06,-0.0076092418,0.0022227126,-0.0015134333,-0.0038260495,-0.0024123633,-0.0032183315,-0.0043526353,-0.0064566918,-0.0019408746,-0.0046463368,-0.0088377667,-0.0032772409
2017-03-07,-0.0028247940,-0.0088707402,0.0000000000,-0.0070189545,-0.0028719008,-0.0032284326,-0.0012749303,-0.0055426441,-0.0005837346,-0.0042890605,-0.0151375768,-0.0029133738
2017-03-08,0.0004047246,-0.0260101234,0.0011367158,0.0040009785,-0.0034864458,0.0041647293,-0.0021889363,0.0000000000,-0.0143990269,-0.0153296853,-0.0051582146,-0.0022842152
2017-03-09,0.0036409557,0.0066043197,-0.0001890122,0.0054461128,-0.0045633001,-0.0009220004,0.0016447864,-0.0030752131,-0.0021722212,-0.0127381034,0.0053968738,0.0007998954
2017-03-10,-0.0008063697,-0.0014261439,0.0052998645,0.0038317301,0.0061123836,0.0014995124,0.0045625961,0.0046270488,0.0083103082,-0.0024761579,0.0034732143,0.0032686702
2017-03-13,0.0024204193,0.0001422520,0.0009412850,-0.0007896523,-0.0006074025,0.0026480906,0.0007266997,0.0028784315,0.0029435058,0.0015675789,0.0072372729,0.0003666328
2017-03-14,-0.0028170195,-0.0112819123,-0.0022573390,-0.0036880347,-0.0094225366,-0.0002298071,-0.0029048668,-0.0086109503,-0.0009780208,-0.0009129681,-0.0091638320,-0.0033790272
2017-03-15,-0.0016139582,0.0222443197,0.0067878929,0.0125590067,0.0113529614,0.0052838890,0.0074641416,0.0160201667,0.0160592099,0.0184097686,0.0154493545,0.0083747528
2017-03-16,0.0016165673,-0.0070651799,0.0005615621,-0.0096616377,-0.0045508400,-0.0001140864,0.0014453390,-0.0068388744,-0.0109866732,-0.0016669786,0.0038294160,-0.0016267103
2017-03-17,-0.0098006576,-0.0007297383,0.0021607651,-0.0055040182,0.0054652928,0.0012719546,-0.0027205199,0.0042983247,0.0060287912,0.0042376002,0.0070107347,-0.0013143148
2017-03-20,-0.0081798746,-0.0014327248,0.0009372396,-0.0014634015,-0.0018274750,-0.0024037599,0.0020010068,0.0055405048,-0.0066366828,-0.0003838315,-0.0003068386,-0.0020098935
2017-03-21,-0.0280412813,-0.0070299318,-0.0146097250,-0.0078613964,-0.0152529860,-0.0126218779,-0.0009078534,-0.0167204556,0.0141480125,-0.0031974806,-0.0098321400,-0.0124079729
2017-03-22,-0.0021212706,-0.0014451009,0.0062726980,0.0002681390,0.0035625570,0.0011621380,-0.0019985586,0.0028985859,0.0048439635,0.0005133790,-0.0130325588,0.0018898864
2017-03-23,0.0021257800,-0.0040516660,-0.0026444004,-0.0030879181,-0.0013890385,0.0023211898,-0.0021843930,0.0042389311,-0.0030853613,0.0074392469,-0.0019911177,-0.0010602697
2017-03-24,-0.0012728970,-0.0039226855,0.0007574443,0.0005385152,-0.0026272357,0.0024323601,-0.0020071234,-0.0088258876,0.0036750517,-0.0007065181,0.0023087812,-0.0008439958
2017-03-27,-0.0038231728,-0.0046674935,0.0000000000,0.0026922666,-0.0035644194,-0.0003465679,-0.0009140579,0.0021294455,-0.0038540054,-0.0068177835,-0.0081360834,-0.0010195875
2017-03-28,0.0136459523,0.0142149470,0.0071917400,0.0006709753,0.0105756339,0.0076271371,0.0018297883,0.0115895977,-0.0007740991,0.0044033198,-0.0008523803,0.0072514744
2017-03-29,-0.0063104581,0.0137258973,0.0016908983,0.0002684493,-0.0001541760,0.0059641246,0.0018261780,0.0007639573,-0.0027105073,0.0043845899,0.0074634896,0.0010853247
2017-03-30,0.0131245946,-0.0002850106,0.0018757702,0.0001343082,0.0055410346,0.0026224060,-0.0020052144,0.0001906246,-0.0077654679,0.0029528663,0.0074081986,0.0029351099
2017-03-31,-0.0083578122,-0.0034217439,-0.0018722582,-0.0028164472,-0.0041329438,0.0001134880,-0.0029229017,-0.0001905883,0.0039131212,0.0047362803,-0.0033618777,-0.0022550475
2017-04-03,-0.0021070635,-0.0017166657,-0.0009378458,0.0008072374,-0.0021519041,-0.0039797079,-0.0016488678,-0.0038162575,-0.0001952812,0.0008914832,-0.0022132292,-0.0016421255
2017-04-04,-0.0012667927,0.0073087584,0.0007510596,-0.0005378240,0.0026187449,-0.0015981483,0.0029363117,0.0036395222,0.0031194408,-0.0008906891,0.0166911784,0.0005595225
2017-04-05,-0.0076107804,-0.0031301181,-0.0041276096,-0.0030917705,-0.0032263339,-0.0024010119,-0.0018295195,-0.0007636072,0.0056355427,0.0002548356,-0.0042601072,-0.0030548612
2017-04-06,0.0063908285,0.0079920727,0.0001883031,0.0017527148,0.0027742918,0.0030945409,0.0000000000,0.0053474947,-0.0025124367,0.0068780511,0.0010436834,0.0019295094
2017-04-07,-0.0042335607,-0.0038228757,-0.0005649605,0.0017504281,0.0010761919,-0.0029703886,0.0027494438,-0.0009500921,-0.0042617879,0.0011385111,0.0048990687,-0.0008271302
2017-04-10,-0.0025509167,0.0075327920,-0.0018847657,-0.0018814093,0.0024564795,0.0036671008,0.0029253970,0.0001902340,0.0017510786,0.0069497946,0.0025932867,0.0006876865
2017-04-11,-0.0029839543,0.0001411569,-0.0037767286,-0.0013468856,0.0013784691,-0.0007992086,0.0003642175,-0.0026613739,-0.0003885034,0.0055212763,0.0039316323,-0.0014338793
2017-04-12,-0.0081229773,-0.0042313313,-0.0034111246,0.0000000000,-0.0137657156,-0.0039992393,0.0038267727,-0.0123903389,0.0073827490,-0.0022463941,0.0031954507,-0.0037599510
2017-04-13,-0.0129310934,-0.0182719201,-0.0039939568,-0.0025614284,-0.0071340919,-0.0069989118,-0.0045383781,-0.0096506451,-0.0032785156,-0.0020012698,-0.0059587465,-0.0068146942
2017-04-17,0.0174670657,0.0021639157,0.0091654002,0.0036498109,0.0109343083,0.0102829273,0.0071117546,0.0072109365,0.0044506238,0.0125331891,0.0103344619,0.0086133489
2017-04-18,-0.0094417099,-0.0093576120,-0.0001892809,-0.0109090745,-0.0032448471,0.0001141370,0.0045266976,-0.0011609694,0.0023115706,0.0023516487,0.0003071453,-0.0029033799
2017-04-19,-0.0030329850,-0.0146783983,-0.0007568710,0.0029959573,0.0009302061,0.0009148076,-0.0037852099,0.0013559497,-0.0069193071,-0.0016052542,0.0028635648,-0.0017163508
2017-04-20,0.0169487069,0.0048677370,0.0090909963,0.0062447049,0.0120797153,0.0105109111,-0.0019905072,0.0110274315,-0.0038705139,0.0006182475,-0.0021414528,0.0075572634
2017-04-21,-0.0102562866,-0.0049906191,-0.0020649721,-0.0059365815,0.0009179083,-0.0022613037,-0.0029003800,-0.0011481723,0.0050516154,-0.0039556605,-0.0118539037,-0.0030350729
2017-04-24,0.0224525080,0.0059004916,0.0118490766,0.0099078053,0.0142182805,0.0064591656,0.0090905417,0.0114946571,0.0052192302,-0.0086870492,0.0038265730,0.0108400690
2017-04-25,0.0088683146,0.0085058232,0.0052044138,0.0043006551,0.0048236195,0.0078808863,0.0039644298,0.0160982695,-0.0013460827,0.0028795521,0.0088595903,0.0060906875
2017-04-26,-0.0008371996,-0.0033444011,-0.0011093911,0.0054862940,0.0001500229,0.0046917075,-0.0080761893,-0.0001863043,-0.0030812022,-0.0066162706,0.0079645682,-0.0004857035
2017-04-27,-0.0046080290,-0.0109426867,0.0040723627,0.0021293773,-0.0002996663,0.0053369786,-0.0012668555,-0.0022371803,0.0034770291,0.0011310535,-0.0074966053,0.0005529198
2017-04-28,-0.0096804230,0.0007376445,0.0025812523,0.0026558587,-0.0046514718,-0.0039815542,-0.0003619744,-0.0084081725,-0.0048124576,-0.0092882103,-0.0104113555,-0.0019131471
2017-05-01,0.0063748230,-0.0028005681,0.0075394026,0.0022516832,-0.0030146614,0.0013325829,-0.0038056119,0.0005653671,-0.0059963084,0.0060813963,-0.0057759466,0.0017322905
2017-05-02,-0.0012667927,-0.0050260290,0.0021903358,0.0027755054,0.0048383399,0.0011086372,-0.0067310882,0.0016947973,0.0011681758,-0.0025183337,0.0024897481,0.0011890500
2017-05-03,0.0080338677,0.0028227035,-0.0018213415,-0.0048761991,0.0007521702,-0.0058703534,0.0009156422,-0.0097761795,-0.0034988518,-0.0119935350,-0.0223533366,-0.0012713605
2017-05-04,0.0016776257,-0.0183701767,-0.0007295910,0.0066218302,0.0010525283,-0.0015599566,0.0076852184,0.0011390601,0.0035111367,-0.0043446205,-0.0199005997,0.0005821026
2017-05-05,-0.0016748160,0.0158465219,0.0036516884,-0.0005261631,0.0051067714,0.0062492958,0.0027237498,0.0142233139,0.0054419862,0.0096252253,0.0139326343,0.0040886954
2017-05-08,-0.0008388604,0.0071311328,0.0043658693,-0.0061871670,-0.0026901855,0.0018851982,-0.0003622866,-0.0080404987,-0.0003866023,-0.0057198014,0.0058583365,0.0000374460
2017-05-09,-0.0037785166,-0.0082606219,0.0012678749,0.0011920120,0.0013489215,0.0057560736,-0.0036228481,-0.0075398324,-0.0073485812,-0.0053695125,-0.0051889056,-0.0010252486
2017-05-10,0.0033714735,0.0132379308,0.0037989597,-0.0029099188,-0.0020951102,-0.0034116895,0.0007271151,0.0032288974,0.0015581617,0.0053984999,-0.0017032137,0.0011306014
2017-05-11,-0.0063000455,-0.0020552337,-0.0012614771,0.0005302762,-0.0002999107,-0.0059634338,0.0014535295,-0.0015145498,0.0013617294,-0.0053695125,-0.0142889475,-0.0021628091
2017-05-12,-0.0042266904,-0.0033831016,0.0025263675,-0.0017240208,-0.0055497456,-0.0014443866,-0.0029030173,-0.0024650506,0.0048563943,-0.0026995043,0.0067070148,-0.0014784414
2017-05-15,0.0076404323,0.0078224834,0.0055793942,0.0065089809,0.0046758941,0.0002227279,0.0032753807,0.0087436856,0.0042527243,0.0036087630,0.0007524644,0.0047765137
2017-05-16,0.0029485692,-0.0049794101,0.0046536392,-0.0038270322,-0.0010510151,-0.0034485849,-0.0009065864,0.0001882539,-0.0073145349,-0.0056504492,-0.0010738485,-0.0006868970
2017-05-17,-0.0314994664,-0.0098614542,-0.0272580622,-0.0131161944,-0.0199880181,-0.0161846966,-0.0014522099,-0.0211000987,0.0025205137,0.0052950719,-0.0192410055,-0.0181782144
2017-05-18,0.0039027526,-0.0002975059,0.0058607081,0.0044304111,0.0013803654,0.0057864200,0.0007268049,0.0005771799,0.0034817370,0.0026979907,0.0086584115,0.0036868183
2017-05-19,0.0086396112,0.0123423026,0.0058266366,0.0028066785,0.0131697158,0.0067678502,0.0054497461,0.0086557939,0.0038548462,0.0058936896,0.0081493757,0.0067674999
2017-05-22,0.0025691001,-0.0022034240,0.0079652244,0.0026654157,0.0077086525,0.0050419296,0.0056010136,0.0011442310,0.0086407833,0.0029295473,0.0061438598,0.0051601311
2017-05-23,0.0076893891,0.0023555146,0.0017958533,0.0033232385,0.0020998043,-0.0037904322,0.0010779156,0.0007617158,0.0026650027,0.0022859239,0.0003210983,0.0018378720
2017-05-24,-0.0004239712,-0.0052871432,0.0041235835,0.0025170311,0.0011973549,0.0035812043,0.0039479843,0.0066616431,0.0056957351,0.0067157212,-0.0040693105,0.0024891265
2017-05-25,0.0016962198,-0.0181602981,0.0071414629,0.0047573362,0.0065783093,0.0088090309,0.0062568373,-0.0011343222,0.0081181454,0.0021397424,0.0046237054,0.0044419484
2017-05-26,-0.0004235287,0.0016537899,-0.0005320808,-0.0018409116,0.0011880410,0.0029844924,0.0037306552,0.0018925681,0.0000000000,-0.0061543642,-0.0017126036,0.0003105500
2017-05-30,-0.0067765480,-0.0133612371,0.0042570563,-0.0014494422,-0.0002966413,0.0007715607,-0.0003542523,-0.0001887519,0.0031834473,-0.0039174419,0.0065403284,-0.0012046246
2017-05-31,-0.0085286961,-0.0042602332,-0.0015895828,0.0039587300,0.0019290381,0.0026426933,0.0028332887,0.0030232890,0.0050400580,0.0002540198,0.0010649927,-0.0004599688
2017-06-01,0.0124729194,0.0062650360,0.0024766869,0.0110407837,0.0062203083,0.0094454185,0.0081211784,0.0120573104,0.0070581448,0.0040585136,0.0107468173,0.0075711126
2017-06-02,-0.0038231728,-0.0115415771,0.0091758894,0.0064999851,0.0039743029,0.0035902489,0.0029772746,0.0024200817,0.0011065440,0.0098535308,0.0073692963,0.0037077313
2017-06-05,0.0017057199,0.0018436964,0.0008742185,-0.0028409065,-0.0035186638,-0.0027102845,0.0010474422,-0.0031570294,-0.0031319306,-0.0031273554,-0.0025081430,-0.0012176652
2017-06-06,-0.0042570866,0.0118083046,-0.0019214546,-0.0024615288,-0.0067677175,-0.0085878251,-0.0024416452,0.0005590281,-0.0022178700,-0.0050195905,0.0024098019,-0.0027790400
2017-06-07,0.0076955745,-0.0140952847,0.0031504912,0.0027270947,-0.0011851377,0.0017545675,-0.0003498070,0.0013032713,0.0033339636,0.0041620509,-0.0079433425,0.0015682572
2017-06-08,0.0114553035,-0.0029209442,0.0022683549,-0.0028490709,0.0032630122,-0.0064579494,-0.0075213405,0.0029749433,-0.0083070247,-0.0016329846,0.0004214758,0.0002672047
2017-06-09,0.0188758796,0.0240520013,-0.0247216407,0.0067531034,0.0038430499,-0.0044065528,-0.0012336029,0.0127922665,-0.0009307977,0.0064160604,0.0026329769,-0.0008299892
2017-06-12,0.0020582988,0.0070757753,-0.0058905730,-0.0012903030,0.0036813386,-0.0005537542,-0.0001767676,-0.0038443061,-0.0018632347,0.0066248114,0.0119731929,-0.0009787632
2017-06-13,0.0053408636,0.0074751912,0.0071824994,0.0020671290,0.0041079345,0.0062002640,0.0015885969,0.0124954294,0.0024266029,0.0021113537,-0.0038397541,0.0045115052
2017-06-14,0.0016347121,-0.0181035199,-0.0048135107,0.0047692332,-0.0010225867,-0.0005502790,0.0063436190,-0.0105264552,0.0054003722,0.0032215249,0.0002080494,-0.0009958308
2017-06-15,-0.0040799256,-0.0075565270,-0.0044785978,-0.0010261364,0.0059966386,-0.0041837050,-0.0022763303,-0.0088040319,0.0057415952,0.0034584242,-0.0049999071,-0.0022395981
2017-06-16,-0.0011101853,0.0165439007,-0.0017526339,0.0016499833,0.0032719571,-0.0002770482,-0.0105050458,0.0043133508,0.0045863336,-0.0006149752,0.0003139851,0.0002836394
2017-06-19,0.0102921509,-0.0063349759,0.0148417906,0.0104258241,0.0061155176,0.0076539373,0.0048258099,0.0079598699,-0.0033269193,0.0017239166,-0.0043958626,0.0083472287
2017-06-20,-0.0085573922,-0.0127501335,-0.0080260086,0.0033123346,-0.0107088693,-0.0125497373,-0.0039132664,-0.0055096028,0.0005564626,-0.0033197222,-0.0130344492,-0.0066966374
2017-06-21,-0.0082201661,-0.0161440787,0.0055736466,0.0126967702,-0.0067292151,0.0015610049,-0.0028568774,-0.0105260467,-0.0059305801,-0.0039479749,-0.0116091323,-0.0005826444
2017-06-22,-0.0062164802,-0.0006249029,0.0003573974,0.0104062454,-0.0020620532,-0.0023375333,-0.0066261531,0.0011196079,-0.0046602147,0.0019819955,-0.0003236548,-0.0004557821
2017-06-23,-0.0037530317,0.0067238737,0.0062558340,-0.0014888431,0.0036896594,-0.0012270564,0.0003601713,0.0039149692,-0.0033719745,0.0039558440,0.0037733358,0.0015609155
2017-06-26,0.0054416147,-0.0021748658,-0.0053286169,-0.0009941524,0.0002938789,0.0035744526,0.0039649236,0.0029713873,0.0067659103,0.0064020417,0.0036505827,0.0003158018
2017-06-27,0.0049958652,-0.0015566129,-0.0164286636,-0.0090807369,-0.0074966019,-0.0079028678,-0.0086161185,-0.0061098756,-0.0112004506,-0.0059121690,-0.0097368340,-0.0080728249
2017-06-28,0.0157412697,0.0054569878,0.0125272667,0.0052722873,0.0090344665,0.0100975876,0.0036212358,0.0091278919,-0.0096279655,0.0013657478,0.0092594274,0.0088080664
2017-06-29,0.0069333178,0.0021707229,-0.0179307816,-0.0091158907,-0.0085131430,-0.0096633377,-0.0106442061,-0.0119989085,-0.0080060736,-0.0109115066,-0.0106854091,-0.0086000232
2017-06-30,-0.0008102777,0.0044876290,-0.0009128359,-0.0013864637,0.0082900960,0.0052712188,0.0018235831,0.0054183436,-0.0015373712,0.0000000000,0.0018549013,0.0015332318
2017-07-03,0.0145930751,0.0192541003,-0.0069445926,0.0017671928,0.0061663701,-0.0010040144,-0.0009103530,0.0087344596,-0.0046189228,0.0106556970,0.0059894293,0.0023108339
2017-07-05,0.0015977303,-0.0202508947,0.0099374547,0.0059203277,0.0029184974,-0.0024566723,-0.0007288397,-0.0033163498,-0.0048335087,-0.0112870557,-0.0066035897,0.0014532790
2017-07-06,-0.0075786660,-0.0111062168,-0.0091108227,-0.0128991436,-0.0087296908,-0.0101887126,-0.0056514321,-0.0044359780,-0.0003888695,-0.0174390095,-0.0127490771,-0.0093688238
2017-07-07,0.0068328138,-0.0015596822,0.0115852332,0.0050751587,0.0077791537,0.0089358350,-0.0005500039,0.0051982403,0.0007778448,0.0048524859,-0.0017661086,0.0064031255
2017-07-10,-0.0011978144,0.0032808945,0.0072712816,-0.0018934903,0.0029127774,0.0021301877,-0.0069712635,0.0062803140,-0.0007772403,-0.0073698168,-0.0012163538,0.0009277662
2017-07-11,-0.0087928823,0.0054498405,0.0021657128,-0.0011381821,-0.0008710118,-0.0020137926,-0.0027712084,-0.0014684293,-0.0005830885,-0.0011521998,-0.0104061074,-0.0007826806
2017-07-12,0.0032259163,0.0027880161,0.0129661205,0.0068370988,0.0055230659,0.0076223999,0.0055578188,0.0115808233,0.0085571516,0.0125592024,0.0040272214,0.0073056076
2017-07-13,0.0060291775,0.0040152280,0.0019552072,0.0008800943,-0.0007228491,0.0001116156,0.0001843918,-0.0010901073,-0.0034709692,0.0003794921,-0.0037881776,0.0018745843
2017-07-14,-0.0043951337,0.0059990566,0.0088717986,0.0067853684,0.0043398465,0.0032255535,0.0079201376,0.0050936053,0.0046437520,0.0101217625,0.0057038737,0.0046735031
2017-07-17,-0.0032102918,-0.0012230315,0.0001757393,-0.0036195498,-0.0005760563,0.0024391519,0.0010963895,0.0019906407,0.0046227746,0.0040080250,0.0047822218,-0.0000529128
2017-07-18,-0.0016102246,-0.0047460557,0.0045722300,0.0007515813,-0.0023056814,0.0045348034,0.0000000000,-0.0041543998,0.0028755633,-0.0024952221,-0.0081907467,0.0005978573
2017-07-19,0.0004032054,0.0146132696,0.0050757080,0.0081350715,0.0010103858,0.0048450157,0.0036511613,0.0096136232,0.0042055870,0.0080043283,0.0065842915,0.0053726394
2017-07-20,-0.0004030429,-0.0030322973,0.0020901920,0.0065796232,-0.0056273606,-0.0020819205,0.0001815139,-0.0073660518,0.0072340363,-0.0039702318,0.0107539625,-0.0001536593
2017-07-21,0.0000000000,-0.0098844515,-0.0012165785,-0.0011100759,-0.0018862950,0.0006586372,0.0016373050,0.0001812229,0.0071819852,0.0021173314,0.0040582093,-0.0003678716
2017-07-24,0.0044354414,-0.0018429758,0.0024360482,-0.0003704000,-0.0021812229,-0.0034018467,-0.0032680223,-0.0009049583,-0.0093825949,-0.0026106033,-0.0108149802,-0.0010637348
2017-07-25,0.0124448970,0.0126170930,-0.0019094847,-0.0071636829,-0.0013112196,0.0070472206,0.0069214739,0.0106863270,-0.0056828771,0.0012463371,0.0061843678,0.0029231717
2017-07-26,-0.0067406090,0.0010637192,0.0038260582,-0.0033588970,0.0013129412,-0.0004375228,-0.0001809683,-0.0060932329,0.0095259802,0.0053527800,0.0106466487,0.0002826639
2017-07-27,-0.0055889894,0.0101701059,-0.0038114752,-0.0068656636,-0.0056822319,0.0073286611,0.0097701910,-0.0036058746,0.0024532846,0.0008665710,0.0263902151,-0.0009726883
2017-07-28,0.0000000000,-0.0012020652,-0.0010434968,0.0050273938,0.0023444723,-0.0076013757,-0.0084214318,-0.0036194199,-0.0015064000,-0.0021027855,-0.0065601416,-0.0013411156
2017-07-31,0.0072260107,0.0022567530,-0.0048748593,-0.0008753624,-0.0013156933,-0.0003277097,-0.0003615443,-0.0076281682,0.0033937502,-0.0001238538,-0.0012781897,-0.0007281456
2017-08-01,0.0071743500,-0.0001504359,0.0050737757,-0.0022531105,-0.0029278962,0.0017513681,-0.0010844982,0.0007319811,0.0056371511,0.0044626933,0.0068249725,0.0024491150
2017-08-02,0.0015830030,-0.0037529030,0.0027850555,-0.0022583098,0.0044047083,-0.0027319504,-0.0007239596,0.0009144742,0.0042971610,-0.0062946455,-0.0051901801,0.0004926487
2017-08-03,-0.0035560827,-0.0140142695,-0.0022567493,0.0016349413,0.0049699076,-0.0027392518,-0.0009052092,-0.0074914697,0.0050235231,-0.0034774789,-0.0057492865,-0.0021836542
2017-08-04,0.0067410565,0.0032093478,0.0022618537,-0.0022596154,0.0018908785,0.0001103215,-0.0027189686,0.0047866633,-0.0044427844,0.0033652644,0.0147783587,0.0018891035
2017-08-07,-0.0015757875,-0.0076173174,0.0060751398,0.0021387343,0.0000000000,0.0023068834,0.0074519388,0.0005495056,0.0031610160,0.0007451184,0.0035880764,0.0016471998
2017-08-08,-0.0027612013,-0.0023027445,-0.0013803828,-0.0046454170,-0.0030488154,0.0005477198,-0.0037888237,-0.0078740401,0.0040775551,-0.0054616352,-0.0046267332,-0.0024144328
2017-08-09,0.0000000000,0.0009231893,-0.0005180710,0.0011355033,0.0002913129,-0.0058055545,0.0016299572,0.0009229134,-0.0051687104,-0.0017476313,-0.0024297388,-0.0003636087
2017-08-10,-0.0178008000,-0.0106073149,-0.0197058371,-0.0124735727,-0.0126655132,-0.0149846310,-0.0041579943,-0.0114327487,0.0031546580,-0.0076267618,-0.0069893868,-0.0144744417
2017-08-11,-0.0040273641,-0.0065257575,0.0068767359,0.0028071313,0.0005898624,0.0051453074,0.0007260606,-0.0024249855,-0.0059194231,-0.0047876095,0.0018130709,0.0012755700
2017-08-14,0.0137484261,-0.0029714407,0.0159372480,0.0067428569,0.0104628884,0.0071223217,0.0048983005,0.0093493362,0.0057686849,0.0153182700,0.0109641143,0.0100437545
2017-08-15,0.0007977259,-0.0037645851,0.0015510885,0.0000000000,-0.0021879674,-0.0091713569,0.0050549454,0.0001852327,0.0055502103,-0.0028676553,-0.0111611651,-0.0004988079
2017-08-16,-0.0019926351,-0.0096049173,0.0029260299,0.0027803003,0.0027771955,0.0051300938,0.0034130890,0.0098166155,0.0040477322,0.0043763839,0.0020232931,0.0014201029
2017-08-17,-0.0171726440,-0.0141496117,-0.0195638026,-0.0124764946,-0.0173443910,-0.0159768672,-0.0091299895,-0.0152237146,-0.0071466693,-0.0068476884,-0.0207225388,-0.0154369522
2017-08-18,0.0004064100,0.0049993046,-0.0010505466,-0.0045942064,-0.0040045189,-0.0049615607,-0.0027102143,0.0003724664,0.0059064065,-0.0073960303,-0.0043409576,-0.0018353673
2017-08-21,-0.0028434395,-0.0051348928,-0.0003504044,0.0044871351,0.0016378931,0.0018130886,0.0036233807,0.0009309045,0.0036695268,0.0089669632,0.0021797545,0.0011626511
2017-08-22,0.0109980518,0.0066130528,0.0148991958,0.0121252680,0.0114478892,0.0107457365,0.0001804009,0.0130206264,0.0021941474,-0.0008764234,0.0092444150,0.0099407798
2017-08-23,-0.0032234079,0.0043262702,-0.0024179570,-0.0075664323,-0.0094074275,-0.0085050268,-0.0028871222,-0.0018358338,0.0032830924,0.0082685276,0.0059269169,-0.0034535927
2017-08-24,0.0000000000,0.0006379633,-0.0008658709,0.0029224006,-0.0031162246,-0.0021447073,-0.0137559568,-0.0018397144,-0.0007270864,-0.0009938401,0.0000000000,-0.0020744621
2017-08-25,0.0028296485,0.0044644106,-0.0001730064,0.0002535280,0.0047633922,0.0024884496,0.0033032298,0.0031331274,0.0032749142,0.0047260316,0.0042848785,0.0016728694
2017-08-28,-0.0064487773,-0.0044445683,0.0019064342,0.0053201526,-0.0005927902,0.0005641315,-0.0029265570,0.0014697782,0.0018136516,-0.0050748569,0.0009597528,0.0004870721
2017-08-29,-0.0032458206,-0.0012753804,0.0043242393,0.0018896878,0.0072636690,-0.0009019136,0.0034855426,-0.0047698942,-0.0021725151,-0.0014937457,-0.0010656951,0.0008428217
2017-08-30,0.0040700744,0.0004789119,0.0072340978,0.0051559703,0.0041206150,0.0072234209,-0.0001826207,0.0073733593,-0.0029024734,0.0053583550,-0.0025601952,0.0046151489
2017-08-31,0.0012161735,0.0047871829,0.0059849753,0.0170149937,0.0033711167,0.0047065927,0.0003653082,0.0076853144,0.0001819499,0.0064455582,0.0005343256,0.0057209762
2017-09-01,0.0028341388,0.0096871068,-0.0008499806,-0.0007379565,0.0008762304,0.0045729214,0.0047526895,0.0065373025,-0.0030928619,0.0001229850,0.0073762593,0.0019825407
2017-09-05,-0.0213969496,0.0055050503,-0.0088465386,-0.0043092552,-0.0100699645,-0.0041083853,0.0014552040,-0.0113659559,0.0025550138,-0.0020934468,-0.0105052164,-0.0075508069
2017-09-06,0.0024750290,0.0162675289,0.0008584398,0.0048222972,0.0010320907,0.0062433692,0.0041780734,0.0025547039,-0.0045504957,0.0019746107,-0.0147989603,0.0031287268
2017-09-07,-0.0172838219,0.0018469470,0.0034296701,0.0110740385,0.0020618572,-0.0086422608,0.0014470436,0.0016382138,0.0074967759,0.0065267807,-0.0219873815,-0.0001784361
2017-09-08,0.0092131151,-0.0106005389,-0.0082036587,0.0045029510,0.0033803995,-0.0034641119,-0.0048768907,-0.0003633138,0.0047190455,-0.0006114775,-0.0051198136,-0.0014888507
2017-09-11,0.0174269662,0.0094719183,0.0141307060,0.0077538707,0.0086418695,0.0052706292,0.0061715857,0.0130884499,0.0084894885,0.0084476239,-0.0051460649,0.0108392993
2017-09-12,0.0118271266,0.0061530461,0.0023788536,0.0021639935,0.0047927558,0.0044626676,0.0021645162,0.0084336241,-0.0166575674,-0.0100765146,0.0145057967,0.0033639480
2017-09-13,0.0016124445,0.0125362474,-0.0013562098,-0.0037191437,-0.0014456812,0.0072191418,0.0005404414,-0.0003561564,-0.0049182930,-0.0036794581,0.0026601784,0.0007571207
2017-09-14,-0.0020122428,0.0048314919,-0.0033948104,0.0013249088,0.0047765437,-0.0054031842,-0.0019789453,0.0033819273,0.0084202562,0.0061548562,-0.0038690154,-0.0011007176
2017-09-15,0.0029560508,0.0023598677,0.0040851215,-0.0031984627,0.0041388321,-0.0028037114,0.0017413828,0.0000359782,0.0014084382,0.0041593254,0.0107644155,0.0018471815
2017-09-18,0.0117076794,0.0042527098,0.0008512935,-0.0002423680,0.0056201305,-0.0034586278,0.0014484986,0.0055286993,-0.0102280961,-0.0053601957,0.0027448783,0.0014559208
2017-09-19,0.0075813257,0.0040835122,0.0044223533,-0.0078720681,0.0010031135,-0.0008958268,-0.0030738911,0.0051438136,-0.0020299081,-0.0077174080,0.0188329064,0.0011101954
2017-09-20,0.0059410845,0.0067779810,-0.0040640961,0.0009767535,0.0073015537,0.0033616181,-0.0096136549,0.0035289773,-0.0073962534,-0.0024685572,-0.0010749276,0.0006343478
2017-09-21,0.0023621862,0.0002995328,-0.0054410014,-0.0051220349,0.0029847843,-0.0016747604,-0.0095239224,-0.0021099564,-0.0001865625,-0.0032173512,-0.0058092838,-0.0030459177
2017-09-22,-0.0011783097,0.0050849225,0.0005124761,0.0000000000,0.0025506300,0.0016775699,-0.0029585123,-0.0035243232,-0.0081985837,-0.0059592578,0.0095226432,0.0006477937
2017-09-25,-0.0011796998,0.0144346174,-0.0117905671,-0.0029418219,0.0000000000,-0.0021218516,0.0072330013,0.0017685547,0.0092058284,0.0053707064,0.0048237173,-0.0022220503
2017-09-26,-0.0003934617,-0.0004400073,0.0036314353,-0.0015982428,0.0000000000,0.0001122660,0.0023933609,-0.0044131399,-0.0018615247,0.0002753447,-0.0050137804,0.0000721667
2017-09-27,0.0122092850,0.0042558704,0.0101651665,-0.0003695665,0.0011305905,0.0054834132,-0.0077145964,0.0000000000,-0.0134278617,-0.0080162396,0.0029212550,0.0040851439
2017-09-28,0.0015564372,0.0008769936,0.0011938909,0.0008625317,-0.0005645321,-0.0012244496,0.0000000000,0.0070922266,0.0035915419,0.0074498275,-0.0014026341,0.0012046156
2017-09-29,0.0046619680,-0.0001461181,0.0068144219,0.0059077573,0.0029663414,0.0037886124,-0.0007405165,0.0000000000,-0.0007535974,0.0011276700,-0.0033484572,0.0037051101
2017-10-02,0.0085073097,-0.0002921983,0.0015224739,0.0101551806,0.0069013243,0.0018872487,-0.0018526184,0.0109152878,0.0016967309,-0.0020029349,0.0049855653,0.0038740035
2017-10-03,0.0034509796,-0.0010225497,0.0023657530,-0.0002424561,0.0043363394,0.0042105931,0.0011135267,0.0041798088,-0.0028227167,0.0007525623,0.0186582966,0.0021588381
2017-10-04,-0.0045854531,-0.0007307715,-0.0006743741,0.0048463331,-0.0002785142,0.0051858557,0.0031515725,0.0003466968,0.0100020653,0.0063928224,0.0042350639,0.0012467202
2017-10-05,0.0103646025,0.0045358888,0.0096138642,0.0007230760,0.0023684306,0.0055981718,0.0044354423,0.0060681639,-0.0009342874,0.0031137175,-0.0023193589,0.0056467874
2017-10-06,0.0011395526,-0.0084483475,0.0015032828,-0.0013248946,-0.0001391203,0.0012010166,-0.0099353430,-0.0022401004,-0.0007481477,-0.0036010147,-0.0062348207,-0.0010736344
2017-10-09,-0.0037946400,0.0020562485,0.0025022649,-0.0062734261,-0.0027800294,-0.0031619011,-0.0027877965,-0.0001728653,0.0013097922,0.0019940034,-0.0049976891,-0.0018044339
2017-10-10,0.0045712213,0.0008796606,0.0009983247,0.0023066594,0.0015330786,-0.0009842294,0.0087591077,0.0006908742,0.0097198126,0.0013680396,0.0041677766,0.0023224123
2017-10-11,-0.0018960511,0.0023438076,0.0033245914,0.0019380418,-0.0005565795,0.0005474641,0.0020318582,0.0005180136,0.0042576095,0.0042229344,-0.0041504783,0.0018035073
2017-10-12,-0.0075987825,-0.0036534142,-0.0024852674,-0.0010881401,0.0052917106,-0.0066747351,0.0042406335,0.0018979034,0.0051611822,0.0065539689,-0.0164584219,-0.0016867529
2017-10-13,0.0003827020,-0.0005865635,0.0048164442,-0.0025415453,-0.0018007767,0.0048468909,0.0018358640,0.0048216763,-0.0069683709,0.0022119601,-0.0052159353,0.0008781073
2017-10-16,0.0065060260,0.0022014100,0.0036364370,-0.0043678676,0.0011099761,0.0013154784,0.0003663938,-0.0006854277,-0.0022161654,-0.0050266506,0.0022939483,0.0017507533
2017-10-17,-0.0049427854,0.0005855378,0.0000000000,0.0134050222,-0.0026333852,0.0005474641,-0.0036635687,-0.0025724872,0.0059227767,0.0008628308,-0.0034873368,0.0006725790
2017-10-18,0.0053495664,-0.0070246019,0.0024703277,0.0014426452,0.0004169924,-0.0027355502,-0.0012870216,-0.0024069513,-0.0018401317,-0.0011077390,-0.0019683404,0.0007423349
2017-10-19,0.0007601328,-0.0030949028,-0.0029572247,0.0061242418,0.0027786068,0.0000000000,-0.0053388941,0.0037916458,0.0105068742,-0.0007401108,0.0037254438,0.0003279979
2017-10-20,0.0117735796,0.0019216926,0.0067555904,0.0010740335,0.0108062149,0.0024138729,-0.0024058538,0.0085850034,0.0007297240,-0.0032066429,-0.0001092335,0.0051168427
2017-10-23,-0.0007505481,-0.0051643966,-0.0047462871,-0.0025034597,-0.0063049485,-0.0067865413,-0.0007419860,-0.0018727790,0.0005468252,-0.0047018383,-0.0076426276,-0.0039724840
2017-10-24,0.0071372092,0.0019280453,0.0027956526,-0.0066928939,0.0056554817,0.0024245142,-0.0035280140,0.0056288010,0.0009109688,-0.0049723565,-0.0036308042,0.0016179083
2017-10-25,-0.0059679050,-0.0069580535,-0.0054113451,-0.0014441516,-0.0098755601,-0.0038478940,-0.0027945294,-0.0052581654,-0.0043684146,-0.0038736643,-0.0081715037,-0.0046630498
2017-10-26,0.0056285593,0.0020875015,0.0041220097,-0.0100005766,0.0013854764,0.0035314676,0.0007470737,0.0132993749,0.0001830837,-0.0061452173,0.0042308593,0.0012709462
2017-10-27,-0.0007460672,0.0017850672,0.0269293094,-0.0002437441,0.0004148479,0.0161664899,-0.0085884042,-0.0052160474,0.0062139752,0.0045430316,0.0023282808,0.0080730225
2017-10-30,-0.0041076505,0.0051976194,0.0022384974,-0.0107135700,-0.0069137684,-0.0045454223,-0.0084744900,-0.0047361179,0.0001822847,0.0021355962,-0.0160382940,-0.0031924706
2017-10-31,-0.0026245111,0.0032499001,0.0043075451,-0.0018460425,-0.0040380394,0.0001086949,0.0083567222,0.0027190332,0.0010896776,0.0018802264,0.0052833667,0.0009444587
2017-11-01,0.0015035221,0.0113383316,0.0001586345,0.0024659423,-0.0005590694,0.0003262297,0.0032023952,0.0049153940,-0.0056243281,0.0007509225,-0.0079391031,0.0015921102
2017-11-02,0.0093845936,-0.0029117077,0.0004766197,-0.0045500968,0.0057351346,-0.0074986703,-0.0024409078,-0.0072525821,0.0036489187,0.0062515126,-0.0178088808,0.0001899658
2017-11-03,-0.0040907635,0.0029202105,0.0079378986,0.0082774657,-0.0009734134,0.0040513338,0.0001882985,-0.0005095973,0.0036356525,-0.0006207900,-0.0126234447,0.0030970754
2017-11-06,-0.0011202302,0.0228599736,0.0022049376,-0.0030634335,0.0005566113,0.0073066955,-0.0107265399,-0.0042494531,-0.0038036020,0.0115627673,-0.0135980879,0.0012712512
2017-11-07,-0.0138320310,-0.0012812522,0.0004714704,0.0020892619,0.0015307975,-0.0059542345,0.0112232711,0.0010240660,0.0119999898,0.0071284252,0.0021211155,-0.0001891029
2017-11-08,-0.0049277110,-0.0048459102,0.0054980485,0.0023305337,-0.0016671518,0.0010890234,0.0109106059,0.0010233283,0.0007187112,0.0067122993,-0.0017638883,0.0014436550
2017-11-09,-0.0034285444,0.0030074998,-0.0079674798,0.0001226365,-0.0125243957,0.0015226309,-0.0001863408,-0.0085178054,0.0012565934,-0.0003636457,-0.0004715156,-0.0037618876
2017-11-10,-0.0030582230,-0.0052832270,0.0000000000,-0.0064851941,0.0014089314,0.0033677863,0.0102363635,-0.0015464407,-0.0046619138,0.0006065325,-0.0003532265,-0.0008976439
2017-11-13,0.0015336729,-0.0057422003,-0.0003150443,0.0009855234,-0.0033775356,0.0033559430,0.0057111805,0.0051626821,0.0118899204,0.0036360460,-0.0048333848,0.0009836344
2017-11-14,-0.0003827020,-0.0161709383,-0.0020478442,-0.0040598802,-0.0026826556,0.0008631705,0.0034803062,-0.0090738513,0.0124621285,-0.0015700604,-0.0065146823,-0.0023096093
2017-11-15,0.0026810589,-0.0113003014,-0.0074190383,-0.0028416780,-0.0056631838,-0.0043120407,-0.0105877747,-0.0060470373,-0.0086161590,-0.0085873258,0.0058420008,-0.0055256757
2017-11-16,0.0003816531,-0.0040075001,0.0139949941,0.0104064060,0.0093978818,0.0083367768,0.0138380642,0.0121674160,-0.0031926751,0.0067094853,0.0168327838,0.0081960581
2017-11-17,-0.0011452091,0.0049180011,-0.0064305074,-0.0039234999,-0.0055017095,0.0044022619,-0.0034580316,0.0013740708,-0.0069395889,-0.0046043867,0.0085097102,-0.0026259631
2017-11-20,0.0045867760,-0.0023731679,0.0037884995,-0.0041850234,0.0045387129,0.0019245888,-0.0010956322,0.0013719516,-0.0030461107,-0.0020699121,0.0084388904,0.0012756829
2017-11-21,0.0030442597,0.0022300452,0.0105362374,0.0087764242,0.0072016102,0.0061885855,0.0032906784,0.0053091065,0.0026959781,0.0071978967,-0.0009171511,0.0065411393
2017-11-22,-0.0049317907,0.0040047732,-0.0018673279,-0.0003677551,0.0011217692,0.0009541865,-0.0012753546,-0.0027256730,0.0000000000,-0.0027861746,0.0127352479,-0.0007502611
2017-11-24,-0.0003812685,0.0028067726,0.0056125934,0.0023291050,0.0000000000,0.0025425994,-0.0007296669,0.0051246824,0.0016130396,0.0020650180,0.0018123195,0.0020560952
2017-11-27,-0.0007625707,-0.0101647864,0.0000000000,0.0008558753,0.0016800880,0.0007398204,0.0005475396,-0.0059484545,0.0042952007,-0.0041211713,0.0036189485,-0.0003842577
2017-11-28,0.0259542261,0.0077391551,0.0032557773,0.0073312986,0.0152386404,0.0110876992,0.0082115950,0.0111129590,0.0046329277,-0.0021908741,0.0122817988,0.0098485127
2017-11-29,0.0171129900,0.0054644933,-0.0220986878,0.0049731333,0.0088129745,0.0042818901,0.0052488525,0.0015220148,0.0005322610,-0.0012198116,0.0158058352,-0.0003692257
2017-11-30,0.0065838740,0.0149822938,0.0088496121,0.0074838546,0.0170629153,0.0050958255,0.0091825188,0.0055717030,0.0033678871,0.0010991831,0.0042732730,0.0081909504
2017-12-01,0.0021799705,0.0083935680,-0.0051693754,-0.0020366603,-0.0123476932,-0.0004139433,0.0024976375,-0.0082273757,-0.0033565825,0.0018296439,0.0024006192,-0.0020245308
2017-12-04,0.0152284748,-0.0004305513,-0.0160600248,-0.0122450067,0.0084250697,0.0115930646,0.0094324723,0.0103267695,-0.0056730650,-0.0076715006,0.0082726227,-0.0010521566
2017-12-05,-0.0053570220,-0.0043072096,0.0003199368,-0.0017013558,-0.0084893859,-0.0057302303,-0.0015866577,-0.0050268682,-0.0126581836,-0.0058905056,-0.0200799321,-0.0037393816
2017-12-06,-0.0035905021,-0.0129777644,0.0063989480,-0.0008524507,0.0014950413,-0.0064832240,0.0063570579,-0.0058940544,0.0037918351,-0.0003699891,-0.0242370467,-0.0001141057
2017-12-07,0.0032430558,0.0029218938,0.0061991303,0.0002436882,0.0092275684,0.0025895344,-0.0096508116,0.0067760113,0.0017988150,0.0040750503,-0.0031616337,0.0029323580
2017-12-08,0.0061064903,0.0091767530,0.0047395464,0.0112073558,0.0043029474,0.0047524334,0.0026578050,0.0000000000,0.0032325040,0.0033207255,0.0148373834,0.0055063063
2017-12-11,-0.0024994356,0.0072171029,0.0086478752,0.0042164108,-0.0020087121,0.0021592398,-0.0001767003,0.0013462494,0.0060854981,0.0011029866,0.0139512786,0.0032019575
2017-12-12,0.0100218284,-0.0027224701,-0.0003118521,0.0039585781,0.0010738171,0.0004106735,0.0001767315,0.0001681122,-0.0170787717,0.0040407414,0.0134284440,0.0015489221
2017-12-13,-0.0124026663,-0.0014368949,0.0003119494,0.0034652388,0.0038864580,0.0008206692,0.0056543229,0.0026880452,0.0027150081,0.0020733281,0.0036930396,-0.0004729571
2017-12-14,-0.0064584269,-0.0035980019,-0.0012470846,-0.0101215660,-0.0068086420,0.0030742201,-0.0043926689,-0.0110590034,-0.0012639418,-0.0006089097,-0.0124512873,-0.0040708592
2017-12-15,0.0089975569,-0.0009012347,0.0114047884,0.0110027711,0.0070540980,0.0043260604,0.0113438460,0.0059253100,0.0036669112,0.0041404795,0.0042138629,0.0089743435
2017-12-18,0.0089899738,0.0077123439,0.0088289855,0.0003582595,0.0071128135,0.0089823854,-0.0005274676,0.0147258274,-0.0110867063,0.0055781645,0.0112630366,0.0053628072
2017-12-19,-0.0042770012,0.0014440538,-0.0061414073,-0.0011941214,0.0002660087,-0.0013149733,0.0012312667,-0.0011676517,-0.0181952619,-0.0192560952,-0.0127754478,-0.0032302695
2017-12-20,-0.0017894049,0.0141314313,-0.0003091884,-0.0032280878,0.0033303115,-0.0019248015,-0.0017567653,0.0003339508,-0.0078623369,-0.0104387949,0.0036500019,-0.0008278932
2017-12-21,0.0086052624,0.0211857298,-0.0020087476,-0.0022791111,0.0007965658,0.0064955992,-0.0007039765,0.0035055775,-0.0118869647,-0.0036418448,0.0068327751,0.0019856558
2017-12-22,-0.0028437093,0.0020885315,-0.0006192364,-0.0032458340,0.0002655437,-0.0019159006,0.0015849364,0.0038266062,0.0015277729,0.0063021757,0.0001094225,-0.0004581666
2017-12-26,-0.0028523774,0.0087539308,-0.0066626316,0.0002410026,0.0010609606,0.0022224937,0.0022860389,-0.0008286249,-0.0059103183,0.0048845896,0.0038305655,-0.0010584152
2017-12-27,0.0010727313,-0.0033060494,0.0010916566,0.0016884175,0.0023847478,-0.0020160972,-0.0001755645,0.0013269443,0.0042194065,0.0036146093,-0.0027254676,0.0007909409
2017-12-28,0.0039286536,0.0015202105,0.0017140780,0.0014446090,0.0019823490,0.0027272756,-0.0015791805,0.0044722308,0.0055384372,0.0058369417,0.0047008880,0.0018339987
2017-12-29,-0.0071150467,-0.0028975672,-0.0052885721,-0.0061305993,-0.0018465242,-0.0058426174,-0.0001758730,-0.0018140458,0.0005696198,0.0002469442,-0.0081611197,-0.0051831532
2018-01-02,0.0003584259,0.0164680967,0.0123535574,0.0112483433,0.0059464933,0.0151989934,-0.0061520060,0.0142080768,-0.0093009500,-0.0050609278,0.0052658575,0.0083033615
2018-01-03,0.0053726995,0.0149760571,0.0083409803,0.0095680329,0.0053863404,0.0045914439,-0.0003537314,0.0070044072,-0.0078564679,-0.0016128440,-0.0157153715,0.0063988188
2018-01-04,0.0092623650,0.0060362978,0.0050548230,0.0014216760,0.0073171824,0.0032785090,0.0028308525,0.0087348869,-0.0083041352,-0.0156579531,0.0064311691,0.0040286361
2018-01-05,0.0028237912,-0.0003996302,0.0105171198,0.0085172169,0.0068753477,0.0079225642,0.0044106786,0.0080179094,-0.0003892635,0.0010096091,-0.0022034161,0.0070337674
2018-01-08,-0.0014079987,0.0060023321,0.0037706502,-0.0036358995,0.0041225791,0.0011790598,0.0024591572,0.0014320045,0.0093510030,0.0056753113,0.0058517424,0.0016623439
2018-01-09,0.0077548328,-0.0025195118,-0.0025545496,0.0117730305,0.0064155834,0.0019625148,-0.0014018694,-0.0015887531,-0.0098436111,-0.0115372021,-0.0081228682,0.0013029316
2018-01-10,0.0083942556,-0.0011962451,-0.0034647282,-0.0017455340,-0.0001278163,-0.0006856361,-0.0049129685,-0.0060461636,-0.0109161118,-0.0121800199,-0.0090745503,-0.0011122268
2018-01-11,0.0048560492,0.0204948705,0.0040815640,0.0043129808,0.0127502176,0.0162698661,-0.0014108530,0.0131264173,-0.0037444710,-0.0034676414,0.0090460053,0.0070336465
2018-01-12,0.0089748502,0.0096508658,0.0058713431,0.0076601457,0.0093165190,0.0129231786,0.0003533385,0.0015800754,-0.0057368454,-0.0081195456,0.0074154033,0.0067496030
2018-01-16,-0.0027368464,-0.0126588390,-0.0038912779,0.0049527667,-0.0089812831,-0.0071408412,0.0045894096,-0.0116735700,-0.0021887165,0.0027290668,-0.0090090282,-0.0035244876
2018-01-17,0.0075472512,0.0087654760,0.0150262541,0.0096273979,0.0055386041,0.0047947468,0.0114214025,0.0046285147,0.0061813794,0.0071270605,0.0021066042,0.0094150516
2018-01-18,-0.0013620524,-0.0081698420,0.0017763369,0.0002269308,-0.0053824904,-0.0008589171,-0.0029531453,-0.0006353581,-0.0063416172,-0.0097790042,-0.0028766321,-0.0016163897
2018-01-19,0.0071600132,-0.0013080418,0.0019213095,0.0037456588,0.0028945197,0.0086923617,0.0111518367,0.0060412129,-0.0029915675,0.0064971974,0.0066569083,0.0043852351
2018-01-22,0.0081245262,0.0216025636,0.0097346211,0.0065577373,0.0000000000,0.0110795298,0.0075822741,-0.0023703807,0.0014004329,0.0081329209,0.0195088558,0.0080667265
2018-01-23,0.0010074564,-0.0015375019,0.0043819932,-0.0048303676,0.0005018124,0.0084294714,-0.0032494840,-0.0001584152,0.0095884316,0.0138305725,-0.0121082821,0.0021743655
2018-01-24,0.0067089159,-0.0026956684,-0.0077077981,0.0029349425,-0.0008779241,0.0042721605,0.0020586934,0.0042776724,-0.0061336791,-0.0035371799,0.0048149175,-0.0005599757
2018-01-25,-0.0019990233,-0.0078506439,-0.0017591182,0.0085538733,0.0010042235,-0.0017572961,0.0005140673,0.0066255050,0.0155281952,-0.0019011998,0.0050098688,0.0006026209
2018-01-26,0.0073453552,0.0054480453,0.0158565610,0.0215378368,0.0115375355,0.0098205684,0.0047918876,0.0043882145,0.0005883237,0.0003810620,0.0076940059,0.0118411965
2018-01-29,-0.0039775109,-0.0150948714,-0.0091053519,-0.0027311221,-0.0066949064,-0.0027522874,-0.0039173515,-0.0113902385,-0.0127352606,-0.0128221451,-0.0091405941,-0.0067319743
2018-01-30,-0.0129783652,-0.0201727838,-0.0090426405,-0.0210319423,-0.0078629665,-0.0049680338,-0.0066690592,-0.0072601450,0.0017858971,-0.0054010509,-0.0005428462,-0.0108988156
2018-01-31,0.0026974704,0.0006684173,0.0075063064,-0.0142107673,0.0030191132,-0.0032358765,-0.0046482421,0.0007949721,0.0110938300,0.0157743185,0.0010860994,0.0004889854
2018-02-01,0.0094146946,0.0102871755,0.0008766720,0.0003408077,-0.0017559585,-0.0111309001,-0.0043236341,-0.0136615813,-0.0156737844,-0.0166751589,0.0084605768,-0.0006480883
2018-02-02,-0.0219852098,-0.0417876660,-0.0296309291,-0.0140704214,-0.0201030190,-0.0095673011,-0.0191069827,-0.0262524301,-0.0071656078,-0.0102264787,-0.0216200154,-0.0212085479
2018-02-05,-0.0504086101,-0.0419542624,-0.0418169320,-0.0443087376,-0.0453905604,-0.0337155133,-0.0363028744,-0.0382071031,-0.0164396216,-0.0321740104,-0.0351802893,-0.0409792248
2018-02-06,0.0182925674,0.0079228842,0.0287283740,0.0110789499,0.0182674292,0.0255806052,0.0110257870,0.0326743154,-0.0148798853,0.0035137759,0.0023931887,0.0174409206
2018-02-07,0.0007044953,-0.0167215763,-0.0128186020,-0.0011907827,0.0018468719,-0.0030578031,-0.0043623050,-0.0089925769,-0.0047587777,-0.0039053291,0.0025006359,-0.0050015884
2018-02-08,-0.0439986596,-0.0302326450,-0.0414282745,-0.0347007801,-0.0385779132,-0.0398774904,-0.0215407694,-0.0351202716,-0.0112266688,-0.0294712926,-0.0343576600,-0.0375364198
2018-02-09,0.0191459869,-0.0007492826,0.0245118964,0.0142064544,0.0108185910,0.0066894026,0.0020525494,0.0174155817,0.0210259916,0.0207549211,0.0019963034,0.0149360902
2018-02-12,0.0140897487,0.0163492733,0.0179444535,0.0093786184,0.0161225960,0.0135875074,0.0102402083,0.0201986838,0.0076196868,0.0030021191,0.0111331812,0.0139145848
2018-02-13,0.0042749990,-0.0041322926,0.0024741387,0.0007238883,0.0022668003,0.0051857009,0.0046073945,-0.0025168152,0.0044958085,0.0076190516,0.0033612583,0.0026129297
2018-02-14,0.0237668754,0.0145227126,0.0183554408,0.0113349090,0.0126376914,0.0159643751,-0.0005504888,0.0134566296,-0.0111901279,-0.0048609261,0.0027723217,0.0134024583
2018-02-15,0.0055441012,-0.0024829874,0.0190851050,0.0110883267,0.0151078648,0.0089102608,0.0165200659,0.0074691394,0.0222220334,0.0099051561,0.0229236524,0.0120691128
2018-02-16,-0.0013784027,-0.0024894088,-0.0014858116,0.0071936108,0.0002588212,-0.0048430831,0.0039724605,-0.0036245785,0.0088569801,0.0084643322,0.0045044076,0.0003734694
2018-02-20,-0.0031054939,-0.0054315567,0.0008929367,-0.0110055776,-0.0100914144,-0.0030536619,-0.0226618373,-0.0044640968,-0.0129688302,-0.0123902209,-0.0128923600,-0.0058413895
2018-02-21,0.0013846052,-0.0168268626,-0.0063953428,-0.0041436186,0.0002609326,-0.0014359345,-0.0119618369,-0.0034881284,-0.0131389289,-0.0165924813,-0.0161268835,-0.0054965031
2018-02-22,-0.0082960669,0.0109594685,0.0011976308,-0.0015452407,0.0066644469,0.0012462608,0.0026076476,0.0066668656,0.0051203464,0.0093280493,-0.0070417391,0.0009735511
2018-02-23,0.0149879958,0.0216809958,0.0209295698,0.0159545415,0.0083072295,0.0139779064,0.0096598486,0.0147350047,0.0260851241,0.0169883176,0.0215066786,0.0160283764
2018-02-26,0.0151100518,0.0059594481,0.0156687204,0.0126564060,0.0137745241,0.0084032156,0.0062557418,0.0044054690,-0.0029789918,0.0034745434,0.0128599605,0.0117570153
2018-02-27,-0.0094725523,-0.0130040707,-0.0100921806,-0.0104155260,-0.0125716485,-0.0211611714,-0.0131649205,-0.0138078183,-0.0159362538,-0.0210414878,-0.0134831391,-0.0127068884
2018-02-28,-0.0140026721,-0.0229833084,-0.0071364654,-0.0160215558,-0.0142743964,-0.0044955431,-0.0103764749,-0.0177892599,-0.0068825226,-0.0024485819,-0.0100229654,-0.0110957886
2018-03-01,-0.0173190127,-0.0014985265,-0.0165763244,-0.0159256827,-0.0195696284,-0.0107617987,-0.0022465883,-0.0102299834,0.0002036659,-0.0031368354,-0.0011500230,-0.0133243995
2018-03-02,0.0024677479,0.0046517541,0.0095469384,0.0101449192,-0.0002662395,0.0009711286,0.0084446648,-0.0010165275,-0.0026488418,-0.0017781894,0.0058739149,0.0050716027
2018-03-05,0.0140641862,0.0106051123,0.0101947734,0.0090860675,0.0119792884,0.0119358387,0.0087454870,0.0132292246,0.0204330988,0.0112375000,0.0116798053,0.0110320265
2018-03-06,0.0041610177,0.0005911306,0.0021938205,-0.0014211145,0.0044718356,0.0069047591,0.0007376935,0.0110479451,-0.0134164224,0.0063694949,0.0028296178,0.0026388586
2018-03-07,-0.0017265345,-0.0075329081,0.0055459596,0.0051019261,-0.0001307055,-0.0067621226,-0.0090322039,-0.0036424322,-0.0075094804,0.0051170931,0.0067719586,-0.0004838747
2018-03-08,0.0031132453,-0.0002978774,0.0043537697,0.0067283432,0.0052382259,0.0031643182,0.0091145282,0.0008306777,0.0073616618,0.0050911063,0.0028030315,0.0044630782
2018-03-09,0.0241379853,0.0190560477,0.0189308144,0.0144232925,0.0220167252,0.0154844660,0.0064517383,0.0180974511,0.0028422725,0.0062646781,0.0008939775,0.0173788315
2018-03-12,-0.0033671076,-0.0002922342,0.0031200426,-0.0042770857,-0.0123643482,0.0032945897,-0.0018312362,-0.0024462197,0.0042511743,0.0050342931,-0.0051379173,-0.0012739851
2018-03-13,-0.0111487304,-0.0071604690,-0.0114519284,0.0012773459,-0.0049044986,-0.0070362528,-0.0007339439,-0.0040868336,0.0022170925,0.0015817801,-0.0074096398,-0.0063635766
2018-03-14,-0.0112741202,-0.0058875084,-0.0008577674,-0.0048696632,-0.0108949095,-0.0012285191,-0.0100997123,-0.0123114809,0.0102576903,0.0007893244,-0.0058817315,-0.0057245219
2018-03-15,0.0003454372,-0.0051819475,0.0005722568,-0.0016309590,0.0028846230,-0.0010404997,-0.0070485117,-0.0131294001,-0.0005974593,-0.0002627319,-0.0055753031,-0.0007819305
2018-03-16,0.0008666182,0.0089182971,-0.0010333808,0.0000000000,0.0053431761,-0.0010447966,0.0003569687,-0.0000675353,0.0087728645,0.0059184639,0.0129301754,0.0017034472
2018-03-19,-0.0072738918,-0.0154510136,-0.0198243462,-0.0161611403,-0.0077042914,-0.0124548062,-0.0097651175,-0.0143702299,-0.0061689800,-0.0092837909,-0.0124231277,-0.0142041954
2018-03-20,0.0024423185,0.0084502798,-0.0004400104,0.0014280422,0.0034212060,0.0059690419,-0.0028448303,-0.0010292593,-0.0046058455,-0.0007916801,-0.0099251203,0.0014818055
2018-03-21,-0.0003480193,0.0261858669,-0.0060117464,-0.0042790609,0.0011802435,-0.0007655117,-0.0123620728,0.0113324348,-0.0034199088,-0.0076608149,-0.0040794690,-0.0018439899
2018-03-22,-0.0369080156,-0.0204138779,-0.0258149090,-0.0287689674,-0.0330102677,-0.0212621874,-0.0082802331,-0.0298811483,0.0044411044,-0.0057974613,-0.0142791842,-0.0251628884
2018-03-23,-0.0303687665,-0.0061033442,-0.0266504700,-0.0207722937,-0.0146300267,-0.0196696161,-0.0124272524,-0.0196009902,-0.0140674689,-0.0159290058,-0.0176917172,-0.0209668807
2018-03-26,0.0324384078,0.0179724369,0.0379588859,0.0207107696,0.0241959270,0.0295470346,0.0143530080,0.0205284855,0.0103952533,0.0126201253,0.0082197896,0.0271572558
2018-03-27,-0.0195017032,-0.0094162034,-0.0320744164,-0.0118050539,-0.0138257786,-0.0195851683,-0.0005813540,-0.0101451404,0.0143230011,0.0027093136,-0.0057550356,-0.0172763088
2018-03-28,0.0018420189,-0.0194562586,-0.0066581191,0.0053504218,-0.0034026388,-0.0121640097,0.0137701962,-0.0127232146,-0.0003976251,0.0193190088,0.0098880293,-0.0029166572
2018-03-29,0.0136026650,0.0210542818,0.0197970365,0.0075509621,0.0146133518,0.0140156047,0.0068874973,0.0191518074,0.0053719903,0.0002650466,-0.0009555609,0.0137697187
2018-04-02,-0.0221256237,-0.0200268942,-0.0238459338,-0.0227275154,-0.0205946740,-0.0282355895,-0.0245108484,-0.0217774404,-0.0077181126,-0.0137801641,-0.0204371258,-0.0223374236
2018-04-03,0.0137240932,0.0213443443,0.0098654958,0.0152106278,0.0138808467,0.0126992225,0.0132447417,0.0141832456,0.0033905796,0.0065834010,0.0071983755,0.0126148658
2018-04-04,0.0106111911,-0.0013340789,0.0139556096,0.0142397039,0.0043384730,0.0183587797,0.0155712105,0.0065497884,0.0021862716,0.0112117896,0.0165962561,0.0115664827
2018-04-05,0.0079652526,0.0179576033,0.0041291224,-0.0007323808,0.0101224893,0.0133976087,0.0024605522,0.0186423426,0.0079335545,0.0009243713,0.0115585820,0.0068628637
2018-04-06,-0.0240659911,-0.0180781160,-0.0245202369,-0.0240685066,-0.0276591306,-0.0212890882,-0.0101961045,-0.0243439855,-0.0078711086,-0.0089676819,-0.0108377445,-0.0219202488
2018-04-09,0.0055204284,0.0047513227,0.0078063487,0.0098898493,-0.0030232216,-0.0023836066,-0.0005724217,0.0054856884,0.0019834865,-0.0017298709,0.0015482717,0.0033365489
2018-04-10,0.0150072543,0.0331019004,0.0246318447,0.0168584876,0.0152999463,0.0121467947,0.0022907254,0.0205913952,-0.0077200303,-0.0038655857,0.0292510042,0.0167269538
2018-04-11,-0.0119000856,0.0104420329,-0.0058965873,-0.0081673786,-0.0073309898,-0.0030498881,-0.0019044690,-0.0074151298,-0.0013958031,0.0022748574,-0.0017329837,-0.0055253645
2018-04-12,0.0175181433,-0.0001417417,0.0120154753,0.0067599706,0.0143595464,0.0043416542,-0.0015265369,0.0105978431,-0.0131844184,-0.0094792021,-0.0040502945,0.0082507501
2018-04-13,-0.0150647636,0.0110437041,-0.0033064234,-0.0004883253,-0.0024262124,-0.0055996156,0.0049683975,-0.0010317916,0.0078945596,0.0035043164,-0.0042996317,-0.0028866255
2018-04-16,0.0043701912,0.0102222350,0.0076897581,0.0079394850,0.0100010929,0.0075084417,0.0108385007,0.0134231143,0.0136575576,0.0048353688,0.0157547231,0.0081090384
2018-04-17,0.0000000000,0.0038815694,0.0185550334,0.0077557672,0.0084304484,0.0186308487,0.0022573661,0.0113770595,0.0101052298,0.0129662653,0.0085016765,0.0106615047
2018-04-18,-0.0047137871,0.0157415576,-0.0026444495,0.0008416183,0.0103502345,0.0047170276,-0.0075074273,0.0072194402,-0.0037272645,-0.0017154896,0.0012530527,0.0008313658
2018-04-19,0.0153006732,0.0012233352,-0.0110473904,-0.0084103720,-0.0027580330,-0.0031619398,-0.0289334293,-0.0111684482,-0.0005904000,-0.0142763184,-0.0061438411,-0.0057261247
2018-04-20,0.0003589183,-0.0047518564,-0.0138518172,-0.0053315436,-0.0043463347,-0.0101879738,-0.0167477031,-0.0053943104,-0.0090624925,-0.0085825419,-0.0040069941,-0.0085365323
2018-04-23,-0.0010762887,0.0061388907,-0.0036246746,0.0038979298,-0.0011905069,0.0021359846,-0.0011884167,-0.0028815967,0.0005967404,0.0006763045,0.0016093801,0.0000562317
2018-04-24,-0.0064629291,-0.0107120421,-0.0174321010,-0.0075230150,-0.0279428047,-0.0157945676,-0.0063454174,-0.0270271615,0.0067551652,0.0024333991,0.0030983593,-0.0133805616
2018-04-25,-0.0007227834,0.0079496116,0.0001542800,0.0045240656,0.0028606309,0.0041352476,0.0017960483,0.0054162801,0.0001971361,-0.0021579638,0.0091520666,0.0018370596
2018-04-26,0.0003616128,0.0145500113,0.0182013386,0.0126578207,-0.0036680148,0.0161779787,0.0059763158,0.0062552523,0.0100633595,0.0121624836,-0.0182516795,0.0104342048
2018-04-27,0.0014462507,-0.0105882772,-0.0018179844,0.0040869363,-0.0020453810,0.0045348835,0.0053464379,-0.0025903605,0.0101582308,0.0129507464,0.0098155769,0.0011136249
2018-04-30,-0.0090256107,-0.0001354883,-0.0065259959,-0.0153223494,-0.0132526625,-0.0039379836,-0.0063029221,-0.0129847375,-0.0029007204,-0.0030317282,-0.0301892155,-0.0081874910
2018-05-01,0.0003643288,-0.0060965482,0.0125268942,-0.0004861409,-0.0045695478,0.0013500499,-0.0087215242,-0.0008768477,-0.0031031796,0.0070071017,-0.0140314521,0.0025490455
2018-05-02,-0.0112891057,0.0040893208,-0.0010563575,-0.0137441369,-0.0087635513,-0.0068376946,-0.0195960951,-0.0022823266,-0.0009729304,-0.0034135993,0.0004787229,-0.0072058636
2018-05-03,-0.0084714150,-0.0023080831,0.0022654294,-0.0090017356,0.0023855890,-0.0044602592,-0.0010197727,0.0045750950,-0.0013629290,0.0003954751,-0.0068133536,-0.0022536742
2018-05-04,0.0130015645,0.0048987427,0.0189873528,0.0079635786,0.0116197194,0.0131489930,0.0144955345,0.0124361687,0.0044848162,0.0105345212,0.0085450063,0.0128111790
2018-05-07,0.0066004682,0.0013540383,0.0069506621,-0.0014813265,0.0066427293,0.0033646228,-0.0062384976,-0.0003458985,-0.0052413405,0.0054729110,-0.0036993455,0.0034579455
2018-05-08,0.0069217602,0.0078431852,0.0022033645,-0.0075416908,0.0071485519,-0.0042158670,-0.0040504680,-0.0020768107,-0.0249804720,-0.0049248378,-0.0123370158,-0.0002656413
2018-05-09,0.0148338306,0.0203946812,0.0123095376,0.0057306948,0.0107834718,0.0034639204,0.0014233857,0.0143946780,-0.0070059222,0.0061211989,-0.0055783086,0.0096822203
2018-05-10,0.0081992848,0.0074946614,0.0130282118,0.0133779337,0.0067523304,0.0036437476,0.0058885713,0.0071807951,0.0141102053,0.0091912104,0.0174389258,0.0093706437
2018-05-11,-0.0007071932,0.0014357659,-0.0014288051,0.0149125547,0.0021464226,0.0021018130,0.0000000000,-0.0003393809,0.0013910050,-0.0041048834,0.0080307712,0.0017075956
2018-05-14,-0.0007078514,0.0069074826,-0.0001433447,0.0066239002,-0.0017399109,0.0019066385,-0.0004038637,0.0039054676,-0.0037708725,-0.0073418020,-0.0057077210,0.0008834896
2018-05-15,-0.0017699742,0.0002587001,-0.0094461649,-0.0129216568,-0.0033523469,-0.0058043498,-0.0038365225,-0.0030448738,-0.0083682465,-0.0147912765,-0.0062183114,-0.0068421403
2018-05-16,0.0017731126,0.0034939779,0.0044790753,0.0055755802,0.0036321900,0.0083267435,0.0070947050,0.0118766447,-0.0078361669,-0.0028977728,0.0034895479,0.0040605617
2018-05-17,-0.0021241112,0.0150869422,-0.0051780543,0.0003617144,0.0038878132,-0.0033217551,0.0034218249,0.0023473434,-0.0081003435,-0.0051509127,-0.0011991080,-0.0008558723
2018-05-18,-0.0081620922,-0.0077487496,-0.0041935331,0.0025304508,0.0058753949,-0.0012384838,-0.0062183790,0.0013383701,0.0002039381,0.0022565307,-0.0001199546,-0.0026321949
2018-05-21,0.0071556669,0.0102417356,0.0087122013,0.0009612969,0.0151331010,0.0055305974,0.0042387406,0.0053457983,0.0051034596,0.0107304104,0.0087655498,0.0073867530
2018-05-22,0.0067496372,-0.0133061437,-0.0014395320,-0.0019208528,-0.0122920703,-0.0044570449,-0.0018091408,-0.0083085398,0.0036553121,0.0013105945,-0.0002378531,-0.0031357618
2018-05-23,-0.0063514978,-0.0001286678,0.0073521969,0.0032481065,-0.0009269621,0.0072395968,0.0036250313,-0.0023456948,0.0091054981,0.0085079016,-0.0050006717,0.0032484099
2018-05-24,-0.0078127480,-0.0164417475,-0.0011451046,-0.0039569731,0.0049034242,0.0021751216,-0.0008029610,-0.0035271933,0.0082213498,-0.0024659651,-0.0015556821,-0.0020232135
2018-05-25,-0.0032211354,-0.0259895012,-0.0007164813,-0.0014452210,-0.0018463589,0.0015098744,0.0016064469,-0.0053935535,0.0043757423,0.0033827060,-0.0103068476,-0.0023572204
2018-05-29,-0.0333930546,-0.0030834553,-0.0054479084,-0.0102481549,-0.0159862443,-0.0077264501,-0.0022051546,-0.0172850516,0.0000000000,0.0029820937,-0.0036327096,-0.0115641873
2018-05-30,0.0182024222,0.0302619221,0.0073521969,0.0149835065,0.0140978694,0.0091158666,0.0140647375,0.0117260532,0.0081188824,0.0126696281,0.0154349218,0.0126957912
2018-05-31,-0.0083911368,-0.0075717056,0.0002862171,-0.0109219279,-0.0144316413,-0.0047987654,-0.0160493233,-0.0083518022,0.0015713999,-0.0017868063,-0.0116097715,-0.0068795600
2018-06-01,0.0110372044,0.0047354935,0.0170239835,0.0115277898,0.0110156703,0.0073750080,0.0000000000,0.0152974821,-0.0152974497,0.0034529235,0.0077500701,0.0108492304
2018-06-04,0.0032752171,-0.0086409501,0.0080178854,0.0037190084,-0.0014613659,0.0111694123,0.0082565146,0.0057559067,-0.0079664416,0.0087943415,0.0049262851,0.0044795984
2018-06-05,-0.0043527540,-0.0023770918,0.0034889620,-0.0020318319,0.0011970529,0.0058480764,-0.0045935565,0.0075744200,-0.0052196858,-0.0012634032,0.0034682326,0.0007025930
2018-06-06,0.0182150601,0.0047655117,0.0065358832,0.0112575481,0.0083734229,0.0093207348,0.0012036287,0.0185429955,-0.0238143711,0.0011386945,0.0044085789,0.0085673925
2018-06-07,0.0032203811,0.0151518008,-0.0080134928,0.0013026587,0.0042179263,0.0029258735,0.0062124342,-0.0050842601,0.0070294035,0.0006311782,0.0032032207,-0.0007141885
2018-06-08,0.0014264917,-0.0019469161,-0.0016712663,0.0057953070,0.0032811629,0.0020966438,0.0123479665,0.0028025919,-0.0004108465,0.0029046863,0.0024838772,0.0031259044
2018-06-11,-0.0021369277,0.0052019039,0.0011161195,0.0018816144,0.0019622592,0.0040027778,0.0082633679,0.0014793433,-0.0020538599,0.0002520380,0.0053083380,0.0010687077
2018-06-12,-0.0024983417,-0.0076332987,0.0048775788,-0.0005869388,-0.0010442830,0.0048028303,0.0019508258,0.0013132512,0.0115251041,0.0050352242,0.0063365266,0.0017433852
2018-06-13,-0.0035779531,-0.0037804249,-0.0051311549,0.0002347691,-0.0079729408,0.0015326966,-0.0031160050,-0.0108196882,-0.0026451393,-0.0201655262,-0.0131762408,-0.0040261279
2018-06-14,-0.0093356178,-0.0014392387,0.0071089647,0.0051661810,-0.0038207609,0.0104450656,0.0017584351,0.0014915807,0.0124440748,0.0099708895,0.0191421046,0.0024715498
2018-06-15,-0.0000361995,-0.0214780747,-0.0038195252,0.0019466146,-0.0024966775,0.0016438676,0.0128521397,-0.0069827639,0.0071152851,0.0010122959,0.0057970205,-0.0010171027
2018-06-18,-0.0018203041,0.0099772411,0.0011151135,-0.0095952312,-0.0041264056,-0.0016947571,-0.0145516982,-0.0025109035,0.0032295294,-0.0008847877,-0.0029970227,-0.0021261278
2018-06-19,-0.0025529273,-0.0022697100,-0.0051532154,0.0025989710,-0.0211203201,-0.0012508535,0.0053159454,-0.0182949077,0.0098590630,-0.0001265965,0.0057810307,-0.0040234023
2018-06-20,-0.0025592991,0.0044155222,0.0021001185,0.0021210779,0.0006824115,0.0047413941,0.0009791156,-0.0032484352,0.0007972189,0.0097455983,-0.0005746460,0.0017121543
2018-06-21,-0.0029325926,-0.0185159971,-0.0076833394,-0.0057618356,-0.0125542684,-0.0071229348,0.0019568709,-0.0106345373,0.0033842146,0.0051390360,-0.0082819054,-0.0063455105
2018-06-22,-0.0047795098,0.0199508828,-0.0032383528,0.0044942025,0.0034551296,-0.0017040971,0.0082011807,0.0145632539,0.0069445604,0.0063598387,0.0061471569,0.0018619345
2018-06-25,-0.0107126574,-0.0200928734,-0.0207624355,-0.0091836254,-0.0126705252,-0.0217390806,0.0050359984,-0.0155502792,0.0165518444,-0.0034697259,-0.0125647112,-0.0137246690
2018-06-26,-0.0033610849,0.0126290390,0.0040383297,-0.0030899632,0.0037662850,0.0071626401,-0.0042398003,0.0038184194,0.0011629024,0.0039548075,0.0012841617,0.0022045770
2018-06-27,-0.0123642643,0.0134099867,-0.0136475401,-0.0084635487,-0.0080603068,-0.0129466282,-0.0021287891,-0.0031122492,0.0048404461,-0.0053775867,-0.0100269513,-0.0086043551
2018-06-28,0.0087253930,-0.0013230679,0.0122343526,0.0013226629,0.0014012343,0.0078512864,0.0000000000,0.0038159257,-0.0003854759,0.0106883940,0.0132751420,0.0061786899
2018-06-29,0.0000000000,0.0062275454,-0.0004316875,0.0020409188,0.0020983311,0.0017414301,-0.0005816256,0.0034561461,0.0015419323,0.0024878012,-0.0039878761,0.0007584033
2018-07-02,0.0048891573,-0.0147487504,0.0089246066,0.0031153004,0.0022338820,0.0013723955,-0.0058222108,-0.0053384442,0.0071208110,-0.0059568209,0.0031796397,0.0030679574
2018-07-03,-0.0089822466,0.0062820831,-0.0118415697,0.0023890069,-0.0032040251,-0.0050252703,0.0023426892,-0.0017312863,0.0028666594,0.0074905580,-0.0051647984,-0.0049473506
2018-07-05,0.0022659985,-0.0010625771,0.0141484398,0.0103668808,0.0048914048,0.0049587566,0.0138266500,0.0086715997,0.0053351551,0.0130113682,0.0193506248,0.0086208037
2018-07-06,0.0048983681,0.0061158324,0.0116752374,0.0143887727,0.0034759015,0.0078581501,0.0030734215,0.0049861685,0.0077712236,0.0041590697,0.0113439383,0.0084812816
2018-07-09,0.0228722468,0.0149337412,0.0075989803,0.0073245102,0.0185699815,0.0119673196,-0.0038302774,0.0088965503,-0.0308444533,-0.0088927680,0.0043492001,0.0088229859
2018-07-10,-0.0036656390,0.0074218576,0.0023744063,0.0038089192,0.0031294836,0.0021503258,0.0119185786,0.0084788103,0.0095088384,0.0030726143,0.0031910541,0.0034732672
2018-07-11,-0.0047831080,-0.0211971193,-0.0039013816,-0.0079339026,-0.0164111628,-0.0023245641,-0.0032293063,-0.0168151999,0.0090349675,-0.0030632022,-0.0096555570,-0.0070942029
2018-07-12,0.0018486500,0.0017164686,0.0158067300,0.0111264035,0.0117208239,0.0066309604,-0.0013345207,0.0023944147,0.0007621931,0.0029497980,0.0106673320,0.0087490427
2018-07-13,-0.0044282291,0.0052731099,-0.0011015198,0.0018343123,0.0051791877,0.0022252583,0.0064889176,-0.0005118687,0.0001903333,-0.0034315217,-0.0024969586,0.0010792375
2018-07-16,0.0177908793,-0.0115396073,-0.0023436367,-0.0060643151,-0.0040678456,0.0024869662,-0.0047400802,-0.0080232048,-0.0009517648,-0.0045499254,-0.0026170810,-0.0010281357
2018-07-17,0.0010925643,-0.0039797106,0.0074614267,0.0055254688,0.0039485769,0.0009745570,0.0085726900,0.0130788649,-0.0007619134,-0.0053117022,-0.0018249412,0.0039736986
2018-07-18,0.0160059262,0.0006659953,-0.0016461029,0.0008015949,0.0109845632,-0.0006196681,-0.0081224785,-0.0093427611,-0.0051477701,-0.0047194622,-0.0059429179,0.0021605126
2018-07-19,-0.0150375474,0.0002660482,-0.0035717779,-0.0056049690,-0.0004025712,-0.0023025831,0.0005713733,0.0036008209,0.0091989663,0.0101072299,-0.0078181304,-0.0039529931
2018-07-20,0.0018176573,-0.0034595043,0.0002762602,-0.0019558622,-0.0010736827,-0.0044384886,0.0060908681,-0.0041006230,-0.0070263403,-0.0084001130,-0.0038238497,-0.0009484477
2018-07-23,0.0137879882,-0.0044064605,0.0050993729,0.0020748289,-0.0061793449,-0.0010700451,-0.0062429521,-0.0054896509,-0.0070759655,-0.0024919180,0.0022105420,0.0018380495
2018-07-24,0.0028631597,0.0126071775,0.0054853934,0.0090861988,0.0041898729,-0.0029456659,0.0019036119,0.0129377632,0.0034670996,-0.0048707829,0.0080080219,0.0047809111
2018-07-25,0.0021414569,0.0083442438,0.0125479466,0.0127667780,0.0152105714,0.0073411626,0.0076002498,0.0078335937,0.0028790321,0.0081580222,-0.0019571015,0.0091016051
2018-07-26,-0.0003562786,0.0109024330,-0.0153558869,-0.0028136915,0.0076904176,-0.0052435479,0.0052799293,0.0057454055,0.0107176552,0.0027386034,-0.0159207257,-0.0030322960
2018-07-27,0.0021375634,-0.0042876595,-0.0170997457,-0.0072231416,0.0001320126,-0.0025908903,0.0013131382,-0.0036963382,-0.0032191590,-0.0096837478,-0.0076200237,-0.0065622087
2018-07-30,0.0007107383,0.0082209850,-0.0155876946,0.0005684121,-0.0098671826,-0.0079721399,-0.0011240330,-0.0018550637,-0.0060789609,0.0013789743,-0.0050798080,-0.0057541703
2018-07-31,-0.0071044639,-0.0018120436,0.0026863209,0.0104530998,0.0220569321,0.0046952051,0.0046888742,0.0091229747,0.0089832542,0.0171508364,0.0023748172,0.0048847288
2018-08-01,0.0000000000,-0.0138741462,0.0090239718,0.0002250423,-0.0135208978,-0.0049427792,-0.0084004784,-0.0102124135,-0.0064406642,0.0033232058,-0.0026063938,-0.0010403515
2018-08-02,0.0003574592,-0.0055229052,0.0125767831,0.0037098060,-0.0013180779,0.0068642073,0.0101657239,-0.0065968901,0.0049570532,-0.0033121987,0.0076010065,0.0049264448
2018-08-03,0.0057227014,-0.0051565714,0.0035884982,0.0059363234,0.0009244704,0.0034087425,0.0117405414,0.0095352595,0.0111931731,0.0118159850,0.0045972524,0.0046441830
2018-08-06,0.0053342088,0.0037215992,0.0053627654,0.0017817241,0.0014497229,0.0067047149,0.0009208629,-0.0003370800,0.0007506101,-0.0006086519,0.0141967951,0.0035382274
2018-08-07,0.0045985304,0.0074148849,0.0038299875,0.0001110260,0.0071091374,0.0046173607,-0.0060730954,0.0033742060,-0.0015000025,-0.0035295234,0.0013879513,0.0028241823
2018-08-08,0.0024648334,-0.0072293012,0.0027251876,0.0015559415,-0.0044443918,0.0010609943,-0.0075908199,-0.0042036869,-0.0052567471,-0.0059850121,-0.0023104278,-0.0002623800
2018-08-09,-0.0059711163,-0.0092676692,0.0004078068,-0.0011098682,-0.0055146806,0.0037089267,-0.0029850304,0.0054034396,0.0045294754,0.0012289062,0.0084531312,-0.0014416745
2018-08-10,-0.0116609311,0.0061473959,-0.0080147724,-0.0043321780,-0.0088458554,-0.0083579958,-0.0037426584,-0.0144441218,-0.0043212781,-0.0089599233,-0.0067749414,-0.0071138879
2018-08-13,-0.0096532276,-0.0127509253,-0.0013690299,0.0003348295,-0.0047958827,-0.0050565387,0.0000000000,-0.0100544889,0.0013207670,-0.0004947423,-0.0019650206,-0.0040059922
2018-08-14,0.0093861545,0.0024218771,0.0061703203,0.0046842886,0.0069600820,0.0097191238,0.0069497206,0.0084352344,0.0020733068,0.0054510667,0.0093828349,0.0063892548
2018-08-15,-0.0078679603,-0.0348948697,-0.0089939542,-0.0016653959,-0.0047851059,-0.0121864169,0.0041035962,-0.0158755972,0.0092156355,0.0075175900,-0.0115910437,-0.0076021648
2018-08-16,0.0133377152,0.0072313546,0.0044002468,0.0097855320,0.0126887945,0.0049168547,0.0143043725,0.0060710631,0.0108089567,0.0080721119,0.0005807066,0.0079194085
2018-08-17,0.0021347589,0.0024851096,0.0015060638,0.0030836333,0.0060665293,0.0008895197,0.0076923350,0.0074138955,0.0051620377,0.0089786303,-0.0013923307,0.0033231157
2018-08-20,0.0031946080,0.0067484199,-0.0015037989,0.0032929953,0.0066864458,0.0071104183,-0.0005451354,0.0070166792,-0.0034850534,0.0015629620,0.0010456800,0.0024280178
2018-08-21,0.0038927679,0.0050616785,0.0016431731,0.0000000000,0.0074226687,0.0079429622,-0.0070923456,0.0039090381,-0.0071781500,-0.0067236759,0.0041786384,0.0020685364
2018-08-22,-0.0035250364,0.0119776717,0.0030067367,0.0009850485,-0.0096948807,0.0010504564,-0.0062270252,-0.0050787499,-0.0074154063,-0.0055601079,-0.0009245524,-0.0003981518
2018-08-23,-0.0045984519,-0.0047073037,0.0021805597,-0.0003276758,-0.0028715933,-0.0009620399,-0.0023958634,-0.0068059031,-0.0007474279,-0.0021876193,-0.0052066869,-0.0016912621
2018-08-24,0.0035533751,0.0072970068,0.0100627958,0.0048110579,0.0043197947,0.0058659888,-0.0012929837,0.0130200657,0.0042990268,0.0051160968,0.0136076438,0.0061988397
2018-08-27,0.0134563039,0.0073788033,0.0091545076,0.0035914928,0.0126434590,0.0064408594,0.0005548158,0.0136986125,-0.0061417218,-0.0018178279,0.0073437155,0.0076704094
2018-08-28,-0.0010483589,-0.0042617727,0.0017342438,0.0005419653,-0.0020596339,0.0019889937,-0.0033278358,-0.0038370761,-0.0020601057,0.0106846395,-0.0028474068,0.0002692783
2018-08-29,-0.0003496903,0.0061521846,0.0090553199,0.0065025252,0.0007741957,0.0112203441,0.0011129824,0.0075365826,0.0073186050,-0.0009607938,0.0047976847,0.0057014341
2018-08-30,-0.0076977420,-0.0027914451,-0.0030352279,-0.0007538555,-0.0069596748,-0.0057184381,-0.0031499881,-0.0118020057,0.0003727850,-0.0034875344,-0.0054569012,-0.0044303291
2018-08-31,-0.0010576571,-0.0077310331,0.0007940152,-0.0002153747,0.0006486918,0.0039489019,-0.0003714890,-0.0030276665,-0.0042833790,0.0037408967,-0.0076591327,0.0001344775
2018-09-04,0.0049417688,-0.0021494204,-0.0038358733,-0.0079759558,-0.0007782874,0.0018808340,-0.0013019258,-0.0069178409,0.0044887926,-0.0105798777,-0.0095610577,-0.0016543221
2018-09-05,0.0007026402,-0.0013464088,-0.0124812394,0.0040202316,0.0071394806,-0.0107533339,0.0115433813,0.0066260312,0.0139635617,0.0046173911,-0.0122119782,-0.0028031267
2018-09-06,-0.0045633312,-0.0184686221,-0.0072612114,0.0000000000,0.0030928143,-0.0027610088,0.0027610774,0.0020254344,0.0056924898,0.0038704639,-0.0070649901,-0.0036523051
2018-09-07,-0.0010576571,-0.0001373370,-0.0033861551,0.0015150266,-0.0030832783,-0.0000864336,-0.0020190760,-0.0065688841,-0.0122331037,-0.0121684575,0.0024906936,-0.0022133448
2018-09-10,-0.0010588553,-0.0004120675,0.0031257892,-0.0025932731,0.0051551024,0.0037203142,0.0034946692,0.0011865128,0.0049905872,0.0063421005,0.0027204919,0.0018978268
2018-09-11,0.0010599777,0.0094817567,0.0085355215,-0.0008667351,-0.0002563941,0.0080166038,-0.0036655695,0.0020322947,-0.0025744884,-0.0020608389,0.0089653843,0.0037398415
2018-09-12,-0.0091775819,0.0051729957,-0.0041645971,0.0049876468,0.0030779650,0.0018812064,0.0115892679,0.0005070243,-0.0009224651,0.0008506303,0.0010519665,0.0003566719
2018-09-13,-0.0014250686,0.0004063370,0.0117361462,0.0124069982,0.0060096498,0.0017072638,-0.0014547453,0.0038850395,0.0075675488,0.0059456805,0.0060735076,0.0052822543
2018-09-14,0.0071351156,0.0052795763,-0.0007998417,-0.0033035937,0.0049565028,-0.0037492983,-0.0027320842,-0.0003363614,-0.0053122727,-0.0080817611,-0.0005805431,0.0002754818
2018-09-17,-0.0042508185,0.0016159367,-0.0125435172,-0.0036350373,0.0003796688,-0.0124015033,0.0036525282,0.0035348320,0.0033147735,0.0035266333,-0.0083632949,-0.0055697223
2018-09-18,0.0049806830,0.0065876839,0.0063514278,0.0057946279,0.0091022025,0.0127304925,-0.0041849663,0.0010062442,-0.0018354767,-0.0035142399,0.0080827104,0.0053690146
2018-09-19,0.0169909181,0.0030719117,-0.0025511891,-0.0013870248,-0.0008768055,0.0004274605,-0.0018271785,0.0108915479,-0.0216992258,-0.0132553403,-0.0001160053,0.0012532727
2018-09-20,0.0087017431,0.0002668022,0.0118468209,0.0097220051,0.0015047421,0.0068385566,0.0126306537,0.0107739030,0.0020680348,0.0099821964,0.0087155228,0.0078405919
2018-09-21,-0.0038816097,0.0066074764,-0.0039515319,0.0013488309,0.0064666611,-0.0044195446,0.0016018304,-0.0021582346,0.0042582575,-0.0004878438,-0.0042625537,-0.0003685330
2018-09-24,-0.0111346499,0.0146470377,0.0049590654,0.0020156224,-0.0171252826,-0.0065001438,-0.0152670114,-0.0140359173,-0.0088578404,-0.0175800649,-0.0003480559,-0.0035156878
2018-09-25,-0.0038702404,0.0064308118,-0.0012002890,-0.0030700207,-0.0030521289,0.0042184356,-0.0059063308,-0.0051917230,-0.0136908122,-0.0016159147,0.0016249540,-0.0013050961
2018-09-26,-0.0120099191,-0.0096495751,-0.0037387931,0.0022301049,-0.0006378576,0.0023144730,0.0011138751,-0.0099325643,-0.0098324068,-0.0091501370,0.0013910219,-0.0032892781
2018-09-27,-0.0035751423,0.0000000000,0.0058973264,0.0050856181,0.0014040938,0.0034213056,-0.0012982347,-0.0086721957,0.0103196898,0.0026637960,0.0092591992,0.0027632871
2018-09-28,-0.0104056597,-0.0027645484,0.0037310406,0.0030574428,-0.0006371486,-0.0008524800,0.0014854137,-0.0063461820,0.0146461783,0.0123983773,-0.0022935632,-0.0000068701
2018-10-01,0.0039885959,0.0138629755,0.0047788478,0.0049395219,0.0088006246,-0.0030711684,-0.0007414747,0.0100120792,-0.0034189636,-0.0082473834,-0.0049426911,0.0036411051
2018-10-02,0.0000000000,0.0010419070,0.0001320783,-0.0011504012,0.0022758106,-0.0135204353,0.0057525879,0.0042725406,0.0135315154,-0.0013860537,0.0034656199,-0.0003966902
2018-10-03,0.0093895709,0.0080655366,0.0030383746,-0.0018848170,0.0041633016,-0.0033829293,-0.0107012426,-0.0071476317,-0.0120344966,-0.0069403601,0.0014964366,0.0007115197
2018-10-04,0.0067977022,-0.0041297718,-0.0180430406,-0.0097556508,-0.0032664617,-0.0156674031,-0.0024242715,-0.0046280016,0.0053290307,-0.0100380632,-0.0114942736,-0.0081694823
2018-10-05,-0.0049749153,-0.0001294579,-0.0126071528,-0.0011649921,-0.0051672800,-0.0075162058,-0.0009346645,-0.0074049014,0.0153354105,-0.0012838224,-0.0113958793,-0.0055279788
2018-10-08,0.0067853263,-0.0007777527,-0.0112745216,-0.0004243292,0.0025335345,0.0025835655,0.0138472242,-0.0005202609,0.0083910836,0.0132377399,-0.0034104720,-0.0003951166
2018-10-09,-0.0039017393,0.0089494116,0.0035722029,0.0016974827,-0.0154173468,-0.0029322981,-0.0022149391,-0.0331540967,0.0040676689,0.0021562009,0.0014161766,-0.0014179037
2018-10-10,-0.0309830490,-0.0313665501,-0.0484601615,-0.0236201077,-0.0322169642,-0.0336899541,-0.0120234811,-0.0262119806,-0.0055246748,-0.0150612873,-0.0354742746,-0.0328642290
2018-10-11,-0.0297685617,-0.0338418437,-0.0126602148,-0.0270125985,-0.0263923920,-0.0176164736,-0.0247148789,-0.0116151891,-0.0183335176,-0.0272424454,-0.0136854743,-0.0205730076
2018-10-12,0.0011364356,0.0027474549,0.0320562283,0.0153864895,0.0066746825,0.0184959796,0.0055675847,0.0027980168,-0.0011317321,-0.0019814282,0.0178396824,0.0142061978
2018-10-15,-0.0045403313,-0.0083562666,-0.0163775515,-0.0069176678,0.0018944914,-0.0023046062,0.0061092080,-0.0033479363,0.0047212138,0.0054267388,-0.0006085397,-0.0059049790
2018-10-16,0.0167237570,0.0082883052,0.0301423889,0.0274216066,0.0168828576,0.0200500438,0.0111953705,0.0160505292,0.0103384830,0.0217218471,0.0243573127,0.0214956002
2018-10-17,0.0100935173,-0.0063020573,-0.0045977888,0.0052731709,-0.0073054439,-0.0082427134,0.0046910385,-0.0064288946,-0.0018604321,-0.0048958638,0.0039236592,-0.0002526623
2018-10-18,-0.0166544816,-0.0049636651,-0.0195968520,-0.0113480475,-0.0172595758,-0.0191802928,-0.0013073614,-0.0112776016,0.0014911560,-0.0011658497,-0.0175273021,-0.0143919224
2018-10-19,0.0037637704,-0.0088678005,-0.0004285495,-0.0090954661,-0.0036757850,-0.0097772268,0.0228164239,-0.0071054438,0.0156339157,0.0076486995,0.0012052436,-0.0003611699
2018-10-22,-0.0213723521,-0.0110442995,0.0082843952,-0.0081959697,-0.0034162281,0.0040437953,-0.0074963246,-0.0079093387,-0.0064139763,-0.0131224336,-0.0007218788,-0.0042995276
2018-10-23,-0.0080460619,-0.0261519980,-0.0038250384,-0.0053984763,-0.0164543202,0.0001872813,0.0044212840,-0.0098713748,-0.0055329153,0.0063876064,0.0015660114,-0.0055118300
2018-10-24,-0.0251062986,-0.0394833725,-0.0447951274,-0.0330124033,-0.0338768449,-0.0298717313,0.0042186966,-0.0316331056,0.0242951150,0.0072542290,-0.0498014845,-0.0308644340
2018-10-25,0.0154517671,0.0122412085,0.0343906917,0.0129452975,0.0070706649,0.0302124128,0.0023742360,0.0128685842,-0.0155713930,0.0123454932,0.0260796148,0.0186250401
2018-10-26,-0.0144361432,-0.0074649426,-0.0200060242,-0.0113095307,-0.0098871049,-0.0311066539,-0.0191324495,-0.0058638464,-0.0183923509,-0.0235011246,-0.0264034686,-0.0173272640
2018-10-29,0.0087094181,-0.0186521604,-0.0168893586,0.0025165180,-0.0166422857,-0.0087999606,0.0115175621,-0.0023593385,0.0140527258,0.0115782867,-0.0131801507,-0.0065595996
2018-10-30,0.0172686115,0.0231454095,0.0112039587,0.0107255941,0.0206033639,0.0150244494,0.0198348318,0.0228616371,0.0038803142,0.0150458234,0.0232437613,0.0156667801
2018-10-31,0.0138887409,0.0061422138,0.0237850590,0.0013548497,0.0076425339,0.0128796277,-0.0093643918,0.0136798782,-0.0117800306,-0.0103888835,0.0242220040,0.0108513320
2018-11-01,0.0045660780,0.0084871669,0.0116882469,0.0126266488,0.0176014502,0.0204026239,0.0070898125,0.0281317219,-0.0044698653,0.0037128276,0.0036759468,0.0105578437
2018-11-02,-0.0007574842,-0.0025099801,-0.0195403751,-0.0062346993,-0.0016875700,0.0040916019,-0.0052346807,-0.0024033895,-0.0056126226,-0.0085458027,-0.0043945982,-0.0063166864
2018-11-05,0.0159211532,0.0167259627,-0.0010185617,0.0088507133,0.0052117956,0.0013894169,0.0125203385,0.0029650043,0.0141108917,0.0146662386,-0.0023298083,0.0056003172
2018-11-06,0.0052239084,0.0046585312,0.0062619287,0.0051080022,0.0105103794,0.0044394644,0.0060932123,0.0164449762,0.0066792588,0.0043109987,0.0056537553,0.0062592958
2018-11-07,0.0129918614,0.0163745258,0.0293774655,0.0293893462,0.0162249539,0.0270716591,0.0056998744,0.0179966505,0.0114263137,0.0126240917,0.0171104180,0.0212088561
2018-11-08,0.0029316078,-0.0216709736,-0.0008436195,0.0005365070,-0.0016373013,0.0002689452,0.0005314984,-0.0042857300,-0.0016400627,0.0003742954,-0.0117756750,-0.0025089164
2018-11-09,-0.0091341526,-0.0017487802,-0.0173066681,-0.0028964443,-0.0101150089,-0.0138925507,0.0058417975,-0.0139881336,0.0014602186,0.0013709698,-0.0166587467,-0.0091990137
2018-11-12,-0.0199116194,-0.0207297338,-0.0352234558,-0.0135558795,-0.0197458165,-0.0200871844,-0.0052796556,-0.0147331451,-0.0005468167,-0.0011201139,-0.0142203905,-0.0197014893
2018-11-13,0.0056432817,-0.0229578802,0.0011874884,-0.0069797937,0.0045078754,-0.0004638009,-0.0023003817,-0.0029535109,0.0041938474,0.0008722284,-0.0037629923,-0.0014819197
2018-11-14,-0.0134677905,-0.0016782051,-0.0120071079,-0.0080177601,-0.0033658559,-0.0075166198,-0.0067387548,-0.0011106203,-0.0103503784,-0.0017427036,0.0025181372,-0.0075674107
2018-11-15,0.0147895438,0.0146719976,0.0250560859,0.0088576839,0.0132263842,-0.0014960359,-0.0016069704,0.0137160781,-0.0082566907,-0.0062353738,0.0059029448,0.0105937534
2018-11-16,0.0011209817,0.0118993636,-0.0016099488,0.0100964232,-0.0002773750,-0.0039329396,0.0025036059,0.0100568222,0.0153561384,0.0120467958,-0.0004991675,0.0022233054
2018-11-19,-0.0003731047,-0.0002976576,-0.0381177733,-0.0127118263,-0.0158360892,-0.0244429857,-0.0016050346,-0.0143012212,0.0043731177,0.0000000000,-0.0242348898,-0.0166431086
2018-11-20,-0.0220317080,-0.0327577625,-0.0214905120,-0.0093541569,-0.0207478223,-0.0226462844,-0.0166161602,-0.0181818212,-0.0041727193,-0.0106633664,-0.0144666358,-0.0181512408
2018-11-21,0.0007637267,0.0157019782,0.0073210452,-0.0056653739,0.0070625133,0.0104515342,-0.0079943749,0.0080433629,-0.0147564627,0.0013788189,0.0116910029,0.0030432907
2018-11-23,-0.0080120410,-0.0313730413,-0.0091234900,0.0014524231,-0.0020038871,-0.0044886702,0.0034798816,-0.0107626618,0.0005545354,-0.0033796177,-0.0078325504,-0.0065548424
2018-11-26,0.0203847388,0.0150211193,0.0226281081,0.0097053897,0.0073142564,0.0224465855,0.0012777059,0.0114423587,0.0059135584,0.0035165170,0.0191534744,0.0155323684
2018-11-27,0.0007535223,-0.0027748106,0.0019839188,0.0103859781,-0.0017085341,0.0029719104,0.0089318434,-0.0122402775,0.0075327726,0.0031282597,0.0036825325,0.0032616921
2018-11-28,0.0192092559,0.0171585714,0.0350289436,0.0240563949,0.0239589923,0.0295354394,0.0083105299,0.0153963515,-0.0007295763,0.0088571919,0.0218876779,0.0229739796
2018-11-29,-0.0084997852,0.0065352039,-0.0097120666,0.0033102820,0.0005570973,-0.0046420107,0.0016126451,0.0072113366,-0.0003648332,0.0013605212,0.0029714226,-0.0021831081
2018-11-30,0.0052182320,-0.0018119685,0.0095103495,0.0203280647,0.0097440168,0.0072751435,0.0064401946,0.0025703544,0.0147866266,0.0098789021,0.0000000000,0.0081707476
2018-12-03,0.0063032328,0.0222357901,0.0220779079,-0.0047981823,0.0115796378,0.0187056005,0.0008887292,0.0175791784,0.0100737314,0.0046466212,-0.0001232730,0.0109414261
2018-12-04,-0.0434783706,-0.0287068178,-0.0378745495,-0.0223247153,-0.0425183764,-0.0359965929,-0.0168709449,-0.0296924457,0.0007122957,-0.0154578152,-0.0308643558,-0.0323649032
2018-12-06,-0.0138675135,-0.0184339339,0.0022451767,-0.0037520548,-0.0055509087,0.0048089094,0.0010837791,-0.0135385226,0.0010678558,0.0250957731,0.0080255378,-0.0015222281
2018-12-07,-0.0191405977,-0.0055875208,-0.0352447938,-0.0255033473,-0.0263345404,-0.0299359802,-0.0126307965,-0.0240645944,0.0037332065,-0.0141096037,-0.0189561848,-0.0233201188
2018-12-10,-0.0139386999,-0.0156077386,0.0137770941,0.0038648460,0.0024989676,0.0007736858,0.0000000000,0.0026969422,0.0019483592,-0.0056274146,0.0043800304,0.0017621540
2018-12-11,-0.0096930413,0.0003169696,0.0012217584,0.0030803566,-0.0058650422,0.0003868214,0.0082239267,-0.0032659950,0.0040657642,0.0007384149,0.0020518043,-0.0003563462
2018-12-12,0.0057095651,0.0039627361,0.0077779327,0.0085534135,0.0056044058,0.0105323481,-0.0012690753,0.0086737858,-0.0063381547,-0.0164719247,0.0071680868,0.0054195037
2018-12-13,-0.0072993734,0.0031575402,0.0016645230,0.0009783509,-0.0027868084,-0.0049723811,0.0061706220,-0.0116568994,0.0086820368,0.0059986629,-0.0056478990,-0.0001999303
2018-12-14,-0.0098038207,-0.0228203645,-0.0244751068,-0.0336733156,-0.0138254883,-0.0166248391,-0.0169550160,-0.0077338945,-0.0019320180,-0.0019873210,-0.0107689933,-0.0190867096
2018-12-17,-0.0099009784,-0.0181992278,-0.0212170974,-0.0198969506,-0.0164053083,-0.0254079177,-0.0231194423,-0.0171473736,-0.0322074888,-0.0369156804,-0.0215139931,-0.0207734806
2018-12-18,-0.0037496847,-0.0236221270,0.0079113603,-0.0087164787,0.0050037715,0.0078208791,-0.0118332563,0.0055515243,-0.0067284752,0.0089717036,0.0052981037,0.0000864006
2018-12-19,-0.0125470093,-0.0117606706,-0.0197800938,-0.0130741073,-0.0188596136,-0.0197989726,-0.0096940103,-0.0136042124,-0.0016474261,-0.0109538007,-0.0179182934,-0.0153957145
2018-12-20,-0.0088948149,-0.0277117955,-0.0179373657,-0.0140679380,-0.0182991604,-0.0224318288,-0.0178502377,-0.0133917658,-0.0005504040,-0.0145924127,-0.0167694186,-0.0157721063
2018-12-21,-0.0199957294,-0.0097069234,-0.0303822757,-0.0124224703,-0.0188816590,-0.0226615831,-0.0103732875,-0.0089928620,-0.0042742098,-0.0124291002,-0.0317916571,-0.0205882283
2018-12-24,-0.0210619103,-0.0404563406,-0.0266895225,-0.0239478946,-0.0306826871,-0.0189844392,-0.0288960600,-0.0259258901,-0.0418140659,-0.0360155913,-0.0197298765,-0.0271122545
2018-12-26,0.0452712341,0.0622218271,0.0603956679,0.0436184892,0.0465694573,0.0592519393,0.0279086908,0.0447825206,0.0135764764,0.0327774856,0.0541982306,0.0495937428
2018-12-27,0.0120070178,0.0052451929,0.0072015625,0.0110424276,0.0125099202,0.0053369991,0.0095830576,0.0183984641,0.0084195414,0.0016138004,0.0058640591,0.0085626808
2018-12-28,-0.0004237974,-0.0076533704,-0.0022750406,0.0011742736,-0.0026589412,0.0001021331,0.0000000000,-0.0053601444,0.0024667725,0.0030882640,0.0004065644,-0.0012415825
2018-12-31,0.0097497976,0.0052585325,0.0094462706,0.0147802432,0.0100363296,0.0107186222,0.0041524117,0.0083832803,0.0017034652,0.0030785691,0.0037948396,0.0084924841
2019-01-02,0.0083961914,0.0197035861,0.0006452843,-0.0151426754,0.0051230033,0.0075750834,-0.0059077744,0.0051460956,-0.0171958071,-0.0216173436,0.0130955522,0.0012684969
2019-01-03,-0.0224807062,-0.0099178483,-0.0504673848,-0.0203054109,-0.0304290695,-0.0216519607,-0.0057448673,-0.0283573521,-0.0001920629,0.0064103146,-0.0134593335,-0.0247567304
2019-01-04,0.0332195187,0.0340240064,0.0443199549,0.0298311176,0.0379160814,0.0330941320,0.0213187829,0.0393189927,0.0148077740,0.0107062147,0.0414694284,0.0343357146
2019-01-07,0.0012365320,0.0148655284,0.0089429033,0.0038393549,0.0081351600,0.0226125415,-0.0013653851,0.0035101602,-0.0068221543,0.0100562930,0.0093385740,0.0070104348
2019-01-08,0.0008234270,0.0077353373,0.0083801536,0.0077642322,0.0137027947,0.0110560624,0.0091814061,0.0104936463,0.0124020174,0.0181865757,0.0169620866,0.0096952850
2019-01-09,0.0049361360,0.0158417295,0.0129458173,0.0044848238,0.0067589450,0.0050838941,-0.0092914581,0.0003846459,-0.0060308241,-0.0013039359,-0.0024005903,0.0040980455
2019-01-10,0.0004093991,0.0028942095,0.0044177935,0.0019462254,0.0135758884,-0.0028631761,0.0058617835,0.0088424325,0.0130830386,0.0138384426,0.0029130254,0.0045184188
2019-01-11,0.0024549400,-0.0059314051,-0.0018852139,0.0033132561,-0.0010302336,0.0009569499,0.0029135404,-0.0040013367,-0.0037431290,0.0034765607,0.0005052905,-0.0001462978
2019-01-14,0.0069388238,-0.0024190017,-0.0092852286,-0.0110465351,-0.0001472917,-0.0061196247,-0.0048420343,-0.0076529275,-0.0225436982,-0.0032080599,-0.0047965390,-0.0052575252
2019-01-15,0.0089177335,0.0035563978,0.0150912285,0.0179643876,-0.0030949793,0.0090438563,0.0099260972,-0.0065543469,0.0123005145,0.0099120762,0.0147131735,0.0107216886
2019-01-16,0.0212936988,-0.0012885825,0.0009389071,-0.0018099785,0.0010350326,-0.0022886840,-0.0053962167,0.0038811123,0.0036073930,0.0062464233,-0.0042500720,0.0022219855
2019-01-17,0.0055071566,0.0091932430,0.0064103676,0.0088395340,0.0171292231,0.0067852617,0.0042629589,0.0175911961,0.0041618957,0.0053203862,0.0030128557,0.0075914004
2019-01-18,0.0172146124,0.0202975950,0.0152242482,0.0119073613,0.0190186099,0.0138586679,0.0119618984,0.0165274933,0.0011304157,0.0037800466,0.0062577228,0.0131830530
2019-01-22,-0.0115388105,-0.0217731768,-0.0168323450,-0.0068829459,-0.0206582547,-0.0149796433,-0.0091513341,-0.0138291308,0.0018818686,-0.0028869198,-0.0184078656,-0.0141573062
2019-01-23,0.0011676756,-0.0102483494,0.0034240539,0.0011182814,0.0014548400,0.0019957053,0.0119298543,-0.0068220961,0.0101427138,0.0000000000,-0.0001265566,0.0022029128
2019-01-24,0.0023316886,0.0053389554,0.0083760238,-0.0083743520,0.0050841985,0.0041740281,-0.0123597791,-0.0053424092,0.0052063119,0.0035252775,0.0020271400,0.0013757256
2019-01-25,0.0081429049,0.0127132472,0.0141514975,0.0012380965,0.0127185037,0.0110522793,-0.0040430655,0.0189907917,-0.0136885528,0.0116668743,0.0089796965,0.0084886941
2019-01-28,-0.0030767458,-0.0100110409,-0.0133472173,-0.0113581229,-0.0095614715,-0.0057925270,0.0042527995,-0.0015059771,-0.0046884743,0.0090524511,-0.0101531445,-0.0078468275
2019-01-29,-0.0034725300,0.0030495441,-0.0107611010,0.0048913993,0.0138325567,-0.0064845978,0.0023099424,0.0103696889,0.0028264808,0.0079884393,-0.0107636104,-0.0014562466
2019-01-30,0.0058072923,0.0140822618,0.0310800555,0.0136971170,0.0156338551,0.0196746976,0.0067217975,0.0106363302,0.0077035836,0.0079247894,0.0130569556,0.0155492609
2019-01-31,-0.0015398109,0.0064702123,-0.0010549952,0.0125069483,0.0043381637,0.0090908450,0.0185040039,-0.0149558921,0.0210703878,0.0105238344,0.0347484673,0.0085973959
2019-02-01,0.0042408197,0.0174032897,0.0058843370,0.0008822842,0.0015324668,-0.0146166213,-0.0031838454,0.0029991353,-0.0038346346,-0.0068225482,-0.0012207701,0.0008986101
2019-02-04,0.0042226582,0.0023117221,0.0160490364,-0.0028651110,0.0129385682,0.0065302071,0.0063883790,-0.0016818138,0.0016496654,0.0067487240,0.0085584466,0.0067762366
2019-02-05,-0.0026759385,0.0015375663,0.0084145606,-0.0014366238,0.0086525751,0.0093616618,0.0001868030,0.0073005524,0.0020131131,0.0061061902,0.0061827217,0.0047084204
2019-02-06,-0.0011497996,-0.0073688737,0.0033670967,0.0045375197,0.0002723584,-0.0041322804,0.0001869419,-0.0059468285,-0.0005478799,-0.0069019947,-0.0144580731,-0.0022244380
2019-02-07,-0.0099771596,-0.0221156023,-0.0137145347,-0.0110169280,-0.0068066364,-0.0082066847,-0.0007469328,-0.0138340522,0.0131580832,0.0076685213,-0.0090462066,-0.0093571401
2019-02-08,-0.0050388107,-0.0045862712,0.0057688307,0.0018933728,0.0015074720,-0.0039975180,0.0046698206,-0.0009480264,0.0043287475,0.0002376965,0.0040707719,0.0006762011
2019-02-11,0.0031167272,0.0047663479,-0.0004411232,-0.0012228311,0.0053377657,0.0017734806,0.0026025878,0.0015180629,-0.0003591526,0.0028527871,-0.0047916736,0.0007091031
2019-02-12,0.0147571983,0.0126499669,0.0132433794,0.0136927786,0.0155182062,0.0153743823,0.0077878409,0.0223567942,0.0023358490,-0.0058079360,0.0128392166,0.0128902247
2019-02-13,0.0026790110,0.0124924425,0.0013066493,0.0021961207,0.0058986001,0.0067910567,0.0018400208,0.0012969495,-0.0028680720,0.0046500124,-0.0012188385,0.0030239947
2019-02-14,-0.0122138743,0.0035472366,0.0017403989,0.0023012730,-0.0046644155,-0.0036461432,-0.0112034265,-0.0051820630,-0.0016178120,0.0032041352,0.0017085965,-0.0026516416
2019-02-15,0.0212518973,0.0161364701,0.0079630091,0.0150868864,0.0133885140,0.0068614525,0.0094729143,0.0135814030,0.0030610980,0.0061518661,0.0076755199,0.0108787526
2019-02-19,0.0015135109,0.0030246620,0.0002871187,-0.0023696660,-0.0003957099,0.0040885044,0.0051520582,0.0062409116,0.0059232560,0.0002352603,0.0030226109,0.0014987433
2019-02-20,0.0064221611,0.0042221423,0.0011488481,-0.0011872260,0.0047576913,0.0019907397,-0.0018308450,0.0171468518,0.0044609103,-0.0070530870,-0.0006027599,0.0017771108
2019-02-21,-0.0052552010,-0.0154658238,0.0004306455,-0.0087549844,-0.0040779424,-0.0019867845,0.0029341447,-0.0039453971,0.0072838671,0.0008286243,-0.0090457613,-0.0035264368
2019-02-22,-0.0015095959,0.0028983554,0.0127596329,0.0091592621,0.0066041260,0.0054291421,-0.0047539724,0.0043211544,0.0061729516,0.0053229790,0.0081548077,0.0064111024
2019-02-25,0.0041573954,0.0016723754,0.0048130797,0.0014047409,0.0039367727,-0.0033297993,-0.0055116926,0.0064540422,-0.0064856921,-0.0072949340,-0.0031390124,0.0012318626
2019-02-26,-0.0030105763,-0.0031881789,0.0021132801,-0.0035607851,-0.0027450136,0.0013548355,0.0005542498,-0.0057000146,-0.0012349411,-0.0027263066,-0.0025433895,-0.0007904571
2019-02-27,0.0037745426,0.0038076597,-0.0009840412,-0.0046561380,0.0039321291,-0.0007218666,-0.0014770088,-0.0016122151,0.0012364681,-0.0028522196,-0.0004856809,-0.0005440494
2019-02-28,-0.0026320048,-0.0100137590,-0.0028144961,-0.0029373463,-0.0033943700,-0.0054145179,0.0048074222,-0.0122017794,0.0058222291,0.0029798424,-0.0015791802,-0.0028255083
2019-03-01,0.0064098025,0.0183909234,0.0067738326,0.0141845025,0.0009169293,0.0080755540,-0.0018401884,-0.0012714307,0.0021052333,-0.0021394352,0.0099770528,0.0068953206
2019-03-04,-0.0063689786,0.0018056404,-0.0037847086,-0.0135557486,-0.0044498990,-0.0031505976,-0.0016593773,0.0045469040,0.0017502686,0.0041684580,-0.0007230146,-0.0038805585
2019-03-05,-0.0037711005,-0.0033046938,-0.0029547307,-0.0005451633,-0.0064411749,0.0025285475,-0.0007387269,-0.0047074789,-0.0012233247,0.0030833171,0.0054250970,-0.0011315328
2019-03-06,-0.0064345648,-0.0126599771,-0.0052216231,-0.0146223785,-0.0093940468,-0.0046835675,-0.0014783739,0.0021828596,0.0000000000,-0.0048473269,-0.0007196336,-0.0065240987
2019-03-07,-0.0102856251,-0.0059533474,-0.0095046245,-0.0078630165,-0.0060102134,-0.0121257101,-0.0064776128,-0.0081685378,0.0033241111,-0.0017823471,-0.0074389411,-0.0081257176
2019-03-08,-0.0003851429,-0.0187347222,-0.0001436155,-0.0021207221,-0.0020159043,-0.0069613642,0.0005584625,0.0016473572,0.0034871096,0.0009523563,-0.0019345661,-0.0021316888
2019-03-11,0.0103971147,0.0156493035,0.0214867497,0.0114093902,0.0084827169,0.0137439453,0.0130331068,0.0142517788,0.0071242265,0.0147442682,0.0173206829,0.0146660419
2019-03-12,0.0022863694,0.0064715783,0.0058899171,0.0072993793,-0.0082778410,0.0028208147,0.0003676839,0.0037830830,0.0069013187,0.0041013211,0.0060721084,0.0029533182
2019-03-13,0.0068438791,0.0101041280,0.0065525662,0.0107598305,0.0087509693,0.0035386076,0.0056955097,0.0048455642,0.0010282262,0.0045513583,0.0028403825,0.0069495838
2019-03-14,0.0037766330,0.0010610352,0.0020775706,-0.0016294819,-0.0033368956,-0.0029838645,-0.0009136256,-0.0075013816,-0.0001712362,0.0015103539,-0.0035403977,-0.0008680224
2019-03-15,0.0069957036,-0.0003966512,0.0121048804,0.0045981185,-0.0035280491,0.0064154077,0.0056627324,0.0012470090,0.0036216887,-0.0023202998,0.0000000000,0.0049849029
2019-03-18,0.0101388034,0.0138909587,0.0042472400,-0.0015221838,0.0097308089,0.0096744856,0.0014624125,0.0023467825,-0.0037804154,-0.0055805238,-0.0066321388,0.0037059469
2019-03-19,-0.0078064782,-0.0027102077,0.0020466821,0.0079475753,-0.0036139303,0.0050150055,-0.0007298850,-0.0012607425,-0.0113850248,-0.0029231624,-0.0001186814,-0.0001305616
2019-03-20,-0.0206070605,0.0087562698,-0.0027231143,-0.0069127717,-0.0068510337,0.0014256362,-0.0042020814,-0.0009014852,0.0026170084,0.0033421640,0.0076306916,-0.0029443536
2019-03-21,-0.0030606066,0.0070334834,0.0251197488,0.0039155245,0.0096035098,0.0137020781,0.0117411001,0.0106477129,0.0106165996,0.0169492558,0.0097911170,0.0108524810
2019-03-22,-0.0276285148,-0.0270470207,-0.0235719245,-0.0182011182,-0.0226418687,-0.0198367569,-0.0012690441,-0.0298210947,0.0072320660,-0.0060185130,-0.0136170026,-0.0189745012
2019-03-25,-0.0043409142,0.0004582289,-0.0043645532,-0.0005522236,0.0023300475,0.0059103598,0.0019967340,-0.0018406321,0.0008549825,0.0002330608,-0.0013090127,-0.0008390207
2019-03-26,0.0118908503,0.0143510213,0.0054796910,0.0068455934,0.0067014414,0.0042731017,0.0085164428,0.0060852216,0.0071747391,0.0074501846,0.0046473945,0.0071827259
2019-03-27,-0.0043088636,-0.0070740313,-0.0057220587,-0.0083343039,0.0010867440,-0.0020387572,-0.0034138647,-0.0012833184,-0.0069540766,-0.0020797355,-0.0068793733,-0.0046443249
2019-03-28,0.0086545048,0.0037895529,0.0041106428,0.0025435985,0.0073281404,0.0060399911,0.0048675879,0.0097264817,-0.0117845464,0.0086843556,-0.0045385658,0.0035894815
2019-03-29,0.0027300631,-0.0015100507,0.0098252438,0.0120227007,0.0107772471,0.0052094020,0.0066380007,0.0087243346,0.0053576174,-0.0008038769,0.0020394973,0.0067342800
2019-04-01,0.0245043513,0.0131581636,0.0136485640,0.0015258837,0.0206582555,0.0109792345,-0.0033862387,0.0149549654,-0.0068763364,-0.0003440830,0.0132905202,0.0115686001
2019-04-02,-0.0007592174,-0.0068668305,0.0034658623,-0.0022854795,-0.0003916679,-0.0001738053,-0.0082259956,0.0033728451,0.0013849383,0.0064360676,0.0041356957,0.0000174557
2019-04-03,0.0030395089,-0.0096197990,0.0081047117,-0.0013086567,-0.0030044490,0.0070387808,-0.0048686318,0.0130928069,-0.0015558286,-0.0010276893,0.0041183727,0.0021483769
2019-04-04,0.0060605965,0.0083471541,-0.0042173037,-0.0020749437,0.0061583061,0.0081107723,0.0038052120,0.0101293316,-0.0034627384,-0.0014863427,0.0065626775,0.0020846351
2019-04-05,0.0015061040,0.0176100204,0.0047641701,0.0068948898,0.0028646735,0.0059060974,0.0034297201,-0.0003458479,0.0093814245,0.0068690831,0.0022123100,0.0046364328
2019-04-08,0.0011276123,0.0044372498,0.0038200230,-0.0002172568,-0.0042849585,0.0035740587,0.0041374136,0.0003459675,-0.0070568484,-0.0059123391,-0.0008131872,0.0010474600
2019-04-09,-0.0082615937,-0.0122222360,-0.0047237498,-0.0026095274,-0.0135631669,-0.0089875831,-0.0012541434,-0.0072617372,0.0024269828,-0.0048039148,0.0022090323,-0.0060674944
2019-04-10,0.0030293175,0.0037270030,0.0069874818,0.0003267618,-0.0002642813,0.0047911095,0.0028700708,-0.0005221053,-0.0031126511,0.0090793350,0.0058004346,0.0034778716
2019-04-11,0.0060400069,0.0007425388,-0.0013094333,-0.0123129832,0.0085959483,0.0012770811,0.0019672577,-0.0005229165,0.0050302412,-0.0010248920,0.0010379417,0.0000381231
2019-04-12,0.0183863437,0.0026715163,0.0069484136,-0.0091572080,0.0132420290,0.0062081753,0.0032132265,0.0132497358,0.0046601547,0.0052444486,0.0097939618,0.0066093242
2019-04-15,-0.0062637694,-0.0059204773,-0.0003909061,0.0040085808,-0.0055637959,0.0020283529,0.0058720608,-0.0046456181,-0.0001717370,-0.0051037936,-0.0004564739,-0.0006293691
2019-04-16,0.0140898737,0.0065512570,0.0050794235,-0.0205169984,0.0061156113,0.0043860975,0.0001768429,0.0044945591,-0.0123712869,-0.0214321711,0.0026256192,0.0005093580
2019-04-17,0.0025596111,-0.0013312158,0.0055725653,-0.0287590789,0.0012932493,0.0019314775,0.0049521995,-0.0061951214,-0.0038273600,-0.0090865052,-0.0001137082,-0.0022738118
2019-04-18,-0.0029178128,-0.0047400770,0.0028349804,0.0016320801,0.0114958832,-0.0003354130,0.0008800276,0.0012119718,0.0005240089,0.0068187062,0.0011384254,0.0015790923
2019-04-22,-0.0029261116,0.0211341129,0.0023124876,0.0005822305,-0.0030648881,-0.0037727327,0.0003514899,-0.0067450692,-0.0008726408,-0.0098084344,0.0046635140,0.0010120176
2019-04-23,0.0062362752,-0.0016031241,0.0108977709,0.0158193335,0.0087100523,0.0119507448,-0.0031639249,0.0045274287,0.0027953565,0.0119100962,0.0092831762,0.0088412058
2019-04-24,-0.0010937313,-0.0175183885,0.0003804832,-0.0011452641,-0.0029202979,0.0009145910,0.0021158693,-0.0062403764,0.0064457641,0.0065262903,-0.0069545399,-0.0021917632
2019-04-25,0.0018251739,-0.0031205389,-0.0002534216,0.0103179072,-0.0201223681,-0.0052345500,-0.0063345312,-0.0127334347,0.0041544017,-0.0019684945,0.0070032442,-0.0003689737
2019-04-26,0.0091073331,-0.0129676849,-0.0038044525,0.0099851498,0.0075381142,0.0079351888,0.0090312774,0.0083039235,0.0015512907,0.0075408931,0.0075153988,0.0046852921
2019-04-29,0.0101079718,-0.0009057595,0.0002547644,-0.0017975067,0.0023219539,-0.0034804902,0.0012284492,-0.0019274412,-0.0058517561,-0.0095564463,0.0074595215,0.0010715222
2019-04-30,0.0014298251,-0.0007556700,0.0016543567,0.0046142412,0.0039899632,-0.0014969161,0.0115687391,0.0086026315,0.0164474081,0.0113924750,-0.0211071258,0.0009514170
2019-05-01,-0.0082083714,-0.0199668815,-0.0025410320,-0.0017923758,-0.0065376175,-0.0121596896,-0.0123028099,-0.0181027177,-0.0102196328,-0.0006896504,-0.0060961223,-0.0075021631
2019-05-02,0.0010794054,-0.0174409423,-0.0052223186,0.0042645604,-0.0005160982,0.0007589100,-0.0003508508,-0.0051409810,-0.0022373258,0.0003449037,-0.0045436257,-0.0021239858
2019-05-03,0.0089863673,0.0092678957,0.0094750339,0.0075996903,0.0121352344,0.0117944310,0.0075466291,0.0098003445,0.0055192769,0.0079336636,0.0131218229,0.0096382794
2019-05-06,-0.0067688993,0.0009339419,-0.0077370959,0.0051025274,-0.0095663568,-0.0060781566,-0.0015678349,-0.0142930647,-0.0054889817,-0.0033080211,0.0005631328,-0.0044709884
2019-05-07,-0.0164990255,-0.0087077281,-0.0214749906,-0.0192011896,-0.0202187734,-0.0151628300,-0.0099442717,-0.0175440676,-0.0031044337,-0.0181985002,-0.0145201519,-0.0165116514
2019-05-08,-0.0021882600,0.0000000000,-0.0011758514,0.0021375090,0.0000000000,0.0003401980,-0.0001760759,-0.0009109321,-0.0136679170,-0.0001164508,-0.0029702699,-0.0016054253
2019-05-09,-0.0021931389,0.0000000000,-0.0068009078,-0.0021329498,-0.0014458163,-0.0040819575,-0.0021147507,-0.0078423988,-0.0012277979,0.0023317655,-0.0009162328,-0.0030214249
2019-05-10,0.0065933176,0.0047058374,0.0031605058,0.0003370818,0.0039489165,0.0014517259,0.0121864444,0.0136029573,0.0179134929,0.0105851044,0.0011465764,0.0037202973
2019-05-13,-0.0291118059,-0.0171741390,-0.0376738849,-0.0187828440,-0.0284515930,-0.0297553665,-0.0094224551,-0.0224883679,0.0106971609,-0.0011511467,-0.0265718914,-0.0241305572
2019-05-14,0.0078707656,0.0122320296,0.0160957681,0.0050435088,0.0103911464,0.0101053206,0.0047559596,0.0085344072,-0.0066579635,0.0041486061,0.0022354472,0.0080159445
2019-05-15,-0.0037185249,0.0051788665,0.0108742337,0.0029653669,0.0013359123,0.0067856226,0.0078892956,-0.0025751871,-0.0017180425,0.0065413116,0.0197231826,0.0058389751
2019-05-16,0.0100781675,0.0054642778,0.0091632491,0.0078463677,0.0092038738,0.0092457830,0.0078274613,0.0140167268,0.0067138777,0.0059286216,0.0084043466,0.0088952871
2019-05-17,-0.0066519563,-0.0100929235,-0.0080273804,-0.0021437336,-0.0111028794,-0.0076199501,-0.0032795261,-0.0060022118,0.0051295448,-0.0028334659,-0.0041100476,-0.0058373333
2019-05-20,0.0011161106,0.0004704265,-0.0173785680,-0.0004523950,-0.0025392197,-0.0070744624,-0.0024241402,-0.0142724789,0.0013611415,-0.0147763306,-0.0092861246,-0.0067493779
2019-05-21,0.0104052023,0.0116024782,0.0122855027,0.0093895396,0.0117913755,0.0069512589,-0.0020828148,0.0154073067,0.0018688937,0.0084217057,0.0093731650,0.0084958356
2019-05-22,-0.0058845880,-0.0154991138,-0.0052017950,0.0057151761,-0.0082107982,-0.0102684579,0.0045222648,-0.0069469465,0.0074615489,0.0035466747,-0.0026370375,-0.0028243962
2019-05-23,-0.0140585145,-0.0335327694,-0.0175622016,-0.0034546462,-0.0152222204,-0.0123802271,-0.0003461340,-0.0152799144,0.0085842435,0.0013678742,-0.0131032773,-0.0119141499
2019-05-24,0.0078799553,0.0037463112,0.0002726768,0.0014538632,0.0004066973,0.0013242672,-0.0036375496,0.0056086126,-0.0015019216,0.0033016626,0.0010482871,0.0013535590
2019-05-28,-0.0115415128,-0.0103859828,-0.0028648225,-0.0142923237,-0.0092162729,-0.0066120766,-0.0163421154,-0.0100393280,-0.0163797797,-0.0105525709,0.0001161954,-0.0083756769
2019-05-29,-0.0018829489,-0.0063955915,-0.0058826324,-0.0096285212,-0.0045145038,-0.0088748070,-0.0072464432,0.0001880782,-0.0132537798,-0.0119268038,-0.0100046139,-0.0069119123
2019-05-30,-0.0033965100,-0.0127085589,0.0061926698,0.0054903689,0.0038475094,0.0065367786,0.0042725035,0.0016896509,-0.0015501806,0.0040620926,0.0007052921,0.0020984714
2019-05-31,-0.0151455945,-0.0175526286,-0.0166868711,-0.0071666566,-0.0136889081,-0.0130772732,-0.0141814726,-0.0112464141,0.0046568564,0.0041613406,-0.0186709049,-0.0131953728
2019-06-03,0.0065359807,0.0127618094,-0.0175270774,0.0024062945,0.0068007228,-0.0083827985,0.0125874614,0.0314693018,0.0099569354,0.0039137971,-0.0260858354,-0.0027652403
2019-06-04,0.0271197752,0.0173052487,0.0334133734,0.0165732940,0.0238487257,0.0270884638,0.0090571037,0.0281196352,0.0008498788,-0.0032105491,0.0208869162,0.0214323706
2019-06-05,0.0063221667,-0.0110654984,0.0130159259,0.0075333184,0.0096944730,0.0049562012,0.0114394625,0.0073295072,0.0213995208,0.0209364222,0.0007223535,0.0081618548
2019-06-06,0.0036955672,0.0185373158,0.0116308907,0.0051333621,0.0017334038,0.0051080079,0.0104404901,0.0118899071,0.0061524119,0.0014647615,0.0033672680,0.0061355867
2019-06-07,-0.0014726715,0.0045908670,0.0185831713,0.0104361068,0.0079873152,0.0144568043,0.0096433626,0.0089440907,-0.0074369381,0.0030381472,0.0124654435,0.0104976975
2019-06-10,0.0084806921,0.0029378400,0.0102375100,0.0029667237,0.0013208027,0.0084645422,0.0003410966,0.0017383276,-0.0068263159,-0.0030289449,0.0000000000,0.0046600445
2019-06-11,0.0003657500,0.0019526512,0.0000000000,-0.0016432730,-0.0085729319,0.0038539744,0.0032396675,-0.0006940631,-0.0060355195,0.0016878134,0.0016572760,-0.0003498802
2019-06-12,-0.0098684460,-0.0141301174,-0.0055868312,0.0048282206,0.0021284954,-0.0002561537,0.0015293382,0.0032990514,0.0129871385,0.0032570125,-0.0027185990,-0.0020375791
2019-06-13,0.0033220525,0.0116968775,0.0030050397,-0.0012010429,0.0050442831,0.0089610035,0.0022062730,0.0058845274,0.0019980799,0.0036945053,0.0097184250,0.0040973819
2019-06-14,0.0022074223,-0.0065135638,-0.0087275108,-0.0022963186,-0.0039624787,0.0021990315,0.0005078805,-0.0043013604,0.0104685058,0.0016736265,0.0018778975,-0.0016115119
2019-06-17,-0.0091775485,0.0083590931,0.0007886790,0.0044932603,-0.0034478404,0.0004220130,-0.0028768677,-0.0091585395,-0.0027954860,0.0107163835,0.0108948859,0.0009317492
2019-06-18,0.0133383366,0.0138165872,0.0181196628,0.0085095371,0.0194277938,0.0075922052,-0.0054313896,0.0078478160,-0.0041226351,-0.0017761031,0.0057942899,0.0097173999
2019-06-19,-0.0018281910,-0.0011221745,0.0036111018,0.0089789004,-0.0007831409,0.0018421157,0.0040958077,-0.0055374382,0.0076170952,0.0062282883,0.0024196991,0.0029851635
2019-06-20,0.0043958385,0.0221507241,0.0146489947,0.0043960397,0.0167212201,0.0069361426,0.0088374874,0.0127023424,0.0064093542,0.0044213854,0.0055173231,0.0094721852
2019-06-21,-0.0022361531,0.0072261640,-0.0047278370,0.0048026903,-0.0053294200,-0.0046304603,-0.0032422412,-0.0031802914,0.0038678640,-0.0126553767,0.0017292252,-0.0012592228
2019-06-24,-0.0040411408,-0.0089675724,0.0019155169,-0.0052281016,-0.0019457373,-0.0053546642,0.0025545771,0.0038148460,0.0003277844,-0.0062417850,-0.0016004845,-0.0017318870
2019-06-25,-0.0033196943,-0.0079380089,-0.0183531856,-0.0040749674,-0.0075399525,-0.0095893902,-0.0005095668,0.0005181225,-0.0060645469,-0.0127861937,-0.0176363628,-0.0094963973
2019-06-26,-0.0018507125,0.0153625398,0.0107765061,-0.0126001702,0.0024888516,0.0032274353,-0.0142763144,-0.0017264331,-0.0217679304,-0.0188591712,-0.0052461821,-0.0012339338
2019-06-27,0.0088989559,-0.0074075527,0.0025689049,0.0069801547,0.0009142756,0.0062647755,0.0018965966,0.0032859717,0.0013488479,0.0115794087,0.0058598223,0.0038231756
2019-06-28,0.0143327930,0.0115910195,-0.0001284380,0.0033576387,0.0105731380,0.0028604051,-0.0006881504,0.0084469273,0.0038719764,-0.0005724008,0.0100196325,0.0057574526
2019-07-01,0.0119565068,0.0009417929,0.0158894166,0.0049655458,0.0009041041,0.0088087730,0.0060270044,0.0076922229,-0.0025153655,0.0034360565,0.0073827818,0.0076723010
2019-07-02,-0.0025060503,-0.0159950057,0.0026486060,0.0053703226,-0.0012903320,0.0021621559,0.0087299144,-0.0010176120,0.0136180541,0.0156375408,0.0092753553,0.0029281259
2019-07-03,0.0078964585,0.0039842274,0.0076743387,0.0085471696,0.0055563129,0.0087130172,0.0123877713,0.0050939881,0.0069662201,0.0132613956,0.0082822624,0.0076723787
2019-07-05,0.0028489570,0.0014282779,-0.0018727105,-0.0068857789,-0.0039836692,0.0011515628,-0.0043580747,-0.0045614279,-0.0004942173,-0.0045474518,0.0029257739,-0.0018059016
2019-07-08,-0.0049714725,0.0014266553,-0.0076298768,-0.0074664175,-0.0082569841,0.0012326125,0.0013468751,-0.0115410164,0.0014833069,0.0032311690,-0.0083028324,-0.0048354444
2019-07-09,0.0017844302,0.0007913560,0.0035291104,0.0009670018,-0.0022118671,0.0010669491,-0.0058845947,-0.0097872003,0.0013165075,0.0048868527,0.0040729434,0.0012365570
2019-07-10,-0.0035625034,0.0128102268,0.0079125995,0.0034357899,-0.0023464093,0.0036070306,0.0064265990,-0.0020805484,0.0023006256,0.0053046704,0.0131831865,0.0045106896
2019-07-11,0.0057203221,0.0020301728,0.0037386228,0.0002142433,0.0067958959,0.0020422717,0.0025207423,0.0043438304,0.0003277844,-0.0112134981,-0.0016679108,0.0022852267
2019-07-12,0.0067546132,0.0042076063,0.0073242391,-0.0111258379,0.0175230512,0.0114940102,0.0028493860,0.0098615538,-0.0065563340,-0.0017789761,0.0070178039,0.0046201745
2019-07-15,-0.0056500090,-0.0090006753,0.0033275741,0.0021638393,-0.0040820913,0.0032239192,0.0023401298,0.0006854748,0.0039600276,0.0000000000,-0.0005531992,0.0001758692
2019-07-16,-0.0024855818,-0.0106482821,-0.0093355217,-0.0049653601,0.0064043837,-0.0012854236,0.0003334034,0.0023965793,-0.0057517974,-0.0023389140,-0.0007746902,-0.0034037785
2019-07-17,-0.0085441364,-0.0113959897,-0.0026035141,0.0002166581,-0.0213822091,-0.0095720551,-0.0011670973,-0.0088813044,0.0038013414,-0.0040193326,-0.0096367926,-0.0065312436
2019-07-18,0.0075402931,0.0001601626,0.0074590793,0.0056401038,0.0018205611,-0.0012993193,0.0066756277,0.0043082796,0.0087272577,0.0002242945,-0.0061512893,0.0035819978
2019-07-19,-0.0042763269,0.0046422144,-0.0043190728,-0.0103537799,0.0054528661,-0.0065870341,-0.0062998902,0.0022307250,-0.0145283402,-0.0146811072,-0.0106909169,-0.0061767345
2019-07-22,0.0021473851,0.0046207638,0.0115257081,-0.0020708149,0.0007744886,0.0005729202,-0.0058389001,-0.0025682250,-0.0021533822,-0.0018201615,0.0003408927,0.0028286949
2019-07-23,0.0103571503,0.0026964564,0.0055133071,0.0062250542,0.0126435310,0.0067906163,0.0072162363,0.0205972714,-0.0063080371,0.0101415232,0.0039799759,0.0068474827
2019-07-24,0.0102509025,0.0042706672,0.0082856398,0.0005425809,0.0043319954,0.0050382946,-0.0066646555,-0.0006724662,0.0008352863,0.0028199432,0.0115529844,0.0046881480
2019-07-25,-0.0069980162,-0.0113405105,-0.0041089719,-0.0048813265,-0.0020299777,-0.0055791134,0.0013419821,-0.0072367003,-0.0025037676,-0.0046119043,-0.0023516838,-0.0052624013
2019-07-26,0.0109236046,-0.0050978932,0.0021842613,0.0035970234,-0.0021607165,0.0045532231,0.0112226430,0.0011865079,0.0036814257,0.0033902373,0.0273852586,0.0073876911
2019-07-29,-0.0076684682,-0.0040030319,-0.0006050244,0.0041273117,-0.0017834394,-0.0048561630,0.0018218354,-0.0033862174,0.0051685404,0.0029282781,-0.0055714500,-0.0016161146
2019-07-30,-0.0028100066,0.0112537899,-0.0064215001,-0.0043264655,0.0043387459,-0.0067507827,0.0029761643,0.0066257086,-0.0076298716,0.0071867146,-0.0059318739,-0.0025786549
2019-07-31,-0.0049312729,-0.0031795149,-0.0151201289,-0.0098858428,-0.0111815338,-0.0114643504,-0.0202768006,-0.0153584745,-0.0046800909,-0.0033445719,-0.0091726534,-0.0108855261
2019-08-01,-0.0226548872,-0.0226473615,-0.0050759812,0.0013164819,-0.0194039632,-0.0135848910,-0.0035335116,-0.0056567391,0.0102434312,-0.0010066771,-0.0066915396,-0.0089987939
2019-08-02,-0.0003622015,-0.0143606705,-0.0163016864,-0.0023010972,-0.0064207865,-0.0082299099,0.0001687742,-0.0117219099,-0.0001660353,0.0044791083,-0.0083091754,-0.0072827399
2019-08-05,-0.0333330340,-0.0298012697,-0.0417458523,-0.0235037786,-0.0276971717,-0.0268416096,-0.0260000974,-0.0188383551,-0.0142977829,-0.0179487916,-0.0303440886,-0.0297778200
2019-08-06,0.0161167387,-0.0011942742,0.0166339085,0.0129345645,0.0150569277,0.0152267188,0.0090135494,0.0012443041,0.0124813585,0.0105574066,0.0136617387,0.0130170172
2019-08-07,-0.0132791783,-0.0075176550,0.0062327064,0.0003330674,-0.0005348219,0.0040280724,0.0116819292,0.0138492856,0.0024986043,0.0104470092,-0.0026493305,0.0007668762
2019-08-08,0.0190653346,0.0287484008,0.0245191331,0.0133202647,0.0169808082,0.0192915462,0.0129054208,0.0190897496,0.0103026480,0.0167873758,0.0194041338,0.0187623034
2019-08-09,-0.0033014276,-0.0110441263,-0.0113362447,0.0012047922,-0.0084143951,-0.0093795310,-0.0055323239,-0.0079052692,0.0011508692,-0.0001095888,-0.0097441371,-0.0066166064
2019-08-12,-0.0191390048,-0.0118446228,-0.0131226396,-0.0097375467,-0.0137890115,-0.0145404414,-0.0067431478,-0.0155897939,-0.0019711286,-0.0038272049,-0.0122428151,-0.0123173222
2019-08-13,0.0123828877,0.0092468284,0.0250452460,0.0130372281,0.0119654395,0.0164706554,0.0113713700,0.0107336156,0.0006583925,0.0010974006,0.0144798151,0.0151316883
2019-08-14,-0.0370642963,-0.0391922198,-0.0307307099,-0.0278109132,-0.0305567881,-0.0313105386,-0.0157743595,-0.0316850288,-0.0082249200,-0.0162274854,-0.0319709536,-0.0292927529
2019-08-15,0.0050035371,-0.0061805746,-0.0018187560,0.0034773135,-0.0010960903,-0.0016555805,0.0150041433,0.0003594071,0.0129373556,0.0110344546,0.0033024440,0.0024642680
2019-08-16,0.0176177796,0.0131484649,0.0190050372,0.0122976796,0.0193439028,0.0113449761,0.0114228208,0.0176133725,0.0050760575,0.0087087767,0.0122270138,0.0144261247
2019-08-19,0.0101619803,0.0220975586,0.0152022613,0.0096080154,0.0094213805,0.0125982030,0.0099652867,0.0079474782,0.0063538454,0.0075408854,0.0138207553,0.0121058655
2019-08-20,-0.0134127614,-0.0084075258,-0.0050336874,-0.0085320543,-0.0058667476,0.0002557299,-0.0108536555,-0.0117397671,-0.0016187633,-0.0074844461,-0.0076750677,-0.0079147276
2019-08-21,0.0045318947,0.0064022719,0.0117617481,0.0073916647,0.0061695771,0.0192533974,0.0026601624,0.0051418975,0.0066485200,0.0037157725,0.0042714286,0.0082467986
2019-08-22,0.0067666835,-0.0044703978,-0.0023748631,-0.0049279945,0.0014663813,0.0002509708,0.0053057525,-0.0067033278,0.0009661635,0.0055530249,-0.0028744226,-0.0005060749
2019-08-23,-0.0253920783,-0.0335062603,-0.0330785580,-0.0231127463,-0.0267538262,-0.0265729610,-0.0166583295,-0.0241519002,-0.0106210457,-0.0137519790,-0.0254781258,-0.0259463368
2019-08-26,0.0095785763,0.0042889883,0.0138653482,0.0104778644,0.0073852709,0.0098719116,0.0124121980,0.0032757807,0.0115485708,0.0073562726,0.0151424779,0.0109829877
2019-08-27,-0.0060721727,-0.0062274926,-0.0015335776,-0.0059093274,-0.0051590196,-0.0049302444,-0.0028167213,0.0007255214,0.0017685984,-0.0038146904,-0.0015147202,-0.0032031806
2019-08-28,0.0091638209,0.0143240299,0.0008960820,0.0072904624,0.0122815608,0.0124720077,0.0096361076,0.0077938595,-0.0027286840,0.0022975587,0.0040849553,0.0065454802
2019-08-29,0.0151343189,0.0146512390,0.0173933844,0.0075714033,0.0171210224,0.0150188428,0.0004936350,0.0127698575,0.0069209892,0.0079686679,0.0133675131,0.0126872918
2019-08-30,0.0033546630,0.0000000000,-0.0002514211,0.0012156339,0.0041084619,-0.0059851908,-0.0013157861,0.0067485657,0.0003198611,0.0012995541,-0.0001148953,0.0006427873
2019-09-03,-0.0104015027,-0.0048713609,-0.0121964827,-0.0058498783,-0.0135955397,-0.0040977837,0.0057642715,-0.0079378194,0.0177370427,0.0097340056,-0.0096366348,-0.0068991005
2019-09-04,0.0097596437,0.0139859667,0.0170570819,0.0006662518,0.0127124219,0.0099085189,0.0090059687,0.0122685434,0.0009421122,0.0078191984,0.0147112047,0.0108420792
2019-09-05,0.0204465583,0.0124139500,0.0209009888,0.0098746593,0.0179705772,0.0191238346,-0.0061669062,0.0015811181,-0.0108236098,-0.0062705857,0.0140412924,0.0130098136
2019-09-06,-0.0003644709,0.0052791373,-0.0008581823,0.0027465702,0.0020764786,0.0024476603,0.0032657186,0.0038581787,-0.0039643469,0.0019252448,-0.0004505839,0.0009106052
2019-09-09,0.0153061511,0.0199899063,-0.0074847693,-0.0092034740,0.0029795197,0.0038250779,-0.0022785096,-0.0052409811,-0.0049357387,-0.0065116209,0.0015769712,-0.0000940103
2019-09-10,0.0035892000,0.0117921491,-0.0050681507,0.0028750583,0.0091695003,-0.0039728630,-0.0061989493,0.0098347288,0.0012803699,-0.0106373744,0.0005624355,0.0003223044
2019-09-11,0.0057226796,0.0009846673,0.0104371560,0.0099235576,0.0093421041,0.0018722474,0.0036112276,0.0095651972,0.0099070754,0.0009772684,0.0102264894,0.0072296812
2019-09-12,0.0053341753,-0.0062315782,0.0054106720,-0.0003271278,0.0006338232,0.0047937837,0.0040890315,0.0077520042,0.0022150055,0.0048822677,0.0033376640,0.0028791531
2019-09-13,0.0077820904,0.0079210944,-0.0073384560,-0.0005460180,0.0054488113,-0.0020215633,-0.0057011366,0.0109402987,-0.0063150062,-0.0116604336,-0.0012195818,-0.0007244144
2019-09-16,-0.0035101374,0.0335623902,-0.0024646351,-0.0021858293,-0.0008823289,-0.0128017868,-0.0096660395,-0.0164018262,0.0007946369,0.0102690073,-0.0056619320,-0.0031355867
2019-09-17,0.0010567506,-0.0139394261,0.0040765003,0.0015335078,-0.0005042641,0.0060733670,0.0054593381,0.0080797387,0.0087313589,0.0109213043,0.0020097347,0.0025817524
2019-09-18,0.0035186304,-0.0048193235,-0.0001231194,-0.0001091468,-0.0015145248,-0.0004891743,0.0016450279,0.0005116454,0.0042491032,-0.0035299601,-0.0025628183,0.0003426920
2019-09-19,-0.0045582267,-0.0025826010,0.0022144282,0.0047024805,-0.0050556422,-0.0026937300,-0.0001640214,0.0017045876,0.0047015548,0.0048304818,-0.0008932166,0.0000199747
2019-09-20,-0.0058768350,0.0008166900,-0.0116613925,0.0055740049,-0.0063214688,-0.0114626998,-0.0031731345,-0.0023259050,0.0039611794,-0.0004273077,-0.0053670188,-0.0048955765
2019-09-23,0.0017805210,0.0003261557,0.0031149506,-0.0053258988,-0.0019275780,0.0034887587,0.0039789874,-0.0023997243,0.0001566623,0.0014963142,-0.0029224464,-0.0000969359
2019-09-24,-0.0095980322,-0.0158238356,-0.0096883142,-0.0091793866,-0.0056659943,-0.0106781430,0.0041281916,-0.0085910921,0.0117406231,-0.0012470879,-0.0164603146,-0.0084163713
2019-09-25,0.0082554601,0.0016576610,0.0119151117,-0.0048527508,0.0064750491,0.0091199864,0.0006575579,0.0051992172,-0.0006187713,0.0007532630,0.0113482418,0.0061585717
2019-09-26,-0.0046280914,-0.0130728981,0.0011153885,-0.0055415834,0.0014154054,-0.0043114375,0.0055876327,-0.0022414212,0.0052639407,0.0081720580,-0.0083648967,-0.0024289164
2019-09-27,0.0039342677,-0.0001679532,-0.0133711497,-0.0044577990,-0.0039832119,-0.0034972719,-0.0011441958,-0.0027647302,-0.0035423826,-0.0060790955,-0.0105443698,-0.0053163525
2019-09-30,-0.0024937715,-0.0072108623,0.0105408373,0.0089557118,0.0014190572,0.0086067737,0.0049084278,0.0084908005,0.0006182472,0.0037558058,0.0042855529,0.0050476067
2019-10-01,-0.0210714901,-0.0231420087,-0.0093131200,-0.0097637458,-0.0239599714,-0.0083677650,-0.0026050019,-0.0235394828,-0.0023168310,-0.0105837864,-0.0093424260,-0.0122583734
2019-10-02,-0.0204304711,-0.0245547751,-0.0188018455,-0.0145655952,-0.0188725862,-0.0179630810,-0.0200784794,-0.0179483098,-0.0133148404,-0.0038898991,-0.0129234738,-0.0179032030
2019-10-03,0.0040966716,0.0108136829,0.0122633786,0.0089818457,0.0065910208,0.0048494297,0.0069966204,0.0035834732,0.0023537696,0.0097623781,0.0080208828,0.0079719126
2019-10-04,0.0185460994,0.0063138691,0.0165324485,0.0156641056,0.0104239150,0.0093981232,0.0157157679,0.0053564064,0.0139323749,0.0053714672,0.0126371783,0.0142168976
2019-10-07,-0.0050981800,-0.0088885345,-0.0042209243,-0.0033286772,-0.0050258586,-0.0043617726,-0.0081435776,-0.0035517312,-0.0038598863,-0.0027783526,-0.0008087290,-0.0044782947
2019-10-08,-0.0197658309,-0.0170561932,-0.0183273774,-0.0190359975,-0.0154192825,-0.0105308409,-0.0095238374,-0.0174659904,-0.0092992875,-0.0051429265,-0.0143401325,-0.0155608192
2019-10-09,0.0093354976,0.0091233113,0.0148593595,0.0072630457,0.0085052725,0.0085142394,0.0076261843,0.0112462648,0.0048497174,0.0032309946,0.0070397923,0.0091044925
2019-10-10,0.0103584839,0.0125864449,0.0068828867,0.0049572722,0.0091029710,0.0066696829,0.0019741733,0.0091481223,-0.0010896116,0.0019322752,0.0047766080,0.0064156954
2019-10-11,0.0124498660,0.0134802681,0.0137955755,0.0082957201,0.0188382264,0.0113214455,-0.0009852168,0.0193741423,-0.0037407756,-0.0007498394,0.0111318318,0.0109389775
2019-10-14,0.0014466469,-0.0005181067,-0.0006131633,-0.0004445580,-0.0019533696,-0.0004974142,-0.0049308670,-0.0071488960,-0.0064142325,0.0002144006,-0.0017197669,-0.0013871187
2019-10-15,0.0144457280,0.0041479877,0.0110403414,0.0182426105,0.0080888439,0.0087945308,-0.0042948858,0.0070249445,-0.0031490821,0.0005358866,0.0149335419,0.0099556766
2019-10-16,-0.0024919959,-0.0139413502,-0.0069158758,-0.0013111116,-0.0005178401,0.0041120694,0.0009955774,0.0020927131,0.0022111875,0.0007501321,0.0029429842,-0.0019995428
2019-10-17,0.0007138878,0.0006979231,-0.0019547000,0.0074382305,0.0049206557,0.0026211219,0.0046402720,0.0026106185,0.0025217075,0.0055672300,0.0055296825,0.0027628316
2019-10-18,0.0024963621,-0.0052324896,-0.0095482706,-0.0036914233,-0.0086331143,-0.0019606030,0.0019798362,-0.0017359059,0.0033014344,0.0079853673,-0.0096520531,-0.0039193449
2019-10-21,0.0138741643,0.0178852603,0.0107528363,-0.0010898178,0.0059785520,0.0035196477,0.0032924051,-0.0031298667,0.0039169745,0.0072890611,0.0057799197,0.0068716161
2019-10-22,-0.0028071539,0.0129199096,-0.0134509014,0.0021814527,0.0078814686,-0.0063622169,0.0003283399,-0.0041863088,0.0042143317,-0.0032511715,-0.0082256692,-0.0035686664
2019-10-23,0.0042223560,0.0083329984,0.0008674576,0.0062056688,-0.0001279871,-0.0045968307,0.0045930776,0.0063057085,0.0040410547,0.0013678385,0.0059080363,0.0028471488
2019-10-24,-0.0014013826,-0.0042164517,0.0146132419,-0.0050853853,0.0014101062,-0.0004948659,0.0034291887,0.0031332878,0.0034055134,-0.0012610279,-0.0059859697,0.0019204464
2019-10-25,0.0049120639,0.0081301684,0.0120833630,0.0010877276,0.0062729030,-0.0011551031,-0.0058583176,0.0109317990,-0.0101817933,-0.0102038324,0.0073852795,0.0040727005
2019-10-28,0.0052374214,-0.0057123465,0.0126627984,0.0103192525,0.0027991175,0.0031390393,-0.0019643796,0.0030894250,-0.0137159087,-0.0054201486,0.0126324641,0.0055813379
2019-10-29,0.0024316311,0.0040552920,-0.0090505060,0.0141919879,0.0032987456,-0.0056820230,0.0000000000,0.0061602680,0.0009482922,0.0034193598,-0.0095786757,-0.0008324053
2019-10-30,-0.0006932592,-0.0203635763,0.0061288426,0.0056186691,0.0035405177,0.0062113820,0.0045924740,0.0008504245,0.0088409319,0.0055376824,0.0014620133,0.0032533702
2019-10-31,-0.0048543809,-0.0042947706,-0.0005973203,-0.0011596233,-0.0107105318,-0.0053500691,-0.0014694547,-0.0112148927,0.0054776649,-0.0016945186,0.0028073114,-0.0030228606
2019-11-01,0.0146341827,0.0227742596,0.0119517108,0.0012665123,0.0217804750,0.0066200413,-0.0001635047,0.0140916936,-0.0024906008,-0.0007425378,0.0066070843,0.0096623122
2019-11-04,0.0085853238,0.0325573764,0.0051965829,-0.0030566858,0.0115930924,0.0004930799,-0.0096483566,0.0077954106,-0.0127944394,-0.0077503845,0.0035597576,0.0037040890
2019-11-05,0.0037450955,0.0013069619,-0.0011749402,-0.0070841601,0.0020953583,0.0014791089,0.0033024176,0.0016813929,-0.0102734519,-0.0162634750,-0.0003324587,-0.0011856992
2019-11-06,0.0050881872,-0.0203946459,-0.0004704149,0.0034077585,0.0006148274,0.0010663247,0.0041146786,-0.0006716041,0.0038326225,0.0029365577,-0.0052118806,0.0007024972
2019-11-07,0.0074251971,0.0149900581,0.0078850119,0.0022283543,0.0034407718,-0.0059822967,-0.0034422654,0.0067194548,-0.0135221057,-0.0095436157,0.0051277493,0.0027300952
2019-11-08,-0.0003352058,-0.0041023719,0.0056049615,0.0073066230,0.0013471747,0.0004118304,-0.0006578164,0.0040046173,-0.0041926684,-0.0018610166,0.0042141875,0.0025606761
2019-11-11,-0.0026808060,-0.0056024779,0.0004643517,-0.0040999917,0.0004892982,-0.0020602378,-0.0014810799,-0.0014956056,-0.0061540494,0.0023035652,-0.0002210773,-0.0019624672
2019-11-12,0.0013440060,-0.0051365398,0.0033658779,0.0060162971,-0.0001223685,-0.0006607254,0.0032964298,0.0051594403,0.0024443609,-0.0070044300,0.0009942113,0.0015646461
2019-11-13,-0.0063756777,-0.0043307010,0.0021980454,0.0011545081,-0.0041567825,-0.0031399355,0.0075569003,-0.0057953698,0.0147916748,0.0081559345,0.0003309545,0.0007115346
2019-11-14,0.0020260756,-0.0026764518,-0.0011545643,0.0001045322,0.0031920212,0.0043105880,-0.0003260286,0.0061622525,0.0035241871,0.0079806552,0.0034196324,0.0008370427
2019-11-15,0.0026964579,0.0077157531,0.0080887714,0.0212723200,0.0073430282,0.0018157775,0.0003261350,-0.0008274707,0.0031922348,0.0053146871,0.0061565217,0.0076954880
2019-11-18,0.0020166868,-0.0121504408,0.0029804632,-0.0033862375,-0.0037663093,0.0034606558,0.0052178726,-0.0024851189,0.0020683911,0.0051782398,0.0038245047,0.0005031529
2019-11-19,0.0020127005,-0.0148273075,0.0019426006,0.0067951333,-0.0008535586,-0.0110025591,-0.0012976414,-0.0021589324,-0.0025404517,0.0012880375,-0.0013062503,-0.0005925944
2019-11-20,-0.0046869162,0.0100904233,-0.0060453109,-0.0013294019,-0.0079335604,-0.0023245237,0.0022737489,-0.0124834287,0.0060489304,-0.0002141365,-0.0067572682,-0.0037561842
2019-11-21,-0.0010090218,0.0164240842,-0.0050493780,0.0025601208,-0.0003692452,-0.0056589925,-0.0050233237,-0.0016855078,-0.0034809524,-0.0137236815,0.0014262893,-0.0015827522
2019-11-22,0.0074075498,-0.0033316313,-0.0012685645,0.0035745090,0.0051690435,0.0068625619,-0.0016289535,0.0016883535,0.0003176777,-0.0032611018,0.0006577144,0.0021749357
2019-11-25,0.0063501060,0.0010029604,0.0145513226,0.0117035808,0.0072246871,0.0088106136,0.0011421428,0.0065733037,-0.0033333259,0.0039262846,0.0038321644,0.0075072914
2019-11-26,-0.0009962875,-0.0091837264,0.0009107826,-0.0008049341,0.0029174276,0.0068386531,0.0081471126,0.0050233561,0.0033444741,0.0120585169,0.0026185573,0.0021955704
2019-11-27,0.0039893402,0.0025278441,0.0055726402,0.0051345753,-0.0009697156,0.0085923792,0.0024245002,0.0039988312,0.0017459639,0.0032202433,0.0055488582,0.0041744244
2019-11-29,-0.0016556023,-0.0100856195,-0.0029405955,-0.0035054972,-0.0046104914,-0.0064908032,-0.0003224750,-0.0036508024,-0.0009506976,-0.0027818282,-0.0029213735,-0.0040112197
2019-12-02,-0.0063020951,0.0000000000,-0.0142921839,-0.0044225439,-0.0164552766,-0.0082481102,0.0022582742,-0.0099935278,-0.0065028891,-0.0148070730,-0.0102009206,-0.0086310207
2019-12-03,-0.0140184392,-0.0149431269,-0.0088609998,-0.0022212246,-0.0109061444,-0.0100462041,-0.0016093345,-0.0063928719,0.0027139795,0.0060990515,-0.0015350010,-0.0066380951
2019-12-04,0.0094786952,0.0149974068,0.0040638724,0.0093089866,0.0038841803,0.0055731232,0.0066086055,0.0022010443,0.0076419827,0.0038968604,0.0057101718,0.0063235675
2019-12-05,0.0046945564,-0.0047554709,0.0037000964,0.0000000000,0.0002496569,-0.0009928280,-0.0003203277,0.0050684103,0.0017381869,0.0008627057,0.0030569078,0.0015002512
2019-12-06,0.0133517162,0.0191125970,0.0110601130,0.0066164821,0.0121036415,0.0080320459,0.0038442131,0.0102540491,-0.0029967965,0.0017240222,0.0063130840,0.0091357243
2019-12-09,-0.0023058838,-0.0011719287,-0.0052417255,-0.0069713655,-0.0038218222,0.0012321872,0.0007979717,-0.0019967537,-0.0034806241,0.0020429389,-0.0038939018,-0.0031628214
2019-12-10,0.0003299795,0.0020116260,0.0008018630,0.0022062642,-0.0012374638,-0.0017231116,-0.0031887593,-0.0060020277,-0.0001587017,-0.0060102881,-0.0038003891,-0.0010969341
2019-12-11,-0.0023103080,-0.0016734520,0.0067529069,0.0009008174,0.0063195476,0.0025479049,0.0014393129,0.0075477454,0.0026993278,-0.0097181038,0.0033790017,0.0029081580
2019-12-12,0.0195171663,0.0184350939,0.0106866587,0.0092981268,0.0088659700,0.0087713143,-0.0007984447,0.0139836771,-0.0042755039,-0.0130848281,0.0000000000,0.0085752258
2019-12-13,-0.0035691795,-0.0075696548,0.0066366870,-0.0006935941,-0.0026852449,0.0008935344,0.0035163144,-0.0077163800,0.0077927531,0.0009945192,-0.0020641925,0.0000725818
2019-12-16,0.0035819642,0.0134306567,0.0089392901,0.0108050172,-0.0004898054,0.0043843349,0.0035047206,0.0043019394,0.0124664800,0.0064204661,0.0094129558,0.0071477853
2019-12-17,0.0038936249,0.0006545279,-0.0023254799,-0.0010785990,-0.0009793631,0.0044459643,-0.0015873659,0.0014826905,0.0032727666,-0.0085279443,0.0008650658,0.0003352922
2019-12-18,-0.0042018502,0.0037605656,-0.0001112985,0.0013742905,-0.0041671800,0.0009655763,-0.0015898896,-0.0013160358,0.0040390987,0.0129578915,0.0048641524,-0.0004323002
2019-12-19,-0.0003246209,-0.0003257402,0.0072166392,0.0039215515,0.0027079276,0.0031355837,0.0054140583,0.0034592812,0.0003094947,0.0082708344,0.0111863832,0.0044592920
2019-12-20,0.0011750261,0.0095921601,0.0058061796,0.0070799061,0.0046007884,0.0015278434,0.0075527220,0.0048524552,0.0068748223,0.0062340901,0.0042548253,0.0049447811
2019-12-23,-0.0022817797,0.0102676303,0.0028586189,0.0039922789,0.0082269783,-0.0023283458,-0.0042790185,0.0027922066,-0.0092894947,-0.0056519500,-0.0019064516,0.0008661436
2019-12-24,0.0022869981,-0.0004842967,0.0003287748,-0.0012606636,-0.0040191690,0.0022533090,0.0012733058,0.0011466437,0.0014061764,0.0027326379,-0.0009550897,-0.0001954482
2019-12-26,0.0055409438,-0.0003226896,0.0074528098,-0.0006796885,0.0023237777,0.0122048218,0.0009538369,0.0044175814,0.0017170634,0.0053418696,0.0077544081,0.0051281667
2019-12-27,-0.0025930894,-0.0041977278,-0.0001086283,0.0002912326,-0.0008543879,-0.0000792577,0.0044463739,-0.0037464248,0.0029598614,0.0027109062,-0.0018972932,0.0000339847
2019-12-30,-0.0029249061,-0.0031556807,-0.0057663373,-0.0060033477,-0.0046395077,-0.0064259477,-0.0052174378,-0.0031065480,-0.0001555207,0.0007569197,-0.0095050143,-0.0057808225
2019-12-31,0.0032594447,0.0056950854,0.0031732422,0.0019672754,-0.0006132906,0.0014371381,0.0009538294,0.0073803918,0.0038841303,0.0058351654,0.0014927907,0.0029460217
2020-01-02,0.0097465658,0.0089940756,0.0187633987,0.0026509569,0.0189024569,0.0118802018,-0.0079391345,-0.0117223251,-0.0125348721,-0.0110657075,0.0116045671,0.0083788027
2020-01-03,-0.0106177082,-0.0029713011,-0.0112434198,-0.0087145347,-0.0019275478,-0.0085099329,-0.0016004033,-0.0161450708,0.0020371978,0.0071700189,-0.0039993972,-0.0070598706
2020-01-06,-0.0006504330,0.0077814543,0.0023825281,0.0062227763,0.0003622916,0.0027814604,0.0020838302,-0.0043537804,0.0009384514,0.0008629091,0.0118346364,0.0035333729
2020-01-07,-0.0065084929,-0.0026285553,-0.0004322918,-0.0019631368,-0.0020510533,-0.0015851799,-0.0076788725,-0.0011770867,-0.0014062480,-0.0101303674,0.0006264116,-0.0028032387
2020-01-08,0.0065511308,-0.0164716442,0.0107006494,0.0064915029,0.0033851366,0.0030163933,0.0037079675,0.0035358603,-0.0004695554,0.0023952431,0.0051135249,0.0049024514
2020-01-09,0.0061829247,0.0073689982,0.0113356875,0.0042997843,0.0042172978,0.0053023165,0.0070671522,0.0036913183,0.0054789674,0.0005432017,0.0030111976,0.0066552626
2020-01-10,-0.0074387838,-0.0056527265,-0.0023263467,0.0002919701,-0.0070794600,-0.0054319091,-0.0006379730,-0.0040119773,0.0026471222,0.0086842579,-0.0021737554,-0.0028551787
2020-01-13,0.0068426891,0.0003348300,0.0125063541,-0.0035017935,0.0082177161,0.0031660902,0.0065433250,0.0129236218,0.0060556012,0.0106543287,0.0093371251,0.0069762153
2020-01-14,-0.0019417572,0.0001668176,-0.0047102095,0.0060520505,0.0001200931,-0.0003155207,0.0003169715,-0.0041423579,0.0029325235,-0.0038336155,0.0001026068,-0.0015145328
2020-01-15,-0.0055121978,-0.0073528230,0.0011567224,0.0086357335,0.0015579852,-0.0022886448,0.0071328294,0.0068218752,0.0140043388,0.0088724511,0.0043165681,0.0018701969
2020-01-16,0.0088033984,0.0016832723,0.0134467368,0.0051946620,0.0099317172,0.0089389109,0.0026755403,0.0059496300,0.0062225782,0.0074166852,0.0074703244,0.0083665530
2020-01-17,0.0029086960,-0.0063865402,0.0067379158,0.0000000000,0.0001183125,0.0035284332,0.0017266123,0.0044354386,0.0069378453,0.0011569841,0.0067040734,0.0038621623
2020-01-21,-0.0083788449,-0.0179296738,-0.0004117460,0.0010529078,-0.0110174709,-0.0030472109,0.0034472016,-0.0107948108,0.0091373842,0.0101900770,-0.0010090316,-0.0026519776
2020-01-22,0.0029249760,-0.0096448615,0.0036048832,0.0012429336,-0.0052708101,-0.0004702492,0.0007805674,-0.0039682676,0.0031172489,-0.0057194796,-0.0012122746,0.0002890761
2020-01-23,-0.0025923882,-0.0038263280,0.0047215841,-0.0050608487,0.0108381812,0.0014897492,-0.0009360633,-0.0011619896,0.0088784229,0.0059616348,-0.0016176150,0.0011409766
2020-01-24,-0.0126706614,-0.0115224661,-0.0046993956,-0.0166984506,-0.0046466184,-0.0139356010,-0.0068718627,-0.0071465182,0.0026398614,-0.0022873159,-0.0115467559,-0.0090421610
2020-01-27,-0.0154653947,-0.0277285386,-0.0238114857,-0.0076127000,-0.0189103521,-0.0149265839,-0.0031449347,-0.0215935121,-0.0024866494,-0.0047935169,-0.0157801317,-0.0157307117
2020-01-28,0.0116977601,0.0045411604,0.0191356088,0.0049174708,0.0064656241,0.0097527099,0.0012619140,0.0112917601,0.0041062136,0.0042927248,0.0110357888,0.0100535846
2020-01-29,-0.0016519387,-0.0104880092,0.0025788301,-0.0027404012,0.0053335242,-0.0005589660,-0.0050417226,0.0032142133,0.0026290209,-0.0031275922,-0.0050459323,-0.0008668742
2020-01-30,0.0125745398,0.0080406235,0.0086438974,-0.0072620580,0.0010847784,-0.0016771919,0.0118763208,-0.0062393574,0.0093225456,0.0012550562,-0.0072448282,0.0031343588
2020-01-31,-0.0209152514,-0.0311818253,-0.0274432742,-0.0199687961,-0.0231242909,0.0025603341,-0.0112675060,-0.0220599200,-0.0044740555,-0.0121174105,-0.0146997243,-0.0177058204
2020-02-03,0.0070095609,-0.0130986048,0.0132172504,0.0090786228,-0.0003694388,0.0071016338,0.0000000000,0.0209957610,0.0031892356,0.0030663678,0.0122737575,0.0072546139
2020-02-04,0.0096120897,0.0036025223,0.0261933768,0.0175929237,0.0188702207,0.0182234474,0.0060144819,0.0176751380,-0.0099711527,0.0102258125,0.0099299677,0.0149804142
2020-02-05,0.0200264459,0.0375967497,0.0058512299,0.0192534168,0.0167050327,0.0050581145,0.0080240957,0.0185371289,0.0040870349,0.0002082097,-0.0002070576,0.0112505959
2020-02-06,-0.0012876064,-0.0101967492,0.0091276061,0.0008672261,0.0032146572,-0.0022453045,0.0017168400,-0.0004919123,0.0002906266,0.0037562130,0.0122153094,0.0033256729
2020-02-07,-0.0035447545,-0.0069904180,-0.0091443723,-0.0077996598,-0.0072397799,-0.0043456556,0.0012465928,-0.0142716222,-0.0031971156,-0.0004157119,-0.0011249325,-0.0054008537
2020-02-10,0.0029107861,-0.0050019842,0.0135417718,0.0053377168,0.0056188258,0.0113008333,0.0042013517,-0.0004992799,0.0037905899,0.0100862370,0.0067575295,0.0073263978
2020-02-11,0.0035471092,0.0111712553,-0.0033647770,0.0059849476,0.0038040245,0.0078607906,-0.0037189338,0.0054944610,0.0036314615,0.0081327269,0.0024405716,0.0016884726
2020-02-12,0.0006425614,0.0134412874,0.0108241892,0.0012477482,0.0093559656,0.0102463486,-0.0004665756,0.0054645088,0.0007234079,0.0079648325,0.0096378223,0.0064626465
2020-02-13,-0.0003209362,-0.0030886772,-0.0026524475,-0.0046963025,-0.0056321194,-0.0017409006,0.0059131153,-0.0036233736,0.0111352200,0.0067874586,0.0010051202,-0.0016304457
2020-02-14,0.0012849864,-0.0052851001,0.0043339352,0.0007703811,-0.0012978571,-0.0015163682,0.0023207374,0.0001654184,0.0067218472,0.0090563408,-0.0009035773,0.0018435333
2020-02-18,-0.0086623887,-0.0082446601,-0.0037268534,-0.0035601475,-0.0056710811,-0.0000762367,-0.0035500105,-0.0024788570,0.0083819498,-0.0006981491,0.0061286952,-0.0029199426
2020-02-19,0.0074435302,0.0133009537,0.0119118181,0.0046351487,-0.0003564516,0.0044806693,-0.0010842170,0.0026508191,-0.0108483960,-0.0125738438,0.0045938705,0.0047057859
2020-02-20,-0.0019274104,-0.0010935076,-0.0104096659,-0.0064400361,-0.0014262142,0.0003781097,0.0007750506,0.0016521307,0.0035607867,0.0108137325,-0.0042745242,-0.0038155198
2020-02-21,-0.0096556626,-0.0118636808,-0.0224141955,0.0005807969,-0.0049995329,-0.0152659702,0.0017046890,-0.0046187512,-0.0018447295,0.0018996835,-0.0139762273,-0.0105181030
2020-02-24,-0.0324992515,-0.0461766458,-0.0413316246,-0.0315191881,-0.0284723646,-0.0343822811,-0.0230472751,-0.0281737479,-0.0116592152,-0.0133719004,-0.0328035364,-0.0335136267
2020-02-25,-0.0339267817,-0.0441518168,-0.0319942216,-0.0303484318,-0.0407582986,-0.0267047735,-0.0180492324,-0.0431446338,-0.0210041620,-0.0268030497,-0.0254370145,-0.0302799956
2020-02-26,-0.0073017317,-0.0301859746,0.0045513967,-0.0001025672,-0.0075742722,-0.0079211796,-0.0056435404,-0.0033862207,-0.0101397931,-0.0104965723,-0.0056930435,-0.0037785406
2020-02-27,-0.0427320547,-0.0534783054,-0.0539375780,-0.0339788196,-0.0371230525,-0.0404147000,-0.0407004686,-0.0468525321,-0.0449820548,-0.0524106148,-0.0384570663,-0.0441632426
2020-02-28,-0.0270764726,-0.0008829729,0.0076398784,-0.0128973768,-0.0182697217,-0.0064333076,-0.0197767870,-0.0108816681,-0.0334216124,-0.0312569205,0.0020222022,-0.0082383404
2020-03-02,0.0511471066,0.0404242544,0.0578248999,0.0468635761,0.0351671891,0.0343606905,0.0534575236,0.0428677844,0.0588612937,0.0481693501,0.0304966709,0.0460392290
2020-03-03,-0.0375673024,-0.0305735892,-0.0379758459,-0.0248581704,-0.0244546191,-0.0242048829,-0.0135867428,-0.0087304774,-0.0123023949,0.0001090481,-0.0310085061,-0.0281078961
2020-03-04,0.0330856544,0.0236532782,0.0429222169,0.0576475733,0.0413275769,0.0345563770,0.0491206910,0.0414680267,0.0567430347,0.0382014383,0.0330112452,0.0422025908
2020-03-05,-0.0482187344,-0.0365854400,-0.0315596775,-0.0232025670,-0.0489264733,-0.0372881473,-0.0188233657,-0.0317126938,-0.0154250724,-0.0217619824,-0.0365217441,-0.0339220770
2020-03-06,-0.0340267102,-0.0561844490,-0.0211384792,-0.0053238015,-0.0087565257,-0.0153728763,-0.0078991448,-0.0260190318,-0.0081287090,-0.0169803021,-0.0152298269,-0.0170538520
2020-03-09,-0.1072404618,-0.2014119591,-0.0759196535,-0.0519817145,-0.0922012813,-0.0629742270,-0.0435488585,-0.0935922853,-0.0543883348,-0.0741226798,-0.0695387644,-0.0759696975
2020-03-10,0.0587459111,0.0474366414,0.0666992191,0.0343106280,0.0518468557,0.0552921661,0.0287121488,0.0406018652,0.0092972068,0.0386114637,0.0474618621,0.0493963063
2020-03-11,-0.0542442082,-0.0528833121,-0.0472385787,-0.0382110241,-0.0586870424,-0.0546884091,-0.0490503503,-0.0475342463,-0.0502731302,-0.0582079877,-0.0457115190,-0.0488684451
2020-03-12,-0.1081435913,-0.1247400251,-0.0976049039,-0.0746561873,-0.1035012304,-0.1010544298,-0.0939565319,-0.0962775760,-0.1009370669,-0.0974166842,-0.0923458006,-0.0951126810
2020-03-13,0.1315660057,0.0922969933,0.1173193635,0.0693558035,0.0781088391,0.0618643493,0.0851067561,0.0701792559,0.0544888302,0.0853280068,0.0874590775,0.0928712497
2020-03-16,-0.1370932671,-0.1360669034,-0.1381400855,-0.0986100743,-0.1134413444,-0.1266864910,-0.0678325379,-0.1100839007,-0.1135774742,-0.1686998466,-0.1141963088,-0.1198405524
2020-03-17,0.0542983689,0.0068320584,0.0680814493,0.0627754611,0.0460571422,0.0385050166,0.0843280460,0.0618509810,0.1279344972,0.0469911674,0.0398193548,0.0599548497
2020-03-18,-0.0848828538,-0.1435714229,-0.0376770280,-0.0331607415,-0.0736678101,-0.0574480592,-0.0256903435,-0.0639363513,-0.0435310147,-0.0984005243,-0.0376158216,-0.0518307627
2020-03-19,0.0218865051,0.0679733451,0.0036201738,-0.0204836386,0.0007394958,0.0348773626,-0.0333630886,0.0255222832,-0.0582049032,0.0004712666,0.0230003056,0.0047078080
2020-03-20,-0.0356962059,0.0097616499,-0.0458251800,-0.0384196589,-0.0500828254,-0.0297237766,-0.0647615758,-0.0357901453,-0.0793220708,-0.0437922906,-0.0455169941,-0.0433595123
2020-03-23,-0.0581836322,-0.0681584659,-0.0091343348,-0.0519383829,-0.0438004144,0.0016478689,-0.0295931819,-0.0509774351,-0.0510288547,-0.0505580778,-0.0015901181,-0.0292938678
2020-03-24,0.1240091580,0.1603735613,0.1024146055,0.0770566879,0.1265119102,0.0937961853,0.0509974529,0.1176010547,0.1075005264,0.0800484166,0.0683170268,0.0938277398
2020-03-25,0.0272037578,0.0471661439,-0.0012884593,0.0133136829,0.0526029936,0.0175476375,-0.0027392483,0.0233317820,0.0255224997,0.0549027535,-0.0086710955,0.0115350114
2020-03-26,0.0627760608,0.0611035109,0.0619270777,0.0664294925,0.0631160597,0.0413674898,0.0547379814,0.0469672842,0.0852439134,0.0741535034,0.0574005321,0.0624141633
2020-03-27,-0.0304567473,-0.0677854043,-0.0451948160,-0.0214163705,-0.0421275747,-0.0335140574,-0.0046502238,-0.0361495676,0.0054174423,0.0012837732,-0.0378696930,-0.0336873526
2020-03-30,0.0190383958,0.0102360437,0.0421176986,0.0468288977,0.0146033229,0.0209075677,0.0390579989,0.0318572936,0.0369970675,0.0199429359,0.0300910574,0.0335160095
2020-03-31,-0.0275571598,0.0153741515,-0.0186815106,-0.0043830824,-0.0123848055,-0.0201796382,-0.0203237207,-0.0137947883,-0.0403535957,-0.0283520221,-0.0065208274,-0.0160127219
2020-04-01,-0.0609989283,-0.0495527528,-0.0476546307,-0.0380451333,-0.0450769829,-0.0446577318,-0.0168898859,-0.0450709887,-0.0600972375,-0.0659767159,-0.0404304546,-0.0441424303
2020-04-02,0.0250637774,0.0916003075,0.0233865003,0.0276964038,0.0133095437,0.0037356099,0.0255833493,0.0151128336,0.0312979963,0.0043090831,0.0138167178,0.0228293472
2020-04-03,-0.0199600242,-0.0106135229,-0.0154475340,-0.0090214525,-0.0133099462,-0.0174376785,0.0078296041,-0.0240495815,-0.0357476711,-0.0156296664,-0.0230735024,-0.0151371251
2020-04-06,0.0717920346,0.0529667618,0.0853216519,0.0524314635,0.0692224683,0.0832161048,0.0372177385,0.0743957012,0.0772352077,0.0750312025,0.0679556355,0.0703313187
2020-04-07,0.0099765046,0.0213310530,-0.0089605735,-0.0082119492,-0.0023240273,0.0148851398,-0.0114962328,0.0266490128,-0.0125471923,0.0097016931,0.0071136423,-0.0016030528
2020-04-08,0.0437441345,0.0667080617,0.0268837292,0.0411787632,0.0362729836,0.0314993447,0.0148017621,0.0489364037,0.0544564123,0.0715612881,0.0237570937,0.0340564529
2020-04-09,0.0536277199,-0.0090590018,0.0002346401,0.0055140423,0.0150932064,0.0180356932,0.0093767731,0.0430017691,0.0471683206,0.0556748126,0.0096591353,0.0144874102
2020-04-13,-0.0363557555,-0.0032440840,0.0022303919,-0.0087525368,-0.0292631362,-0.0002811911,-0.0073972434,-0.0219758393,-0.0317278992,-0.0406947231,-0.0009941476,-0.0101046608
2020-04-14,0.0044384185,-0.0047335140,0.0419250546,0.0331916467,0.0190648881,0.0391001731,0.0424610133,0.0129249247,0.0293718084,0.0264304943,0.0318371117,0.0305725891
2020-04-15,-0.0433051662,-0.0469679189,-0.0218050422,-0.0051482509,-0.0276622472,-0.0219274765,-0.0157939555,-0.0459361618,-0.0329869845,-0.0378524180,-0.0114502103,-0.0220304385
2020-04-16,-0.0175523431,-0.0427322342,0.0121795843,0.0218378929,-0.0088801875,0.0119935998,0.0065878214,-0.0057614500,0.0001706553,-0.0112405745,0.0037796946,0.0058166895
2020-04-17,0.0526565441,0.1062233565,0.0132819622,0.0207638137,0.0469553472,0.0295379993,0.0152710816,0.0401488938,0.0322304807,0.0297741791,0.0170047222,0.0267935948
2020-04-20,-0.0174184593,-0.0312223515,-0.0160206429,-0.0079380708,-0.0266244233,-0.0174447335,-0.0196698049,-0.0246715352,-0.0378325461,-0.0362728311,-0.0083602952,-0.0178810480
2020-04-21,-0.0322726140,-0.0176344984,-0.0418992436,-0.0304060848,-0.0236078484,-0.0259553506,-0.0212440129,-0.0246836893,-0.0164834233,-0.0182737130,-0.0304709732,-0.0306747957
2020-04-22,0.0108029007,0.0355927286,0.0385027727,0.0152670606,0.0105050316,0.0215582915,0.0096470633,0.0196613026,0.0291550853,0.0159745554,0.0240995952,0.0229302477
2020-04-23,-0.0041820654,0.0322772988,-0.0068656825,0.0054867869,0.0079209170,-0.0002717642,-0.0088724387,0.0069742660,-0.0167937663,-0.0091606228,0.0086121235,-0.0005394221
2020-04-24,0.0144657410,0.0023161911,0.0212004741,0.0134396156,0.0080222656,0.0169415704,0.0106731015,0.0156854411,0.0062110238,0.0041394379,0.0117857449,0.0139180573
2020-04-27,0.0340385605,0.0216634886,0.0085750351,0.0128628520,0.0248497789,0.0187083026,0.0028958096,0.0266744818,0.0104595292,0.0316067869,0.0099848897,0.0147140698
2020-04-28,0.0106763356,0.0229009432,-0.0133126598,-0.0201812475,0.0187005463,0.0039353042,0.0056045694,0.0185584846,0.0037332670,0.0090585770,-0.0160056187,-0.0052423807
2020-04-29,0.0290491908,0.0740742512,0.0410431216,0.0066312652,0.0191350386,0.0220383493,-0.0042224204,0.0255081323,-0.0091292988,0.0153134766,0.0479607448,0.0265839163
2020-04-30,-0.0252350072,-0.0221307689,-0.0044652878,-0.0045913139,-0.0198444580,-0.0062217880,-0.0118723291,-0.0297361661,-0.0230338026,-0.0111820437,-0.0053641614,-0.0092124463
2020-05-01,-0.0320319989,-0.0565790282,-0.0274585613,-0.0190513368,-0.0302132064,-0.0373930717,-0.0109853848,-0.0210101687,-0.0241002765,-0.0339255461,-0.0153759390,-0.0280590341
2020-05-04,-0.0090658686,0.0345887951,0.0132734914,-0.0005114510,-0.0126866937,0.0054348246,-0.0005205912,0.0035440384,0.0075159578,-0.0029939226,0.0055940393,0.0042498276
2020-05-05,-0.0032022447,0.0008086011,0.0137653326,0.0216816054,0.0039037693,0.0036332613,0.0008682081,0.0025502949,0.0081704334,0.0047778162,0.0059102204,0.0090405564
2020-05-06,-0.0215696202,-0.0261313059,0.0077750630,-0.0099098878,-0.0137720299,-0.0001767116,-0.0109298707,-0.0172209830,-0.0340029662,-0.0165758653,-0.0024193435,-0.0069794104
2020-05-07,0.0234520905,0.0260028464,0.0149950215,-0.0001012586,0.0116641671,0.0157189179,-0.0028067206,0.0205097856,0.0040125129,0.0132637063,0.0166300040,0.0115046308
2020-05-08,0.0215398701,0.0455644479,0.0146666379,0.0051568631,0.0248456768,0.0194749030,0.0223397630,0.0239999616,0.0201636351,0.0238607332,0.0165854505,0.0168715386
2020-05-11,-0.0192909549,-0.0175349299,0.0066470555,0.0172015660,-0.0125175694,-0.0022171759,-0.0013764033,-0.0152438927,-0.0042735615,-0.0141159590,0.0003349722,0.0001330782
2020-05-12,-0.0260750030,-0.0175851402,-0.0206479221,-0.0152294044,-0.0280809829,-0.0218804790,-0.0084426719,-0.0152861664,-0.0087627321,-0.0459273605,-0.0204423308,-0.0205003175
2020-05-13,-0.0295915084,-0.0454178317,-0.0172301648,-0.0108456569,-0.0250950693,-0.0172142788,-0.0090357036,-0.0210257353,-0.0084788485,-0.0236445479,-0.0195004369,-0.0174627246
2020-05-14,0.0256535075,0.0111948368,0.0127406704,0.0109645749,0.0104998366,0.0149373390,-0.0024548223,0.0122438224,0.0107351254,0.0046406538,0.0103512187,0.0115248227
2020-05-15,-0.0066071929,-0.0038748386,0.0050538787,0.0084352755,-0.0035195866,0.0116514762,0.0087889898,0.0087251438,-0.0133212878,-0.0046192176,0.0125476312,0.0039263632
2020-05-18,0.0513064200,0.0816892896,0.0244995531,0.0082653169,0.0659267464,0.0378417662,0.0158564865,0.0456064709,0.0410508160,0.0582946483,0.0254660606,0.0315011916
2020-05-19,-0.0244010272,-0.0279990883,-0.0036544976,-0.0120496295,-0.0127800254,-0.0035877163,-0.0183533676,-0.0095881826,-0.0164741610,-0.0112357179,-0.0029934497,-0.0104843992
2020-05-20,0.0222325893,0.0399048859,0.0219051479,0.0011999803,0.0186989807,0.0130631775,0.0118819209,0.0159452053,0.0055239664,0.0097006543,0.0241298875,0.0166511003
2020-05-21,-0.0031717750,-0.0160100835,-0.0139484452,-0.0073889872,0.0023532486,0.0035542051,-0.0110516236,-0.0095291436,-0.0101009423,-0.0013725287,-0.0054288901,-0.0077735964
2020-05-22,-0.0036363919,-0.0061983809,0.0036401347,0.0021125102,-0.0007825309,-0.0014825206,0.0034923942,-0.0015091724,0.0110991883,0.0136063230,0.0056768718,0.0023537113
2020-05-26,0.0520072662,0.0278068424,-0.0010361833,-0.0018067850,0.0419799302,0.0158379149,0.0053938468,0.0273947175,0.0065509298,0.0364746038,0.0045590731,0.0122891840
2020-05-27,0.0433649183,0.0128947836,0.0057059584,0.0103579255,0.0333732527,0.0171333636,0.0150572082,0.0101141382,0.0119614905,0.0192307782,0.0105902020,0.0148272972
2020-05-28,-0.0157935764,-0.0279580163,-0.0019597825,0.0130385898,-0.0094558779,-0.0121346953,0.0088660814,0.0092843027,0.0295495789,0.0041071516,-0.0088751485,-0.0021079145
2020-05-29,-0.0114020478,-0.0046224905,0.0126095134,0.0120849558,-0.0061680965,0.0036367391,0.0010143644,0.0001804849,0.0077662580,-0.0103538994,0.0052866188,0.0048123358
2020-06-01,0.0115335539,0.0175437891,-0.0003060527,-0.0099019714,0.0022164574,0.0095014120,0.0069219066,0.0068529900,0.0118951710,0.0231208419,0.0132002693,0.0037512348
2020-06-02,0.0080237334,0.0278905507,0.0093934514,0.0057848238,0.0129758315,0.0085347202,0.0026826480,0.0180905150,0.0064565423,0.0089631287,0.0043428214,0.0082108328
2020-06-03,0.0372852906,0.0293538016,0.0077888195,-0.0019496745,0.0390101633,0.0189022995,0.0013379612,0.0226953621,0.0120087307,0.0300299867,0.0062220127,0.0136489791
2020-06-04,0.0218094941,0.0002397782,-0.0082305063,-0.0079115944,0.0106472097,-0.0050454805,-0.0048431495,0.0036125648,-0.0178803300,-0.0085032313,-0.0062885232,-0.0033687022
2020-06-05,0.0371540511,0.0742690474,0.0263132357,0.0161462550,0.0367341280,0.0239505497,0.0139285565,0.0255400284,0.0127442067,0.0363881062,0.0177196528,0.0262116508
2020-06-08,0.0190547391,0.0450491039,0.0050290896,0.0068794525,0.0200558527,0.0152384001,0.0107580498,0.0013369262,0.0268015448,0.0263624088,0.0153383095,0.0120415794
2020-06-09,-0.0213164461,-0.0375587528,0.0047096545,-0.0103927923,-0.0249045752,-0.0078051812,-0.0081873430,-0.0121846569,-0.0200538723,-0.0161255069,-0.0047972189,-0.0077991708
2020-06-10,-0.0374473859,-0.0492235989,0.0166991383,-0.0015558455,-0.0239280728,-0.0093788345,-0.0028066610,-0.0113215745,-0.0058471564,-0.0255206146,-0.0055386492,-0.0053130911
2020-06-11,-0.0817785685,-0.0942164712,-0.0573433456,-0.0556093569,-0.0702383142,-0.0523784545,-0.0379140312,-0.0772517307,-0.0390460445,-0.0631909099,-0.0495048792,-0.0589440593
2020-06-12,0.0302637341,0.0252316536,0.0129409160,0.0064966491,0.0194045153,0.0099105669,0.0001722738,0.0194482165,-0.0025501485,0.0357781204,0.0106338659,0.0130608440
2020-06-15,0.0138481771,0.0030135158,0.0096568945,0.0022540453,0.0098809626,0.0094942064,0.0115278038,0.0105375403,0.0068178611,0.0115040635,0.0129910253,0.0083122170
2020-06-16,0.0157286432,0.0287934610,0.0213210847,0.0246370396,0.0195685690,0.0210229359,0.0156489374,0.0208558597,0.0045708711,0.0197139402,0.0120825653,0.0189623982
2020-06-17,-0.0150774306,-0.0340719809,-0.0001952853,-0.0009975671,-0.0071973120,-0.0026319945,-0.0015072582,-0.0082773583,-0.0030334081,-0.0135332915,-0.0010472658,-0.0036002996
2020-06-18,-0.0012414162,0.0123456502,0.0044884520,-0.0033954521,-0.0036961216,-0.0036475309,0.0051994873,0.0007102494,-0.0001688923,-0.0106567875,0.0034597704,0.0005942199
2020-06-19,-0.0066279668,-0.0151814284,-0.0068965775,0.0096201359,-0.0122697321,-0.0077895911,-0.0051725925,-0.0030168575,-0.0280642824,-0.0126282731,-0.0038655717,-0.0056494948
2020-06-22,-0.0049522404,0.0046327109,0.0188408488,-0.0038375178,0.0016828250,0.0102766428,-0.0028566702,0.0037047913,0.0097519855,-0.0018806644,0.0032277944,0.0064950955
2020-06-23,0.0046394666,0.0010194312,0.0072198671,0.0043025012,0.0001447597,0.0078666711,-0.0015256750,0.0023181723,-0.0100746606,-0.0030150448,0.0066022398,0.0043074196
2020-06-24,-0.0352643953,-0.0554851519,-0.0225555511,-0.0261034636,-0.0347572339,-0.0220245960,-0.0168081444,-0.0291763813,-0.0091244819,-0.0286037912,-0.0252994282,-0.0258551459
2020-06-25,0.0265446780,0.0191323748,0.0128091233,0.0098211656,0.0111026038,0.0013433975,0.0070798832,0.0124610303,-0.0123959611,0.0123229313,0.0037385202,0.0109594473
2020-06-26,-0.0428147710,-0.0346378848,-0.0196947803,-0.0121571456,-0.0185486529,-0.0234376061,-0.0204048139,-0.0137555789,-0.0105789779,-0.0198615551,-0.0420345257,-0.0242269050
2020-06-29,0.0110716822,0.0134209178,0.0109315030,0.0090249521,0.0328091766,0.0189898470,0.0189046358,0.0194531202,0.0188472274,0.0186952133,0.0212175679,0.0146856784
2020-06-30,0.0135785968,0.0229728750,0.0179251154,0.0170749849,0.0057093191,0.0127676304,0.0073868396,0.0144016466,0.0037352762,0.0114220574,0.0119656194,0.0154098757
2020-07-01,-0.0086430308,-0.0243062983,0.0016269381,0.0076941729,-0.0045123703,0.0101010741,0.0008526986,0.0021293226,0.0233919804,0.0224591640,0.0212833235,0.0050221328
2020-07-02,0.0013077299,0.0111021180,0.0058284575,0.0075371062,0.0086269365,0.0039535261,0.0051116042,0.0187711142,0.0025975379,-0.0031025581,-0.0010523267,0.0045412508
2020-07-06,0.0191556348,0.0029460306,0.0174787576,0.0101377077,0.0143518388,0.0237047721,0.0049158534,0.0142533587,-0.0122626842,0.0001244576,0.0190704364,0.0158817259
2020-07-07,-0.0205040448,-0.0317757119,-0.0104564905,-0.0086719726,-0.0191509469,-0.0156887244,0.0091094962,0.0003425638,-0.0040218917,-0.0190440657,-0.0038252223,-0.0108185320
2020-07-08,0.0104666769,-0.0008271888,0.0163223793,0.0000980267,0.0000000000,0.0106513370,-0.0025074110,-0.0142193928,0.0089537987,-0.0010149769,0.0095481363,0.0078274619
2020-07-09,-0.0211480119,-0.0494067050,0.0036200390,-0.0078621795,-0.0217107537,-0.0011373044,-0.0078767830,-0.0093849417,-0.0133982769,-0.0055887771,0.0010283762,-0.0056436062
2020-07-10,0.0343914043,0.0319395223,-0.0002771759,-0.0023774615,0.0129583250,0.0119174615,0.0184123097,0.0173684550,0.0188714291,0.0028103202,0.0162265632,0.0104662013
2020-07-13,0.0042623875,-0.0053461918,-0.0207255862,0.0056600211,0.0041166807,-0.0126772602,-0.0014929258,0.0000000000,0.0010384176,-0.0123554103,-0.0197068082,-0.0093625411
2020-07-14,0.0050937140,0.0350779527,0.0115268805,0.0198456239,0.0216723785,0.0099528335,0.0146180028,0.0251766058,0.0093374886,0.0076089284,0.0093814823,0.0134063708
2020-07-15,0.0198476989,0.0215904350,0.0054176820,0.0129732848,0.0255126334,0.0142930296,0.0008184158,0.0168211572,-0.0039401946,0.0103674319,0.0078642704,0.0090820507
2020-07-16,0.0000000000,-0.0045478154,-0.0123558595,-0.0016246011,0.0002792462,-0.0026697757,0.0021268574,0.0033082651,0.0127280902,-0.0108940720,0.0015202768,-0.0034061012
2020-07-17,-0.0082812988,-0.0139748339,0.0048912618,0.0136894145,0.0060081810,-0.0046850907,0.0053866063,0.0084091328,0.0225880906,0.0125507021,-0.0032379736,0.0028486122
2020-07-20,-0.0045929740,-0.0166257745,0.0255545253,-0.0001889253,-0.0122219818,0.0159891433,-0.0100664424,-0.0086657635,-0.0131206691,-0.0118895312,0.0116736779,0.0084069387
2020-07-21,0.0197144052,0.0604211648,-0.0100399338,-0.0006614030,0.0132171840,0.0015445121,0.0086928238,0.0087415154,0.0045436993,0.0025602518,-0.0034114420,0.0016790373
2020-07-22,0.0000000000,-0.0122841461,0.0080210707,0.0089794017,0.0080488162,0.0085909449,0.0079674741,0.0116087987,0.0154131609,0.0153216024,-0.0003019656,0.0057470821
2020-07-23,0.0008231244,-0.0018523876,-0.0259762769,-0.0044964185,-0.0030288324,-0.0149971119,0.0035489026,-0.0030707993,0.0011551363,-0.0051556334,-0.0177258609,-0.0123198598
2020-07-24,-0.0024662092,-0.0055673484,-0.0121137522,-0.0110098794,-0.0080089226,0.0017737067,-0.0012858811,-0.0034048838,-0.0065921496,-0.0075842986,-0.0009228552,-0.0061904001
2020-07-27,-0.0082406138,0.0010660788,0.0157793568,0.0075168435,0.0041759673,0.0061975133,0.0049896181,0.0144787288,-0.0121101769,0.0115907889,0.0080049120,0.0073951388
2020-07-28,-0.0024927610,-0.0170435810,-0.0116974947,-0.0011333135,-0.0069307705,-0.0098985756,0.0036834150,-0.0219692743,0.0151133703,0.0178792770,-0.0078396148,-0.0064733922
2020-07-29,0.0187420303,0.0208614833,0.0144873106,0.0104944281,0.0152145933,0.0101455327,0.0014360870,0.0081978229,0.0046318660,0.0223898769,0.0102616086,0.0124283817
2020-07-30,-0.0179882340,-0.0392781276,0.0056000426,-0.0069235211,-0.0100369914,-0.0008063881,0.0000000000,-0.0193526654,0.0000000000,-0.0050815660,0.0041649508,-0.0037502519
2020-07-31,0.0004160454,-0.0046960589,0.0249675048,-0.0057472625,-0.0037498564,0.0052095070,-0.0009559947,0.0009952403,0.0016466433,-0.0020673245,0.0105198514,0.0076705050
2020-08-03,0.0029130478,0.0036080121,0.0246311003,0.0103288848,0.0041823707,-0.0021168339,-0.0027113030,-0.0056331404,-0.0108499495,-0.0130390281,0.0030028538,0.0071810234
2020-08-04,-0.0041493718,0.0243363440,0.0025630090,-0.0044081243,0.0024986696,0.0080462978,0.0124740006,0.0141620952,0.0109689622,0.0125939640,0.0048904325,0.0036119304
2020-08-05,0.0137502191,0.0105290837,0.0037022919,0.0046160253,0.0191110703,0.0121908554,-0.0020534097,0.0146214469,-0.0128226881,-0.0037800159,0.0016881511,0.0064297431
2020-08-06,-0.0004111801,-0.0080148017,0.0140524291,-0.0053452805,0.0038050425,0.0048752153,-0.0001584972,-0.0042100144,0.0058286286,0.0001224792,0.0184416302,0.0064276956
2020-08-07,0.0213817918,0.0013464310,-0.0148969960,0.0032055669,0.0170565992,0.0014978853,0.0053824032,0.0034145713,0.0180463133,0.0135846267,0.0008757541,0.0006330295
2020-08-10,0.0072462964,0.0309307372,-0.0028135212,-0.0033830893,0.0246242236,0.0119670995,0.0051961957,0.0097232652,-0.0003251987,0.0024149583,-0.0022368502,0.0027422183
2020-08-11,0.0115907174,-0.0033916381,-0.0179860465,-0.0063179028,0.0053258465,-0.0019707612,-0.0068922598,-0.0017656681,-0.0216366560,-0.0144547351,-0.0133555220,-0.0079691322
2020-08-12,-0.0027658098,0.0099477099,0.0227149720,0.0167965406,0.0032305160,0.0132601253,0.0129338413,0.0059488179,0.0144662396,0.0096558155,0.0103743949,0.0139965495
2020-08-13,-0.0063390844,-0.0194400780,0.0004389522,-0.0013066118,-0.0052804657,-0.0004178731,-0.0007786085,-0.0001597984,-0.0016391612,-0.0113791339,0.0044986323,-0.0020471744
2020-08-14,0.0039869811,0.0095162185,-0.0007023378,-0.0019622857,0.0038844111,-0.0000694702,-0.0001560520,0.0011187678,-0.0087012917,0.0001228501,0.0000000000,-0.0001718826
2020-08-17,-0.0166794454,-0.0057609203,0.0066740577,0.0058986674,-0.0046436876,0.0128839931,0.0056111558,0.0044706181,-0.0013249354,0.0078350488,0.0001943843,0.0027098425
2020-08-18,-0.0064624011,-0.0126411315,0.0037507833,-0.0002792865,-0.0054424060,0.0061879699,0.0040300083,-0.0041327146,-0.0044776940,-0.0047373738,0.0088575048,0.0023033892
2020-08-19,-0.0004062363,-0.0114699875,-0.0012166623,-0.0032586526,-0.0026057675,-0.0047150730,-0.0078732206,-0.0028732467,-0.0029983525,-0.0179423155,-0.0038591320,-0.0044043954
2020-08-20,-0.0093537856,-0.0215865101,0.0133123546,-0.0031761418,-0.0053559810,-0.0015105710,-0.0020225992,-0.0035215370,-0.0088554750,0.0090730439,0.0105568183,0.0031586328
2020-08-21,-0.0020525861,-0.0063431297,0.0127083974,0.0010306711,0.0040715550,0.0051574747,0.0024946553,-0.0057833496,0.0016857829,0.0014778902,-0.0050795881,0.0034411070
2020-08-24,0.0238587446,0.0274768931,0.0086482666,-0.0045869947,0.0180509258,0.0151863309,0.0085534127,0.0176121123,0.0087510252,0.0078711404,0.0108853378,0.0100437183
2020-08-25,0.0028124811,-0.0140464301,0.0050438185,0.0067714265,-0.0012846434,0.0033021370,-0.0021587875,-0.0039694985,-0.0095092439,0.0024404879,0.0085762898,0.0035963512
2020-08-26,-0.0048075829,-0.0210959530,0.0203245218,-0.0012145110,0.0005144110,0.0098731609,0.0012364787,0.0105211636,-0.0111167653,-0.0093730846,0.0307067992,0.0101956261
2020-08-27,0.0169081672,0.0019591868,0.0008196910,0.0078563786,0.0036004205,-0.0053870904,0.0061736552,-0.0026817033,0.0032362588,0.0142540818,-0.0093498663,0.0016730440
2020-08-28,0.0039585699,0.0178771841,0.0087641715,0.0022271375,0.0094810619,0.0065529513,0.0088969903,0.0118634913,0.0028861652,0.0061791096,0.0050891028,0.0067325654
2020-08-31,-0.0118298040,-0.0216793781,0.0031665359,0.0024076560,-0.0124382294,-0.0029230936,-0.0028885776,-0.0153199296,0.0030472363,-0.0096330791,-0.0058920419,-0.0021949627
2020-09-01,0.0027934873,-0.0067319561,0.0191016681,-0.0089600700,0.0101527939,0.0104603796,0.0010672420,0.0280996832,-0.0114767746,0.0010941870,0.0099091673,0.0075250030
2020-09-02,0.0143256053,-0.0048009631,0.0088949460,0.0200389303,0.0165398430,0.0138467833,0.0181264936,0.0226991077,0.0310738315,0.0182173439,0.0195324020,0.0153659102
2020-09-03,-0.0153001030,-0.0073782681,-0.0569941575,-0.0272294530,-0.0280356143,-0.0317375781,-0.0172053696,-0.0276308435,-0.0112601249,-0.0124044542,-0.0312108870,-0.0351258437
2020-09-04,0.0075696336,-0.0031444473,-0.0139411146,-0.0071387492,0.0023180657,-0.0115531779,-0.0022835553,0.0006211636,-0.0056940263,-0.0045895926,-0.0187540162,-0.0081330273
2020-09-08,-0.0257018635,-0.0364209734,-0.0452082490,-0.0164617503,-0.0187566033,-0.0131149514,-0.0210558382,-0.0187772352,-0.0055584984,-0.0124967603,-0.0229914804,-0.0277563421
2020-09-09,0.0101461324,0.0068452226,0.0326297742,0.0176989534,0.0154490852,0.0188666202,0.0144950388,0.0257789282,0.0132112971,0.0090916602,0.0106525566,0.0201449863
2020-09-10,-0.0140618943,-0.0366538771,-0.0225827601,-0.0153115992,-0.0127641840,-0.0143271409,-0.0122906101,-0.0094048013,-0.0172181515,-0.0133934300,-0.0143733854,-0.0175847966
2020-09-11,0.0069273949,0.0009203395,-0.0076430241,0.0039354492,0.0135825424,0.0015082799,0.0055997395,0.0127623793,0.0023814816,-0.0055533070,-0.0043947741,0.0005330722
2020-09-14,0.0137599016,0.0076641898,0.0209808518,0.0143414954,0.0135291426,0.0106114506,0.0064964655,0.0144461206,0.0137449045,0.0268057192,0.0053832849,0.0127418291
2020-09-15,-0.0135731366,-0.0073015350,0.0098846648,0.0013198255,0.0006356502,0.0081968333,-0.0013832567,0.0048477163,0.0066957247,0.0116026002,0.0168418640,0.0052193596
2020-09-16,0.0113317039,0.0401471063,-0.0154546742,-0.0016944898,0.0101638365,-0.0055769589,-0.0044625625,0.0007538297,-0.0013303751,0.0053763692,-0.0073719765,-0.0046189466
2020-09-17,-0.0104043484,0.0014731940,-0.0082846782,-0.0033002929,0.0020124194,-0.0140541838,-0.0063381335,0.0073816049,-0.0081582493,-0.0187762791,-0.0173611284,-0.0084123659
2020-09-18,-0.0020216186,-0.0111798328,-0.0172352011,-0.0015135624,-0.0111710512,-0.0139117034,-0.0091787278,-0.0171973690,-0.0176264719,-0.0215570927,-0.0114840353,-0.0111825818
2020-09-21,-0.0250562875,-0.0331459174,0.0083131145,-0.0184739324,-0.0331952098,-0.0144446046,-0.0076285432,-0.0336635579,-0.0062218605,-0.0278501080,-0.0118162163,-0.0115710979
2020-09-22,-0.0083575416,-0.0103220685,0.0158304316,-0.0021321002,0.0098847999,0.0211292988,0.0058888119,0.0018984557,0.0062434924,0.0117136580,0.0184887963,0.0105179452
2020-09-23,-0.0223346458,-0.0451957983,-0.0311679573,-0.0102954831,-0.0178801748,-0.0164012937,-0.0150315479,-0.0293698335,-0.0153395024,-0.0287535706,-0.0260455594,-0.0237214551
2020-09-24,0.0021550606,-0.0003312073,0.0056027566,-0.0050048426,0.0014620857,-0.0004221478,0.0073895320,0.0071579290,0.0112026986,0.0044321242,0.0004049721,0.0029874591
2020-09-25,0.0103229349,-0.0006622423,0.0239037875,0.0160764100,0.0149944504,0.0130218145,0.0052622878,0.0088836663,0.0164442456,0.0202464482,0.0148845740,0.0159767238
2020-09-28,0.0238395148,0.0235256110,0.0191328685,0.0090274302,0.0180417444,0.0209140343,0.0112626204,0.0161703546,0.0025547264,0.0199723123,0.0135687122,0.0161105902
2020-09-29,-0.0124738056,-0.0275169474,-0.0033586419,-0.0012503658,-0.0088608441,-0.0077584554,-0.0065881340,-0.0074050472,-0.0003398599,-0.0074831759,0.0018704870,-0.0048126645
2020-09-30,0.0134736414,-0.0029958442,0.0083817158,0.0159893481,-0.0025914499,0.0081623885,0.0121582997,0.0101587575,0.0090057613,0.0032672026,0.0008840109,0.0082537182
2020-10-01,0.0016620664,-0.0307179709,0.0105396256,-0.0034132043,-0.0029878348,0.0130631898,0.0056163568,-0.0141421454,0.0101046367,0.0192883449,0.0165897865,0.0052929078
2020-10-02,0.0078802065,0.0096451374,-0.0253538660,-0.0091323347,0.0112050826,-0.0042310709,-0.0055849895,0.0089257839,0.0118373969,0.0159745801,-0.0168983199,-0.0095776522
2020-10-05,0.0164610939,0.0300237753,0.0219243639,0.0205452867,0.0161064541,0.0132189520,0.0067084993,0.0191153208,0.0125224463,0.0055636714,0.0157157316,0.0179727087
2020-10-06,-0.0101215289,-0.0149055818,-0.0154946074,-0.0132643960,-0.0121737123,-0.0185048472,-0.0065084999,-0.0125561400,0.0084622577,-0.0062547122,-0.0176001086,-0.0139735157
2020-10-07,0.0167689252,0.0141223521,0.0183328377,0.0188769464,0.0220795502,0.0228550616,0.0107627818,0.0257456005,0.0061318973,0.0010894441,0.0082686135,0.0173967549
2020-10-08,0.0136765403,0.0374668214,0.0051800046,0.0048655909,0.0099220025,0.0065644726,0.0066356173,0.0101010622,0.0182838702,0.0157177027,0.0108364812,0.0080101236
2020-10-09,0.0011904646,-0.0159793195,0.0152908411,0.0090325779,0.0037312387,0.0104075446,0.0078185235,0.0077274269,-0.0001575289,-0.0042852534,0.0063744518,0.0087935331
2020-10-12,0.0110978753,0.0025982087,0.0272925839,0.0068292513,0.0056991957,0.0132994016,0.0115606854,-0.0016541837,0.0063012890,0.0059771913,0.0206335207,0.0164158130
2020-10-13,-0.0192082159,-0.0155491599,-0.0063991457,-0.0076079939,-0.0110879854,-0.0001930639,-0.0007520717,-0.0088854749,-0.0068879577,-0.0160427578,0.0017864640,-0.0063069190
2020-10-14,-0.0095920654,0.0042775450,-0.0052983473,-0.0058184937,0.0056063608,-0.0110683574,-0.0051165860,0.0028871761,-0.0012608663,-0.0117151355,-0.0119204933,-0.0066231418
2020-10-15,0.0076672279,0.0121233758,-0.0045077152,-0.0072463323,0.0035924928,0.0037091538,0.0006050589,-0.0028788643,-0.0006314082,0.0041551360,-0.0046545207,-0.0015277553
2020-10-16,0.0008009534,-0.0226611146,-0.0028810997,0.0099193430,0.0072830307,-0.0090761890,0.0003022458,0.0069898790,0.0107391433,-0.0062065378,-0.0015272811,0.0001349196
2020-10-19,-0.0152058518,-0.0211991629,-0.0183290394,-0.0158449245,-0.0123772537,-0.0122994383,-0.0129966702,-0.0116189679,-0.0084375648,-0.0161646985,-0.0159623015,-0.0163298618
2020-10-20,0.0081267833,0.0118443644,0.0034482488,0.0013178402,0.0052113846,0.0080147295,-0.0010718402,0.0022899070,0.0059879246,0.0074681636,0.0058279731,0.0047273341
2020-10-21,-0.0052398560,-0.0190633938,-0.0015088195,-0.0049834179,-0.0101221279,-0.0054540373,0.0009197935,-0.0038079005,-0.0026628820,-0.0039536405,0.0169001080,-0.0021956999
2020-10-22,0.0198541941,0.0412547023,-0.0047005739,0.0151202694,0.0082301246,0.0020482453,-0.0004595762,0.0055043889,0.0141353059,-0.0012402801,0.0071225976,0.0052189254
2020-10-23,0.0031781880,-0.0049116372,-0.0010964590,0.0037234125,0.0039582328,0.0087696129,0.0018385374,0.0036496774,0.0027878818,0.0060854670,0.0112210747,0.0034457614
2020-10-26,-0.0225741222,-0.0358672889,-0.0216986554,-0.0111294212,-0.0250090618,-0.0192170009,-0.0128458721,-0.0249999660,-0.0003089268,-0.0127145796,-0.0229391668,-0.0185895163
2020-10-27,-0.0182336354,-0.0129691010,0.0050054931,-0.0068468248,-0.0218600738,-0.0004663148,-0.0026337667,-0.0094794968,-0.0007723453,-0.0147536292,0.0051536679,-0.0030256189
2020-10-28,-0.0255878689,-0.0418395754,-0.0424215795,-0.0317312551,-0.0328121728,-0.0316046669,-0.0292013888,-0.0282396505,-0.0290661963,-0.0244922869,-0.0369352233,-0.0352878788
2020-10-29,0.0076238133,0.0306747093,0.0166801447,-0.0081926382,0.0145584814,0.0063348069,-0.0003203233,0.0206650081,0.0027069080,0.0152203346,0.0251407647,0.0119473309
2020-10-30,0.0029424727,0.0056024935,-0.0221398849,-0.0002947878,-0.0011847619,-0.0218254695,-0.0035210597,-0.0006325610,-0.0093695109,-0.0067911425,-0.0128871556,-0.0121295501
2020-11-02,0.0188600969,0.0341225678,0.0025255427,0.0180010213,0.0270197387,0.0071344582,0.0159011128,0.0332383452,0.0219622010,0.0251578029,0.0023381354,0.0123182026
2020-11-03,0.0222129481,-0.0057238635,0.0176354819,0.0145906572,0.0295173759,0.0220150105,0.0164427300,0.0156249193,0.0144313385,0.0192551973,0.0153577083,0.0177992901
2020-11-04,-0.0116700760,0.0013543749,0.0389035979,0.0443809940,-0.0103465858,0.0212695565,0.0004666580,-0.0170436387,-0.0149992401,0.0020992786,0.0406853282,0.0220470477
2020-11-05,0.0244299880,0.0000000000,0.0310638706,0.0020063397,0.0235545922,0.0194955788,0.0073072429,0.0408162958,0.0089481887,0.0032031622,0.0203294788,0.0194601941
2020-11-06,-0.0079489645,-0.0216434903,0.0035494840,0.0003639824,0.0009846163,-0.0030021775,0.0046301553,0.0025065045,-0.0021784265,-0.0056495548,0.0038765305,-0.0002877152
2020-11-09,0.0821312743,0.1427583486,-0.0072382885,0.0093704892,0.0340547159,-0.0032731355,-0.0023042714,0.0224994390,0.0185561659,0.0289032765,-0.0057476522,0.0116998892
2020-11-10,0.0051832149,0.0323654721,-0.0186410677,0.0028840794,0.0175958105,-0.0035464521,0.0197104448,0.0117939586,0.0143906363,0.0111645576,-0.0025288882,-0.0013997946
2020-11-11,-0.0040516037,-0.0102550036,0.0237229850,-0.0012581373,-0.0084120747,0.0087658288,0.0086077496,-0.0149254220,0.0037731730,0.0064107758,0.0077874620,0.0076518553
2020-11-12,-0.0166418509,-0.0322678207,-0.0089066131,-0.0036893264,-0.0114293864,-0.0133939920,-0.0026950105,-0.0210679598,-0.0160879763,-0.0120326628,-0.0042231648,-0.0099785323
2020-11-13,0.0165476495,0.0364031819,0.0084874210,0.0126445498,0.0221693218,0.0162251090,0.0138117579,0.0172465994,0.0099329421,0.0261493124,0.0155207722,0.0136103354
2020-11-16,0.0221972603,0.0658203156,0.0096536018,-0.0016947298,0.0243704468,0.0130989589,0.0091811722,0.0197071229,0.0101374315,0.0081451295,0.0074638720,0.0116480512
2020-11-17,-0.0014475352,0.0102460923,-0.0055570371,-0.0065219353,-0.0026180446,-0.0042458653,-0.0070432982,-0.0036946375,-0.0196224280,0.0008080747,-0.0013230159,-0.0047919257
2020-11-18,-0.0094236120,-0.0290568050,-0.0106828807,-0.0186151146,-0.0044510200,-0.0068470831,-0.0137434298,-0.0082730937,-0.0195568788,-0.0179910765,-0.0088313385,-0.0115638296
2020-11-19,0.0032929748,0.0163746963,0.0080570814,-0.0007329679,0.0025217130,0.0049433633,0.0026968969,0.0041712386,-0.0099735959,0.0019962008,0.0081081834,0.0039464425
2020-11-20,-0.0087527266,-0.0052774080,-0.0102999151,-0.0022926078,-0.0090335234,-0.0052428600,-0.0062758564,-0.0008595460,0.0001575726,-0.0046878289,-0.0012375008,-0.0067925629
2020-11-23,0.0187636135,0.0706507312,-0.0002496623,-0.0025737072,0.0167320180,0.0109958397,0.0003005214,0.0083143583,0.0001573334,-0.0008244416,0.0039823950,0.0056359306
2020-11-24,0.0350308940,0.0513822742,0.0139072450,0.0029488152,0.0174782418,0.0148671066,0.0067651423,0.0248791833,0.0107003480,0.0028283806,0.0171001571,0.0161616683
2020-11-25,-0.0034892230,-0.0233196455,0.0021358377,-0.0036749124,-0.0075851574,0.0012047070,-0.0005972889,-0.0104034861,0.0026467127,0.0008228983,-0.0005200159,-0.0015844182
2020-11-27,-0.0031514513,-0.0116837398,0.0053272666,0.0092216311,-0.0016858901,0.0021536981,-0.0001497267,0.0051862308,-0.0099381157,-0.0030533303,0.0065898051,0.0023969792
2020-11-30,-0.0207235188,-0.0552557513,0.0066852232,0.0027411115,-0.0088944650,-0.0060676882,-0.0001490854,-0.0100406164,-0.0144289355,-0.0087161123,-0.0071496909,-0.0045955486
2020-12-01,0.0154232456,0.0046245583,0.0127953777,0.0083835741,-0.0024990799,0.0074397394,0.0088177289,0.0109875320,0.0070017361,0.0114069082,0.0172652474,0.0112711872
2020-12-02,0.0109503125,0.0324939588,-0.0015192466,0.0075003647,0.0013667562,-0.0062484506,-0.0082961245,-0.0128187176,0.0066373081,-0.0089286297,0.0096377218,0.0017911668
2020-12-03,0.0003491816,0.0104905263,-0.0006404511,-0.0012558048,0.0026154732,0.0027945395,0.0025394659,-0.0069158996,-0.0103610606,0.0074681865,-0.0025342711,-0.0006241572
2020-12-04,0.0122251910,0.0545028786,0.0100166798,0.0106871614,0.0119099417,0.0009502383,0.0077481605,0.0201820130,-0.0099939362,0.0147075866,0.0027945894,0.0088362751
2020-12-07,-0.0069014623,-0.0233814337,0.0028561937,-0.0061311307,-0.0048197538,-0.0022782452,-0.0038441299,-0.0065477013,0.0056084129,-0.0077690612,0.0064183963,-0.0019356377
2020-12-08,-0.0003473136,0.0148687650,0.0032436456,0.0075994646,0.0048430964,-0.0020929237,0.0054918388,0.0056091158,-0.0030273556,-0.0049082506,-0.0002516929,0.0027871481
2020-12-09,-0.0024330663,0.0022347353,-0.0191624161,-0.0034604566,0.0022422726,-0.0009532965,-0.0039857580,0.0005576103,-0.0017582957,-0.0076334463,-0.0100722852,-0.0079492016
2020-12-10,0.0017422167,0.0307235217,0.0014470603,-0.0016917138,-0.0095069203,-0.0008905721,-0.0044465029,-0.0061320201,-0.0051231794,-0.0057988367,0.0028829081,-0.0012851081
2020-12-11,-0.0100870041,-0.0115385250,-0.0020873984,-0.0039246374,0.0023712859,-0.0047753852,0.0022333136,-0.0057498691,0.0016093658,0.0004757777,0.0090461429,-0.0012649973
2020-12-14,-0.0115954784,-0.0350190745,0.0036203645,-0.0075212614,-0.0129546528,0.0014714061,-0.0038622265,-0.0126937224,-0.0051413602,-0.0046613067,-0.0054459800,-0.0043592590
2020-12-15,0.0170639954,0.0196569123,0.0166733054,0.0108262575,0.0139235868,0.0134797263,0.0023860158,0.0181428012,0.0197028035,0.0192631291,0.0089300863,0.0129212492
2020-12-16,0.0017475497,-0.0049430835,0.0067808568,-0.0029452816,-0.0061907363,0.0065554399,0.0019338208,-0.0028062223,-0.0115619127,0.0015355071,-0.0015864267,0.0017727952
2020-12-17,0.0027912459,-0.0047192864,0.0079097069,0.0107420180,0.0061161172,0.0068264553,0.0063847777,0.0115381536,0.0067299064,0.0097890921,0.0007708615,0.0057576548
2020-12-18,-0.0086987403,-0.0167207059,-0.0034966529,0.0007970760,0.0001124949,-0.0048516401,0.0022129517,0.0044508994,-0.0085945430,-0.0179866627,-0.0027630400,-0.0035111185
2020-12-21,0.0134801491,-0.0192902046,0.0010007113,-0.0100056537,-0.0060356754,-0.0112968180,-0.0107769307,-0.0053027730,-0.0121099063,-0.0064223151,-0.0056247915,-0.0039062791
2020-12-22,-0.0097491960,-0.0167845649,0.0086662723,-0.0030516634,-0.0046622788,-0.0043065294,-0.0070529912,-0.0061563464,-0.0019666132,0.0079001409,-0.0059946846,-0.0020730929
2020-12-23,0.0165260462,0.0221391650,-0.0075856719,0.0007202849,0.0052551482,0.0021624257,0.0033248630,0.0014077906,-0.0019703405,-0.0067693747,0.0067949656,0.0007458113
2020-12-24,0.0013836096,-0.0052193751,0.0066296981,0.0028789909,0.0001138538,0.0020948947,0.0049706679,0.0063264204,0.0070747577,0.0078920581,0.0006748902,0.0035365890
2020-12-28,0.0048359424,-0.0062957565,0.0113127304,0.0025117638,0.0012498969,0.0114007533,0.0079436543,-0.0039109802,0.0044109969,0.0091350797,0.0124778290,0.0087225290
2020-12-29,-0.0034376204,-0.0065999402,-0.0047504100,0.0047428976,-0.0060152251,0.0003132288,-0.0029740788,-0.0023849959,-0.0001625606,-0.0081117830,-0.0000831227,-0.0022273805
2020-12-30,0.0044842858,0.0156789419,-0.0005387979,-0.0001782234,0.0063944092,0.0060102924,-0.0010438322,0.0137776571,0.0050429805,0.0045035445,-0.0059128134,0.0013415472
2020-12-31,0.0123626846,-0.0083724606,0.0014632747,0.0105113408,0.0046515110,0.0005599900,0.0070168601,0.0038829415,0.0148914038,0.0106197899,0.0069532955,0.0064388455
2021-01-04,-0.0135685722,0.0015831524,-0.0163051084,-0.0043192898,-0.0241669547,-0.0084586356,-0.0108227466,-0.0095316664,-0.0251993169,-0.0339756490,-0.0153077495,-0.0147548275
2021-01-05,0.0044703353,0.0447838306,0.0064893293,0.0072596833,0.0098368911,0.0074642201,0.0000000000,0.0224544659,-0.0001632971,-0.0001208324,0.0052381316,0.0070825952
2021-01-06,0.0441630230,0.0305096601,-0.0172452180,0.0137116026,0.0238364249,0.0102112568,0.0007494425,0.0409225393,0.0248730281,-0.0004834939,-0.0004202364,0.0057098427
2021-01-07,0.0144262163,0.0146807095,0.0269542855,0.0130064741,0.0054849888,0.0192912801,-0.0029955249,0.0074695014,-0.0130927526,-0.0001207996,0.0151350064,0.0148474038
2021-01-08,-0.0006464827,-0.0012059549,0.0064654975,0.0047929837,-0.0024489602,0.0206191582,0.0049575589,-0.0048125649,0.0084128262,0.0096759363,0.0037273049,0.0054918627
2021-01-11,0.0032340975,0.0156928464,-0.0082594944,0.0046854913,-0.0003352939,-0.0186623037,-0.0085204307,0.0000000000,-0.0093051367,-0.0141351872,-0.0130384103,-0.0065547509
2021-01-12,0.0103160340,0.0349417648,-0.0047808144,-0.0108530415,0.0099355704,0.0152742163,-0.0033166432,0.0126780278,-0.0053444688,-0.0003648607,-0.0097825276,0.0004157884
2021-01-13,-0.0006382315,-0.0078086926,0.0063535480,0.0027431556,-0.0086215961,-0.0000595590,0.0015125818,-0.0101962468,0.0195376174,0.0122766700,-0.0012668362,0.0022756417
2021-01-14,0.0044700049,0.0296296328,-0.0087771268,-0.0031629165,0.0034563830,-0.0063627562,-0.0052861072,-0.0033904802,-0.0038324415,0.0043230233,-0.0047343530,-0.0037534512
2021-01-15,-0.0165288573,-0.0388941089,-0.0102534813,0.0030870423,-0.0130001130,-0.0077206438,-0.0034924113,-0.0142615825,0.0097788287,0.0113580711,0.0000000000,-0.0071900280
2021-01-19,0.0025855240,0.0201172186,0.0130279882,0.0075234182,0.0032648509,0.0056694326,-0.0044188377,0.0034514603,-0.0038102863,-0.0027189862,0.0166497086,0.0081363795
2021-01-20,-0.0041908275,0.0036686158,0.0198325456,0.0055154232,0.0061712223,0.0188916554,0.0018365560,0.0033069769,0.0058963813,0.0201519216,0.0292446922,0.0139356254
2021-01-21,-0.0106830095,-0.0338130591,0.0129140931,-0.0047257186,-0.0078063196,0.0046500131,-0.0033607909,-0.0146345321,-0.0058618178,-0.0030210552,0.0019481741,0.0003167233
2021-01-22,-0.0071989124,-0.0052022115,-0.0038249947,-0.0029677130,-0.0051703712,-0.0033977337,-0.0026056124,-0.0048166793,0.0014342956,0.0019812988,0.0009723237,-0.0030106117
2021-01-25,-0.0072511125,-0.0102208588,0.0083568481,0.0065483882,-0.0067789311,0.0037033585,0.0099889888,-0.0052429819,0.0200509495,0.0074442519,0.0063139322,0.0036158389
2021-01-26,-0.0079682973,-0.0213738747,0.0006717517,-0.0037176020,-0.0092139711,-0.0006442042,0.0089775960,-0.0137860475,-0.0099843220,0.0072739123,0.0076414624,-0.0014888337
2021-01-27,-0.0294507643,-0.0134965679,-0.0188763443,-0.0303596181,-0.0198623178,-0.0308288118,-0.0168902876,-0.0294639919,-0.0269460088,-0.0166208653,-0.0334477102,-0.0256778837
2021-01-28,0.0186206123,0.0116909643,0.0041063258,0.0146057091,0.0148763235,0.0031446805,0.0038348885,0.0172266429,0.0119835899,0.0043130790,0.0085893946,0.0097606260
2021-01-29,-0.0199730273,-0.0331937057,-0.0235533144,-0.0084476373,-0.0215835086,-0.0233301210,-0.0206295292,-0.0194336313,-0.0054409704,-0.0102136183,-0.0176056015,-0.0193114752
2021-02-01,0.0131260569,0.0071210744,0.0250523391,0.0038250783,0.0103812508,0.0259860708,0.0009362909,0.0117496108,0.0048272866,0.0241555440,0.0201715022,0.0160517676
2021-02-02,0.0242072816,0.0108587245,0.0135445011,0.0028579673,0.0212491245,0.0212369003,0.0067030299,0.0131525593,0.0081665016,0.0053815213,0.0169132262,0.0138982235
2021-02-03,0.0056590382,0.0427178660,-0.0034346185,-0.0070813011,0.0006860478,-0.0055963243,0.0015482807,0.0019335442,-0.0031767158,-0.0027332358,0.0148641317,0.0010087691
2021-02-04,0.0221782084,0.0110203327,0.0159566876,0.0041746736,0.0107392007,0.0106632168,0.0072664466,-0.0035838378,0.0078075309,0.0057096893,0.0079962076,0.0108533222
2021-02-05,0.0003236656,0.0085309062,-0.0022122944,0.0018187590,0.0058776985,0.0095545013,0.0093631153,0.0171531822,0.0053755213,0.0019303308,0.0133523644,0.0038974952
2021-02-08,0.0129494296,0.0418233701,0.0104936160,0.0012104249,0.0085402065,0.0056902993,0.0038016484,0.0082959001,-0.0077054822,0.0027199166,0.0060456280,0.0073993484
2021-02-09,0.0003193575,-0.0105997052,-0.0011702498,0.0014679681,0.0025627647,-0.0055423590,-0.0009088574,-0.0074187117,0.0014263396,0.0044076405,0.0024651683,-0.0011135250
2021-02-10,0.0000000000,0.0191473094,-0.0014639147,0.0018106044,-0.0015560322,-0.0098697350,-0.0010614429,-0.0010868693,0.0039561026,0.0064140459,0.0065325816,-0.0003451849
2021-02-11,-0.0031948338,-0.0154328286,0.0109984305,0.0018935526,-0.0021145290,-0.0027554397,-0.0044020025,0.0009524788,-0.0056744985,-0.0002237573,0.0047336109,0.0016624552
2021-02-12,0.0102565175,0.0147661753,0.0051491605,0.0074734798,0.0072503473,0.0014108310,0.0015247754,0.0103286198,-0.0072926110,0.0013419632,0.0013681474,0.0047110331
2021-02-16,0.0171319116,0.0250726018,-0.0032466400,-0.0098908638,-0.0009968204,-0.0043446125,-0.0018267704,-0.0018830033,-0.0111783377,-0.0098277770,0.0040219782,-0.0005692724
2021-02-17,0.0049907927,0.0148504972,-0.0088318998,0.0036171303,-0.0027713413,0.0057790317,0.0036602273,-0.0005390813,0.0008075361,-0.0013535651,0.0017385491,-0.0003204020
2021-02-18,-0.0058972732,-0.0225954497,-0.0048929992,-0.0062641118,-0.0050022037,0.0002930609,-0.0006079916,-0.0062031229,0.0059705966,-0.0027107005,-0.0079227517,-0.0044158356
2021-02-19,0.0118641219,0.0167328908,-0.0014682769,-0.0120886794,0.0164226017,-0.0058025698,-0.0126196002,0.0183177795,-0.0149184566,0.0046432717,-0.0055520467,-0.0018548966
2021-02-22,0.0092564374,0.0346470415,-0.0220504012,-0.0023600939,0.0031874249,-0.0211059882,0.0009238323,0.0038637352,-0.0195406533,0.0059743177,-0.0045125386,-0.0077328395
2021-02-23,0.0061142969,0.0165339259,-0.0027813081,-0.0016646195,0.0030679889,-0.0065648335,0.0013846389,0.0034514603,0.0083044827,0.0056029394,0.0087587251,0.0012563181
2021-02-24,0.0194469866,0.0354129771,0.0153002107,0.0069328145,0.0188969542,0.0104881149,-0.0006145141,0.0087301224,-0.0116951580,0.0053488096,0.0030463181,0.0113516138
2021-02-25,-0.0181820433,-0.0192881772,-0.0349638481,-0.0100225089,-0.0184389964,-0.0371971425,-0.0109146700,-0.0230789567,-0.0090000552,-0.0168476684,-0.0297646693,-0.0244788075
2021-02-26,-0.0191254732,-0.0237226200,0.0053073670,-0.0086277587,-0.0103760187,0.0041750103,-0.0161642263,-0.0127516255,-0.0184995986,-0.0152197560,0.0053217683,-0.0047502142
2021-03-01,0.0312598231,0.0259605080,0.0322136950,0.0130538231,0.0256043451,0.0234561095,0.0101107487,0.0252889295,0.0221039869,0.0025185183,0.0263894625,0.0237907635
2021-03-02,-0.0036017685,-0.0054654617,-0.0158635931,-0.0028924255,-0.0029054725,-0.0115196556,-0.0017204454,0.0055697552,-0.0030176715,-0.0081079128,-0.0084187203,-0.0080808517
2021-03-03,0.0078315460,0.0146547858,-0.0251581003,-0.0126593714,0.0010794584,-0.0234926084,-0.0047000409,-0.0098912857,-0.0117705063,-0.0087494919,-0.0169803321,-0.0130662219
2021-03-04,-0.0113569494,0.0238717914,-0.0220986002,-0.0134449674,-0.0159554723,-0.0211683174,-0.0036203598,-0.0194452881,-0.0008508191,-0.0098721808,-0.0043571992,-0.0134172139
2021-03-05,0.0190449088,0.0374215958,0.0188843934,0.0200362201,0.0236636719,0.0063533344,0.0221169627,0.0229556205,0.0163487632,0.0126684451,0.0200060644,0.0194959682
2021-03-08,0.0127555016,0.0018886353,-0.0241954189,-0.0024773903,0.0104880091,0.0012110814,0.0043277319,0.0134112904,0.0140752372,0.0082241679,-0.0120287798,-0.0053592310
2021-03-09,-0.0090798952,-0.0175305992,0.0340141201,0.0058541237,-0.0041305462,0.0377687189,-0.0009233992,0.0061580322,0.0132186484,0.0063189731,0.0124079676,0.0141546423
2021-03-10,0.0203958944,0.0253259842,-0.0039967193,0.0022926989,0.0147824327,0.0050936473,0.0130929575,0.0165385459,0.0068493975,0.0095902042,0.0062811826,0.0060303133
2021-03-11,-0.0028970042,0.0003743336,0.0213751882,0.0060706453,0.0007335304,0.0153261112,-0.0024326424,0.0053805643,-0.0025913285,0.0107430352,0.0172031496,0.0103954870
2021-03-12,0.0101684562,0.0020575400,-0.0071773662,0.0021862626,0.0134046465,0.0029471499,0.0082305248,0.0026760468,0.0134779254,0.0166702385,-0.0029933237,0.0010153985
2021-03-15,-0.0057521086,-0.0113870260,0.0106535249,0.0068937109,0.0083704500,0.0134315928,0.0043839683,0.0011437237,0.0128188491,0.0137559915,0.0051791794,0.0064919213
2021-03-16,-0.0104135141,-0.0285119884,0.0075295653,-0.0006068615,-0.0142447261,-0.0103544095,0.0012040553,-0.0082510061,0.0012653187,-0.0021711463,0.0061232412,-0.0015696837
2021-03-17,0.0067232989,0.0077745180,-0.0008220523,-0.0036418624,0.0115395924,0.0140500046,-0.0015033915,0.0089594993,-0.0162742859,0.0004351550,0.0035619412,0.0028793821
2021-03-18,0.0052263182,-0.0449372631,-0.0277485334,-0.0020886812,-0.0009248516,-0.0244678196,-0.0040649107,-0.0055818241,-0.0036939327,-0.0088078425,-0.0210025323,-0.0147605393
2021-03-19,-0.0115536977,0.0002019829,-0.0030003371,0.0035757442,-0.0076123682,0.0059831760,0.0034769013,-0.0049749966,0.0027404053,-0.0121782543,0.0077050851,-0.0006027040
2021-03-22,-0.0128857921,-0.0095898444,0.0196635079,0.0087028611,-0.0005615389,0.0065833506,0.0105569522,0.0006179310,-0.0014414053,0.0088850144,0.0068963079,0.0070251181
2021-03-23,-0.0139757560,-0.0146271891,-0.0062184819,-0.0101147675,-0.0174781984,-0.0093854060,0.0041965289,-0.0208442781,0.0149228828,0.0001103472,-0.0105716887,-0.0076308542
2021-03-24,0.0036190486,0.0250890470,-0.0121326240,-0.0011354355,0.0073060897,-0.0147853651,-0.0038807258,0.0072277091,0.0003197321,-0.0046231818,-0.0240028316,-0.0054673360
2021-03-25,0.0168268419,0.0036710933,-0.0006180139,0.0041968746,0.0159783331,0.0087591645,0.0097395785,0.0144811608,0.0107044974,0.0082680608,-0.0023899832,0.0052402658
2021-03-26,0.0156619116,0.0247917534,0.0254288260,0.0188940023,0.0172788479,0.0083184915,0.0176583820,0.0248201590,0.0033196864,0.0221535216,-0.0061920666,0.0166312026
2021-03-29,-0.0087285207,-0.0118978150,-0.0052007878,0.0047002315,0.0002031581,-0.0054797408,0.0100610516,-0.0033884126,0.0107137162,-0.0037738454,0.0043613652,-0.0008680127
2021-03-30,0.0070443397,-0.0086292100,-0.0094709928,-0.0090159117,0.0043728873,0.0098093116,-0.0106827915,-0.0028958446,-0.0090413509,-0.0007578168,0.0012407557,-0.0031578329
2021-03-31,-0.0075778491,-0.0068824758,0.0159105632,0.0019742080,-0.0032401490,0.0077951854,-0.0032101680,-0.0049248616,0.0073933654,-0.0041159987,0.0068926714,0.0036224990
2021-04-01,0.0123348183,0.0254788833,0.0201038643,-0.0029982360,0.0033521266,0.0080324847,-0.0048308878,0.0087562083,-0.0009368996,0.0178376357,0.0187681057,0.0118252018
2021-04-05,0.0078326835,-0.0238521121,0.0206675906,0.0069592397,0.0123507276,0.0227245427,0.0127978017,0.0123287508,0.0109410713,0.0039537095,0.0178937234,0.0144382264
2021-04-06,-0.0020150716,-0.0026471990,-0.0042670924,-0.0038394218,-0.0024001597,0.0043283837,0.0042121140,0.0022370109,0.0052564717,0.0026608472,0.0053403257,-0.0009735308
2021-04-07,0.0049034716,0.0034707938,0.0053017107,-0.0022271781,-0.0046109811,-0.0029882060,-0.0024589118,-0.0172351177,-0.0012302566,0.0000000000,0.0051643558,0.0014752328
2021-04-08,0.0002873494,-0.0130212238,0.0144488664,0.0015454714,0.0024168300,0.0047265695,0.0010150972,0.0012618039,-0.0007699865,-0.0024409910,0.0035967002,0.0042206328
2021-04-09,0.0086082377,-0.0065967923,0.0096140978,0.0109711066,0.0097450096,0.0095224880,-0.0017382389,0.0086945258,-0.0010786741,-0.0001066114,0.0005847995,0.0077199343
2021-04-12,0.0042672357,-0.0078852437,-0.0047965945,0.0010173025,0.0036813782,0.0064211873,0.0053687433,0.0034979931,0.0009255565,0.0054277493,-0.0052628259,-0.0001960788
2021-04-13,-0.0093481939,0.0010457859,0.0094268158,0.0041500507,-0.0048574455,0.0105582941,-0.0053400739,-0.0023653980,0.0118682079,0.0060339934,0.0006616147,0.0032944868
2021-04-14,0.0060049756,0.0277891725,-0.0106024138,-0.0000844850,0.0012949434,-0.0098333784,-0.0008705692,0.0072373811,0.0044172825,-0.0061028472,-0.0069759405,-0.0040877267
2021-04-15,-0.0008526482,-0.0081316713,0.0171739864,0.0171236668,0.0039794082,0.0071662485,0.0079872774,0.0117689058,0.0110704368,0.0176792908,0.0118315570,0.0110941905
2021-04-16,0.0071122971,-0.0079933056,-0.0002091761,0.0074639403,0.0021797827,0.0077313704,0.0057628016,0.0121220032,0.0080999365,0.0019765686,-0.0015348299,0.0036088196
2021-04-19,-0.0028249694,-0.0010333243,-0.0083045550,0.0002469525,-0.0041525895,-0.0112304095,-0.0038674287,-0.0045973442,-0.0050588669,0.0023877161,-0.0049042029,-0.0053065601
2021-04-20,-0.0186969202,-0.0264734461,-0.0088661797,0.0038681036,-0.0110207803,-0.0125947113,0.0054642781,-0.0096009486,0.0127112389,0.0104608945,-0.0086059392,-0.0068023198
2021-04-21,0.0138569116,0.0127469216,0.0100820178,0.0118051969,0.0136533293,0.0133249040,0.0050057109,0.0181615975,-0.0084171734,0.0046126732,0.0023743557,0.0093060555
2021-04-22,-0.0111049694,-0.0117474744,-0.0117386589,-0.0044563632,-0.0050509431,-0.0110704194,-0.0073998998,-0.0168739232,-0.0071482621,-0.0040813874,-0.0045151895,-0.0092106575
2021-04-23,0.0187158838,0.0091276330,0.0149362285,0.0065922185,0.0109494769,0.0104557954,-0.0025809430,0.0164278555,-0.0013496766,0.0060446235,0.0107068604,0.0109286965
2021-04-26,0.0039570046,0.0067312962,0.0051153506,-0.0033957692,-0.0029538111,0.0043862532,-0.0112115991,0.0059100457,-0.0057075519,0.0016292898,0.0038254641,0.0017822709
2021-04-27,0.0078830521,0.0121183853,-0.0024401987,-0.0057601406,0.0082954994,-0.0011758292,-0.0007267392,-0.0026378439,-0.0077039739,0.0003049396,-0.0028578987,-0.0002148959
2021-04-28,0.0039103478,0.0344757033,-0.0092951494,-0.0030191542,-0.0020567721,-0.0011770348,0.0007272678,0.0027650443,-0.0013700158,-0.0041668271,0.0066881344,-0.0008455399
2021-04-29,0.0178078575,0.0111756416,-0.0008467021,-0.0040104474,0.0070665092,0.0002805298,0.0106119851,0.0062341931,0.0091463323,0.0081647394,0.0228517387,0.0067628067
2021-04-30,-0.0087482002,-0.0252615876,-0.0136272967,-0.0029584519,-0.0066271933,0.0038713695,0.0008632448,-0.0106039969,0.0078551751,0.0041507283,-0.0099929917,-0.0071947067
2021-05-03,0.0049639744,0.0275359473,-0.0027915386,0.0113739948,0.0103013368,-0.0047507073,0.0081919578,0.0149325719,-0.0001498888,-0.0016132915,-0.0058401597,0.0027480907
2021-05-04,0.0079587624,0.0005910669,-0.0179454359,0.0010593331,0.0043696602,-0.0104452154,-0.0051317659,0.0109159233,-0.0037477830,-0.0090879661,-0.0124008622,-0.0066783376
2021-05-05,0.0081676879,0.0322963016,-0.0024125651,0.0017910701,0.0009668819,-0.0031214115,-0.0007165770,0.0126761258,-0.0168522887,-0.0144706832,-0.0052139834,0.0007034638
2021-05-06,0.0148528381,0.0051507467,0.0100384053,0.0013002369,0.0069546498,0.0021633017,0.0129051847,0.0084607094,0.0076522507,0.0053769097,0.0069389317,0.0081654565
2021-05-07,0.0053217429,0.0178402181,0.0085600012,0.0068980458,0.0105513291,0.0089751835,0.0000000000,0.0098840337,0.0030379133,0.0139873949,0.0109965576,0.0073733416
2021-05-10,-0.0007940800,0.0003727976,-0.0252464028,0.0012896524,0.0009492606,-0.0177907819,0.0076445942,-0.0044383722,0.0101454182,0.0004058438,-0.0187080433,-0.0104356473
2021-05-11,-0.0177482891,-0.0257222406,-0.0030254406,-0.0107865010,-0.0147936694,-0.0112920614,-0.0087108299,0.0033151133,-0.0122921923,-0.0113555706,-0.0030296793,-0.0086739128
2021-05-12,-0.0102482663,0.0047827653,-0.0281251975,-0.0094392014,-0.0239676135,-0.0338568891,-0.0133216470,-0.0251796862,-0.0233723003,-0.0247154721,-0.0227541732,-0.0214494007
2021-05-13,0.0160765176,-0.0121856160,0.0132512463,0.0090362584,0.0187375545,0.0070807160,0.0140760952,0.0153111196,0.0192697070,0.0121974478,0.0069777694,0.0121731414
2021-05-14,0.0158215925,0.0310330636,0.0220214394,0.0050477938,0.0138431880,0.0173390376,0.0043910740,0.0119720665,0.0048789418,0.0111158674,0.0186788302,0.0149179569
2021-05-17,0.0018481462,0.0231818150,-0.0073537754,-0.0018630889,-0.0030556006,-0.0018158390,-0.0014100855,0.0087587560,-0.0081929263,0.0009245894,-0.0081331500,-0.0025300522
2021-05-18,-0.0139657208,-0.0232048471,-0.0080013470,0.0003244855,-0.0145578567,-0.0078037187,-0.0031068038,-0.0110510120,-0.0001531210,0.0013346321,-0.0096159611,-0.0085172930
2021-05-19,-0.0061464415,-0.0248783993,0.0035100966,-0.0017039057,-0.0056370422,-0.0083973330,-0.0032586862,-0.0152792019,-0.0016829482,-0.0027678696,0.0006020761,-0.0029434115
2021-05-20,0.0005377102,-0.0015347194,0.0191262056,0.0104836054,0.0022480275,0.0102577836,0.0092384183,0.0005787880,0.0087355261,0.0123356869,0.0182790561,0.0105547418
2021-05-21,0.0099438648,0.0021135605,-0.0054765510,0.0001609150,0.0048761283,-0.0050179702,0.0001409272,0.0021988661,0.0051656339,-0.0017262094,-0.0027335651,-0.0007838807
2021-05-24,0.0047897242,0.0099693614,0.0177690767,0.0009650672,0.0062111931,0.0099084686,0.0029570184,0.0088914472,-0.0018137558,0.0112906273,0.0182223938,0.0099112922
2021-05-25,-0.0100633775,-0.0203114964,0.0002887804,-0.0029724771,-0.0029900587,0.0031717557,0.0002807378,-0.0084699052,-0.0121138343,0.0009054156,-0.0020370998,-0.0021252838
2021-05-26,0.0029423730,0.0089130799,-0.0000724604,-0.0058012641,0.0031923389,0.0095460765,-0.0021055573,0.0003465031,0.0001532892,0.0033159202,0.0072169992,0.0018768166
2021-05-27,0.0114697079,0.0007681995,-0.0052651535,-0.0021881009,0.0136934838,0.0040024253,-0.0061884501,0.0079621236,-0.0067433465,-0.0034053918,0.0041252813,0.0011653145
2021-05-28,0.0018459760,0.0019189802,0.0035530412,0.0038984724,0.0000000000,-0.0013869382,0.0021230770,-0.0010300689,0.0054004411,0.0069350051,-0.0011530026,0.0007688819
2021-06-01,0.0060542209,0.0384984938,-0.0049131605,-0.0164238323,0.0039002795,-0.0019091243,-0.0033892067,0.0139810123,-0.0061388884,0.0157697314,0.0021645932,-0.0004923335
2021-06-02,0.0015698767,0.0186277735,0.0068979577,-0.0019742254,-0.0028427678,-0.0046372035,0.0036840337,-0.0083634567,0.0052500480,0.0119879868,0.0032403405,0.0014469348
2021-06-03,0.0023512332,0.0027160298,-0.0093028995,0.0030495811,-0.0021858046,-0.0118804826,0.0062119774,-0.0002279510,0.0059907918,-0.0019419330,-0.0114119772,-0.0036287033
2021-06-04,0.0026059783,0.0066808647,0.0192172145,0.0032048515,0.0032382130,0.0080153939,0.0035078683,0.0021661247,-0.0015268356,0.0000970398,0.0103096302,0.0088340957
2021-06-07,-0.0064985006,-0.0043048661,-0.0002144609,0.0036035999,-0.0069298835,0.0000000000,-0.0016779032,-0.0121717933,0.0018352505,0.0098252368,0.0088385369,-0.0007967387
2021-06-08,-0.0026162062,0.0086471228,0.0000714267,-0.0031012592,0.0025809601,0.0080687847,-0.0084033711,0.0018424104,-0.0085485401,0.0064540628,-0.0010682284,0.0001750249
2021-06-09,-0.0094438582,-0.0062509949,0.0007142162,0.0096603888,-0.0102021166,-0.0055102016,-0.0048020861,-0.0078159659,0.0089301950,0.0022011495,-0.0028526504,-0.0018238673
2021-06-10,-0.0116524891,-0.0012581961,0.0073516292,0.0171085134,-0.0049128404,0.0047241104,0.0062446592,-0.0060242233,0.0065617862,0.0075251600,0.0040047443,0.0046522430
2021-06-11,0.0064308282,-0.0034189780,0.0059522812,-0.0070950405,0.0020329593,0.0054566310,0.0005641508,0.0037298800,0.0022741709,-0.0049538700,0.0033472367,0.0019484347
2021-06-14,-0.0103838368,-0.0043338768,0.0101431182,0.0008832398,-0.0045406571,0.0002887631,-0.0005638327,-0.0123088609,0.0021174685,0.0044042656,0.0067439204,0.0018152019
2021-06-15,0.0018833361,0.0190425713,-0.0061364291,0.0003207372,0.0042700300,-0.0053101078,-0.0023978724,-0.0021160991,0.0030189776,-0.0104854019,-0.0064164986,-0.0020116938
2021-06-16,-0.0010739768,-0.0053393355,-0.0054022911,-0.0038491441,-0.0094702434,0.0004642979,-0.0132898116,-0.0110742956,-0.0150488489,-0.0089586927,-0.0075221082,-0.0053901246
2021-06-17,-0.0295699317,-0.0339949432,0.0115685056,0.0076477334,-0.0154145525,0.0037700116,0.0035822571,-0.0222776843,0.0055003624,0.0015552267,0.0067209145,-0.0004357156
2021-06-18,-0.0240997686,-0.0296352210,-0.0091350633,-0.0114247119,-0.0129807972,-0.0052580641,-0.0177042851,-0.0162058127,-0.0259838522,-0.0158190121,-0.0103696854,-0.0131244688
2021-06-21,0.0233396272,0.0426145212,0.0107171807,0.0120154513,0.0219949268,0.0077076326,0.0114695369,0.0207609219,0.0129545037,0.0203135711,0.0101726779,0.0140022900
2021-06-22,0.0016706418,0.0066579859,0.0090685879,0.0021646289,0.0010840279,0.0094094240,0.0014460431,0.0040217041,-0.0060528940,-0.0048323388,0.0091808957,0.0051244919
2021-06-23,0.0019458891,0.0027559808,-0.0011060677,-0.0041596162,-0.0022641126,0.0077205971,-0.0062103206,-0.0064329584,-0.0106182272,-0.0026219353,0.0019745947,-0.0010832833
2021-06-24,0.0124862956,0.0086110915,0.0062977190,0.0051407585,0.0077941912,0.0034050872,0.0049413415,0.0031760759,-0.0009471447,-0.0033108698,0.0097130030,0.0058112497
2021-06-25,0.0120582391,0.0052680928,-0.0011691149,0.0045554413,0.0019578636,0.0063343651,0.0076644884,0.0001221724,0.0107425687,0.0084994366,0.0027182594,0.0033305973
2021-06-28,-0.0073108654,-0.0337911547,0.0104663902,0.0015114409,-0.0052760711,0.0002248353,0.0008607647,0.0000000000,0.0064081671,-0.0039717406,0.0072301214,0.0023149643
2021-06-29,-0.0035464075,-0.0048626170,0.0072914035,0.0011122201,-0.0019644830,0.0024722745,-0.0044448118,-0.0004873993,-0.0161513739,-0.0029176148,-0.0051766227,0.0002773362
2021-06-30,0.0043797743,0.0124038484,-0.0010826695,-0.0006348576,0.0077746902,0.0007847171,0.0077777864,0.0026799508,-0.0018943784,-0.0056575037,-0.0022199966,0.0013281596
2021-07-01,0.0079042985,0.0174494229,0.0016933570,0.0088924048,0.0071290345,0.0056567536,-0.0030012472,0.0054672615,0.0109125962,0.0039238764,0.0057711755,0.0052216269
2021-07-02,-0.0010815351,-0.0021894482,0.0131834570,0.0096007947,0.0015514392,0.0087992214,0.0024368056,0.0014498460,0.0015643517,0.0033220937,0.0053923497,0.0075000817
2021-07-06,-0.0157014903,-0.0325472262,0.0038037268,-0.0009352207,-0.0095845706,0.0011592040,-0.0041473151,-0.0148406259,0.0042174504,0.0075966150,-0.0025442711,-0.0020218561
2021-07-07,0.0013752577,-0.0162539237,0.0054508568,0.0063199079,0.0099705685,-0.0005513127,0.0053132660,0.0104103873,0.0065328648,0.0036726946,-0.0073072169,0.0033589753
2021-07-08,-0.0200493590,-0.0057636452,-0.0094541343,-0.0055047798,-0.0139372761,-0.0024828896,-0.0037135386,-0.0135760721,-0.0029361947,0.0003854000,-0.0092361122,-0.0085610249
2021-07-09,0.0288677822,0.0212559065,0.0092105372,0.0034303213,0.0158027873,0.0093475327,0.0057345850,0.0196610607,0.0012400634,0.0146323000,0.0101631627,0.0112779478
2021-07-12,0.0098066535,-0.0015136490,0.0007940076,0.0019423715,0.0013529264,0.0068497513,-0.0015678266,0.0032540123,0.0032506886,0.0073055040,0.0050654219,0.0034511743
2021-07-13,-0.0107904384,-0.0075800651,0.0040971288,-0.0009307464,-0.0096495123,-0.0119735326,-0.0002859025,-0.0091292204,-0.0075607515,-0.0144109079,-0.0056614454,-0.0035168127
2021-07-14,-0.0046360058,-0.0297878219,0.0073713069,-0.0009312283,-0.0000974073,-0.0018176552,0.0088545708,-0.0020609774,0.0087066091,0.0081230571,-0.0045822198,0.0011649346
2021-07-15,0.0032877299,-0.0139739989,-0.0082320393,-0.0034959716,0.0019487360,-0.0054082303,0.0041056930,0.0001215686,0.0112516640,0.0025595479,-0.0058592515,-0.0032622409
2021-07-16,-0.0136537948,-0.0283429819,-0.0098814803,0.0027285064,-0.0088504038,-0.0123174382,0.0015507693,-0.0150612164,0.0100593423,0.0001890787,-0.0079278509,-0.0075388542
2021-07-19,-0.0279624822,-0.0353329508,-0.0137723735,-0.0104960701,-0.0209008749,-0.0114601924,-0.0029562876,-0.0214578953,-0.0158441938,-0.0174889735,-0.0141437580,-0.0158695124
2021-07-20,0.0247792962,0.0134157663,0.0148418429,0.0121789244,0.0279615342,0.0184690779,0.0002824065,0.0113423077,0.0042932983,0.0225149867,0.0153511417,0.0151626094
2021-07-21,0.0172316810,0.0348812668,0.0096389953,0.0016303198,0.0095546268,0.0092064559,-0.0025405108,0.0109656938,-0.0109925699,-0.0015995785,0.0089726932,0.0082418200
2021-07-22,-0.0109288940,-0.0111675821,0.0073741143,0.0073624242,-0.0036699410,0.0043126706,-0.0016979671,0.0003697438,0.0015436525,-0.0074460230,0.0007004419,0.0020166700
2021-07-23,0.0016574884,-0.0036960705,0.0099346536,0.0115404244,0.0042650033,0.0089182114,0.0120484589,0.0070232616,0.0127927322,0.0089261558,0.0273597527,0.0101454520
2021-07-26,0.0057916673,0.0247323526,-0.0005175549,-0.0064647913,-0.0004828268,0.0074207065,0.0016800577,0.0084423968,0.0003046715,-0.0006587643,0.0067426046,0.0023821999
2021-07-27,-0.0002741078,-0.0092520747,-0.0094536537,0.0046696050,-0.0055038650,-0.0101284952,0.0020975845,0.0013345079,0.0171915257,0.0073457171,-0.0122451931,-0.0047124448
2021-07-28,-0.0013715994,0.0091351314,-0.0012420846,0.0035810209,-0.0023304818,-0.0032281543,-0.0087901750,0.0029082835,-0.0076279628,-0.0047678608,0.0082873813,-0.0001862619
2021-07-29,0.0109860378,0.0096560240,0.0046468643,0.0024294781,0.0078831786,0.0112530428,0.0049264923,0.0109942507,0.0027127865,0.0000000000,-0.0109365265,0.0042061530
2021-07-30,-0.0078783032,-0.0159393399,-0.0006513458,0.0009090421,-0.0019311277,-0.0205731811,0.0016809037,0.0040629344,-0.0084171245,0.0025364648,-0.0063188621,-0.0054060481
2021-08-02,0.0002738465,-0.0074913994,-0.0035849953,0.0013622308,-0.0068690624,0.0028822720,-0.0041952074,-0.0121398824,0.0077308047,-0.0022488589,-0.0029720942,-0.0018428056
2021-08-03,0.0112238337,0.0171356384,0.0064111806,0.0139045615,0.0130538789,0.0074053070,0.0044939031,0.0103614306,0.0057160389,0.0019720239,-0.0042286733,0.0082034265
2021-08-04,-0.0083920419,-0.0270755192,0.0020151388,-0.0042483226,-0.0135590002,-0.0097097795,-0.0130015351,-0.0095396579,-0.0014960275,-0.0039366103,0.0006265649,-0.0046323879
2021-08-05,0.0131040189,0.0113379380,0.0055145306,-0.0041168349,0.0046791925,0.0095833743,0.0048157490,-0.0014449135,0.0109348792,0.0100685924,0.0116189184,0.0060054468
2021-08-06,0.0202100406,0.0091721838,-0.0008389874,-0.0008267085,0.0046577988,-0.0068039823,0.0000000000,0.0144684176,-0.0005927463,-0.0024220040,-0.0029571558,0.0016752662
2021-08-09,0.0026414307,-0.0141386052,-0.0032284353,0.0038361264,-0.0039600283,-0.0013808705,0.0036649170,-0.0011883889,-0.0002964832,-0.0054167408,-0.0017242934,-0.0009399083
2021-08-10,0.0105373395,0.0176193332,-0.0071909803,-0.0023227247,0.0101815294,0.0039277285,0.0071629967,0.0151116986,0.0010381304,-0.0100467679,-0.0010367406,0.0009926793
2021-08-11,0.0114700887,0.0078519474,0.0001302542,-0.0099144160,0.0129581256,0.0029204275,0.0033469878,0.0140663701,0.0093334839,0.0056910202,0.0009684361,0.0012757438
2021-08-12,0.0018041741,-0.0009988243,0.0057416025,0.0078894493,-0.0018949999,0.0004396147,-0.0005558394,-0.0016182624,0.0010273989,0.0038667743,0.0025567081,0.0041463803
2021-08-13,-0.0074607761,-0.0117977644,0.0054493233,0.0062471970,-0.0031332136,-0.0028558909,0.0083438016,0.0009260670,0.0070382546,0.0057309134,-0.0016541820,0.0016073067
2021-08-16,-0.0025921352,-0.0184133367,0.0045165080,0.0113696187,0.0034286875,-0.0046263528,0.0057919889,-0.0049737233,0.0061152855,-0.0013076826,0.0003454790,0.0026208507
2021-08-17,-0.0070163808,-0.0103071992,-0.0082859081,0.0118334969,-0.0108200592,-0.0237386664,0.0005486091,-0.0115088004,0.0005789996,0.0000934008,-0.0087656782,-0.0070606988
2021-08-18,-0.0123005377,-0.0208290880,-0.0137953304,-0.0152038032,-0.0109385713,0.0035708119,-0.0124708970,-0.0116430922,-0.0050625933,-0.0097271249,-0.0066143766,-0.0107484707
2021-08-19,-0.0074190600,-0.0259519552,0.0097853307,0.0045273820,-0.0069847838,-0.0063820876,0.0080489692,-0.0089244233,0.0040704250,0.0054781337,-0.0027337618,0.0012566922
2021-08-20,0.0061398625,0.0021841329,0.0128772288,0.0056900221,0.0026379791,0.0096061965,0.0016517983,0.0058829366,0.0124509798,0.0050725349,0.0108238025,0.0081415677
2021-08-23,0.0082248276,0.0374808061,0.0129061784,0.0003670741,0.0081846156,0.0128927632,-0.0031611995,0.0085941729,-0.0128699871,-0.0022431358,0.0145321052,0.0085237904
2021-08-24,0.0060528319,0.0165930892,-0.0011408557,-0.0035252680,0.0050254893,0.0070590729,-0.0075827416,0.0062723244,-0.0065185062,-0.0044963576,0.0058254453,0.0014957363
2021-08-25,0.0117706896,0.0076446328,-0.0005713810,-0.0027270558,0.0064429937,0.0038635116,-0.0016672463,0.0045862044,0.0018955803,-0.0000938729,0.0026572473,0.0022201182
2021-08-26,-0.0049117754,-0.0151731777,-0.0062864705,-0.0039167803,-0.0043952412,-0.0092367766,-0.0045922209,-0.0069067256,-0.0024743444,-0.0012233174,-0.0085626715,-0.0058249188
2021-08-27,0.0132499426,0.0266500271,0.0096489083,-0.0011131330,0.0069096279,0.0091009753,0.0034952006,0.0132028828,-0.0002918328,0.0097040393,0.0163140150,0.0088076325
2021-08-30,-0.0141025146,-0.0117622909,0.0107594180,0.0056453023,-0.0011433753,0.0075343266,0.0044576701,-0.0010472224,0.0014593959,0.0103574639,0.0072839895,0.0043065708
2021-08-31,-0.0013003953,-0.0067721443,-0.0052598467,-0.0013295702,-0.0027671836,0.0024013909,0.0022193362,-0.0029117500,-0.0011657766,0.0047102172,0.0036154431,-0.0013491160
2021-09-01,-0.0057292330,-0.0146695302,0.0002519073,0.0002956630,-0.0038275400,-0.0000544581,0.0052588749,-0.0025700549,0.0131309890,0.0180161747,0.0051370285,0.0003116886
2021-09-02,0.0034048943,0.0253721646,-0.0010697879,0.0107210400,0.0107578473,-0.0000545477,0.0038542759,0.0064413474,0.0090728543,0.0044242950,-0.0033187705,0.0028426384
2021-09-03,-0.0062646868,-0.0057258973,0.0039690413,0.0010974382,-0.0060819912,-0.0005989315,-0.0012338982,-0.0066325276,-0.0082777848,0.0002697632,-0.0011321350,-0.0003350311
2021-09-07,-0.0060415929,-0.0059646099,0.0002509180,-0.0058459023,-0.0173055156,0.0029423887,-0.0115339180,-0.0065599811,-0.0132391918,-0.0111440092,0.0034671280,-0.0033955744
2021-09-08,-0.0023784235,-0.0128284053,-0.0038269311,-0.0004412428,0.0013620319,0.0011409869,0.0086126295,-0.0095504034,0.0179376996,0.0055440071,-0.0059796540,-0.0013185667
2021-09-09,0.0029140517,0.0020960446,-0.0037782790,-0.0115447243,-0.0048579203,-0.0013024249,-0.0057844316,0.0003569102,-0.0054437152,-0.0194324592,-0.0032754484,-0.0046056087
2021-09-10,-0.0073955443,-0.0004183512,-0.0098615833,-0.0091505481,-0.0044914479,-0.0061401973,-0.0042940215,-0.0002376882,-0.0139730298,-0.0132730958,-0.0069740654,-0.0077225788
2021-09-13,0.0114421464,0.0286668975,0.0003192154,-0.0061566819,0.0026480858,0.0024600558,0.0025038638,-0.0002382461,-0.0017531694,0.0040168932,0.0031739281,0.0022764876
2021-09-14,-0.0134175976,-0.0144424662,-0.0012766562,-0.0001508158,-0.0120317575,-0.0033267747,-0.0045798380,-0.0109538061,-0.0033661644,-0.0025120767,-0.0109728060,-0.0057466385
2021-09-15,0.0096000616,0.0373579728,0.0087551502,0.0064976204,0.0109901246,0.0064572759,0.0036249185,0.0105936423,-0.0013214398,0.0037307520,0.0062617628,0.0084739970
2021-09-16,-0.0029055847,-0.0113408503,0.0005701669,-0.0025522345,-0.0068552481,0.0045671618,-0.0033337280,-0.0108399170,-0.0083811706,0.0018586843,-0.0004055533,-0.0015511404
2021-09-17,-0.0045030436,-0.0074462623,-0.0155756147,0.0009785125,-0.0106500340,-0.0035178235,-0.0054353145,-0.0205924670,-0.0154209866,-0.0094611808,-0.0080524662,-0.0091108724
2021-09-20,-0.0231974623,-0.0305366062,-0.0182142111,-0.0104351222,-0.0114692130,-0.0228195786,-0.0099833919,-0.0192156471,-0.0018361442,-0.0052437907,-0.0214886699,-0.0169773110
2021-09-21,-0.0013679905,0.0023281614,0.0003936529,0.0015248881,-0.0052599932,0.0015030674,-0.0011395670,-0.0023922788,-0.0027365362,0.0000000000,-0.0014640980,-0.0008123585
2021-09-22,0.0167124366,0.0308344660,0.0137101826,0.0016748983,0.0079318773,0.0136178772,0.0028518593,0.0103499041,-0.0006096686,0.0097900606,0.0034909306,0.0095196112
2021-09-23,0.0245215808,0.0350337176,0.0133957048,0.0072203790,0.0153349674,0.0101447086,0.0036968742,0.0142410176,-0.0053386601,-0.0034494035,0.0088358670,0.0121347158
2021-09-24,0.0052600678,0.0075217555,0.0007022657,-0.0040747219,0.0020866192,0.0037460217,0.0004249606,-0.0014781638,-0.0010733684,-0.0114436439,0.0070348737,0.0014610090
2021-09-27,0.0136057422,0.0355597527,-0.0096994820,-0.0142446046,0.0009913268,0.0053541193,-0.0045310082,0.0077708913,-0.0118207526,-0.0135684636,-0.0013013962,-0.0027763826
2021-09-28,-0.0165204311,0.0034150667,-0.0296409637,-0.0171406954,-0.0115897996,-0.0192586976,-0.0118066851,-0.0123621081,-0.0125834042,-0.0071180239,-0.0272919627,-0.0203641106
2021-09-29,0.0007874459,0.0000000000,-0.0012617874,0.0078986097,0.0011024821,0.0009871953,0.0090685463,-0.0040897500,0.0130583130,0.0076531988,-0.0024737475,0.0015691842
2021-09-30,-0.0157357663,-0.0151256473,-0.0071808232,-0.0122592971,-0.0205224360,-0.0166582379,-0.0179745257,-0.0155547932,-0.0079203735,-0.0155751174,-0.0026215409,-0.0119097141
2021-10-01,0.0165203132,0.0335953934,0.0150684714,0.0002355408,0.0136957169,0.0075227616,0.0026149596,0.0159269426,0.0000000000,0.0140638630,0.0174753049,0.0114914776
2021-10-04,-0.0086500088,0.0163450478,-0.0231576531,-0.0152359729,-0.0054445425,-0.0079092541,-0.0031874334,-0.0043547168,0.0137757808,-0.0020224469,-0.0201774506,-0.0129858981
2021-10-05,0.0195661879,0.0058478039,0.0142508813,0.0059813735,0.0111515695,0.0040143015,0.0050871374,0.0088726740,-0.0024705781,-0.0056939654,0.0130399599,0.0105245147
2021-10-06,0.0010373670,-0.0105377748,0.0065258316,-0.0018233563,0.0044115320,0.0031647129,0.0096892189,-0.0018581034,0.0154797650,0.0099000323,0.0031653039,0.0041027929
2021-10-07,0.0059582766,0.0077121821,0.0091304159,0.0132634838,0.0077860276,0.0155542961,0.0044398529,0.0130303124,-0.0053351369,0.0018260075,0.0076428200,0.0082982807
2021-10-08,0.0048935785,0.0307944504,-0.0037371123,-0.0050165997,-0.0000993496,-0.0045785339,-0.0011408671,-0.0055125448,-0.0073564786,-0.0087297703,-0.0077238643,-0.0019137231
2021-10-11,-0.0099953292,-0.0037122227,-0.0055280369,-0.0077989182,-0.0080234199,-0.0040520061,-0.0002853264,0.0001234624,-0.0135864888,0.0027095326,-0.0136048303,-0.0068657638
2021-10-12,-0.0031062481,0.0008871139,-0.0051614123,-0.0048433268,-0.0032953915,0.0079169351,0.0004281117,0.0013547167,0.0067301088,0.0136088374,-0.0066826249,-0.0024167806
2021-10-13,-0.0057125506,-0.0008863276,0.0061197739,0.0015957045,0.0021038066,0.0049091210,0.0018558390,0.0075029657,0.0116606229,0.0070463442,0.0059402539,0.0030225145
2021-10-14,0.0167143681,0.0122427167,0.0225437118,0.0143381323,0.0188962308,0.0104762440,0.0112553682,0.0242952762,0.0122945806,0.0135212365,0.0155106542,0.0170631019
2021-10-15,0.0148985952,0.0049078802,0.0080171203,0.0049473288,0.0096164494,0.0153093241,-0.0023952033,0.0029795971,-0.0028845894,-0.0001867760,-0.0016115469,0.0074602104
2021-10-18,0.0002528701,0.0006977466,0.0084663102,-0.0067985296,0.0006801702,0.0122217104,-0.0059316359,-0.0007132341,-0.0095918568,0.0023328771,0.0052632526,0.0033747696
2021-10-19,0.0098685597,0.0113299243,0.0099215757,0.0131394340,0.0059246823,-0.0028226112,0.0004264140,0.0052326866,0.0126057032,0.0022341789,0.0079580831,0.0073933396
2021-10-20,0.0080180084,0.0081005542,-0.0027705209,0.0142889282,0.0062759041,-0.0007338225,0.0058221432,0.0080443686,0.0157886772,0.0148615910,0.0028396968,0.0036640298
2021-10-21,-0.0042256661,-0.0184645278,0.0038523332,0.0040578064,0.0020151793,0.0146873942,-0.0012705621,-0.0025818062,0.0000000000,0.0015558563,0.0017954600,0.0029958718
2021-10-22,0.0139793372,0.0094061370,-0.0034601918,0.0040413442,0.0035429534,-0.0035670335,0.0077749542,-0.0018825017,0.0050814459,0.0053916551,-0.0244036719,-0.0010725536
2021-10-25,-0.0012309218,0.0146677764,0.0032825228,0.0012153186,0.0022899805,0.0247988302,-0.0007014548,0.0100198255,-0.0043124332,0.0031811246,0.0030383370,0.0047481966
2021-10-26,0.0007390957,0.0057822663,0.0028314656,0.0049306055,-0.0061881531,0.0001518283,0.0035092499,0.0028011106,0.0053762953,0.0029900342,-0.0073970811,0.0018197953
2021-10-27,-0.0165023404,-0.0287452727,-0.0008784463,-0.0079256977,-0.0116869661,0.0022274145,-0.0058749135,-0.0143156044,-0.0066843826,-0.0091237469,-0.0033356213,-0.0050515681
2021-10-28,0.0122715093,0.0071376540,0.0100478014,0.0083692693,0.0125038088,0.0132828259,0.0035177657,0.0099186397,0.0065801709,0.0115779822,0.0066937982,0.0098292816
2021-10-29,-0.0039585226,-0.0065686192,0.0042899250,0.0097338573,0.0002872774,0.0025917654,-0.0009817085,-0.0047938223,-0.0059427793,-0.0100938774,0.0029001326,0.0019493347
2021-11-01,0.0004968333,0.0172263715,-0.0014858080,-0.0011956078,0.0027752491,0.0183444783,0.0015442007,0.0023498294,0.0035867212,0.0018211246,0.0027508398,0.0018000771
2021-11-02,0.0024827272,-0.0094080266,0.0088043735,0.0062847166,0.0033403685,-0.0067368014,0.0067260616,0.0113686967,0.0008936559,0.0039075149,0.0008437953,0.0036803631
2021-11-03,0.0037145088,-0.0082887076,0.0058384099,0.0058732177,-0.0021879295,0.0179883292,0.0093264142,0.0104301771,-0.0037198050,0.0019914213,0.0063254960,0.0064612792
2021-11-04,-0.0130766875,0.0013929056,0.0156421248,-0.0068738896,0.0040038416,0.0134708527,0.0009654779,-0.0005735103,-0.0055256168,-0.0087632228,-0.0006287303,0.0041819424
2021-11-05,0.0005002698,0.0130412494,0.0051740478,-0.0111640425,0.0101594986,0.0064311359,0.0057869821,0.0078035225,0.0094609092,0.0047396296,0.0102726227,0.0037327997
2021-11-08,0.0054971113,0.0090970960,0.0053862241,0.0059459028,0.0041358628,-0.0141529455,-0.0079457125,0.0125254722,-0.0148764830,-0.0019957325,-0.0008991028,0.0008877879
2021-11-09,-0.0054670582,0.0040822808,-0.0041074882,-0.0036660258,0.0025273701,-0.0184857452,0.0034523102,0.0046110629,0.0051341944,0.0021813808,-0.0033231361,-0.0034987759
2021-11-10,-0.0017493961,-0.0264272112,-0.0164983786,0.0028536038,-0.0056022362,-0.0037178668,0.0030275761,-0.0068287017,0.0081130730,-0.0045346057,-0.0119480256,-0.0082258234
2021-11-11,0.0027534242,0.0038282574,0.0046800801,-0.0029204934,-0.0041315905,-0.0027006984,-0.0006863539,0.0080027045,-0.0061102585,0.0020953465,-0.0035150986,0.0005509400
2021-11-12,0.0022468601,-0.0024268731,0.0121597442,0.0049570785,0.0079200242,0.0033480420,0.0000000000,0.0074919096,-0.0005996380,0.0004546602,0.0119231787,0.0072226560
2021-11-15,0.0000000000,0.0083406359,-0.0010158367,-0.0062029356,0.0018710595,-0.0008339838,0.0048050447,-0.0045504872,0.0132032517,0.0059067177,0.0041136130,-0.0000107398
2021-11-16,-0.0009964919,0.0015507582,0.0105298575,0.0042110291,0.0001867718,0.0157646510,-0.0062847452,-0.0027872480,-0.0047386706,-0.0058720333,-0.0060408821,0.0038652299
2021-11-17,-0.0114682478,-0.0153132940,-0.0030194768,0.0014227728,-0.0059746640,0.0063818263,-0.0021998676,-0.0065966510,0.0008926615,0.0035441877,-0.0044710015,-0.0026016254
2021-11-18,-0.0050439320,-0.0059408939,0.0099767575,0.0003740215,-0.0020661448,0.0113379242,-0.0035830016,-0.0042769421,-0.0052029515,-0.0004528486,-0.0092621938,0.0033847802
2021-11-19,-0.0109000283,-0.0390226183,0.0072912554,-0.0060547008,-0.0049879240,0.0043230204,-0.0035956464,-0.0018084530,0.0056784617,-0.0045297541,-0.0069410960,-0.0013986656
2021-11-22,0.0140949237,0.0177429631,-0.0111495268,-0.0045124839,0.0027430898,-0.0025068771,0.0079114193,0.0015853107,0.0060921001,-0.0067348409,-0.0107694428,-0.0031971366
2021-11-23,0.0156686235,0.0307332113,-0.0023023612,0.0010576712,0.0016976057,-0.0072548865,0.0066095398,0.0010174611,0.0010338673,0.0080632322,-0.0039657099,0.0016571329
2021-11-24,-0.0022392831,0.0097647298,0.0072778482,-0.0003770917,-0.0011298192,0.0020537177,-0.0030095305,-0.0071153672,0.0005899300,0.0120886192,0.0011583789,0.0022938506
2021-11-26,-0.0331669513,-0.0402347891,-0.0249645881,-0.0036993329,-0.0270550229,-0.0272653817,-0.0126236070,-0.0171764010,-0.0156297024,-0.0276604937,-0.0169183128,-0.0227248226
2021-11-29,0.0030951367,0.0057572381,0.0250011647,0.0027280313,0.0017439043,0.0155340711,0.0025015816,0.0046292557,0.0148296188,0.0105293355,0.0052949216,0.0132001995
2021-11-30,-0.0239136675,-0.0234346339,-0.0083458484,-0.0196480222,-0.0253409551,-0.0135109274,-0.0256446638,-0.0247696231,-0.0292253101,-0.0202906051,-0.0290435766,-0.0189613103
2021-12-01,-0.0110642456,-0.0106246401,-0.0136911867,-0.0017730261,-0.0138929323,-0.0180494193,-0.0048372484,-0.0101595358,0.0018246129,-0.0153932904,-0.0253164893,-0.0118151874
2021-12-02,0.0298347173,0.0290688330,0.0091939700,0.0048649378,0.0296867152,0.0142466651,0.0105791581,0.0204084064,0.0127485606,0.0304149199,0.0190164978,0.0141944361
2021-12-03,-0.0162958666,-0.0079167921,-0.0167321873,0.0018444245,-0.0011724219,-0.0194490374,0.0124485310,-0.0022223572,0.0100406028,-0.0045057591,-0.0037930179,-0.0084485637
2021-12-06,0.0152511771,0.0148714192,0.0095077301,0.0056760578,0.0169275058,0.0114199213,0.0176055265,0.0146525440,0.0152819882,0.0160725379,0.0165243471,0.0117308726
2021-12-07,0.0178709497,0.0234094236,0.0349130078,0.0128899231,0.0101990223,0.0233250302,0.0021966687,0.0152497250,0.0074525716,0.0149999053,0.0105627634,0.0207070804
2021-12-08,-0.0053433906,-0.0001745405,0.0045791056,0.0075303934,0.0024765185,0.0025164625,-0.0031509827,0.0042100043,-0.0010152300,0.0061798631,0.0106007475,0.0030852853
2021-12-09,-0.0020464976,-0.0076843581,-0.0107899988,0.0023168319,-0.0031354753,-0.0173296855,0.0027487752,-0.0055522656,-0.0013071973,-0.0127290403,-0.0123232900,-0.0071810802
2021-12-10,0.0010249755,0.0073918600,0.0200652067,0.0035044987,0.0040985221,0.0069755214,0.0168584784,0.0061532419,0.0053798518,0.0024344875,-0.0013369754,0.0095490733
2021-12-13,-0.0107555191,-0.0277776922,-0.0148671678,0.0094365392,-0.0103464791,-0.0257572184,0.0130746258,-0.0060022939,0.0122922622,0.0109684358,-0.0087006631,-0.0091361676
2021-12-14,0.0059542944,-0.0041330794,-0.0164268925,-0.0040483326,-0.0094954294,-0.0058086498,0.0006650489,-0.0010255349,-0.0059999546,-0.0122248601,-0.0042008160,-0.0074706776
2021-12-15,0.0028307623,-0.0048717817,0.0264979040,0.0204731055,0.0087147731,0.0126922967,0.0101050854,0.0021670068,0.0163839389,0.0137411204,0.0091153622,0.0163484646
2021-12-16,0.0125733820,0.0063462050,-0.0283434638,0.0059389425,0.0004801024,-0.0220819175,0.0071082720,0.0102423424,0.0050903260,0.0002691233,-0.0040902990,-0.0087434154
2021-12-17,-0.0220473145,-0.0203603865,-0.0066859113,-0.0069841386,-0.0170791326,-0.0068149369,-0.0171221037,-0.0125040497,-0.0150532808,-0.0019742688,0.0010529157,-0.0102876806
2021-12-20,-0.0194240494,-0.0123893874,-0.0118939309,-0.0060556295,-0.0160207902,-0.0161436867,0.0002943207,-0.0178633688,0.0009499918,-0.0080026349,-0.0090169396,-0.0113880579
2021-12-21,0.0207114566,0.0284854817,0.0253065094,0.0041743643,0.0199165008,0.0259056731,-0.0013385464,0.0126079327,-0.0014383617,0.0100613262,0.0207006686,0.0177779346
2021-12-22,0.0046827570,0.0064195049,0.0130771857,0.0116671334,0.0028312286,0.0182401366,0.0062997272,0.0079549672,0.0043210491,0.0096922837,0.0039372093,0.0101801972
2021-12-23,0.0051786343,0.0005467777,0.0055820272,0.0041090112,0.0117807432,0.0138714679,0.0022644402,0.0100650248,-0.0001433986,-0.0008887598,0.0099155596,0.0062236999
2021-12-27,0.0103040147,0.0218579355,0.0214527138,0.0105528079,0.0105852167,0.0097444434,0.0106309514,0.0150604889,0.0048763758,0.0167245683,0.0072538711,0.0138389352
2021-12-28,0.0005100986,-0.0007129200,-0.0052083864,-0.0026286214,0.0050465997,0.0004387180,0.0056543211,0.0058011136,0.0089926811,0.0034123068,-0.0017457514,-0.0010101548
2021-12-29,-0.0012745439,-0.0064218133,0.0008539559,0.0056979947,0.0018000084,0.0019973846,0.0045764305,0.0041040453,0.0053754521,0.0065399790,-0.0053195323,0.0014018951
2021-12-30,-0.0017861337,-0.0061040993,-0.0065956162,0.0020538713,-0.0035937802,-0.0035978681,-0.0031238885,-0.0035350317,0.0036584345,0.0045047593,0.0050548769,-0.0029897556
2021-12-31,-0.0017892243,0.0025289367,-0.0048649777,-0.0042403709,0.0042711848,-0.0023909432,0.0067892050,0.0044340493,0.0035044886,0.0016387444,-0.0118813620,-0.0026261799
2022-01-03,0.0122917575,0.0309909932,0.0094900981,-0.0102918330,-0.0082223341,0.0287124711,-0.0001294990,-0.0130229463,-0.0099186514,-0.0075770328,0.0070079636,0.0063740525
2022-01-04,0.0263092991,0.0346031274,-0.0105970596,-0.0131953769,0.0201068796,-0.0060862368,0.0067447417,0.0123005725,-0.0031042679,-0.0019086650,-0.0046882707,-0.0006296220
2022-01-05,-0.0115849250,-0.0001690290,-0.0307499010,-0.0071224196,-0.0095284188,-0.0269818616,-0.0009020867,-0.0001107981,-0.0005664340,-0.0296420716,-0.0275999937,-0.0193927578
2022-01-06,0.0147129017,0.0223012699,-0.0050498638,-0.0115650969,0.0046212462,-0.0026058516,-0.0027080388,-0.0125939434,-0.0103383159,-0.0001791992,0.0032546621,-0.0009637690
2022-01-07,0.0117967505,0.0137167518,-0.0091956281,-0.0051092761,-0.0002814300,-0.0166616158,0.0010343557,-0.0008948956,0.0075846229,-0.0067197185,0.0003771176,-0.0040502167
2022-01-10,-0.0034004652,-0.0030975427,0.0001806499,0.0102717022,-0.0112686560,-0.0061158706,-0.0078790212,-0.0101902962,-0.0065332478,-0.0050511934,-0.0015085044,-0.0014410313
2022-01-11,0.0087739173,0.0340149088,0.0119911234,0.0079569259,0.0059832606,0.0096337314,-0.0011714977,0.0109740143,-0.0090065076,0.0025384963,0.0120093341,0.0091599847
2022-01-12,0.0007247838,0.0018975871,0.0047036575,-0.0028507603,0.0032100762,0.0065942010,0.0003908079,0.0100715787,0.0031738687,0.0009945672,0.0011941411,0.0028177544
2022-01-13,-0.0038627473,-0.0050512117,-0.0258980652,-0.0155401817,0.0021646009,-0.0201002099,0.0018242893,-0.0077553108,0.0048890601,-0.0031619991,-0.0120014893,-0.0142436153
2022-01-14,-0.0104218320,0.0234809546,0.0084565638,-0.0017123738,-0.0060099806,-0.0046595486,0.0018206321,-0.0084858648,-0.0068690441,-0.0095160870,0.0030934780,0.0008199803
2022-01-18,-0.0222874862,0.0040303100,-0.0240105176,-0.0140227689,-0.0115256747,-0.0189292118,-0.0144101809,-0.0131756200,-0.0119596220,-0.0089668868,-0.0182022761,-0.0183879457
2022-01-19,-0.0167836543,-0.0072562118,-0.0139694757,-0.0040849120,-0.0111821517,-0.0180499852,0.0063227802,-0.0025107989,0.0045211952,-0.0125566173,-0.0032177407,-0.0096895419
2022-01-20,-0.0063693130,-0.0091760224,-0.0129138685,-0.0065325986,-0.0127587961,-0.0182230143,-0.0065445712,-0.0145291395,0.0013065132,-0.0124355697,-0.0112981411,-0.0110373785
2022-01-21,-0.0205127056,-0.0197768998,-0.0198779002,-0.0100925882,-0.0092030012,-0.0293216967,0.0007903999,-0.0243789141,-0.0018850399,-0.0023668829,-0.0351368430,-0.0189148219
2022-01-24,0.0028795377,0.0067251865,0.0051836121,-0.0033211707,0.0057312054,0.0120274935,-0.0032911279,0.0005948861,-0.0095873642,0.0016134418,0.0067677692,0.0027717389
2022-01-25,0.0041763239,0.0388101838,-0.0231419111,-0.0064320453,-0.0098251068,-0.0169230605,-0.0110949580,-0.0090378657,-0.0156939423,-0.0045483001,-0.0198463953,-0.0121719063
2022-01-26,0.0025993601,-0.0016841423,0.0058729814,-0.0052259265,-0.0087319506,-0.0048467828,-0.0076130747,-0.0104404745,-0.0081954174,-0.0161812140,-0.0157577852,-0.0014966358
2022-01-27,-0.0090742269,0.0108895449,-0.0068881081,0.0025875714,-0.0089086503,-0.0242398560,0.0067295455,0.0033956393,0.0088642465,-0.0149962369,-0.0001658099,-0.0053840888
2022-01-28,0.0130821358,-0.0042482083,0.0437306725,0.0204112396,0.0069688139,0.0218011747,0.0117646167,0.0058013822,0.0120626018,0.0311364525,0.0285407400,0.0243476469
2022-01-31,0.0087809954,0.0044185292,0.0251268275,0.0057480666,0.0104313198,0.0384616857,0.0038319958,0.0147798381,0.0189818732,0.0152411187,0.0268612003,0.0188859517
2022-02-01,0.0138249650,0.0356492101,0.0025930764,0.0026669502,0.0137978781,0.0060555775,-0.0009215662,0.0153939268,-0.0132853093,-0.0055358130,0.0113905163,0.0068630036
2022-02-02,0.0068179086,0.0032225722,0.0081282850,0.0134522016,0.0069517674,-0.0059654537,0.0119893735,0.0031486750,0.0147811510,0.0138691864,0.0145241501,0.0094225154
2022-02-03,-0.0110359098,-0.0094903645,-0.0290144986,-0.0042746639,-0.0159469671,-0.0306011753,0.0002605690,-0.0174379270,-0.0044708626,-0.0125627042,-0.0613227832,-0.0243910821
2022-02-04,0.0169924381,0.0156250483,0.0040261239,-0.0036147474,-0.0107710589,0.0284438363,-0.0122350528,-0.0165638958,-0.0079672170,-0.0092358554,0.0093791623,0.0051569299
2022-02-07,0.0029922960,0.0127719035,-0.0066417599,-0.0017385700,0.0007994308,-0.0020605964,0.0018449627,-0.0049327404,-0.0014605434,-0.0017121836,-0.0155946807,-0.0037017126
2022-02-08,0.0139236523,-0.0214958124,0.0123629637,0.0081772459,0.0099809481,0.0140744825,0.0038142426,0.0154757283,0.0007315953,-0.0052404185,0.0012311646,0.0084012072
2022-02-09,0.0063753852,0.0083474682,0.0221807699,0.0077355980,0.0137366002,0.0132362308,0.0002620167,0.0217882187,0.0043838102,0.0228926342,0.0281196057,0.0145172079
2022-02-10,-0.0087717818,-0.0062450595,-0.0261491304,-0.0156504504,-0.0163773557,-0.0172413880,-0.0107413356,-0.0058259623,-0.0253165458,-0.0250023035,-0.0128380784,-0.0181157257
2022-02-11,-0.0140117466,0.0290853546,-0.0305438937,-0.0138551245,-0.0152628195,-0.0287376900,-0.0035750947,-0.0154711023,0.0005972508,-0.0103725063,-0.0197899780,-0.0189694543
2022-02-14,-0.0112191099,-0.0235763993,-0.0003226452,-0.0102113540,-0.0037237236,0.0057072628,-0.0027908089,-0.0082145487,-0.0085037410,-0.0093169747,-0.0007416207,-0.0038405967
2022-02-15,0.0136157086,-0.0104727976,0.0262849090,0.0112474139,0.0150520899,0.0223678768,0.0017322169,0.0183651688,-0.0046644728,0.0076412561,0.0168234010,0.0157667212
2022-02-16,0.0007462388,0.0080846213,-0.0010067237,0.0015339345,0.0052745395,0.0028559164,0.0018626342,0.0073079753,0.0022677844,0.0033052937,-0.0059205792,0.0008812078
2022-02-17,-0.0248570349,-0.0016038397,-0.0299214243,-0.0160831537,-0.0183148865,-0.0267597591,0.0077013030,-0.0170838802,0.0006030712,-0.0112403240,-0.0275760983,-0.0211731382
2022-02-18,-0.0002548267,-0.0061341579,-0.0101297117,-0.0074725456,-0.0082696389,-0.0061837181,0.0018449627,-0.0016667920,-0.0018087157,-0.0051939085,-0.0113265117,-0.0071661614
2022-02-22,-0.0050996201,-0.0161646218,-0.0092493628,-0.0025096017,-0.0096602322,-0.0291666355,-0.0077601627,-0.0141901920,-0.0010571938,-0.0051227468,-0.0110318746,-0.0101429453
2022-02-23,-0.0174267582,0.0103063801,-0.0250282789,-0.0050318312,-0.0183797738,-0.0334192661,-0.0080860409,-0.0128221771,-0.0169312195,-0.0176255655,-0.0175045629,-0.0184121228
2022-02-24,-0.0119982207,-0.0078358210,0.0341597003,0.0040299621,0.0127616867,0.0228525709,-0.0172390627,-0.0029409061,0.0079963946,0.0177404256,0.0286460454,0.0149568561
2022-02-25,0.0322071750,0.0263747014,0.0135931480,0.0306156429,0.0238584436,0.0197949377,0.0322276860,0.0364998926,0.0309686576,0.0240663718,0.0183394133,0.0223726777
2022-02-28,-0.0148336232,0.0246806129,-0.0018138915,-0.0075603788,0.0076668282,0.0070380380,-0.0133055177,-0.0113824536,0.0051788822,-0.0165378035,-0.0006670125,-0.0024426034
2022-03-01,-0.0368641283,0.0100596102,-0.0199908060,-0.0055399021,-0.0149163902,-0.0151609141,-0.0058744566,-0.0230271112,-0.0086851529,-0.0025567137,-0.0138494464,-0.0154735037
2022-03-02,0.0258761989,0.0228641616,0.0216567493,0.0150879903,0.0213414492,0.0210025446,0.0106099841,0.0219741247,0.0121767290,0.0172532761,0.0072757685,0.0186426918
2022-03-03,-0.0031533314,0.0027426826,-0.0119277925,0.0051069684,0.0010945348,-0.0226445785,0.0081059991,0.0012009623,0.0176058637,0.0082379397,-0.0116747828,-0.0052546664
2022-03-04,-0.0187136308,0.0288567377,-0.0175174280,0.0050053455,-0.0021867574,-0.0158855462,0.0001321993,-0.0034790233,0.0220589082,0.0049025099,-0.0171667310,-0.0079340426
2022-03-07,-0.0365298113,0.0147549916,-0.0365943769,-0.0174311488,-0.0267954744,-0.0490093942,-0.0181893267,-0.0346740847,0.0129780225,-0.0204704787,-0.0362298973,-0.0295181583
2022-03-08,-0.0058542419,0.0157188654,-0.0048517298,-0.0204286670,-0.0061410779,0.0020834204,-0.0269834659,-0.0051134054,-0.0154577094,-0.0055666015,-0.0000896662,-0.0072337535
2022-03-09,0.0367356036,-0.0305646392,0.0395623589,0.0188945362,0.0181255963,0.0321653360,0.0067604010,0.0309641774,-0.0070719898,0.0160072535,0.0316734929,0.0256982479
2022-03-10,-0.0083845466,0.0305974109,-0.0174873891,-0.0003845987,-0.0013150974,0.0071093539,-0.0094559337,0.0026750524,0.0066949814,0.0024162150,-0.0074797328,-0.0042918137
2022-03-11,-0.0070925495,-0.0080035858,-0.0175942271,-0.0074667151,-0.0080014420,-0.0192363628,-0.0116212255,-0.0073976645,-0.0033959122,-0.0083888074,-0.0204168682,-0.0129615451
2022-03-14,0.0126373477,-0.0299280752,-0.0185338807,0.0070575387,0.0033692654,-0.0166745525,0.0053192238,-0.0014658868,-0.0011360346,-0.0070984136,-0.0139548472,-0.0074210025
2022-03-15,0.0141076894,-0.0366198035,0.0335952068,0.0199461827,0.0158746708,0.0334876929,0.0224168507,0.0115014071,0.0127933105,0.0069534224,0.0212283302,0.0214085742
2022-03-16,0.0280894186,-0.0045949551,0.0325030373,0.0120052620,0.0132225674,0.0341143769,0.0010894331,0.0157249706,-0.0018244120,0.0125460473,0.0308253136,0.0223837614
2022-03-17,0.0124904958,0.0344105407,0.0070911591,0.0158171068,0.0128519475,0.0166657649,0.0069381772,0.0191734694,0.0042178767,0.0145999924,0.0110305361,0.0123478176
2022-03-18,0.0023129374,-0.0009465383,0.0204658496,0.0061697449,0.0038067250,0.0210519168,0.0022961710,0.0060761290,-0.0085409387,0.0018934569,0.0140641695,0.0116622948
2022-03-21,-0.0009780690,0.0403115112,-0.0018992190,-0.0007612583,0.0022539060,-0.0083754136,0.0012864220,0.0083122280,0.0066817679,-0.0052914335,-0.0093302373,-0.0004346604
2022-03-22,0.0162328164,-0.0073559293,0.0143698663,0.0002195880,0.0054509871,0.0248222446,0.0074374557,0.0054340606,0.0014124812,0.0027545599,0.0187511527,0.0113041136
2022-03-23,-0.0185089610,0.0172026900,-0.0153788119,-0.0179501356,-0.0095845645,-0.0124084259,-0.0080534907,-0.0045996233,0.0014098772,-0.0107992793,-0.0116600129,-0.0122726988
2022-03-24,0.0080081698,0.0024718509,0.0259883267,0.0119369132,0.0076244856,0.0077909699,0.0070366293,0.0201016628,0.0102801363,0.0063759735,0.0147497260,0.0143439129
2022-03-25,0.0128139679,0.0219307707,-0.0005684808,0.0046446583,0.0062088307,-0.0017420900,0.0083311330,0.0112118523,0.0144971033,0.0116578088,0.0024944707,0.0050661706
2022-03-28,-0.0027835249,-0.0247619860,0.0118821524,0.0072649194,0.0002891682,0.0266689145,0.0041309783,-0.0044795961,0.0064578164,0.0113345808,0.0052256849,0.0071449553
2022-03-29,0.0022837580,-0.0026041990,0.0212367497,0.0059013000,0.0092530635,0.0174234382,0.0088917948,0.0084371307,0.0092829616,0.0284860400,0.0169980677,0.0122565474
2022-03-30,-0.0070886972,0.0116188284,-0.0133333166,0.0019555004,-0.0011459703,-0.0151931404,0.0006576395,-0.0033467648,0.0082513508,-0.0068108718,-0.0085191695,-0.0062937002
2022-03-31,-0.0229474837,-0.0135500758,-0.0148152995,-0.0097586559,-0.0153933191,-0.0191922966,-0.0023662388,-0.0133196951,-0.0010732539,-0.0105147086,-0.0175940360,-0.0156525407
2022-04-01,-0.0026094376,0.0081111527,-0.0029574164,0.0078839084,-0.0077686720,0.0012435140,0.0100148459,0.0105500923,0.0139670587,0.0167250713,0.0074133626,0.0034102226
2022-04-04,-0.0044481117,0.0012974764,0.0189955586,-0.0083291697,-0.0012720541,0.0224584230,-0.0031313710,0.0002243585,-0.0076818668,-0.0036353491,0.0224905164,0.0080909387
2022-04-05,-0.0063072622,-0.0156817798,-0.0210566610,0.0021182436,-0.0142089578,-0.0234437427,0.0009161528,-0.0079683520,0.0062734720,-0.0032837906,-0.0156072222,-0.0125517208
2022-04-06,-0.0068766359,0.0059252573,-0.0236603696,0.0152320047,-0.0077533298,-0.0255204076,0.0126829692,-0.0115399758,0.0198964484,0.0117140281,-0.0184013370,-0.0097169166
2022-04-07,-0.0010652442,0.0130888171,0.0015550436,0.0192391625,0.0034062072,0.0051046459,0.0121368719,0.0065243135,-0.0024712705,-0.0075078003,-0.0089547673,0.0042533856
2022-04-08,0.0101307758,0.0275192624,-0.0139742740,0.0059868044,-0.0055910163,-0.0092188343,0.0042098063,0.0061404606,0.0033900153,0.0011848945,-0.0038000465,-0.0026510265
2022-04-11,-0.0044867436,-0.0300514824,-0.0251948599,-0.0198839503,-0.0032131681,-0.0185538404,-0.0040652284,-0.0049729282,-0.0136436505,-0.0111061952,-0.0113588177,-0.0168772901
2022-04-12,-0.0108697332,0.0165932979,-0.0044424800,-0.0097149848,-0.0016113938,0.0022140903,0.0002551139,0.0002271032,0.0038202450,-0.0022091636,-0.0073736751,-0.0034174477
2022-04-13,0.0000000000,0.0149196212,0.0160906466,0.0049052049,0.0093825298,0.0248669370,0.0056109646,0.0147626064,-0.0019681429,0.0059046440,0.0149433888,0.0111745776
2022-04-14,-0.0112569592,0.0032668934,-0.0242861607,-0.0048094452,-0.0010994749,-0.0139832035,-0.0002537342,-0.0033571586,0.0005258579,-0.0048610059,-0.0168510384,-0.0121441378
2022-04-18,0.0059637197,0.0146522089,0.0032730764,-0.0110356488,-0.0035021797,0.0030268277,-0.0082443854,0.0008981957,-0.0053886356,-0.0035944955,-0.0055402121,-0.0002048683
2022-04-19,0.0137429263,-0.0081459107,0.0187600487,0.0095540854,0.0181746789,0.0290041805,0.0152192743,0.0094237102,0.0064749176,0.0209970048,0.0215878021,0.0160576044
2022-04-20,0.0069112581,0.0038574677,-0.0009336910,0.0134375318,0.0054240236,-0.0128714438,0.0149912281,0.0063346944,0.0081396656,0.0181193396,-0.0408145451,-0.0006184751
2022-04-21,-0.0158395689,-0.0317340709,-0.0169629292,-0.0110496212,-0.0102011474,-0.0096831436,-0.0008689560,-0.0163448424,-0.0165386550,-0.0079197627,-0.0255841499,-0.0147529485
2022-04-22,-0.0297748669,-0.0244531071,-0.0279890571,-0.0364737080,-0.0245762609,-0.0232219465,-0.0156521552,-0.0373862097,-0.0168167820,-0.0173108122,-0.0263469489,-0.0277400542
2022-04-25,0.0016590006,-0.0330703561,0.0150266584,0.0067332260,0.0000000000,0.0072230711,0.0044169498,-0.0027990228,-0.0068686880,-0.0033771911,0.0108612796,0.0056979370
2022-04-26,-0.0251171720,0.0013571169,-0.0372513440,-0.0176119613,-0.0218430911,-0.0505955786,-0.0154541663,-0.0154386630,-0.0100353621,-0.0163018126,-0.0319561680,-0.0281463084
2022-04-27,-0.0008495207,0.0146381724,0.0148049127,-0.0021933155,0.0037391784,0.0001186212,0.0037010391,0.0147301917,-0.0047943937,-0.0059586761,-0.0211464177,0.0020980469
2022-04-28,0.0127516665,0.0303230484,0.0400310160,0.0137971930,0.0112790578,0.0205177241,0.0147488063,0.0158043748,0.0111493056,0.0186384460,0.0333334945,0.0247469001
2022-04-29,-0.0344152915,-0.0256710337,-0.0416752926,-0.0257234455,-0.0265017612,-0.0508157302,-0.0271895451,-0.0200532023,-0.0299481086,-0.0460648886,-0.0341500393,-0.0362845071
2022-05-02,0.0002898597,0.0159681454,0.0152032652,-0.0062168703,0.0021022126,0.0146117309,-0.0131377237,-0.0030576354,-0.0102443721,-0.0246746236,0.0234083749,0.0056752428
2022-05-03,0.0130358636,0.0280289304,0.0017409441,0.0031665465,0.0066079071,-0.0024809587,-0.0028711111,0.0112068133,0.0038280831,0.0150211502,0.0036367848,0.0048371264
2022-05-04,0.0305976207,0.0415337875,0.0351132063,0.0221725675,0.0289672733,0.0293601838,0.0225130079,0.0324311239,0.0223166079,0.0110019770,0.0338514693,0.0298624211
2022-05-05,-0.0291344349,-0.0150456261,-0.0480955012,-0.0194319866,-0.0261264304,-0.0560435983,-0.0189453214,-0.0309604454,-0.0102239228,-0.0260978891,-0.0381850628,-0.0356497086
2022-05-06,-0.0071448556,0.0298059638,-0.0080444809,-0.0031492143,-0.0067588468,-0.0126732017,0.0010441129,-0.0143421930,0.0079563327,-0.0128545534,-0.0203298902,-0.0056742248
2022-05-09,-0.0238916322,-0.0827304149,-0.0386998849,-0.0258900232,-0.0241833625,-0.0426174012,-0.0003912733,-0.0315865007,-0.0074781024,-0.0423722318,-0.0293654903,-0.0320371006
2022-05-10,-0.0088471715,0.0090718993,0.0152449493,0.0035594879,-0.0065444212,-0.0029724905,-0.0069108139,-0.0062301098,-0.0121390545,-0.0193515519,0.0028235514,0.0024578975
2022-05-11,-0.0092233977,0.0134203624,-0.0315622609,-0.0066209011,-0.0090710380,-0.0358371494,-0.0043329586,0.0004915591,0.0072034531,-0.0021332744,-0.0180008179,-0.0164632075
2022-05-12,-0.0075072774,0.0042427880,-0.0103114875,0.0096801729,0.0018524340,0.0068705397,-0.0002638728,-0.0018429007,-0.0100969274,0.0071621844,0.0121864544,-0.0012959645
2022-05-13,0.0145232318,0.0341826414,0.0332342191,0.0106091351,0.0127270944,0.0393723894,0.0150374998,0.0153864747,0.0118999421,0.0270641044,0.0271145227,0.0238696954
2022-05-16,-0.0083505921,0.0263676859,-0.0088325982,0.0073871543,-0.0013962918,-0.0215994522,0.0045485077,-0.0018183257,0.0030800127,-0.0066135775,-0.0062056003,-0.0039464009
2022-05-17,0.0267670163,0.0115790703,0.0289621321,0.0137398189,0.0226953870,0.0252297551,-0.0068564995,0.0282972814,0.0103276647,0.0111307882,0.0228962673,0.0201696322
2022-05-18,-0.0275336252,-0.0256350111,-0.0457563830,-0.0258126309,-0.0372316981,-0.0653837842,-0.0643479154,-0.0310615986,-0.0096694095,-0.0289094857,-0.0308139608,-0.0403952608
2022-05-19,-0.0066268623,-0.0036711168,-0.0109666229,0.0021884025,-0.0089578547,0.0007003072,-0.0178200208,0.0070693822,-0.0020926836,-0.0024367395,-0.0007999862,-0.0058337818
2022-05-20,-0.0018190320,0.0042984251,0.0022176206,0.0121666890,-0.0108026208,-0.0174248702,0.0021261290,-0.0024208210,0.0027955303,0.0076466004,0.0002000569,0.0001461418
2022-05-23,0.0325031870,0.0264156709,0.0229663706,0.0087841240,0.0163811146,0.0074779388,0.0206509293,0.0183211580,0.0119877893,0.0122260253,0.0129052387,0.0185550399
2022-05-24,-0.0020598172,0.0038127485,-0.0148427597,0.0029789426,-0.0005486440,-0.0257316276,0.0163523556,-0.0057193646,0.0199728723,0.0095794126,-0.0387158811,-0.0081207976
2022-05-25,0.0079597999,0.0206528649,0.0116596239,-0.0003047035,0.0058141737,0.0282252623,0.0002725985,0.0044338458,-0.0006757202,0.0071163666,0.0159250901,0.0094507647
2022-05-26,0.0231063406,0.0110478297,0.0240233941,0.0042657764,0.0202855760,0.0490440517,0.0106326409,0.0183729039,0.0028378805,0.0009215983,0.0213389547,0.0198832562
2022-05-27,0.0168666603,0.0182883948,0.0338373647,0.0166124769,0.0205238098,0.0343061992,0.0115996361,0.0234301635,0.0156317399,0.0268057445,0.0239627070,0.0247422630
2022-05-31,-0.0028112951,-0.0150230424,-0.0071397123,-0.0133563851,-0.0080652859,0.0050727910,-0.0070665377,-0.0152245353,-0.0137985369,-0.0121564770,-0.0007734525,-0.0062743686
2022-06-01,-0.0160696275,0.0162845021,-0.0029904860,-0.0143687251,-0.0061245690,-0.0104180312,-0.0130255214,-0.0099962090,-0.0016148957,-0.0088760232,-0.0105487926,-0.0074827687
2022-06-02,0.0137535517,-0.0031595961,0.0242090901,0.0079028985,0.0191243431,0.0306025591,0.0145576828,0.0275917815,0.0067377262,0.0144512954,0.0240610036,0.0184310180
2022-06-03,-0.0144151539,0.0132443451,-0.0239156793,-0.0117234731,-0.0038574679,-0.0292496597,-0.0100577871,-0.0097121308,-0.0048185379,-0.0133427714,-0.0217765621,-0.0163473140
2022-06-06,0.0028679658,-0.0011175035,0.0000714682,0.0001540688,0.0041864697,0.0100002442,0.0004066446,0.0094611019,0.0044387490,-0.0034569110,0.0068347038,0.0031374008
2022-06-07,0.0077210343,0.0298625069,0.0119285923,0.0130159597,0.0134445490,-0.0024592260,0.0052809880,0.0072009571,0.0060255316,0.0133660814,0.0054304760,0.0095233932
2022-06-08,-0.0175940125,0.0021721473,-0.0112940786,-0.0079069245,-0.0180995335,-0.0059032825,-0.0122574195,-0.0207673535,-0.0195661419,-0.0229562511,-0.0017359477,-0.0107939458
2022-06-09,-0.0251295510,-0.0221067115,-0.0267005619,-0.0226071853,-0.0196900010,-0.0180763424,-0.0150007915,-0.0236410651,-0.0240295184,-0.0221829443,-0.0282127442,-0.0237986940
2022-06-10,-0.0361483090,-0.0169547026,-0.0384366154,-0.0160732445,-0.0294872298,-0.0398748202,-0.0042918074,-0.0306231971,-0.0076504014,-0.0219991577,-0.0286339262,-0.0291103033
2022-06-13,-0.0298188499,-0.0521925793,-0.0443204783,-0.0302812456,-0.0300528862,-0.0461688292,-0.0215516508,-0.0390595949,-0.0459769724,-0.0493132088,-0.0475945142,-0.0387684307
2022-06-14,-0.0085550194,0.0019028678,0.0063059651,-0.0095324590,-0.0024968426,-0.0007983122,-0.0117947967,-0.0076451498,-0.0252719938,-0.0078489767,-0.0034391254,-0.0037736797
2022-06-15,0.0111855615,-0.0220798356,0.0210992053,0.0101221009,0.0096710261,0.0281068321,0.0010065384,-0.0002569439,0.0064818884,0.0225867049,0.0254501972,0.0145925049
2022-06-16,-0.0252842727,-0.0563241932,-0.0407053724,-0.0147025112,-0.0333557064,-0.0489547842,-0.0076137707,-0.0360904158,-0.0193198476,-0.0251151407,-0.0389104706,-0.0325119515
2022-06-17,0.0029183818,-0.0546694568,0.0091506212,-0.0005831880,-0.0025646629,0.0109186978,-0.0036190977,-0.0017320613,-0.0093160930,0.0081657869,0.0160850698,0.0022008657
2022-06-21,0.0199569332,0.0518058671,0.0254471509,0.0269209024,0.0182421737,0.0286039493,0.0266845492,0.0151195804,0.0190351365,0.0156282401,0.0107688481,0.0244772423
2022-06-22,-0.0022306352,-0.0400311958,-0.0042366220,0.0138662332,-0.0055334568,-0.0019329717,-0.0007129667,-0.0128423531,0.0105213808,0.0143771834,0.0023437711,-0.0013015723
2022-06-23,-0.0038326627,-0.0370674311,0.0149701060,0.0224456015,-0.0051008568,0.0157100963,0.0194034525,-0.0136802602,0.0235404196,0.0195992438,0.0134509594,0.0095322174
2022-06-24,0.0368708346,0.0131615273,0.0359414144,0.0166024190,0.0349568704,0.0381383215,0.0195942071,0.0397064553,0.0173962470,0.0212860517,0.0343632432,0.0305632936
2022-06-27,-0.0034014110,0.0293337030,-0.0067437644,0.0037151740,-0.0023642738,-0.0104767509,-0.0027453123,-0.0082396979,0.0081147899,-0.0022332529,-0.0074165010,-0.0029730715
2022-06-28,-0.0099286302,0.0270051205,-0.0299510654,-0.0174276044,-0.0116242001,-0.0399452751,-0.0133514302,-0.0106818664,-0.0037372783,-0.0118299950,-0.0267145239,-0.0201430361
2022-06-29,-0.0056409605,-0.0347515837,0.0020220369,0.0087115016,-0.0058231041,-0.0007876720,0.0062777151,-0.0071979137,0.0007213533,-0.0060393316,0.0016829166,-0.0007117454
2022-06-30,-0.0088243779,-0.0210815627,-0.0133498353,-0.0022562900,0.0031008765,-0.0146922409,0.0006931200,-0.0118154159,0.0111016646,-0.0019530546,-0.0128085378,-0.0087592783
2022-07-01,0.0136724105,0.0149630526,0.0022812544,0.0112288926,0.0087017516,0.0184025839,0.0144085110,0.0070653112,0.0245255952,0.0188082603,0.0105283830,0.0105538140
2022-07-05,-0.0034504268,-0.0396803832,0.0125576562,-0.0057835513,-0.0149829706,0.0223558873,-0.0064187776,-0.0201026173,-0.0340987512,-0.0041620490,0.0215744990,0.0015841285
2022-07-06,-0.0025181132,-0.0170731534,0.0086041019,0.0067478707,0.0057614911,-0.0032835960,0.0028863407,0.0063336862,0.0103749106,-0.0001069926,-0.0016485069,0.0035731643
2022-07-07,0.0145156384,0.0360530284,0.0206731411,0.0042375386,0.0118011504,0.0257936760,0.0009595385,0.0088932051,-0.0009983144,0.0017147945,0.0166135197,0.0149645880
2022-07-08,-0.0021772110,-0.0004224686,0.0004521216,0.0029918377,-0.0045296316,0.0001368235,-0.0017799265,-0.0097641799,-0.0032835768,-0.0049212995,-0.0037554998,-0.0008302715
2022-07-11,-0.0081047836,-0.0095844588,-0.0137733043,-0.0025241427,-0.0067111835,-0.0273963410,-0.0013720636,-0.0027391421,0.0063018986,-0.0019353888,-0.0276106972,-0.0115274614
2022-07-12,-0.0062852623,-0.0194960843,-0.0136596122,-0.0127291077,-0.0030919987,-0.0060407632,-0.0028848258,-0.0019222691,-0.0048390501,-0.0050628776,0.0001046245,-0.0092438787
2022-07-13,-0.0088552687,-0.0015964708,-0.0026305420,-0.0097088159,-0.0121772287,0.0081973827,0.0006891958,-0.0057789363,-0.0041477050,-0.0042225165,-0.0067050255,-0.0044569025
2022-07-14,-0.0191448410,-0.0188981583,0.0091534958,-0.0029017987,-0.0056981661,-0.0008412896,0.0008257173,-0.0184057057,0.0000000000,-0.0097860929,-0.0122348888,-0.0029986339
2022-07-15,0.0338320658,0.0162988258,0.0176031997,0.0241485256,0.0156727288,0.0161360048,0.0033015458,0.0156491645,0.0018671836,0.0170198667,0.0241323603,0.0192012494
2022-07-18,-0.0037759171,0.0228893681,-0.0096690905,-0.0211215947,-0.0059882174,0.0029000863,-0.0097342147,0.0023598005,-0.0139048066,-0.0080976496,-0.0037535859,-0.0083635716
2022-07-19,0.0300061972,0.0307870207,0.0305112279,0.0170263306,0.0356812766,0.0306343661,0.0105217089,0.0304668334,0.0063961940,0.0257973865,0.0324437491,0.0276282916
2022-07-20,0.0036799368,0.0096790401,0.0156180208,-0.0098749251,0.0077180204,0.0164320685,-0.0067128475,0.0017469334,-0.0132888846,-0.0029711413,0.0152054493,0.0058958062
2022-07-21,0.0064160750,-0.0175294860,0.0140660111,0.0158174763,0.0072148593,0.0228691254,0.0030342573,0.0142205875,0.0026346732,0.0087271872,-0.0008989264,0.0098613727
2022-07-22,-0.0057678794,-0.0082239629,-0.0137990715,-0.0041419670,-0.0031956278,-0.0057823771,0.0066006913,-0.0071430186,0.0137247396,0.0060139503,-0.0369775552,-0.0093324670
2022-07-25,0.0064120313,0.0366828569,-0.0063398602,0.0052375178,0.0047538598,-0.0085946657,0.0049179109,0.0041301987,0.0125305615,0.0014682320,-0.0025946052,0.0013151670
2022-07-26,-0.0139561433,-0.0090834753,-0.0162090014,0.0051335806,-0.0053918302,-0.0321989083,-0.0023108886,-0.0067665093,0.0059744292,0.0006283452,-0.0188326879,-0.0115432027
2022-07-27,0.0153847014,0.0225750389,0.0430151528,0.0062509074,0.0154885367,0.0378500103,0.0068130118,0.0120222344,0.0008483167,0.0083725266,0.0404029299,0.0261562738
2022-07-28,0.0072725198,0.0056194682,0.0152242956,0.0063635195,0.0209175901,0.0171966617,0.0159696380,0.0176874762,0.0358861150,0.0332121257,-0.0081540254,0.0121333387
2022-07-29,0.0141398867,0.0433739988,0.0153475947,-0.0033120342,0.0205951710,0.0387877027,-0.0077262381,0.0133593641,0.0085924595,0.0058265124,0.0021580017,0.0142077601
2022-08-01,-0.0083066097,-0.0206578401,-0.0021493165,-0.0074018094,0.0010455336,0.0049746935,0.0124849778,-0.0080636835,0.0010818401,-0.0083891882,-0.0010253176,-0.0028230841
2022-08-02,-0.0110676934,-0.0023438585,-0.0070882024,-0.0035763597,-0.0105491732,-0.0068441495,-0.0079555147,-0.0101933445,-0.0020262581,-0.0128914475,0.0009237084,-0.0066623955
2022-08-03,0.0151241029,-0.0287128773,0.0265941909,0.0091636874,0.0093950036,0.0243661673,0.0065492262,0.0010429522,0.0062261252,0.0031629925,0.0237923885,0.0156384772
2022-08-04,-0.0032777603,-0.0370868908,0.0045672442,-0.0049185402,0.0036602598,0.0040847568,-0.0066394286,0.0006509241,0.0021525612,-0.0005087075,0.0024041570,-0.0007773402
2022-08-05,0.0071749284,0.0198155471,-0.0023069919,-0.0003802957,0.0015631188,-0.0170495871,-0.0022725029,0.0035137135,-0.0036242549,0.0028492963,-0.0067950827,-0.0016257461
2022-08-08,-0.0005937119,0.0051999098,-0.0085023665,0.0023586186,-0.0003123552,0.0045034412,-0.0005355765,0.0055767091,0.0014816872,0.0080160821,0.0063386788,-0.0012375507
2022-08-09,0.0050490034,0.0175607762,-0.0100157730,-0.0030358662,-0.0036423573,-0.0159344527,-0.0014747627,-0.0049008344,0.0111649785,0.0059391672,-0.0097982636,-0.0042486929
2022-08-10,0.0224587562,0.0072237119,0.0273021104,0.0108857869,0.0219345432,0.0281983703,0.0073837925,0.0283826244,0.0043900493,0.0149105948,0.0256462063,0.0212906376
2022-08-11,0.0118496292,0.0344006353,-0.0039121116,-0.0064763883,0.0053147234,-0.0050897169,-0.0023988305,0.0034025674,-0.0001325678,-0.0034511048,0.0032487753,-0.0007054740
2022-08-12,0.0157097981,0.0075758146,0.0199091741,0.0128099251,0.0150466980,0.0226300666,0.0086828697,0.0188395465,0.0162937480,0.0160287629,0.0173683107,0.0173223688
2022-08-15,-0.0002813026,-0.0194978502,0.0063078323,0.0050142194,0.0024039494,0.0068861229,0.0099325401,-0.0006162811,0.0083420157,0.0048689400,0.0043402210,0.0039695419
2022-08-16,0.0073138569,-0.0023394796,-0.0027051934,-0.0026808896,0.0044963728,0.0110474910,0.0112771817,0.0055507650,0.0028436985,-0.0036824318,0.0024007714,0.0018756797
2022-08-17,-0.0050266136,0.0083375794,-0.0071453212,-0.0058237314,-0.0079578153,-0.0107534932,-0.0028527055,-0.0137387819,-0.0016755116,-0.0041827808,-0.0215558035,-0.0072377950
2022-08-18,0.0011224264,0.0268733589,0.0051978115,-0.0044309489,0.0040109470,-0.0002921929,0.0033808135,0.0031093074,0.0037445597,-0.0077162875,-0.0026436395,0.0022695612
2022-08-19,-0.0199044826,-0.0002519284,-0.0181641596,0.0027155690,-0.0128834180,-0.0206359001,-0.0032400109,-0.0183509897,-0.0005148810,-0.0091542565,-0.0171803847,-0.0129000011
2022-08-22,-0.0220252075,-0.0018875183,-0.0278846257,-0.0130906240,-0.0190204443,-0.0277560371,-0.0101415653,-0.0159152010,-0.0136422380,-0.0208623747,-0.0277695210,-0.0214000649
2022-08-23,-0.0040946682,0.0360608707,-0.0026391439,-0.0139501404,0.0018561387,0.0028239823,-0.0043348151,0.0098832442,-0.0060020201,-0.0132914460,-0.0073977281,-0.0022378627
2022-08-24,0.0052861930,0.0122916354,0.0006268411,0.0012368710,0.0032944119,0.0042852923,0.0025066245,0.0021606511,0.0031505154,0.0059639617,0.0048652175,0.0029161604
2022-08-25,0.0154834331,0.0076943858,0.0169113731,0.0110416024,0.0152883057,0.0119483704,0.0046059443,0.0227014830,0.0061502698,0.0154348684,0.0191594564,0.0140916055
2022-08-26,-0.0299192674,-0.0116920748,-0.0427045287,-0.0278753320,-0.0346639889,-0.0380721564,-0.0247579093,-0.0306300027,-0.0153466618,-0.0245620216,-0.0328482251,-0.0336880587
2022-08-29,-0.0071175379,0.0150893684,-0.0132257983,-0.0069918559,-0.0045017053,-0.0053232353,-0.0016118564,-0.0070358731,0.0030378732,-0.0088749964,-0.0072107959,-0.0066663558
2022-08-30,-0.0053764356,-0.0338919798,-0.0104323603,-0.0066457688,-0.0144075028,-0.0111439063,-0.0103591288,-0.0163619310,-0.0146167304,-0.0145773646,-0.0100001115,-0.0110281556
2022-08-31,-0.0075074588,-0.0091091865,-0.0097374458,-0.0063712246,-0.0084292146,-0.0098687743,-0.0061172754,-0.0123115524,-0.0065483461,-0.0040152911,0.0009571455,-0.0078170251
2022-09-01,0.0030258595,-0.0245962243,-0.0048790712,0.0164314587,0.0013989260,0.0091309831,0.0056080261,-0.0131282900,0.0143934730,0.0018037079,0.0063733742,0.0029962320
2022-09-02,-0.0078433658,0.0183394619,-0.0130016009,-0.0143522472,-0.0096714633,-0.0091757604,-0.0130577315,-0.0009406922,-0.0107413322,-0.0129197085,-0.0172048397,-0.0107365005
2022-09-06,-0.0024321160,-0.0092544609,-0.0066241099,0.0009600778,0.0016276523,-0.0020581555,-0.0056506517,-0.0030934706,0.0025470987,0.0114794789,-0.0127807689,-0.0040950570
2022-09-07,0.0198108012,-0.0116132748,0.0159884427,0.0163057322,0.0160331252,0.0306759767,0.0180182470,0.0276578356,0.0312876099,0.0195163451,0.0177328385,0.0183410164
2022-09-08,0.0176332495,0.0043424120,0.0034305804,0.0173810670,0.0029854633,0.0093168499,-0.0025868225,0.0097151058,-0.0007780391,0.0029130289,-0.0003208105,0.0066107219
2022-09-09,0.0091040990,0.0249236781,0.0197711717,0.0088125922,0.0129689455,0.0189567200,0.0098279973,0.0150827302,0.0040221987,0.0095435295,0.0284431119,0.0152714498
2022-09-12,0.0081489381,0.0183621654,0.0160351691,0.0066667508,0.0059817627,0.0128890905,0.0039198650,0.0093502777,0.0095632221,0.0086314172,0.0075898358,0.0105842728
2022-09-13,-0.0372400757,-0.0252192391,-0.0530850215,-0.0330365408,-0.0376590593,-0.0515607948,-0.0333913993,-0.0356595322,-0.0266257382,-0.0369806397,-0.0516972056,-0.0432366134
2022-09-14,-0.0029984565,0.0282465470,0.0036366680,0.0005509177,-0.0019511713,0.0128474883,-0.0004182200,-0.0122388410,0.0081537034,-0.0131172000,0.0017410733,0.0033870121
2022-09-15,0.0033082586,-0.0257690295,-0.0230222784,0.0055861958,-0.0104268553,-0.0051238771,-0.0083610370,-0.0131892904,-0.0249152976,-0.0183301882,-0.0058658877,-0.0113177392
2022-09-16,-0.0089928564,-0.0213350579,-0.0055627697,-0.0028168114,-0.0208539902,-0.0080393629,0.0023889464,-0.0157959101,-0.0037455719,-0.0007644759,-0.0112544258,-0.0071821341
2022-09-19,0.0113417953,0.0005929144,0.0081545166,-0.0053879708,0.0135719530,0.0141488111,0.0066456343,0.0165540986,0.0133973714,-0.0013110688,0.0038678883,0.0068571007
2022-09-20,-0.0147321523,-0.0069552353,-0.0058715726,-0.0117218587,-0.0124455622,-0.0169542225,-0.0054663076,-0.0189984245,-0.0145412539,-0.0244012085,-0.0166225793,-0.0112721031
2022-09-21,-0.0207508300,-0.0146561051,-0.0156199387,-0.0165892895,-0.0132780393,-0.0236746453,-0.0038055695,-0.0218564980,-0.0136725743,-0.0151410649,-0.0228367560,-0.0171164936
2022-09-22,-0.0168277090,-0.0035540634,-0.0101840168,0.0052971323,-0.0150529068,-0.0230755142,-0.0014147263,-0.0120212473,-0.0035687414,-0.0099078186,-0.0080190918,-0.0084275810
2022-09-23,-0.0158479578,-0.0689565321,-0.0130802511,-0.0051068922,-0.0187563851,-0.0230198466,-0.0170022014,-0.0204691266,-0.0115699511,-0.0131123469,-0.0196328833,-0.0172326190
2022-09-26,-0.0157809175,-0.0245457902,-0.0069501079,-0.0095332427,-0.0105016807,-0.0022539457,0.0007208606,-0.0162210785,-0.0241080430,-0.0270532552,-0.0171986883,-0.0103405262
2022-09-27,-0.0042537947,0.0111999138,0.0013021954,-0.0030438686,-0.0033389470,0.0031486507,-0.0172834524,0.0022281762,-0.0168501510,-0.0142840361,-0.0034762239,-0.0021203598
2022-09-28,0.0197173961,0.0443035849,0.0105656301,0.0218666327,0.0220151040,0.0270214266,0.0120181657,0.0257892832,0.0107481718,0.0194032931,0.0312114532,0.0196721399
2022-09-29,-0.0125684175,0.0000000000,-0.0260576968,-0.0083979966,-0.0173262814,-0.0345488517,-0.0165097287,-0.0147379650,-0.0400919258,-0.0285508558,-0.0246668522,-0.0211264379
2022-09-30,-0.0091384833,-0.0079886794,-0.0191575903,-0.0137621716,-0.0131044595,-0.0196821847,-0.0173760717,-0.0026395055,-0.0193115236,0.0096728074,-0.0127053394,-0.0150666958
2022-10-03,0.0270092976,0.0565119618,0.0309816043,0.0205597294,0.0301783687,0.0009827045,0.0172334061,0.0324952940,0.0293084711,0.0186681584,0.0288940587,0.0258838950
2022-10-04,0.0372033518,0.0429752716,0.0335619655,0.0232202449,0.0348021149,0.0349255318,0.0151741330,0.0367416799,0.0212073571,0.0194118894,0.0310325371,0.0305837007
2022-10-05,-0.0077305052,0.0206652451,0.0033184602,0.0033208299,-0.0054354118,-0.0058955150,-0.0058049914,-0.0112636013,-0.0222191794,-0.0199882642,-0.0084687758,-0.0020179488
2022-10-06,-0.0140231647,0.0177777854,-0.0081897999,-0.0127669405,-0.0114993925,-0.0070893530,-0.0145962918,-0.0105587111,-0.0329717486,-0.0282402488,-0.0053093997,-0.0102450808
2022-10-07,-0.0237040943,-0.0077631317,-0.0411275091,-0.0211543121,-0.0191200692,-0.0343951960,-0.0149606400,-0.0247120794,-0.0207342216,-0.0234726122,-0.0276164730,-0.0280036178
2022-10-10,-0.0045323283,-0.0205376573,-0.0168086152,-0.0062795433,0.0035227776,-0.0061856878,0.0036089927,0.0021592324,0.0017251206,-0.0111916300,-0.0047733645,-0.0074924636
2022-10-11,-0.0126827325,-0.0079882466,-0.0153276283,0.0053344515,-0.0002338826,-0.0081554370,0.0082410408,-0.0077573378,-0.0036009557,0.0110610023,-0.0169064097,-0.0065191758
2022-10-12,-0.0023056244,0.0080525725,-0.0030791757,-0.0048978740,-0.0078419539,0.0025963979,0.0053498703,-0.0075283107,-0.0333123076,-0.0113216662,-0.0024393219,-0.0032907731
2022-10-13,0.0412677582,0.0408136298,0.0310570601,0.0232975242,0.0220595907,0.0109353131,0.0165557901,0.0293213726,0.0250323214,0.0163407815,0.0223742672,0.0259656425
2022-10-14,-0.0168041088,-0.0372946280,-0.0281243637,-0.0067339037,-0.0219298401,-0.0373612083,-0.0180310924,-0.0337301772,-0.0144305765,-0.0255726537,-0.0176991554,-0.0236626636
2022-10-17,0.0251531791,0.0124562018,0.0304794698,0.0160613530,0.0218316281,0.0405856479,0.0108099991,0.0249341156,0.0209170414,0.0368973835,0.0327489419,0.0264800523
2022-10-18,0.0160426054,0.0087353610,0.0084744168,0.0055604102,0.0241366479,0.0137824252,0.0130384759,0.0196049589,0.0182821232,0.0112767102,0.0076626192,0.0114275697
2022-10-19,-0.0164085329,0.0295159497,-0.0028835082,-0.0139821194,-0.0071042078,-0.0112126660,-0.0046278265,-0.0117895613,-0.0130009453,-0.0249039029,-0.0031587357,-0.0066720973
2022-10-20,-0.0160530889,0.0009475388,0.0005783176,-0.0084922959,-0.0196478090,-0.0193480374,-0.0139473545,-0.0072431314,-0.0252470838,-0.0047014317,0.0037554840,-0.0079509097
2022-10-21,0.0297507202,0.0288792813,0.0267548670,0.0224630264,0.0274559356,0.0291249741,0.0153235977,0.0346207138,0.0185007009,0.0068938879,0.0057289562,0.0237248198
2022-10-24,0.0133581291,0.0047163705,0.0138330143,0.0192823082,0.0133048071,0.0041433497,0.0179943349,-0.0058075091,0.0083715032,-0.0007609325,0.0060450691,0.0118819767
2022-10-25,0.0119557328,0.0010304312,0.0191180361,0.0075980649,0.0134638569,0.0250367908,0.0131145861,0.0247567516,0.0200500572,0.0398428618,0.0263463288,0.0162666546
2022-10-26,0.0024234567,0.0136109399,-0.0222622019,0.0110802151,0.0035135219,-0.0080510443,0.0066135456,0.0070573912,-0.0004606854,0.0019523771,-0.0289350214,-0.0073877161
2022-10-27,0.0081597991,0.0036111735,-0.0113842340,-0.0052509243,0.0117067253,-0.0038516567,0.0008383014,-0.0025603698,0.0079889815,0.0018270108,-0.0329274641,-0.0060826106
2022-10-28,0.0248800285,0.0034852717,0.0434851929,0.0164486036,0.0232507344,0.0008975704,0.0219276846,0.0099986500,0.0274350143,0.0222462270,0.0262556248,0.0246263779
2022-10-31,-0.0061422165,0.0084034200,-0.0131966278,-0.0008280500,-0.0028534999,-0.0064153143,-0.0058768927,-0.0089633423,-0.0093459307,-0.0011890947,-0.0132008349,-0.0074544041
2022-11-01,0.0026487325,0.0096666605,-0.0083677164,0.0006026506,-0.0009539456,-0.0101367653,-0.0031618484,0.0025646277,0.0038932740,-0.0019049566,-0.0084051918,-0.0041012306
2022-11-02,-0.0126212594,-0.0241003283,-0.0345426716,-0.0170141966,-0.0176108266,-0.0378058653,-0.0173767412,-0.0259860321,-0.0096955655,-0.0268400633,-0.0299665973,-0.0250019849
2022-11-03,-0.0101070280,0.0184933868,-0.0294068950,-0.0042121801,0.0104750776,-0.0059776485,-0.0033685111,0.0076029320,0.0043680171,-0.0007354491,-0.0241231540,-0.0105859923
2022-11-04,0.0183181977,0.0121787999,0.0182628097,0.0060757852,0.0160310256,0.0083600941,0.0118293995,0.0347097502,0.0061487788,0.0138616853,0.0046664246,0.0136187247
2022-11-07,0.0100268541,0.0171736041,0.0166957757,0.0107024848,0.0107286542,-0.0069818201,0.0089071363,0.0078230141,-0.0190789767,0.0006047535,0.0148128955,0.0096139819
2022-11-08,0.0058393804,0.0009677300,0.0095926076,0.0049924204,0.0087417647,-0.0024902145,0.0028969424,0.0172345187,0.0069899327,0.0045951368,0.0024739247,0.0055978928
2022-11-09,-0.0168359745,-0.0488825877,-0.0260085105,-0.0107626775,-0.0139274006,-0.0305433301,-0.0108664145,-0.0161667560,-0.0078467303,-0.0098699011,-0.0215941312,-0.0207778870
2022-11-10,0.0504873769,0.0222523142,0.0821759318,0.0254109932,0.0419543533,0.0730843227,0.0235014785,0.0553437430,0.0471482462,0.0728178489,0.0587715797,0.0554344844
2022-11-11,0.0081506065,0.0290609224,0.0171123925,-0.0122421845,-0.0006025020,0.0239957976,-0.0010868331,0.0120827541,-0.0111835889,-0.0023796642,0.0283501530,0.0092407468
2022-11-14,-0.0142180224,-0.0003221846,-0.0085625102,0.0009011515,-0.0061288599,-0.0158521929,-0.0078888586,-0.0013536145,-0.0118978889,-0.0229440264,-0.0041699352,-0.0089357770
2022-11-15,0.0022621075,0.0105262610,0.0121214223,-0.0012757358,0.0068743890,0.0136563456,0.0083627509,-0.0014791962,0.0110004915,0.0115088961,0.0166334228,0.0087131166
2022-11-16,-0.0047966164,-0.0204081989,-0.0136976898,-0.0004508061,-0.0072288930,-0.0152688370,0.0048947618,-0.0097506691,0.0089693663,-0.0090795700,-0.0110983194,-0.0082520465
2022-11-17,-0.0053868777,0.0021703481,0.0012901817,-0.0004509484,-0.0017194554,-0.0121375443,-0.0002706257,-0.0095976076,-0.0174875768,-0.0080027527,-0.0068263991,-0.0030893228
2022-11-18,0.0082665467,-0.0079042166,0.0011366771,0.0121087882,0.0073954390,0.0013493550,0.0106916375,0.0066702919,0.0212101187,0.0123932142,-0.0047761720,0.0047585819
2022-11-21,0.0031098352,-0.0135326708,-0.0107502725,0.0004458146,0.0032180564,-0.0144692537,0.0095069684,0.0033754508,0.0045027241,0.0054279999,-0.0086620820,-0.0038836887
2022-11-22,0.0101468913,0.0313090442,0.0193619648,0.0086904162,0.0077185561,0.0112989967,0.0072957163,0.0226763171,0.0085308740,0.0050539730,0.0146416547,0.0135799879
2022-11-23,0.0041851853,-0.0108346768,0.0088587580,0.0039764093,0.0037800326,0.0144464385,0.0034236437,0.0038985501,0.0111829172,0.0013715735,0.0136157444,0.0059146892
2022-11-25,0.0033342166,-0.0036871688,-0.0058042847,0.0059410795,0.0038648746,0.0005611515,0.0006561764,-0.0003638705,0.0058130759,0.0066192969,-0.0050515922,-0.0002830442
2022-11-28,-0.0171698575,-0.0274301635,-0.0214073705,-0.0075098753,-0.0181640865,-0.0061697568,-0.0038033718,-0.0223384356,-0.0102905290,-0.0275508853,-0.0163859311,-0.0154441929
2022-11-29,0.0059174565,0.0151089564,-0.0097904254,-0.0024980330,0.0061332551,-0.0031746805,-0.0038178926,0.0033529185,-0.0074062711,0.0166723303,-0.0001172506,-0.0015918653
2022-11-30,0.0170866026,0.0049615804,0.0502086715,0.0238623903,0.0164884442,0.0344656948,0.0200872817,0.0241336417,0.0249677588,0.0225918521,0.0420040269,0.0309478724
2022-12-01,-0.0057835965,-0.0032912632,0.0013973123,0.0028771169,0.0002948635,-0.0001368136,-0.0045342156,0.0012084327,-0.0008400383,-0.0012337605,0.0047290718,-0.0008676332
2022-12-02,-0.0047088093,-0.0059440079,-0.0058025160,0.0025821863,0.0057002043,-0.0012998527,0.0045548683,0.0109837622,-0.0047638399,-0.0031438718,0.0011206994,-0.0011946605
2022-12-05,-0.0247706945,-0.0296754571,-0.0166221530,-0.0095865421,-0.0167105826,-0.0288436509,-0.0125663608,-0.0198184861,-0.0056315922,-0.0179093454,-0.0181349712,-0.0178942123
2022-12-06,-0.0088468515,-0.0263608351,-0.0214111005,-0.0075842503,-0.0118266867,-0.0155910208,-0.0061663517,-0.0088917000,0.0062299563,-0.0094047461,-0.0280469566,-0.0143991950
2022-12-07,-0.0040312594,-0.0023439368,-0.0050666315,0.0082245082,-0.0013072513,-0.0060194150,0.0042243879,-0.0022121700,-0.0046432826,0.0019682246,-0.0075073504,-0.0018623709
2022-12-08,0.0008673797,-0.0044644613,0.0163579941,0.0090243248,0.0059415258,0.0096612111,0.0053899089,0.0073903157,0.0065024871,0.0076264634,-0.0011820813,0.0075217820
2022-12-09,-0.0025995319,-0.0243095980,-0.0061492857,-0.0128071354,-0.0082091948,-0.0043562009,-0.0077145781,-0.0099035940,-0.0051964400,-0.0012613444,0.0020117002,-0.0073495782
2022-12-12,0.0133214783,0.0262457587,0.0218470226,0.0106540551,0.0171596257,0.0025101433,0.0105415988,0.0086441231,0.0228714717,0.0073487886,0.0082666036,0.0142792962
2022-12-13,0.0025725082,0.0189747311,0.0118112705,0.0030832350,0.0037711101,0.0000000000,-0.0014339906,0.0138344744,0.0030365206,0.0186782947,0.0151088033,0.0072896644
2022-12-14,-0.0125430976,-0.0061300674,-0.0084225863,0.0015729875,-0.0018785509,-0.0074400972,-0.0006532507,-0.0107475562,-0.0012384096,-0.0067745476,-0.0103843085,-0.0060527246
2022-12-15,-0.0196303333,-0.0060514164,-0.0374040918,-0.0183440295,-0.0241679632,-0.0164335924,-0.0169865811,-0.0305176129,-0.0121246804,-0.0143229327,-0.0379086702,-0.0249216750
2022-12-16,-0.0076561868,-0.0122936874,-0.0132362238,-0.0145422636,-0.0042630740,-0.0186867482,-0.0049183356,-0.0042810475,-0.0170150497,-0.0252567162,-0.0035223231,-0.0111377508
2022-12-19,-0.0026871373,-0.0001196532,-0.0133344565,-0.0037340024,-0.0052643632,-0.0160546283,-0.0006326496,-0.0129946012,-0.0039768792,-0.0118313255,-0.0205998516,-0.0090075160
2022-12-20,0.0041915359,0.0150918507,0.0015147644,-0.0002232404,0.0012352380,-0.0116439393,-0.0008076068,0.0065764257,0.0002874367,-0.0027537698,0.0065962521,0.0010373384
2022-12-21,0.0155037588,0.0189966981,0.0165593060,0.0131658849,0.0188197144,0.0159389674,0.0099704154,0.0087114178,0.0139264778,0.0103250855,0.0140949120,0.0148679938
2022-12-22,-0.0088079956,-0.0230429594,-0.0252173729,-0.0013948845,-0.0127183584,-0.0256935944,-0.0022679826,-0.0096520477,-0.0060888429,-0.0040403103,-0.0082906966,-0.0144516996
2022-12-23,0.0056282135,0.0318834282,0.0010444042,0.0005880087,0.0059297329,0.0068457663,0.0052147671,0.0069249006,0.0102580358,0.0085909933,0.0081143365,0.0058681025
2022-12-27,-0.0002946046,0.0106822581,-0.0094703703,-0.0025715761,0.0030491331,-0.0162250703,0.0047884109,0.0008912410,0.0062048547,-0.0007100397,-0.0092685525,-0.0040496221
2022-12-28,-0.0035357615,-0.0223888969,-0.0161236956,-0.0064825698,-0.0130712694,-0.0084033302,-0.0124437164,-0.0152690082,-0.0095303658,-0.0169289526,-0.0147708608,-0.0120206383
2022-12-29,0.0138970748,0.0104625672,0.0261877849,0.0108992040,0.0123203363,0.0257406016,0.0042897324,0.0108540045,0.0072164007,0.0222784340,0.0267365571,0.0174613316
2022-12-30,-0.0026245628,0.0063276047,-0.0013639838,-0.0035939171,-0.0039553655,-0.0027026091,-0.0049386283,-0.0070305046,-0.0095530093,-0.0082459863,0.0008517810,-0.0025407425
2023-01-03,0.0035085863,-0.0350976358,-0.0094826080,-0.0028705621,0.0021382069,-0.0059615726,-0.0037561170,-0.0010296206,0.0000000000,0.0017815758,0.0113068747,-0.0040005489
2023-01-04,0.0160253944,-0.0001184787,0.0025962194,0.0026572171,0.0088396768,0.0144872240,0.0039045971,0.0173968162,0.0090778514,0.0214609440,0.0185142815,0.0075389706
2023-01-05,-0.0074560100,0.0182485958,-0.0194206864,-0.0102340971,-0.0107764706,-0.0092900105,-0.0100589714,-0.0158329423,-0.0216473504,-0.0266975073,-0.0009445056,-0.0116455289
2023-01-06,0.0222478892,0.0189688753,0.0292951733,0.0092241041,0.0273876523,0.0234812960,0.0266902253,0.0343630494,0.0201147428,0.0281454142,0.0180768261,0.0228407810
2023-01-09,-0.0036743793,-0.0035403873,0.0116252847,-0.0167315086,-0.0044593219,0.0060573795,-0.0097648338,0.0063455715,0.0067610111,0.0000000000,0.0023209326,-0.0007676325
2023-01-10,0.0056737652,0.0071059324,0.0061815012,0.0083955619,0.0054745714,0.0125685165,-0.0013328621,0.0100149074,0.0002794636,0.0022037412,0.0145881737,0.0069782332
2023-01-11,0.0093091068,0.0030727947,0.0173282887,0.0056499974,0.0096031123,0.0269810096,0.0005340352,0.0156689503,0.0081117846,0.0363427790,0.0112978007,0.0128494246
2023-01-12,0.0019563060,0.0190605118,0.0074325114,-0.0031787475,0.0058833521,0.0016645097,-0.0078691850,0.0037363456,-0.0067977478,0.0108331312,0.0084629462,0.0034159059
2023-01-13,0.0075314051,0.0014472820,0.0028438193,0.0044494692,-0.0011695689,0.0093928151,0.0047050491,0.0061237443,-0.0036318269,-0.0055242519,0.0039162675,0.0039968584
2023-01-17,-0.0066446141,0.0021123917,0.0045211802,-0.0046512053,-0.0084914395,0.0007160432,0.0006689382,-0.0100247665,-0.0014018018,0.0009998464,-0.0064646621,-0.0020304912
2023-01-18,-0.0186733923,-0.0183047057,-0.0128927711,-0.0140928406,-0.0188009968,-0.0130187261,-0.0272762011,-0.0141050445,-0.0240071630,-0.0138735219,-0.0113303268,-0.0155625985
2023-01-19,-0.0116444836,0.0124304835,-0.0116701943,0.0024073770,-0.0205656971,-0.0165964933,-0.0094844117,-0.0077035160,-0.0100687037,-0.0054024470,0.0024962382,-0.0076383503
2023-01-20,0.0158045870,0.0099343267,0.0270568024,0.0050286136,0.0139300755,0.0242466563,0.0077711179,0.0200861050,0.0059576464,0.0124477230,0.0329373078,0.0189184010
2023-01-23,0.0115984819,0.0013262075,0.0227654652,0.0034350805,0.0109102972,0.0156133687,0.0031670149,0.0032616805,0.0002889137,0.0036882930,0.0170939354,0.0118813450
2023-01-24,0.0005593863,-0.0038629821,-0.0004467223,-0.0066234763,0.0065952985,-0.0011333431,0.0041182176,0.0006022840,0.0050539781,0.0030068326,-0.0043093893,-0.0007115031
2023-01-25,0.0078254499,0.0001106092,-0.0020857136,0.0002999020,-0.0055594781,0.0051066667,0.0024605904,0.0020454730,-0.0135059054,-0.0011103032,0.0036788730,-0.0001817251
2023-01-26,0.0052688392,0.0315754359,0.0159716284,0.0018720388,0.0054908233,0.0204645057,-0.0035455002,0.0048036811,0.0033500294,0.0111147257,0.0140147660,0.0110078535
2023-01-27,0.0000000000,-0.0201910189,0.0041871162,-0.0068025693,0.0041697631,0.0226817073,-0.0028740036,-0.0032269858,0.0000000000,0.0102234812,0.0071229390,0.0024948410
2023-01-30,-0.0049654229,-0.0229091620,-0.0190929483,-0.0090321058,-0.0097882486,-0.0170400126,0.0012351346,-0.0068347002,-0.0044998949,-0.0119696766,-0.0147786281,-0.0129687410
2023-01-31,0.0135849409,0.0088624010,0.0139459236,0.0129120146,0.0169745345,0.0229073531,0.0108294598,0.0219728231,0.0074365703,0.0197135430,0.0136073696,0.0146424703
2023-02-01,0.0000000000,-0.0196819589,0.0235362639,0.0047237955,0.0072656250,0.0189642503,0.0080009460,0.0066156333,0.0017368722,0.0064802368,0.0145878700,0.0104523039
2023-02-02,0.0027350664,-0.0227995255,0.0273068844,-0.0067914013,0.0077979830,0.0306229313,-0.0086100670,-0.0031687600,0.0021673564,0.0219980096,0.0544903641,0.0146993732
2023-02-03,-0.0019095667,-0.0022053686,-0.0083242536,-0.0029304941,-0.0052228754,-0.0308016459,-0.0039355562,-0.0180127785,-0.0209053945,-0.0202646500,-0.0202548009,-0.0103546107
2023-02-06,-0.0002730176,-0.0045370138,-0.0122027553,-0.0055768924,-0.0024309143,-0.0014536227,0.0012262761,-0.0110296199,0.0085404799,-0.0061086200,-0.0112946944,-0.0061404630
2023-02-07,0.0114815726,0.0324879382,0.0249927503,0.0064418798,0.0031190776,0.0023160379,-0.0042182109,0.0134560938,-0.0004378673,-0.0017252502,0.0151975642,0.0128725106
2023-02-08,-0.0059459409,-0.0089416472,-0.0120522823,-0.0029366725,-0.0056355547,-0.0085159869,-0.0076524130,-0.0080144066,-0.0167980245,-0.0042126044,-0.0291368645,-0.0110807245
2023-02-09,-0.0111474230,-0.0085654122,-0.0055002997,-0.0087607203,-0.0089896586,-0.0018643636,-0.0044063468,-0.0144698310,-0.0136683050,-0.0116064155,-0.0224566728,-0.0088297962
2023-02-10,0.0032994704,0.0391660199,-0.0046090074,0.0094474660,0.0070992595,-0.0117403718,0.0092667906,0.0036703707,0.0198824691,0.0031825932,-0.0109043340,0.0021952618
2023-02-13,0.0115100031,-0.0025496951,0.0173102488,0.0083025839,0.0091052299,0.0146473790,0.0113747133,0.0052421397,0.0060551885,0.0095176716,0.0108103297,0.0114486093
2023-02-14,-0.0054188099,0.0003333942,0.0042714658,-0.0059135566,-0.0027167472,0.0119743219,-0.0090787815,0.0023042038,-0.0042570146,-0.0087776217,0.0005295278,-0.0002804145
2023-02-15,0.0010898207,-0.0169981997,0.0046712710,-0.0049698846,0.0062264678,0.0117013246,0.0019144687,0.0043555166,0.0064867280,0.0043729643,0.0170386849,0.0027731757
2023-02-16,-0.0100679990,-0.0098328262,-0.0173502263,-0.0099894765,-0.0103451181,-0.0218324322,-0.0072335294,-0.0113238169,-0.0076167650,-0.0085990853,-0.0150883262,-0.0137887415
2023-02-17,0.0002748155,-0.0356122409,-0.0125006665,0.0089437312,0.0065452709,0.0001993970,0.0129227144,-0.0093823700,0.0107749007,-0.0046113789,-0.0030638440,-0.0027674058
2023-02-21,-0.0206100516,-0.0049711100,-0.0237448636,-0.0129557063,-0.0229057110,-0.0334065319,-0.0038003553,-0.0164822744,-0.0186916877,-0.0198543864,-0.0226791217,-0.0200412343
2023-02-22,-0.0011223130,-0.0066608532,-0.0014652114,-0.0033771587,-0.0024835554,0.0050844804,-0.0014986678,0.0075039534,-0.0038689591,-0.0102408731,0.0026023012,-0.0015735561
2023-02-23,0.0008429640,0.0150877224,0.0165808976,0.0026955600,0.0046802963,-0.0008200635,-0.0012276595,0.0011171538,-0.0052286376,0.0061399709,-0.0052995415,0.0053294294
2023-02-24,0.0008416874,-0.0012973758,-0.0178259705,-0.0129042525,-0.0057487889,-0.0157363570,-0.0066942884,0.0066956454,0.0003004316,-0.0170640824,-0.0147874944,-0.0105375515
2023-02-27,-0.0002803643,0.0029529725,0.0053641622,-0.0030348322,0.0088725557,0.0123732880,-0.0011000217,0.0033255560,-0.0067556116,0.0020693534,0.0019867554,0.0030730046
2023-02-28,0.0019635533,-0.0143683918,-0.0021927337,-0.0074148800,-0.0022727114,-0.0006868388,-0.0082612661,0.0045422124,-0.0175334734,-0.0010326355,-0.0004405482,-0.0030360018
2023-03-01,-0.0033595110,0.0197156590,-0.0073248691,-0.0016514965,0.0039615485,-0.0125738468,-0.0073579397,0.0078209210,-0.0164614024,-0.0136670855,-0.0068318557,-0.0047252648
2023-03-02,-0.0047752461,0.0087884307,0.0123228426,0.0061437674,0.0117391948,-0.0033400089,0.0137060890,0.0113979628,0.0189269082,0.0118769544,0.0102073329,0.0075821941
2023-03-03,0.0158058527,0.0135904887,0.0215030277,0.0111946899,0.0108229117,0.0215037836,0.0008278944,0.0142670562,0.0170401948,0.0163406753,0.0188906087,0.0161477372
2023-03-06,0.0008336049,0.0004583821,0.0047808262,-0.0004645502,-0.0018325472,-0.0073132128,0.0026194968,-0.0161939807,0.0048302943,-0.0039629668,0.0000000000,0.0006871668
2023-03-07,-0.0258192203,-0.0174113221,-0.0124280410,-0.0161102200,-0.0128529334,-0.0136324274,-0.0098998886,-0.0197042940,-0.0163737561,-0.0235305120,-0.0125040756,-0.0153269191
2023-03-08,-0.0037046311,-0.0102586966,0.0082698397,-0.0053530658,0.0023495347,-0.0018148998,0.0016664794,0.0049024920,0.0076359724,0.0117578645,-0.0012005337,0.0014147940
2023-03-09,-0.0406178210,-0.0141344228,-0.0143358758,-0.0101306755,-0.0147476455,-0.0238462856,-0.0092886332,-0.0257346913,-0.0080330162,-0.0232425432,-0.0242625169,-0.0184593579
2023-03-10,-0.0181871307,-0.0127835549,-0.0175829684,-0.0073558770,-0.0186358194,-0.0099576329,-0.0048979641,-0.0212822318,-0.0157370889,-0.0328662380,-0.0154569517,-0.0144781385
2023-03-13,-0.0394777758,-0.0203315193,0.0054502582,0.0093435285,-0.0056565468,0.0020984374,0.0050627129,-0.0102326533,0.0153678645,0.0138857983,-0.0015925243,-0.0015097610
2023-03-14,0.0202338217,0.0098824632,0.0230752486,0.0089379027,0.0105648106,0.0169687519,0.0090947787,0.0127942343,0.0131478496,0.0099710662,0.0237009776,0.0164766555
2023-03-15,-0.0266500689,-0.0537002802,0.0005729356,-0.0008701115,-0.0246282457,-0.0014912399,0.0065166131,-0.0324104586,0.0135807996,-0.0017842178,0.0089044863,-0.0069808836
2023-03-16,0.0191022808,0.0108584491,0.0280519510,0.0093413423,0.0128827117,0.0180617426,0.0006890973,0.0114728362,0.0066994164,0.0002382349,0.0241616387,0.0175620062
2023-03-17,-0.0321775824,-0.0157290433,-0.0013920768,-0.0128626672,-0.0163818150,-0.0127822086,-0.0072964951,-0.0155147650,-0.0096125085,-0.0223970824,-0.0087256946,-0.0110194573
2023-03-20,0.0111266525,0.0200197966,0.0026966184,0.0126743663,0.0132435504,0.0043293572,0.0138646236,0.0205764282,0.0078218451,0.0113333354,0.0068463621,0.0089184037
2023-03-21,0.0253447828,0.0346202657,0.0080818991,0.0060650118,0.0115837248,0.0276282577,-0.0008245434,0.0121205071,-0.0201489868,-0.0056634164,0.0210468950,0.0129821939
2023-03-22,-0.0231538086,-0.0212713618,-0.0099525553,-0.0151100673,-0.0191529710,-0.0222785704,-0.0092160889,-0.0177701382,-0.0196499728,-0.0347793788,-0.0184987766,-0.0164632238
2023-03-23,-0.0067263776,-0.0138536092,0.0162655144,-0.0019078021,-0.0028927652,-0.0010549653,-0.0038869821,-0.0011795185,-0.0102546988,-0.0059217071,0.0159396636,0.0029845287
2023-03-24,-0.0006449949,0.0038667953,0.0026101414,0.0138579230,0.0041446765,-0.0032385039,0.0170034600,0.0081375008,0.0312403420,0.0248952527,0.0031160844,0.0056398073
2023-03-27,0.0138754329,0.0213119655,-0.0077417576,0.0040848328,0.0083582200,0.0020483061,0.0053443925,0.0074206742,0.0012175417,-0.0013632866,-0.0042408877,0.0016469543
2023-03-28,-0.0003183531,0.0154618565,-0.0046954035,-0.0060240159,0.0051166130,-0.0011982653,0.0017724106,0.0047817843,0.0027368892,-0.0032266848,-0.0089437434,-0.0015738435
2023-03-29,0.0146450060,0.0138647675,0.0209506541,0.0027547666,0.0145590985,0.0189837223,0.0055789208,0.0138905777,0.0145566042,0.0224105511,0.0135366837,0.0142372689
2023-03-30,-0.0021961869,0.0043957586,0.0116192155,0.0054159910,0.0021075269,0.0087265139,0.0028414391,0.0068502395,0.0043340496,0.0125425994,0.0039219854,0.0057152694
2023-03-31,0.0110061148,0.0069291988,0.0143069673,0.0106956479,0.0132184675,0.0267074713,0.0080960216,0.0162531801,0.0072919640,0.0210461749,0.0206947469,0.0144365425
2023-04-03,0.0018661852,0.0452734833,-0.0015895268,0.0112003547,0.0017789092,-0.0091613977,0.0052203692,0.0063226626,-0.0067957697,-0.0078915237,0.0026896560,0.0036988465
2023-04-04,-0.0093137946,-0.0181335047,-0.0055049599,0.0001526084,-0.0223954906,-0.0016195673,-0.0019974071,-0.0144142751,0.0050571953,-0.0007124658,0.0006189308,-0.0057969721
2023-04-05,-0.0012536066,0.0150571239,-0.0114046652,0.0172612576,-0.0130182605,-0.0204823773,0.0046699072,-0.0022500521,0.0258990257,-0.0054650501,-0.0035054311,-0.0024923705
2023-04-06,0.0037652881,-0.0151813651,0.0056671573,0.0024780192,-0.0003068405,0.0002068523,0.0007968407,-0.0023801793,0.0070685296,0.0060922929,0.0145885237,0.0035791631
2023-04-10,0.0021882627,0.0080018736,-0.0005366330,-0.0006745203,0.0091031658,0.0044158637,0.0000000000,0.0047720221,-0.0020052066,0.0048683089,-0.0006117181,0.0009963030
2023-04-11,0.0087336879,0.0094558733,-0.0093969043,0.0033726443,0.0059800361,0.0015800397,0.0029193492,0.0077488832,0.0008611872,0.0053172599,-0.0012245075,-0.0000413525
2023-04-12,-0.0021645799,0.0006939392,-0.0056914149,0.0002989273,0.0033248066,-0.0155006896,-0.0044986287,0.0007442915,-0.0010038439,-0.0049365596,-0.0114425331,-0.0041348841
2023-04-13,0.0089866959,0.0062404364,0.0186031617,0.0129924752,0.0037156233,0.0220845350,0.0055822224,0.0102860095,0.0001435417,-0.0028348019,0.0209796925,0.0132626900
2023-04-14,0.0098279049,0.0018377205,-0.0055524665,-0.0080346149,-0.0012004006,0.0012947919,-0.0063441732,-0.0072372195,-0.0111957358,-0.0161100354,-0.0023281779,-0.0020693735
2023-04-17,0.0115571318,-0.0118079265,0.0036324285,-0.0008174161,0.0079132897,0.0070798293,0.0063846787,0.0058073154,0.0055158593,0.0216712680,-0.0062906488,0.0033061569
2023-04-18,0.0030068698,0.0039443118,0.0030832893,-0.0068420170,0.0047705039,0.0016222966,0.0030398750,0.0041770568,-0.0051967193,-0.0018855112,-0.0055134179,0.0008552203
2023-04-19,0.0023976944,-0.0034665960,-0.0028731850,0.0030701167,-0.0007912695,-0.0009449655,-0.0006588348,-0.0028138262,0.0076909397,0.0049586090,-0.0063657298,-0.0000842620
2023-04-20,-0.0029901442,-0.0088125208,-0.0065676432,-0.0041059377,-0.0017819641,-0.0154013033,0.0023733910,-0.0011041347,-0.0002878113,-0.0102206960,-0.0098158674,-0.0059525482
2023-04-21,-0.0035991513,-0.0058492395,-0.0032380370,0.0067465024,-0.0022806267,0.0110459699,0.0072347900,-0.0088432405,0.0028810629,0.0020176824,0.0025043061,0.0009031889
2023-04-24,-0.0024083432,0.0152975413,-0.0043988926,0.0055846000,0.0023852104,-0.0001362990,0.0040486531,0.0068156978,0.0050273306,-0.0028429590,-0.0014571823,0.0008515792
2023-04-25,-0.0171997193,-0.0187760481,-0.0213447223,-0.0106627242,-0.0184432178,-0.0198165561,-0.0013007019,-0.0216617476,-0.0010005208,-0.0105723571,-0.0155321910,-0.0158108589
2023-04-26,-0.0095180214,-0.0133475355,0.0148641242,-0.0142203249,-0.0188905158,-0.0051232650,-0.0078145925,-0.0118252411,-0.0234620047,-0.0078042942,-0.0094239141,-0.0038411872
2023-04-27,0.0161189549,0.0035917174,0.0212171150,0.0052386993,0.0197691922,0.0263759855,0.0111579946,0.0136218260,0.0120128170,0.0245644711,0.0503473734,0.0195661497
2023-04-28,0.0118977176,0.0155071941,0.0108571206,0.0085347728,0.0096931354,0.0025767013,0.0053225353,0.0116805653,-0.0014476520,0.0119286011,0.0066150911,0.0082532028
2023-05-01,-0.0027134098,-0.0112767037,0.0005966548,0.0051673569,0.0053998603,-0.0098744694,0.0007746053,-0.0004964854,0.0017395422,-0.0088702946,-0.0007078308,-0.0003861065
2023-05-02,-0.0226723184,-0.0434833728,-0.0093427752,-0.0043214252,-0.0104435568,0.0010247351,-0.0027094502,-0.0096883925,-0.0121560766,-0.0170749055,-0.0192228138,-0.0115862629
2023-05-03,-0.0114445977,-0.0188797531,-0.0084274381,-0.0013466243,-0.0038194732,-0.0079153656,-0.0081509732,-0.0110372566,-0.0027838456,-0.0047922263,-0.0039198983,-0.0069983051
2023-05-04,-0.0128284870,-0.0111405649,-0.0047890805,-0.0079425779,-0.0108969443,-0.0077032857,-0.0024787078,-0.0064681094,0.0076392648,0.0081860737,-0.0162594993,-0.0072187323
2023-05-05,0.0247227352,0.0271413055,0.0250781108,0.0089877501,0.0150971623,0.0202397172,0.0092847584,0.0168498485,0.0064152235,0.0165970911,0.0131594434,0.0184747514
2023-05-08,0.0015465891,0.0000000000,-0.0005293458,-0.0021708424,-0.0036176879,0.0033969531,-0.0029801150,-0.0032640259,-0.0030423746,-0.0056379308,0.0100787309,0.0004521287
2023-05-09,-0.0037060448,0.0003738500,-0.0076739566,-0.0066765679,0.0022189887,-0.0002709466,-0.0031190179,-0.0090682202,-0.0013078887,-0.0046067243,-0.0081267191,-0.0045794213
2023-05-10,-0.0055795903,-0.0113378850,0.0122000127,0.0027941934,-0.0036227842,0.0050795556,-0.0015641709,0.0006358731,0.0091666598,0.0096120545,0.0094379590,0.0044839653
2023-05-11,-0.0015587668,-0.0119725421,-0.0044784127,-0.0030877507,-0.0060600352,0.0046498310,0.0030027455,-0.0097803433,-0.0102366354,-0.0109311410,0.0086304765,-0.0016966240
2023-05-12,-0.0040585189,0.0015304136,-0.0013233788,-0.0013596051,0.0007113066,-0.0084514135,0.0039054794,0.0017958457,0.0055355105,0.0002379112,0.0004074087,-0.0015833068
2023-05-15,0.0081503041,0.0050944108,0.0082810186,-0.0017401361,0.0048740058,0.0012853005,-0.0024638153,0.0084505522,-0.0126034439,-0.0016634087,0.0043783828,0.0029581644
2023-05-16,-0.0093283378,-0.0245818690,0.0010509894,-0.0083357747,-0.0135405790,-0.0040535498,-0.0084492840,-0.0165056961,-0.0221535945,-0.0243959924,-0.0004054675,-0.0063776834
2023-05-17,0.0200880503,0.0192256639,0.0133239087,0.0012227499,0.0172094247,0.0208248928,-0.0005245480,0.0065838630,-0.0036008981,0.0129300315,0.0135902731,0.0118908291
2023-05-18,0.0073847833,0.0072649057,0.0204676570,-0.0024425132,0.0072507566,0.0155491128,-0.0048526477,0.0058997609,-0.0030117724,-0.0044556036,0.0160096261,0.0094450487
2023-05-19,-0.0042763290,0.0077186502,-0.0004441940,0.0046672139,-0.0023996805,-0.0083753073,0.0006590084,0.0025501497,-0.0015102128,-0.0013307352,-0.0078786006,-0.0014458676
2023-05-22,0.0018404249,-0.0041435610,0.0019051286,0.0009899761,-0.0002003141,-0.0031012428,-0.0151476506,-0.0052142715,0.0003024357,0.0062986020,0.0102241991,0.0001550347
2023-05-23,-0.0116349808,0.0107174266,-0.0147677110,-0.0109554544,-0.0120288719,-0.0091342802,-0.0073559636,-0.0154691707,-0.0034780095,-0.0107126360,-0.0121843068,-0.0112220267
2023-05-24,-0.0130112469,0.0043662380,-0.0073335481,-0.0068462350,-0.0128855514,-0.0036738713,-0.0064672622,-0.0114269870,-0.0065249738,-0.0204404632,-0.0061672190,-0.0073186003
2023-05-25,-0.0003138935,-0.0177616826,0.0383644876,-0.0102238107,0.0032892733,-0.0044920913,-0.0075941402,-0.0035469130,-0.0134413710,0.0001242309,-0.0017016876,0.0087575813
2023-05-26,0.0081634157,-0.0039201522,0.0283965949,-0.0020346165,0.0074785547,0.0235047567,0.0034160499,0.0050091775,0.0000000000,0.0115498837,0.0171445872,0.0130490868
2023-05-30,-0.0003116373,-0.0102833009,0.0053403691,-0.0061946834,-0.0015252902,0.0067119747,-0.0114395286,-0.0053776253,-0.0038706182,0.0042971912,0.0013799842,0.0000166033
2023-05-31,-0.0105918361,-0.0175730742,-0.0083301472,0.0086004101,-0.0136470888,-0.0090202420,0.0011023105,-0.0106818751,0.0091701426,0.0052566751,-0.0009843113,-0.0061086242
2023-06-01,0.0107052240,0.0124037688,0.0101656299,0.0065711107,0.0128035421,0.0118064508,-0.0008255644,0.0133300046,-0.0073925731,0.0006080614,0.0118238405,0.0098544536
2023-06-02,0.0218072661,0.0304359271,0.0057245209,0.0128234658,0.0290546970,0.0234682093,0.0137721536,0.0335436334,0.0103957839,0.0223627390,0.0045769224,0.0145344247
2023-06-05,-0.0051831383,-0.0066331293,-0.0057519321,0.0036065532,-0.0069348612,0.0029935877,-0.0036681084,-0.0007633923,0.0047602159,-0.0066573922,0.0022293998,-0.0020035816
2023-06-06,0.0125650129,0.0080634848,-0.0002410856,-0.0083340309,0.0062850482,0.0104146943,-0.0050448702,0.0063684628,-0.0007641725,0.0086165588,0.0060935214,0.0023538963
2023-06-07,0.0039348187,0.0264965653,-0.0149488427,-0.0039319821,0.0160602597,-0.0067875342,-0.0032889096,0.0118971832,0.0169777189,0.0156884323,-0.0070179322,-0.0038120097
2023-06-08,-0.0009045507,-0.0042614050,0.0108309930,0.0064246780,0.0017562498,0.0148071233,0.0068744856,-0.0036271422,0.0043616169,-0.0051641135,0.0022267471,0.0061886426
2023-06-09,0.0003018303,-0.0055027080,0.0049639860,0.0030762829,-0.0026295615,0.0051753182,-0.0016387303,-0.0082854708,-0.0058399981,-0.0061351656,0.0007727833,0.0011480595
2023-06-12,-0.0003017392,-0.0095906151,0.0217455845,0.0036038496,0.0071286495,0.0171837856,-0.0002735320,0.0045570681,-0.0018076586,0.0011870061,0.0110038685,0.0093211488
2023-06-13,0.0060350297,0.0047175686,0.0060724656,0.0050423258,0.0116359582,0.0103676225,0.0041047872,0.0231854981,-0.0001507575,0.0073512205,0.0055374762,0.0069324900
2023-06-14,-0.0038994120,-0.0102558165,0.0103136183,-0.0102622230,-0.0026837794,-0.0007241502,0.0061314991,-0.0041869446,-0.0006037562,0.0050613367,0.0002850004,0.0008194255
2023-06-15,0.0132492151,0.0109863944,0.0128761872,0.0155146440,0.0150887639,0.0065237785,0.0100215308,0.0085330444,0.0108728430,0.0052697824,0.0150924664,0.0121781374
2023-06-16,-0.0020801931,-0.0014816551,-0.0082460296,-0.0000757310,-0.0016096230,-0.0015004165,0.0012069121,0.0024523850,0.0053778536,-0.0003493492,-0.0069196961,-0.0036716195
2023-06-20,-0.0074784129,-0.0223821839,-0.0067581557,-0.0011240477,-0.0074264727,0.0074916966,-0.0076068392,-0.0135337057,-0.0117278835,-0.0104882667,-0.0075330406,-0.0047351077
2023-06-21,-0.0012056630,0.0079122879,-0.0147965817,0.0001520099,0.0055637880,-0.0120147925,0.0035335113,0.0032398253,0.0080326685,-0.0043574803,-0.0123340200,-0.0052452816
2023-06-22,-0.0078453039,-0.0134212258,0.0081595991,0.0068421513,-0.0072499749,0.0127660062,0.0058233116,-0.0023600077,-0.0076679927,-0.0146677528,0.0067245027,0.0037107984
2023-06-23,-0.0042578356,-0.0071867087,-0.0108502911,-0.0033223199,-0.0075908919,-0.0115896800,-0.0065972585,-0.0080926562,-0.0146969532,-0.0127251988,-0.0028626366,-0.0076588088
2023-06-26,-0.0021381128,0.0179678484,-0.0071746592,-0.0056817097,0.0083267976,-0.0128134719,0.0013552291,0.0104180837,0.0098417638,0.0227385502,-0.0083254789,-0.0044868383
2023-06-27,0.0079582894,0.0022857808,0.0197087144,-0.0022858782,0.0120029662,0.0214900462,0.0029778050,0.0141614035,0.0003043213,0.0120080344,0.0159221093,0.0114558550
2023-06-28,-0.0024294502,0.0101355029,0.0005855027,-0.0032070838,0.0000000000,0.0039559072,-0.0067477775,-0.0068593688,-0.0147662475,0.0015275225,0.0083586584,-0.0003540767
2023-06-29,0.0173516157,0.0115388233,0.0017561181,0.0065117547,0.0096785127,0.0010746751,-0.0009509807,0.0125801279,0.0000000000,0.0100875579,-0.0046561795,0.0044735447
2023-06-30,0.0086775365,0.0064475239,0.0158935822,0.0102755111,0.0085517154,0.0127028391,0.0087038580,0.0093789845,0.0111248322,0.0049937426,0.0087295367,0.0122690045
2023-07-03,0.0056364136,0.0023410764,-0.0021281908,-0.0082121596,0.0001863153,0.0120724982,0.0078200041,0.0037405121,0.0074878521,0.0085510031,0.0043269586,0.0011706778
2023-07-05,-0.0020650091,-0.0055308242,-0.0061676284,-0.0005317935,-0.0054033258,0.0004072455,-0.0017391574,-0.0246451482,0.0113754998,0.0034371750,0.0055258524,-0.0019683184
2023-07-06,-0.0085722508,-0.0224943286,-0.0026679006,-0.0079802321,-0.0074934216,-0.0161113005,-0.0025461714,-0.0072722781,-0.0121475028,-0.0079929166,-0.0095939038,-0.0079225113
2023-07-07,0.0014905149,0.0214945582,-0.0043617002,-0.0116459967,0.0022648562,0.0012414221,-0.0130323671,0.0086911146,-0.0072869879,-0.0026472311,0.0000000000,-0.0028651005
2023-07-10,0.0044659614,0.0077979091,0.0026285757,0.0079071218,0.0142186857,0.0030700719,-0.0002725646,-0.0002459279,-0.0042820625,0.0041547133,-0.0015987734,0.0024050261
2023-07-11,0.0118549766,0.0219847565,0.0021554661,0.0002307071,0.0117909209,0.0083584585,0.0014981051,0.0098496844,0.0124404789,0.0134467132,0.0168613625,0.0067422111
2023-07-12,0.0064442731,0.0092538302,0.0113352626,-0.0026914142,-0.0017434733,0.0089896288,0.0023112068,0.0131676060,0.0145630478,0.0054435002,0.0133395715,0.0074112335
2023-07-13,0.0034924241,-0.0038105081,0.0130474145,0.0003856049,0.0012868774,0.0093723449,0.0042053043,0.0078219265,0.0034391570,0.0069929348,0.0137123395,0.0084701535
2023-07-14,-0.0066704006,-0.0264164786,-0.0014749988,0.0150289599,-0.0029378625,0.0025792654,0.0033767432,-0.0058508303,-0.0038743991,-0.0014561631,-0.0097393382,-0.0010244071
2023-07-17,0.0096348938,-0.0019642806,0.0127846660,-0.0045557089,0.0037750532,0.0040588715,-0.0029615470,0.0009609129,-0.0115179625,-0.0067301555,-0.0041890444,0.0038553825
2023-07-18,0.0112781668,0.0100871516,0.0113331939,0.0073986684,0.0055952485,0.0040995327,-0.0010803079,0.0077993041,-0.0077181407,-0.0058723913,0.0085963815,0.0071172752
2023-07-19,0.0042893801,0.0058458847,-0.0024965199,0.0046189995,-0.0004559738,0.0035157649,0.0101379727,-0.0053577835,0.0102180493,0.0110190104,0.0038985078,0.0023579103
2023-07-20,0.0074031705,0.0117448337,-0.0199656222,0.0165811861,0.0044715270,-0.0340735921,0.0085642031,0.0023940855,0.0182667191,-0.0030335258,-0.0186954854,-0.0067568962
2023-07-21,-0.0033917383,0.0088559343,-0.0005105921,0.0100831013,-0.0047241121,0.0002340818,0.0034497016,0.0001194859,0.0149742091,0.0046206948,-0.0093881693,0.0003240945
2023-07-24,0.0096426305,0.0161329613,0.0017601054,-0.0022020953,0.0022821154,0.0065503799,0.0038342468,0.0031043331,-0.0026292238,0.0080771277,-0.0002786684,0.0040341539
2023-07-25,-0.0064604335,0.0052529886,0.0114486349,-0.0004412022,-0.0012750399,-0.0023242230,-0.0002634058,0.0179739049,0.0017572939,-0.0070108821,-0.0014869632,0.0028146734
2023-07-26,0.0059369927,0.0003484993,-0.0134485475,-0.0006626858,0.0070214545,-0.0002330457,0.0011856382,-0.0033907974,0.0000000000,0.0051552081,0.0156364743,-0.0001554389
2023-07-27,-0.0126475235,-0.0063848807,-0.0028966036,-0.0073643299,-0.0086025443,-0.0103691716,-0.0088168366,-0.0064531406,-0.0176898172,-0.0219645792,0.0042158224,-0.0064246661
2023-07-28,0.0019927078,0.0030375973,0.0136142918,0.0029676339,0.0062111218,0.0169531635,0.0103557567,0.0069674060,-0.0022326094,-0.0019378751,0.0248218318,0.0098778428
2023-07-31,0.0036930585,0.0189868000,0.0023040132,-0.0076928400,0.0023601622,0.0056725506,-0.0045989153,0.0052773570,0.0004474961,0.0057109262,0.0028496016,0.0014687129
2023-08-01,0.0000000000,-0.0046869854,0.0016822583,-0.0052181352,0.0029885454,-0.0113388885,-0.0054128092,-0.0044331364,-0.0122261308,-0.0019307993,-0.0039957257,-0.0026650876
2023-08-02,-0.0084913460,-0.0130928137,-0.0247410805,0.0006746327,-0.0104739861,-0.0179309275,0.0035839026,-0.0124208532,0.0000000000,-0.0058033223,-0.0190783732,-0.0138395413
2023-08-03,0.0005709378,0.0101244236,-0.0040752015,-0.0050171044,-0.0062961887,0.0023712990,-0.0027776470,-0.0061699111,-0.0227924770,-0.0109878377,-0.0033625409,-0.0025479738
2023-08-04,-0.0039942838,0.0013826256,-0.0136007206,-0.0035374466,-0.0060605905,0.0145484985,-0.0099468271,-0.0022685329,-0.0115847271,-0.0076379390,-0.0018238774,-0.0053000742
2023-08-07,0.0140364012,0.0011504522,0.0028043900,0.0115555870,0.0122874564,0.0102592396,0.0081714406,0.0065814212,-0.0001562534,0.0121281891,0.0141604456,0.0090240928
2023-08-08,-0.0090398615,0.0049413756,-0.0076904146,0.0076909369,-0.0045630346,-0.0079624557,-0.0071752043,-0.0105799655,0.0046889220,-0.0066826222,-0.0021619656,-0.0042182830
2023-08-09,-0.0074117260,0.0125785662,-0.0129170274,-0.0002965084,-0.0005501969,-0.0118655203,0.0014723307,-0.0040852787,0.0021780033,0.0004638952,-0.0148054999,-0.0070387304
2023-08-10,0.0008618015,-0.0001126809,0.0001190551,-0.0006670444,-0.0027522064,0.0024137311,-0.0020045407,0.0007238774,-0.0031045972,-0.0038261971,0.0037571075,0.0002507139
2023-08-11,0.0020083735,0.0153601955,-0.0073747046,0.0062300625,0.0016557639,-0.0034059774,0.0016068979,-0.0027726936,0.0054499326,0.0019785692,-0.0045646165,-0.0010696924
2023-08-14,-0.0020043480,-0.0042271036,0.0159376649,0.0030223010,0.0003674775,0.0030639249,-0.0049465240,0.0021760948,-0.0078983776,-0.0069692778,0.0059610170,0.0057504758
2023-08-15,-0.0183646000,-0.0207773356,-0.0098490533,-0.0036744345,-0.0127605998,-0.0136277030,-0.0107483750,-0.0162848831,-0.0162346826,-0.0119314138,-0.0096636922,-0.0115509094
2023-08-16,-0.0014615574,-0.0086699528,-0.0095300366,-0.0075971583,-0.0055792109,-0.0123870710,-0.0023088081,-0.0067441460,0.0044429661,-0.0113646807,-0.0113226233,-0.0075553952
2023-08-17,-0.0049764515,0.0119679987,-0.0095015540,-0.0079526097,-0.0084159932,-0.0169439412,-0.0096650566,-0.0019754471,-0.0022115908,-0.0069454868,-0.0116386658,-0.0077129130
2023-08-18,-0.0002940857,0.0098929174,0.0015177700,0.0003749255,0.0018860941,-0.0022695689,0.0037111523,-0.0001237723,0.0052249159,0.0024116125,-0.0055582756,-0.0001487068
2023-08-21,-0.0011773953,-0.0063054644,0.0190955621,0.0010483524,-0.0012235857,0.0114963202,-0.0067105337,0.0001237876,-0.0063003427,-0.0087812238,0.0050207034,0.0068791885
2023-08-22,-0.0094282619,-0.0077053835,-0.0011300721,-0.0035160960,-0.0023560997,0.0014588291,-0.0056526582,-0.0008657063,0.0028530141,0.0032768021,-0.0013194539,-0.0027774667
2023-08-23,0.0098155603,-0.0025124765,0.0180443281,0.0030029976,0.0102965629,0.0080109233,0.0066554031,0.0016094336,0.0039513822,0.0160878714,0.0150070381,0.0110448800
2023-08-24,-0.0035346006,-0.0068687339,-0.0230478243,-0.0086826731,-0.0121551502,-0.0195676819,-0.0079890002,-0.0042028392,-0.0058250078,-0.0042857841,-0.0196205751,-0.0134579747
2023-08-25,0.0047295177,0.0096829873,0.0101790184,0.0073241750,0.0084239729,0.0111767212,0.0055539670,0.0029792549,0.0076010519,0.0017936759,0.0007588963,0.0067179660
2023-08-28,0.0055899826,0.0067358044,0.0081798910,0.0023237964,0.0081659977,0.0040079955,0.0045570435,0.0073017795,-0.0001572686,0.0083538615,0.0122261964,0.0062646198
2023-08-29,0.0090696070,0.0027217848,0.0200481356,0.0089737176,0.0076343079,0.0249822727,0.0035737106,0.0165871142,0.0037726132,0.0120726330,0.0208801544,0.0145083072
2023-08-30,0.0005797607,0.0049760776,0.0075503773,-0.0007410151,0.0045275230,0.0043077348,0.0016435401,0.0022961079,-0.0045412260,0.0037423131,0.0042190128,0.0038331821
2023-08-31,-0.0037667826,0.0006754282,0.0048623713,-0.0119418569,-0.0045071169,0.0031145403,-0.0050595970,-0.0004823197,-0.0095957428,-0.0057090999,-0.0007306118,-0.0015969365
2023-09-01,0.0090166124,0.0204677371,0.0030741166,0.0027023682,0.0052665182,-0.0060922210,-0.0085208971,0.0112197090,-0.0050826374,0.0005859496,-0.0053012583,0.0017991293
2023-09-05,-0.0100892220,0.0052899004,0.0035755222,-0.0103314899,-0.0168199065,0.0007072254,-0.0085945857,-0.0184918468,-0.0153256743,-0.0124136404,-0.0022970172,-0.0041941776
2023-09-06,-0.0005824096,0.0004385438,-0.0105751592,-0.0054468649,-0.0043003168,-0.0088932865,-0.0011184433,-0.0021879974,0.0022697448,-0.0020158739,-0.0034998355,-0.0069715994
2023-09-07,-0.0026224871,-0.0009863139,-0.0144604746,0.0044878284,-0.0032859131,0.0027929857,0.0023797008,-0.0045073797,0.0131026166,0.0065351305,-0.0043437285,-0.0032112659
2023-09-08,0.0020452182,0.0096523332,0.0020878012,0.0000000000,-0.0049925819,0.0000000000,0.0012565515,0.0009790213,0.0087817520,-0.0050761762,0.0013922680,0.0014266227
2023-09-11,0.0046644767,-0.0131450775,0.0052086284,0.0068907805,0.0002841706,0.0269036801,0.0086470991,0.0042786214,0.0041150689,0.0000000000,0.0124213149,0.0067234531
2023-09-12,0.0066743881,0.0235579737,-0.0181356924,-0.0012785976,-0.0035963610,-0.0090600714,-0.0085729678,-0.0023126975,0.0012611277,0.0011864427,-0.0070499997,-0.0056958856
2023-09-13,0.0000000000,-0.0075286593,0.0025213537,0.0001505448,-0.0066490578,0.0079200827,0.0030685750,-0.0058565318,0.0119646375,-0.0106659166,0.0000000000,0.0012416323
2023-09-14,0.0092245370,0.0117038530,0.0072528165,0.0031621720,0.0098488441,0.0098219034,0.0101499521,0.0141137800,0.0146236994,0.0185672784,0.0123558835,0.0084299189
2023-09-15,-0.0051413753,-0.0144603919,-0.0192207389,-0.0078802697,-0.0057759112,-0.0171072601,-0.0082585364,-0.0111338241,-0.0042932238,-0.0052921908,-0.0129338378,-0.0121596129
2023-09-18,0.0027397002,0.0084742088,0.0048062821,-0.0015193736,0.0011092096,-0.0108756864,-0.0003493550,-0.0041566262,-0.0007450874,-0.0078032927,0.0011073530,0.0007212877
2023-09-19,-0.0011503339,-0.0093366667,-0.0005316400,0.0008367903,-0.0042028235,-0.0050109746,-0.0023764669,-0.0008642354,-0.0054374675,-0.0045279994,0.0008296688,-0.0021510106
2023-09-20,-0.0069104107,-0.0093147453,-0.0157155324,0.0000760359,-0.0039330366,-0.0099543177,0.0009810050,-0.0105055513,0.0009372464,0.0010772963,-0.0134462282,-0.0093947948
2023-09-21,-0.0165266031,-0.0137170087,-0.0152460238,-0.0087406038,-0.0163712048,-0.0272908677,-0.0128782046,-0.0201100499,-0.0104556766,-0.0352745514,-0.0143766376,-0.0164009341
2023-09-22,-0.0076650096,0.0016821562,0.0021334070,-0.0020703615,-0.0034265010,-0.0098443077,-0.0053883961,-0.0010196532,-0.0018924599,-0.0060734245,-0.0023678741,-0.0022955985
2023-09-25,0.0023767728,0.0125407930,0.0032236213,0.0054553744,0.0050101086,0.0061518619,-0.0035642922,0.0079112250,-0.0014219870,-0.0018702284,0.0006645993,0.0040230651
2023-09-26,-0.0133373218,-0.0057503274,-0.0180066075,-0.0084823791,-0.0152492566,-0.0182189683,-0.0074402894,-0.0144323281,-0.0299049715,-0.0184483240,-0.0107209579,-0.0147345340
2023-09-27,-0.0015019634,0.0249138327,0.0015434160,-0.0050095512,0.0074449586,-0.0038372483,-0.0082165253,-0.0001285294,-0.0192464906,-0.0072091983,0.0035483666,0.0002293141
2023-09-28,0.0072199932,0.0010849897,0.0070893854,0.0048023809,0.0042368390,0.0111771049,0.0030519931,0.0107914491,-0.0216198090,0.0098544225,0.0111993246,0.0058931740
2023-09-29,-0.0092592449,-0.0201626245,0.0034277156,-0.0075544987,-0.0052982844,0.0053082384,-0.0028980769,-0.0016521312,0.0016997902,0.0033386496,-0.0025598232,-0.0027095821
2023-10-02,-0.0084412333,-0.0199136857,0.0107362235,-0.0013983144,-0.0097652345,0.0008074919,-0.0068305622,-0.0132401505,-0.0464959356,-0.0184283220,0.0058938702,0.0000793676
2023-10-03,-0.0158104042,-0.0006772295,-0.0169592521,-0.0088676252,-0.0069727799,-0.0243312564,-0.0071698759,-0.0027091927,0.0115679985,-0.0194261487,-0.0130424878,-0.0137440717
2023-10-04,0.0074143522,-0.0314015758,0.0124631356,0.0042381509,0.0032099547,0.0197214606,0.0079587420,0.0117723166,-0.0010556388,0.0109025883,0.0089056382,0.0081097550
2023-10-05,0.0045998498,-0.0061810331,0.0013339468,0.0054704407,-0.0058994195,-0.0049908416,-0.0197397213,-0.0121465784,-0.0058119664,0.0076285402,-0.0007593351,-0.0013040302
2023-10-06,0.0085469982,0.0059846753,0.0187125451,0.0104928554,0.0136793365,0.0070223424,-0.0055190394,0.0094483587,0.0141718649,0.0020883424,0.0178571882,0.0118148930
2023-10-09,0.0006052228,0.0333603952,0.0051717089,0.0034612996,0.0156777965,0.0010584358,0.0008999012,0.0012821614,0.0099563509,0.0127654620,0.0113847994,0.0063038543
2023-10-10,0.0072597266,0.0012417130,0.0015379455,0.0047522560,0.0060569682,0.0109463495,0.0101903882,0.0106287658,0.0136631031,0.0032156433,0.0043367313,0.0052079908
2023-10-11,0.0015014526,-0.0128522495,0.0092705463,-0.0044247655,0.0060206563,0.0035684938,-0.0068237493,0.0024077257,0.0162087979,0.0184612903,0.0074414552,0.0042930082
2023-10-12,-0.0062969930,0.0011420568,0.0009361130,-0.0085823096,-0.0090733550,-0.0109119003,-0.0109037732,-0.0149161603,-0.0154467223,-0.0156090873,-0.0116725994,-0.0062464343
2023-10-13,0.0021122187,0.0220169127,-0.0143207899,0.0062606404,-0.0088643789,-0.0146897174,0.0087584073,-0.0037212549,0.0112552355,-0.0010230968,-0.0130099040,-0.0050188589
2023-10-16,0.0105389530,0.0066971679,0.0096068803,0.0075275319,0.0106144300,0.0161665967,0.0103294952,0.0097887484,0.0102867712,0.0115206102,0.0157991387,0.0105943694
2023-10-17,0.0047678298,0.0104224135,-0.0046403270,-0.0013725316,0.0031119358,0.0023524312,0.0042968894,0.0098215880,-0.0026706921,-0.0027838824,0.0058898304,-0.0000982451
2023-10-18,-0.0172006465,0.0091080782,-0.0102679149,-0.0087026959,-0.0241396174,-0.0234684280,0.0036885171,-0.0258937672,-0.0087029924,-0.0218274922,-0.0183896142,-0.0133998205
2023-10-19,-0.0132768289,-0.0017400054,-0.0057238411,-0.0098575563,-0.0092388925,-0.0255502712,-0.0073496822,-0.0116699437,-0.0099612941,-0.0238715603,-0.0001866751,-0.0084828482
2023-10-20,-0.0152905698,-0.0167755627,-0.0169104136,-0.0039668912,-0.0103281467,-0.0155113426,-0.0038501539,-0.0120702954,-0.0104023393,-0.0065121993,-0.0111867087,-0.0125852837
2023-10-23,-0.0062111636,-0.0161753025,0.0011589044,-0.0062468726,-0.0046604579,0.0011865318,-0.0019327313,-0.0111554597,-0.0084438457,-0.0094984478,0.0033942096,-0.0016855699
2023-10-24,0.0068750625,-0.0140768293,0.0068848168,0.0030644657,0.0075325768,0.0106669531,0.0084896764,0.0118182918,0.0257212094,0.0118853957,0.0141877092,0.0072657922
2023-10-25,-0.0037246194,-0.0018275566,-0.0117995611,-0.0089307163,-0.0128310021,-0.0201965576,0.0033969712,-0.0116802512,0.0055912432,-0.0218900241,-0.0441914030,-0.0143396286
2023-10-26,-0.0021806520,-0.0077811694,-0.0191047252,-0.0098805320,-0.0041959613,-0.0156261271,-0.0064763398,0.0069835999,0.0085932776,0.0197872732,-0.0218086994,-0.0118325198
2023-10-27,-0.0181078968,-0.0239880079,0.0058054875,-0.0169247906,-0.0088385769,0.0104702503,-0.0136294869,-0.0004002399,-0.0188775343,-0.0148534613,-0.0020807733,-0.0048002802
2023-10-30,0.0178059557,0.0033084496,0.0107373315,0.0056032670,0.0124429212,0.0091582583,0.0156204224,0.0102735749,0.0076622571,0.0046183625,0.0201567843,0.0120100223
2023-10-31,0.0109340392,0.0032978344,0.0071229957,0.0057337391,0.0073738524,0.0075517993,0.0035490940,0.0044902707,0.0086176818,0.0185235924,0.0075920491,0.0064749573
2023-11-01,0.0064895782,-0.0023479511,0.0193282036,0.0020877250,0.0032535205,0.0123601943,-0.0010315042,0.0005257937,0.0113922774,0.0067701788,0.0113023422,0.0105059995
2023-11-02,0.0236414509,0.0302389067,0.0169279430,0.0158653313,0.0205714492,0.0261072762,0.0129812782,0.0193167809,0.0187178547,0.0315137133,0.0179575223,0.0188585570
2023-11-03,0.0131973608,-0.0100501757,0.0102935279,0.0049692904,0.0088372539,0.0140504844,0.0011650421,0.0157277478,0.0058537690,0.0230091322,0.0189548188,0.0093937303
2023-11-06,-0.0029604709,-0.0113060506,0.0065788855,0.0066712407,-0.0026574079,0.0012483531,0.0015998744,-0.0049499836,-0.0025865044,-0.0132451632,-0.0038678221,0.0017529924
2023-11-07,-0.0014844533,-0.0221703193,0.0109316223,0.0007017427,-0.0024670987,0.0111582171,0.0024687791,-0.0193878179,-0.0072934920,-0.0087374606,0.0040677789,0.0028401189
2023-11-08,0.0011893282,-0.0125296435,0.0056644021,-0.0014023145,0.0022753223,-0.0026509262,-0.0039112583,0.0031218466,-0.0073468750,0.0048543012,0.0001839725,0.0010049156
2023-11-09,-0.0041581768,-0.0030214040,-0.0046651339,-0.0206758291,-0.0021715601,-0.0186673611,-0.0040720111,-0.0085579170,-0.0131577872,-0.0157640743,-0.0038663261,-0.0080838393
2023-11-10,0.0113332676,0.0110306018,0.0261216525,0.0059751918,0.0144426466,0.0166289343,0.0070091060,0.0117707814,0.0053333030,0.0099456902,0.0109048069,0.0156164411
2023-11-13,-0.0014743848,0.0071929718,-0.0058490440,0.0057813848,0.0008775709,0.0042753017,0.0031903033,-0.0014221543,-0.0119364950,-0.0081850935,-0.0034737118,-0.0008358389
2023-11-14,0.0189012851,0.0089278714,0.0200033869,0.0067716066,0.0200701951,0.0336848145,0.0102630928,0.0295148179,0.0399330786,0.0537717763,0.0207319142,0.0190750177
2023-11-15,0.0055074256,-0.0018878114,0.0012636222,0.0007821117,0.0021010971,0.0011937399,0.0080124655,0.0044007695,-0.0030657110,0.0028145438,0.0056620308,0.0015970121
2023-11-16,0.0040356824,-0.0195036443,0.0049924684,0.0042981276,0.0001907115,-0.0102533268,-0.0123489437,0.0030043997,0.0053407936,-0.0010981787,0.0018766006,0.0011904274
2023-11-17,0.0051679276,0.0209765173,-0.0020742774,-0.0020232922,0.0063846671,0.0066854678,-0.0012936045,0.0018722131,0.0027366755,-0.0019547073,0.0010703546,0.0012820491
2023-11-20,0.0039989094,0.0014169306,0.0144965966,0.0060819957,0.0030298691,0.0051453741,-0.0007195738,0.0017443606,-0.0030503874,0.0078335442,0.0098903692,0.0073902781
2023-11-21,-0.0005691754,-0.0022403073,-0.0080883511,0.0060449810,-0.0007551979,-0.0025594709,0.0030242203,0.0038550581,0.0020935634,-0.0048578857,-0.0038820194,-0.0020209311
2023-11-22,0.0039852501,-0.0004727338,0.0044576817,0.0047763612,0.0021729380,0.0030435148,0.0071788535,0.0006194986,0.0048206281,0.0037832872,0.0084144286,0.0040611292
2023-11-24,0.0031187983,0.0041382289,-0.0019482475,0.0053669065,0.0024510160,0.0009518690,0.0037062977,0.0043333076,0.0025587909,0.0036474751,-0.0026349904,0.0005968737
2023-11-27,-0.0033917268,-0.0035323652,-0.0000544061,-0.0062533740,-0.0056424817,0.0016049486,-0.0028404526,-0.0012329868,0.0015951957,0.0036340220,-0.0043154533,-0.0019541575
2023-11-28,-0.0002834741,0.0002363389,0.0018980004,-0.0051417370,-0.0023642061,0.0057562929,0.0045577169,0.0019751150,0.0031853101,0.0059143298,0.0023883749,0.0009801185
2023-11-29,0.0070922499,-0.0074423758,0.0007577619,0.0003086479,0.0037919649,-0.0027141326,-0.0080817380,0.0051735279,-0.0079377931,0.0073194056,-0.0067943923,-0.0009462486
2023-11-30,0.0112674622,0.0066649387,0.0014605314,0.0125692688,0.0109546922,-0.0014199552,0.0100057666,0.0099266225,0.0043205739,0.0076236893,-0.0059523826,0.0037840729
2023-12-01,0.0075209021,0.0052022351,0.0022680838,0.0039602972,0.0157870595,0.0136863176,0.0041041192,0.0114062110,0.0122690691,0.0234069741,0.0054517259,0.0058737421
2023-12-04,-0.0011058089,-0.0045871258,-0.0121778412,0.0018963362,0.0016553767,-0.0037990619,0.0012687419,-0.0116376245,-0.0039352592,0.0060068342,-0.0089776693,-0.0054085091
2023-12-05,-0.0049821997,-0.0174878993,0.0060005159,-0.0012870970,-0.0080793512,0.0017602479,-0.0078828732,-0.0137167707,-0.0071110592,-0.0060858586,-0.0058302184,-0.0005688697
2023-12-06,-0.0050068140,-0.0149127228,-0.0084591006,0.0007580987,0.0044426937,0.0014641586,-0.0025541712,-0.0020923772,0.0133693748,-0.0043899577,-0.0035186172,-0.0039062028
2023-12-07,0.0047524647,-0.0068367290,0.0121404473,-0.0012120028,0.0009216319,0.0082458505,0.0042674629,0.0067831362,-0.0021988863,0.0033652270,0.0202807155,0.0079681891
2023-12-08,0.0052867608,0.0108173722,0.0085368512,0.0016685640,0.0031300496,0.0045825946,-0.0069404155,0.0036753588,-0.0018888853,-0.0020816423,0.0064780087,0.0040954979
2023-12-11,0.0060889021,0.0012161841,0.0087323433,0.0065873354,0.0095448532,0.0026559915,0.0095563379,0.0070792479,0.0064658558,0.0023175193,-0.0070533954,0.0039244943
2023-12-12,0.0071528232,-0.0137255285,0.0066387660,0.0042877313,0.0045453650,0.0031097142,0.0032495727,0.0058173666,-0.0040739556,0.0006938461,0.0021309451,0.0045993575
2023-12-13,0.0161158461,0.0139165404,0.0088109831,0.0184255180,0.0111311658,0.0130892009,0.0181664974,0.0121702855,0.0377596146,0.0373193238,0.0125818561,0.0136506764
2023-12-14,0.0099461591,0.0293936765,-0.0024580266,-0.0048539570,0.0128883357,0.0134300022,-0.0146612230,0.0165475108,-0.0130381438,0.0276232173,0.0075254698,0.0026470625
2023-12-15,-0.0058558426,-0.0053097530,0.0050328794,-0.0084989522,-0.0013255748,0.0020689246,0.0000000000,-0.0025762674,-0.0173579260,-0.0124647528,-0.0054714500,-0.0000762495
2023-12-18,0.0033365098,0.0081678600,0.0029904278,0.0016317943,-0.0000443662,0.0062047592,0.0104095945,0.0015488086,-0.0022566131,-0.0015366109,0.0138851260,0.0045283444
2023-12-19,0.0075085893,0.0119982185,0.0038051008,0.0067277367,0.0077400612,0.0078334835,0.0019596168,0.0092078553,0.0056936119,0.0067054089,0.0116483281,0.0058664078
2023-12-20,-0.0178332611,-0.0092733744,-0.0151106440,-0.0144787786,-0.0161559471,-0.0182460249,-0.0194187706,-0.0153234166,-0.0202862773,-0.0130266369,-0.0085353305,-0.0146842669
2023-12-21,0.0097560871,0.0039099551,0.0112301476,0.0122052066,0.0103194126,0.0152162905,0.0069810941,0.0105725199,0.0017656317,0.0094833508,0.0125687932,0.0103014678
2023-12-22,0.0021470841,0.0029503085,0.0013033323,0.0049870944,0.0047962163,-0.0073559775,0.0076401426,0.0062301806,0.0033648403,0.0033156165,0.0000000000,0.0016600585
2023-12-26,0.0040171178,0.0085905968,0.0041656220,0.0022220219,0.0070714364,0.0042346643,0.0042120353,0.0046729347,0.0060683989,0.0076008327,0.0034006602,0.0042316895
2023-12-27,0.0032009207,-0.0044336829,-0.0000519909,0.0042122345,0.0014922058,0.0034397497,0.0046141019,0.0024417917,-0.0006349910,0.0052474457,0.0005932131,0.0014304577
2023-12-28,0.0029247801,-0.0152349685,0.0011928790,0.0025755080,0.0002629340,-0.0051973745,0.0004175785,-0.0038279533,0.0071474217,0.0055466751,0.0027099394,0.0003701746
2023-12-29,-0.0031814026,-0.0022611136,-0.0030559398,0.0010275567,-0.0012267259,-0.0061693253,0.0020867942,-0.0039589239,-0.0012616411,-0.0113562789,-0.0058273698,-0.0028264750
2024-01-02,0.0042552326,0.0107346864,-0.0261845327,0.0175978595,-0.0100885639,-0.0092836366,0.0112453128,-0.0017536497,0.0145270708,0.0088611477,-0.0087495631,-0.0056605790
2024-01-03,-0.0084746145,0.0162851546,-0.0101899179,-0.0016574452,-0.0148883003,-0.0202089365,-0.0078252617,-0.0107739586,0.0037354394,-0.0238559034,-0.0051418124,-0.0080163149
2024-01-04,0.0040064946,-0.0175336045,-0.0073303544,0.0049804758,0.0012595018,-0.0070288757,-0.0013836509,-0.0031963652,-0.0031011543,-0.0017775324,-0.0021534835,-0.0034283813
2024-01-05,0.0042563648,0.0008272697,-0.0002715330,-0.0008618026,0.0011680206,0.0015664999,-0.0022171350,0.0016625978,0.0037329872,-0.0022256922,0.0038846898,0.0018256862
2024-01-08,0.0063578548,-0.0115730799,0.0250923543,0.0088412393,0.0065512005,0.0170316974,0.0073599982,0.0042683581,0.0072834622,0.0143876607,0.0161665673,0.0141146293
2024-01-09,-0.0063176878,-0.0160094834,0.0015894214,-0.0001425923,-0.0031205750,-0.0037024665,0.0026194333,-0.0114519805,-0.0081538184,-0.0069269118,-0.0027081044,-0.0014779007
2024-01-10,0.0015895424,-0.0098348689,0.0085166920,0.0045607691,0.0050979234,0.0080040756,-0.0020624055,-0.0013137141,-0.0001552076,0.0007750652,0.0096732961,0.0056659719
2024-01-11,-0.0037028715,0.0025752379,0.0050878173,-0.0007094871,-0.0023135914,-0.0013043756,-0.0001377179,-0.0029898585,-0.0232702467,-0.0088504783,-0.0039498839,-0.0006710556
2024-01-12,-0.0018581065,0.0112523086,0.0032357961,-0.0024844597,-0.0000892394,-0.0120399975,0.0031692972,0.0009594322,0.0057180938,0.0064738961,0.0031219208,0.0007509756
2024-01-16,-0.0069148979,-0.0238267126,0.0024967092,-0.0059778939,-0.0100794576,-0.0011496708,-0.0054946465,-0.0115038741,-0.0108970868,-0.0069868316,-0.0053832107,-0.0037313402
2024-01-17,-0.0018745276,-0.0083014392,-0.0049293585,-0.0020047286,-0.0067577930,-0.0087475909,-0.0006906396,-0.0072735716,-0.0145297983,-0.0178690816,-0.0075264273,-0.0056168972
2024-01-18,0.0016099074,-0.0016242704,0.0202847739,-0.0001433358,0.0135171314,0.0056896055,-0.0012438526,0.0031749484,-0.0106934753,-0.0067089274,0.0131220782,0.0088052610
2024-01-19,0.0160727729,0.0032537225,0.0230500691,0.0005739961,0.0065341953,0.0096409776,-0.0029060127,0.0009739725,-0.0013101974,0.0111045981,0.0148023376,0.0123135028
2024-01-22,0.0047453695,0.0037420322,0.0043963522,0.0043739674,0.0077366896,-0.0044028201,-0.0048580743,0.0029185886,-0.0050835748,0.0052082690,0.0033979646,0.0021943252
2024-01-23,0.0015745271,0.0021125932,0.0040287870,-0.0007139323,-0.0007940922,-0.0024122155,0.0108787325,0.0032738814,0.0018130005,-0.0060824633,0.0105723664,0.0029213743
2024-01-24,0.0039298701,0.0142610226,0.0068860501,-0.0091447718,-0.0061821726,-0.0037995211,-0.0122793220,-0.0135362575,-0.0136557515,-0.0146191941,0.0052310405,0.0008119284
2024-01-25,0.0049580740,0.0224964654,0.0041820437,-0.0015142217,0.0095974766,-0.0123671324,0.0096383905,0.0105367470,0.0180150230,0.0131109271,0.0160987779,0.0052603655
2024-01-26,0.0036355644,0.0074136883,-0.0115139600,0.0057047777,-0.0015843387,0.0045640528,0.0048422777,0.0003636451,0.0029493933,-0.0031784686,0.0032007787,-0.0006517853
2024-01-29,0.0025873078,-0.0014243066,0.0091696602,0.0070368639,0.0065236897,0.0146202758,0.0057828665,0.0049689455,0.0063713922,0.0069467812,0.0107681225,0.0075567749
2024-01-30,0.0126451528,0.0103410746,-0.0082513706,0.0022815149,0.0003504098,-0.0005740764,0.0056125620,0.0045829506,-0.0003246114,-0.0096132205,-0.0084438331,-0.0006006499
2024-01-31,-0.0122325706,-0.0187057641,-0.0209986007,-0.0013516012,-0.0115576776,-0.0182091578,-0.0073511223,-0.0130854766,-0.0021110590,-0.0093639426,-0.0265817845,-0.0161057446
2024-02-01,0.0015480202,-0.0001197968,0.0125961829,0.0129648515,0.0170077946,0.0192488065,0.0204334683,0.0166647607,0.0190397919,0.0179827349,0.0098929038,0.0124936882
2024-02-02,0.0041217075,0.0014385257,0.0103413024,-0.0014769571,0.0067067902,0.0178521934,-0.0032254778,-0.0058628323,-0.0180452726,-0.0135886340,0.0417745906,0.0106844461
2024-02-05,-0.0059004496,-0.0025142981,0.0022744858,0.0030988928,-0.0054509095,-0.0140987492,-0.0062017491,-0.0253941242,-0.0208164296,-0.0203190204,-0.0133665044,-0.0031863375
2024-02-06,0.0020643207,0.0032410723,-0.0045879601,0.0108825932,0.0089604879,0.0060632085,0.0023063089,0.0176588407,0.0036539081,0.0138270271,0.0002362263,0.0023104108
2024-02-07,0.0074685757,0.0020339837,0.0132327770,0.0027086788,0.0066390646,0.0112009378,-0.0009478353,0.0080087333,0.0006619283,-0.0002311332,0.0017325337,0.0082414580
2024-02-08,-0.0038342336,0.0102686841,0.0031305179,-0.0017317805,0.0001711980,0.0043857866,-0.0002706248,-0.0013241518,-0.0071109205,0.0069364405,0.0038517648,0.0005705833
2024-02-09,0.0028227091,-0.0153648068,0.0134581562,-0.0007631905,0.0015416667,0.0071094115,-0.0092154555,0.0021697281,0.0038307081,0.0005740316,0.0016446152,0.0057423415
2024-02-12,0.0046057282,0.0110431580,-0.0076020449,0.0013192048,0.0014534699,-0.0008337830,0.0071126529,0.0079384134,0.0116143610,-0.0006883871,0.0040652799,-0.0009489536
2024-02-13,-0.0134995918,-0.0100914387,-0.0169688130,-0.0092923222,-0.0102458285,-0.0199164533,-0.0107294399,-0.0140812488,-0.0165654924,-0.0203238678,-0.0158061993,-0.0136742557
2024-02-14,0.0095533467,-0.0009593134,0.0104556894,0.0086798240,0.0167356555,0.0105580062,-0.0019220649,0.0064150265,0.0055036117,0.0091422084,0.0148733736,0.0095797633
2024-02-15,0.0171355354,0.0278510643,-0.0020987417,0.0072866419,0.0074665212,0.0115710871,0.0064650886,0.0188815799,0.0167524000,0.0225318176,0.0094326221,0.0058212507
2024-02-16,-0.0035203812,-0.0005840053,-0.0091953844,0.0032379137,-0.0059794935,-0.0059415843,0.0015033507,0.0053116806,-0.0011419009,-0.0106769927,-0.0155225216,-0.0048034698
2024-02-20,-0.0027756999,-0.0091154209,-0.0101694368,-0.0033651138,-0.0031345871,-0.0094402895,0.0105076584,-0.0021135213,-0.0006534139,-0.0016073442,-0.0047066669,-0.0060053220
2024-02-21,0.0030367016,0.0187521908,-0.0062839749,0.0022050187,0.0039943494,0.0073874304,0.0036461105,0.0055298575,0.0132376011,0.0073596754,-0.0025219530,0.0012641999
2024-02-22,0.0116043143,0.0017366014,0.0327227470,0.0117568297,0.0123592711,0.0194245210,0.0030947805,0.0100632980,-0.0077419328,0.0006851276,0.0151705332,0.0211228842
2024-02-23,0.0049876024,-0.0065872635,-0.0023327693,0.0047564260,0.0052681343,-0.0045026484,0.0030850134,0.0059083471,0.0071521376,0.0012546543,-0.0024904854,0.0003479475
2024-02-26,-0.0049628497,0.0034900763,0.0009743920,-0.0051398515,-0.0014973589,0.0030888541,-0.0040115169,-0.0059886326,-0.0196900195,-0.0112794877,-0.0129527075,-0.0037867513
2024-02-27,0.0027429689,-0.0042895750,0.0008758578,-0.0024474783,0.0014996044,0.0032992832,0.0001342047,0.0037073730,0.0189330072,0.0019589789,0.0101185488,0.0017063497
2024-02-28,0.0037305924,-0.0019790880,-0.0047164064,-0.0049746158,0.0034101951,0.0039465987,0.0010739315,0.0031167607,0.0030700213,0.0100058273,-0.0082171917,-0.0016581551
2024-02-29,-0.0004955178,0.0048995363,0.0111384053,-0.0081501236,0.0030672876,0.0067693690,-0.0016093879,0.0075949335,0.0003220354,0.0088818618,0.0093111492,0.0052290947
2024-03-01,-0.0012394577,0.0116091191,0.0182626299,0.0104959279,0.0042974790,0.0033079791,0.0001343684,0.0045684240,-0.0061190154,0.0108353057,0.0057070724,0.0080078289
2024-03-04,0.0024819916,-0.0106724536,0.0000000000,-0.0015035513,0.0036207882,-0.0135120853,0.0008057733,0.0072758379,0.0168501635,0.0097139600,-0.0141480421,-0.0011932621
2024-03-05,0.0002476239,0.0074236300,-0.0245778522,-0.0074595073,-0.0081993406,-0.0124369106,0.0024155925,-0.0053047248,-0.0028679619,-0.0116110303,-0.0063869419,-0.0101931009
2024-03-06,0.0051980300,0.0031088711,0.0079289471,0.0068260539,0.0052082715,-0.0035506353,0.0084335994,0.0073755504,0.0095877407,0.0030206799,0.0001587336,0.0051411032
2024-03-07,-0.0014774994,0.0084937984,0.0157810112,0.0046570505,0.0080600377,0.0076275478,0.0057083944,0.0122775889,0.0064894160,0.0021194189,0.0134889119,0.0103041279
2024-03-08,0.0017260393,0.0035285203,-0.0148707755,-0.0018406950,-0.0022028793,-0.0037018687,-0.0079198959,-0.0057861461,0.0025160104,0.0112420980,0.0003913370,-0.0065285190
2024-03-11,0.0017234554,0.0103211201,-0.0027489943,-0.0005462520,-0.0051513995,-0.0027176529,0.0054548905,0.0113038665,0.0050196494,-0.0047329196,0.0004696659,-0.0011222381
2024-03-12,0.0041780830,-0.0015717006,0.0205050683,0.0046464406,0.0044383490,0.0086196768,0.0051608661,-0.0001106737,-0.0096768674,-0.0024333394,0.0075093498,0.0112017880
2024-03-13,0.0073419084,0.0159657934,-0.0108046631,-0.0038766492,0.0027002748,-0.0020950102,0.0025014966,0.0098504342,0.0067769482,-0.0050997159,0.0007763544,-0.0019245297
2024-03-14,-0.0080172759,0.0102921384,0.0001913902,-0.0035505616,-0.0042434710,-0.0063540961,-0.0077479659,-0.0052607532,-0.0079836888,-0.0156004989,-0.0022497604,-0.0028710916
2024-03-15,-0.0009795304,0.0029577577,-0.0150876137,-0.0039743865,0.0001639333,-0.0099532858,-0.0003969674,0.0004406559,0.0014201449,-0.0011321311,-0.0093305039,-0.0064829175
2024-03-18,0.0057333407,0.0034569110,0.0049150757,-0.0001173215,0.0017752329,0.0076381970,0.0064284348,0.0018237776,0.0046076327,-0.0007933350,0.0179734146,0.0063180595
2024-03-19,0.0048936321,0.0114112545,0.0051865874,0.0066290063,0.0086151078,0.0086580481,0.0037104841,0.0001104638,0.0088565804,0.0009075979,-0.0001541572,0.0056491496
2024-03-20,0.0119307868,-0.0014105133,0.0111877790,-0.0022639458,0.0120394252,0.0148973495,0.0030369168,0.0100384526,0.0012539910,0.0061188998,0.0130320988,0.0089041739
2024-03-21,0.0081811409,0.0059750272,0.0007151653,0.0013067851,0.0098866813,0.0058385880,0.0005266020,0.0041502310,-0.0015655415,0.0069753028,-0.0007611069,0.0032365354
2024-03-22,-0.0114557949,-0.0021597838,0.0003336970,-0.0013733212,-0.0034225802,-0.0087341195,-0.0048678923,-0.0061995301,0.0014113498,-0.0132478633,0.0023824641,-0.0014021878
2024-03-25,-0.0038630727,0.0093074202,-0.0066218156,-0.0013753188,-0.0064690940,-0.0032838392,-0.0027763208,0.0003283082,0.0046978690,-0.0045512859,-0.0016761100,-0.0030549645
2024-03-26,0.0033932493,-0.0077205121,-0.0041243857,0.0036492487,-0.0036174404,0.0012629211,0.0005302646,-0.0007660332,-0.0113780498,-0.0048004419,-0.0019839336,-0.0027997952
2024-03-27,0.0118356850,0.0092933404,0.0051045656,0.0133084026,0.0160549728,0.0115712402,0.0104679804,0.0143436550,0.0279048822,0.0251520767,0.0048935586,0.0086306265
2024-03-28,0.0054905086,0.0108136890,-0.0021559116,0.0001354291,0.0001588411,-0.0030901946,0.0013111267,0.0026987964,0.0069017273,0.0071701460,-0.0015218272,0.0011164855
2024-04-01,-0.0054605275,0.0074145803,0.0027848579,-0.0085289448,-0.0077008516,-0.0074501429,-0.0079883129,-0.0023685109,-0.0060928728,-0.0164628762,0.0048011516,-0.0020135845
2024-04-02,-0.0052519875,0.0139837758,-0.0096241878,-0.0155663693,-0.0046403956,-0.0147381042,-0.0051486125,-0.0036690304,0.0016859611,-0.0124404697,0.0005308728,-0.0072390591
2024-04-03,-0.0004797503,0.0068436484,0.0026590775,-0.0011096616,0.0051442864,0.0007228436,-0.0110139084,0.0059568906,-0.0039780258,0.0012596447,0.0063675672,0.0010911224
2024-04-04,-0.0112845670,-0.0006178903,-0.0158156959,-0.0144414058,-0.0087966124,-0.0117246567,-0.0042935606,-0.0101205789,-0.0019969256,-0.0070912603,-0.0112986767,-0.0123343364
2024-04-05,0.0094705681,0.0107171993,0.0114644753,0.0089466925,0.0138766031,0.0055665196,0.0016170553,0.0090276896,0.0029243174,0.0043773088,0.0107421089,0.0110991942
2024-04-08,0.0043301332,-0.0063213765,-0.0011626121,-0.0032116355,-0.0017506304,0.0095054899,-0.0014798622,0.0007544634,0.0065992300,0.0112396934,-0.0016582964,-0.0003746310
2024-04-09,-0.0057487132,0.0003078040,0.0050434495,0.0035724065,-0.0023116590,0.0047082946,0.0048504030,0.0023697014,0.0054886260,0.0120224804,0.0040013921,0.0014454932
2024-04-10,-0.0149360516,0.0030772607,-0.0122556342,-0.0117262648,-0.0085491041,-0.0154364044,-0.0036203512,-0.0155811427,-0.0171342025,-0.0405694276,-0.0091743044,-0.0094569806
2024-04-11,-0.0070921650,-0.0007158973,0.0199793313,-0.0040964166,0.0011282741,0.0080629850,-0.0024221555,-0.0007642772,-0.0020054889,0.0011681245,0.0096388750,0.0074447977
2024-04-12,-0.0133004695,-0.0162709617,-0.0161876315,-0.0148922250,-0.0107058279,-0.0162193587,-0.0101173108,-0.0176971114,-0.0075746311,-0.0106173046,-0.0169888177,-0.0145506883
2024-04-15,-0.0049927762,-0.0093622189,-0.0189855557,-0.0020157768,-0.0071603480,-0.0166561826,-0.0040884193,-0.0047820463,-0.0091900016,-0.0162735077,-0.0147585408,-0.0120213549
2024-04-16,-0.0067734007,-0.0087157282,0.0011909776,0.0003604054,-0.0022947646,-0.0056845485,0.0004105425,-0.0077104331,-0.0132053478,-0.0148644664,-0.0034927086,-0.0020565070
2024-04-17,0.0025257750,-0.0028602071,-0.0144231857,-0.0017303973,-0.0051749183,-0.0048506784,0.0036931444,0.0022522755,0.0208696467,-0.0066926393,-0.0022586958,-0.0057806027
2024-04-18,0.0035272756,-0.0030810184,-0.0114155960,-0.0000721342,-0.0034679782,-0.0062091696,0.0046333873,0.0003372297,0.0056179618,-0.0003676023,0.0075720613,-0.0022081601
2024-04-19,0.0138088516,0.0120419600,-0.0206021785,0.0037562883,-0.0018228010,-0.0087585883,0.0097666006,-0.0007864252,0.0153633700,0.0047795025,-0.0137134190,-0.0087585481
2024-04-22,0.0121345572,0.0065282111,0.0089335263,0.0038143290,0.0075536967,0.0044179437,0.0095378619,0.0010118755,0.0091699742,0.0080496802,0.0029064679,0.0087312481
2024-04-23,0.0063617314,0.0055446505,0.0148263753,0.0130483813,0.0139232987,0.0119055228,0.0027945311,-0.0086468571,0.0046947023,0.0084694229,0.0173885752,0.0119645763
2024-04-24,-0.0002431204,0.0007282502,0.0045654879,-0.0031139270,-0.0079630560,0.0095631442,0.0075635573,0.0006795093,0.0060296849,0.0031192423,0.0003080108,0.0002130101
2024-04-25,-0.0058365977,0.0045742901,-0.0021714308,-0.0066731275,0.0030306131,0.0008609387,-0.0023703710,0.0071316692,0.0026969645,-0.0059799493,-0.0340953617,-0.0045764304
2024-04-26,-0.0014676435,-0.0092104333,0.0112854143,0.0002859380,0.0016331640,0.0090055946,-0.0021124185,0.0061815864,-0.0109084796,0.0015641248,0.0298010156,0.0102091426
2024-04-29,-0.0014699940,0.0067892125,0.0043038203,0.0033577919,0.0066851573,0.0232504104,0.0031750675,0.0083781258,0.0135970578,0.0105720563,-0.0101363164,0.0031784487
2024-04-30,-0.0098134834,-0.0297747924,-0.0220241034,-0.0007120234,-0.0158731049,-0.0243333918,-0.0043517667,-0.0181677480,-0.0052167137,-0.0180696243,-0.0150863559,-0.0157305136
2024-05-01,0.0000000000,-0.0159324231,-0.0102410545,0.0017816656,-0.0024686959,-0.0062634411,-0.0063578113,0.0051901071,0.0115373332,0.0014528496,0.0133332969,-0.0034354388
2024-05-02,0.0024774899,0.0057589554,0.0144136229,-0.0007114890,0.0057746759,0.0126060163,0.0083980136,-0.0051633090,0.0053322867,0.0132978995,0.0125312975,0.0091284371
2024-05-03,0.0022246110,0.0001079739,0.0278596707,0.0024915331,0.0069719477,0.0067337446,0.0030402075,0.0101548151,0.0079567258,0.0076353984,0.0078124731,0.0125567397
2024-05-06,0.0128236743,0.0078860223,0.0117499910,0.0040472752,0.0101000606,0.0106795037,0.0005271199,0.0060313544,0.0051160537,0.0024863285,0.0153502004,0.0103261239
2024-05-07,0.0034087550,-0.0009646722,-0.0032693281,0.0082745788,0.0027416261,-0.0071740761,0.0109326685,0.0118795811,0.0113439104,0.0088578164,0.0022681425,0.0013434298
2024-05-08,0.0036400150,-0.0011803092,0.0028396060,-0.0034368559,0.0000000000,-0.0037530833,-0.0029968457,-0.0046082639,0.0104973132,-0.0076094158,-0.0033187115,-0.0000058356
2024-05-09,0.0074950133,0.0134265510,-0.0002929753,0.0085867401,0.0099717939,0.0068032908,0.0086251575,0.0111331444,0.0152269179,0.0192286109,0.0022701901,0.0050909477
2024-05-10,0.0038399919,-0.0055113351,0.0037112764,0.0020234901,0.0007166830,-0.0053611570,0.0057009685,0.0011991882,-0.0009811412,-0.0018518726,-0.0021139898,0.0016493988
2024-05-13,-0.0040643547,-0.0026642957,0.0047192868,-0.0009747628,-0.0042169643,-0.0012914271,-0.0028342737,-0.0006532562,0.0000000000,0.0022031670,0.0009076784,-0.0002413041
2024-05-14,0.0050409563,0.0012822643,0.0088615742,0.0042522562,-0.0002396713,0.0045538098,-0.0019380376,0.0009806115,0.0026658762,0.0074048260,0.0041579462,0.0048378131
2024-05-15,0.0074039084,0.0022411763,0.0225113137,0.0148549789,0.0065536561,0.0015111136,0.0006473718,0.0017415919,0.0149734634,0.0152748789,0.0082803995,0.0117159279
2024-05-16,0.0000000000,-0.0027686222,-0.0034737186,-0.0011630363,-0.0059552602,-0.0064823284,0.0142302417,-0.0071715009,-0.0034467124,-0.0007918073,-0.0017919507,-0.0020816678
2024-05-17,0.0073495870,0.0139882608,-0.0022139606,0.0019174940,0.0011182975,0.0051184883,-0.0024234944,0.0085367098,0.0008297838,0.0001133612,0.0032911600,0.0011647735
2024-05-20,-0.0136505745,-0.0065291575,0.0117553018,-0.0021186950,0.0019149310,-0.0074426647,-0.0069046357,0.0014106843,-0.0016584166,-0.0070184851,0.0036530186,0.0009163899
2024-05-21,0.0064425544,-0.0048760389,0.0016331065,0.0017123648,-0.0032651167,0.0064271752,0.0059225932,0.0000000000,0.0090002096,0.0003421732,-0.0051253805,0.0025018742
2024-05-22,-0.0056900149,-0.0191732908,0.0022362205,0.0017777198,0.0011985753,-0.0104193430,-0.0039677928,-0.0097530688,-0.0118018854,-0.0092308378,0.0000000000,-0.0027061230
2024-05-23,-0.0138292147,-0.0091225142,-0.0081342452,-0.0109207918,-0.0118107607,-0.0161904125,-0.0118220416,-0.0088640497,-0.0169421248,-0.0213941430,-0.0138121998,-0.0073807895
2024-05-24,0.0060443071,0.0014249556,0.0084351362,-0.0033813581,0.0050876394,0.0100696706,0.0026008515,0.0087226648,0.0100297296,0.0001174077,0.0127187454,0.0070010426
2024-05-28,-0.0110549120,0.0102875604,0.0042289144,-0.0121175808,-0.0122127561,-0.0024494986,-0.0077823137,-0.0038310591,-0.0009790593,-0.0061110098,0.0020183456,0.0002488019
2024-05-29,-0.0080193634,-0.0176577962,-0.0063396404,-0.0077801705,-0.0141532563,-0.0065673908,-0.0071894228,-0.0142842476,-0.0128796932,-0.0093414198,-0.0052968582,-0.0073670465
2024-05-30,0.0053894623,0.0028671497,-0.0228194900,0.0004948185,0.0068481819,0.0059209483,0.0026332769,0.0081375179,0.0134730510,0.0145620406,-0.0039752164,-0.0059750356
2024-05-31,0.0146197936,0.0248518458,0.0015727859,0.0146152750,0.0121280894,0.0056003702,0.0156269063,0.0120521317,0.0176324793,0.0196470307,0.0095632715,0.0080278762
2024-06-03,-0.0062438068,-0.0261802709,0.0025218846,0.0070285831,-0.0122257426,-0.0004548289,-0.0003877198,-0.0058998263,-0.0114136237,-0.0027690625,0.0046243578,0.0011160826
2024-06-04,-0.0045916665,-0.0095858961,0.0020883166,0.0029023125,-0.0024589185,0.0010234772,0.0086665198,-0.0111000217,-0.0004174822,0.0089088687,0.0012622935,0.0015028091
2024-06-05,0.0029131956,-0.0001111810,0.0222139092,0.0045477343,0.0101067720,0.0058500807,-0.0021801888,0.0068904997,-0.0057056330,-0.0024082955,0.0135696148,0.0118476498
2024-06-06,-0.0004841223,0.0052290069,-0.0033361938,0.0032923413,-0.0059384754,0.0072838529,0.0030844794,0.0011036322,-0.0103565680,0.0016093754,-0.0002928595,-0.0001998166
2024-06-07,0.0046015802,-0.0039842256,0.0023245744,0.0010937736,0.0010640343,-0.0040919643,-0.0049967885,-0.0100329207,-0.0108896283,-0.0080338552,-0.0066592727,-0.0011152197
2024-06-10,-0.0038572003,0.0075561873,0.0025509653,0.0036878990,0.0031062705,0.0032082101,-0.0007724528,-0.0010025218,0.0128680772,0.0027767515,0.0034626784,0.0025808547
2024-06-11,-0.0113746918,-0.0019851271,0.0185981620,-0.0041505210,-0.0057044928,-0.0026371468,-0.0005156450,-0.0003344206,-0.0060698116,-0.0028330511,0.0007342125,0.0027103813
2024-06-12,-0.0009790510,-0.0107195716,0.0221192007,-0.0021181877,0.0095073392,0.0104074168,-0.0109592446,0.0018958022,-0.0065333679,0.0086167153,0.0011736716,0.0085036728
2024-06-13,-0.0007350804,-0.0091597444,0.0079099141,-0.0008215931,-0.0064138252,0.0007793871,0.0013034356,-0.0003339880,0.0022873546,0.0058875913,-0.0105516926,0.0023446559
2024-06-14,-0.0031877883,-0.0074407351,0.0037473590,-0.0003424852,-0.0100506789,-0.0078996360,0.0018226874,-0.0092413546,-0.0024246737,-0.0008032449,0.0028142266,-0.0003938607
2024-06-17,0.0088557806,0.0026122935,0.0151534447,-0.0010284596,0.0110606606,0.0175515301,0.0094869623,0.0074172300,-0.0110094015,-0.0035609137,0.0039876859,0.0076643866
2024-06-18,0.0063402066,0.0041915166,0.0012547982,0.0013037303,0.0053883013,-0.0033616466,0.0012872635,-0.0011155404,0.0004336637,0.0028819432,-0.0055901352,0.0025213274
2024-06-20,0.0053306006,0.0183890746,-0.0112355073,0.0032896263,0.0006496309,0.0012717039,-0.0021856908,0.0010051431,0.0086703384,-0.0026437281,0.0051779174,-0.0025259318
2024-06-21,-0.0038563655,-0.0057604352,-0.0017480149,0.0028004887,-0.0021099617,0.0084493997,0.0007729504,0.0001115310,-0.0058739064,0.0041488498,0.0029437656,-0.0015621303
2024-06-24,0.0102751208,0.0252148525,-0.0245166186,0.0058330210,0.0042512999,-0.0042695028,0.0106632958,0.0064450781,0.0131475171,0.0059680634,0.0029346665,-0.0030651719
2024-06-25,-0.0074535735,0.0023006062,0.0183437958,-0.0031271680,-0.0085317070,-0.0040232630,-0.0064175225,-0.0126963646,-0.0094636877,-0.0120935420,0.0133881743,0.0039335900
2024-06-26,-0.0062983754,-0.0098372745,-0.0011479147,-0.0035463830,-0.0027044563,0.0144981795,-0.0020672079,-0.0006767712,-0.0041981733,-0.0028870838,0.0010103946,0.0015724312
2024-06-27,-0.0012190396,0.0023183988,0.0004862485,-0.0016426923,0.0010683142,0.0061092589,-0.0042718174,-0.0028220280,0.0017446041,0.0084549163,0.0073561258,0.0009073212
2024-06-28,0.0034172273,0.0038544935,-0.0005302261,-0.0008226435,0.0004105110,-0.0111142567,-0.0044201611,-0.0003395730,-0.0111739730,0.0076949682,-0.0082881859,-0.0040836526
2024-07-01,0.0021891231,0.0005484894,0.0075587233,-0.0056260975,-0.0107493791,0.0033992322,-0.0070513564,-0.0154002533,-0.0068976008,-0.0092318020,-0.0035455763,0.0026755639
2024-07-02,0.0116503931,-0.0007673930,0.0050012999,-0.0036569439,0.0054746111,0.0194515249,0.0069699094,0.0018401598,0.0051722682,0.0037961737,0.0089318878,0.0061953179
2024-07-03,-0.0031188242,0.0043891455,0.0134887081,-0.0076174833,0.0036297824,0.0063780042,-0.0016977374,0.0074618783,0.0060275926,-0.0004584049,0.0016552029,0.0050844444
2024-07-05,-0.0002407548,-0.0156233422,0.0030581023,0.0077459214,-0.0036166547,0.0081481322,0.0122971884,0.0015952673,0.0017536638,0.0028663214,0.0207660516,0.0054487652
2024-07-08,-0.0026479936,-0.0061041469,0.0068275881,-0.0011081294,0.0012374993,0.0004754088,-0.0015506178,0.0029579077,0.0010212681,0.0035440399,-0.0090101048,0.0010166990
2024-07-09,0.0077239048,-0.0088219151,-0.0008104454,0.0048528285,-0.0043670071,0.0033265257,-0.0025886887,-0.0102087979,0.0029144445,-0.0002277991,0.0028412162,0.0007410719
2024-07-10,0.0038323046,0.0067597410,0.0145126343,0.0094516006,0.0089375607,0.0075253855,0.0044121300,0.0134080750,0.0094448594,0.0077485750,0.0033999325,0.0102080653
2024-07-11,0.0078739411,0.0104073347,-0.0250337549,0.0070391621,0.0127132807,-0.0126925364,-0.0037467989,0.0136833984,0.0182812699,0.0275890604,-0.0147535734,-0.0087630288
2024-07-12,0.0033144841,0.0025474252,0.0089328029,0.0062436216,0.0057503529,0.0130675417,0.0044090608,0.0095939002,0.0073508316,0.0083627622,-0.0035108847,0.0055170271
2024-07-15,0.0146296339,0.0151346602,0.0017965580,-0.0035070509,0.0071670776,-0.0011488826,-0.0058101068,-0.0025415484,-0.0242772962,0.0045829801,0.0035950157,0.0028262026
2024-07-16,0.0113953366,0.0044619776,-0.0033303026,0.0142810458,0.0249460064,0.0179325900,0.0096105337,0.0193862032,0.0077664666,0.0122747092,0.0037969857,0.0063893755
2024-07-17,0.0075877882,0.0099674487,-0.0388964454,0.0045374596,-0.0127936404,-0.0166923900,0.0128633191,-0.0020647663,0.0005707578,0.0065458125,-0.0209832349,-0.0139275432
2024-07-18,-0.0120948717,0.0018237327,0.0000891434,-0.0227183385,-0.0078229421,-0.0101853887,-0.0049530521,-0.0099094052,-0.0008556484,-0.0074628056,0.0008746039,-0.0078164039
2024-07-19,-0.0101640653,-0.0109219547,-0.0156433014,0.0050979445,-0.0054954228,-0.0089181174,-0.0033184371,-0.0089089974,0.0011420720,-0.0020407730,-0.0048069698,-0.0071402655
2024-07-22,0.0056009809,-0.0062792172,0.0236793015,0.0057483157,0.0101705639,0.0110218108,0.0006403451,0.0033292046,0.0084129138,0.0096868505,0.0076846552,0.0107920356
2024-07-23,0.0018565644,-0.0159057807,-0.0039805123,-0.0006049467,-0.0019025842,-0.0044765652,-0.0035833293,0.0039817543,-0.0062218864,-0.0012791092,-0.0007988733,-0.0015581026
2024-07-24,-0.0136668465,0.0001106577,-0.0413855180,0.0083425455,-0.0215250584,-0.0408929145,-0.0008990281,-0.0127794657,0.0112407963,-0.0159036521,-0.0317656678,-0.0231490938
2024-07-25,0.0037576949,0.0172681597,-0.0107003213,-0.0050044011,0.0080364395,-0.0039162422,-0.0011568596,0.0027898175,-0.0083015290,-0.0033621389,-0.0100600533,-0.0051426202
2024-07-26,0.0156759285,0.0031555770,0.0126889257,0.0056332129,0.0170719349,0.0111855044,0.0101673026,0.0163587717,0.0097899588,0.0168679271,0.0145607363,0.0110904687
2024-07-29,-0.0013820913,-0.0085691984,-0.0044386655,0.0006003656,-0.0017418312,0.0167023790,0.0003820442,0.0017519097,0.0044962838,0.0064212988,0.0083719984,0.0008133101
2024-07-30,0.0115340930,0.0155361098,-0.0251254050,0.0008662302,0.0029346680,-0.0055479423,-0.0067499751,-0.0032790752,0.0051754904,0.0068055990,0.0025204565,-0.0049601719
2024-07-31,-0.0025086776,0.0042016295,0.0423515938,-0.0036623112,0.0111505027,0.0154905784,-0.0017950594,0.0104178846,0.0129418706,-0.0026404790,0.0084295601,0.0157933987
2024-08-01,-0.0141744899,-0.0264993593,-0.0372943641,0.0102253477,-0.0185358691,-0.0245346888,0.0092486744,-0.0040156600,0.0179968789,0.0115428693,0.0027861750,-0.0136935030
2024-08-02,-0.0245825226,-0.0257878337,-0.0281048207,-0.0019847396,-0.0219936419,-0.0367980278,0.0087820604,-0.0188513827,0.0016195858,0.0009422836,-0.0212049709,-0.0183818609
2024-08-05,-0.0290062049,-0.0220590141,-0.0333137616,-0.0267134590,-0.0173553292,-0.0282697602,-0.0196820220,-0.0223235050,-0.0264079229,-0.0283441243,-0.0301808259,-0.0299687984
2024-08-06,0.0161606654,0.0061309030,0.0135927466,0.0046312028,0.0120233000,0.0110410155,0.0069497140,0.0051118927,0.0084416568,0.0208823194,0.0167926297,0.0103540859
2024-08-07,0.0012047503,0.0040239627,-0.0162022545,-0.0101688232,-0.0048341177,-0.0174495996,0.0010223824,-0.0135624142,0.0056264152,-0.0087514405,-0.0022729160,-0.0077346479
2024-08-08,0.0161251751,0.0215272375,0.0373467449,0.0221218382,0.0230528808,0.0218170469,0.0090654797,0.0154673677,0.0010915121,0.0106371900,0.0191344972,0.0230426115
2024-08-09,0.0042634179,0.0022420332,0.0044940579,0.0049584493,0.0001609422,0.0033379957,0.0015184471,-0.0007898042,0.0034080815,0.0045259066,0.0078228724,0.0046716769
2024-08-12,-0.0051887533,0.0049211299,0.0081700991,-0.0038004745,-0.0050691470,-0.0039577957,-0.0050537486,-0.0044036625,0.0017660295,-0.0068105259,-0.0067271199,0.0000430340
2024-08-13,0.0082977634,-0.0096829036,0.0307267635,0.0121142835,0.0105134841,0.0250503335,0.0045715381,0.0099807929,0.0058311001,0.0077010379,0.0148109442,0.0168475798
2024-08-14,0.0122267046,0.0058440618,0.0054755709,0.0035708215,0.0040816449,-0.0053369690,0.0045505310,0.0000000000,-0.0006737371,0.0039782236,-0.0052072426,0.0038237284
2024-08-15,0.0092915382,0.0119553569,0.0287642654,0.0062599704,0.0134703185,0.0319117466,0.0103182859,0.0158336605,-0.0001351650,-0.0030239102,0.0117222952,0.0161332478
2024-08-16,0.0073646374,-0.0011040935,0.0016739633,0.0010476942,-0.0014154956,0.0023536307,0.0027401164,0.0012160380,0.0044526607,0.0003137152,0.0021133365,0.0019897794
2024-08-19,0.0054832542,0.0067426394,0.0164860649,0.0060835493,0.0060643627,0.0122865026,0.0033536262,0.0047477820,0.0065825797,0.0076328472,0.0126524847,0.0097222847
2024-08-20,-0.0031810923,-0.0263505801,-0.0035102644,0.0040313126,-0.0027400354,-0.0009171969,0.0049517731,-0.0036263786,-0.0021352763,-0.0002075771,-0.0004306830,-0.0019845554
2024-08-21,-0.0015955323,0.0016914828,0.0058859478,0.0016836373,0.0060444927,0.0126344265,0.0067750895,0.0114702590,0.0070887305,0.0035289620,0.0044538774,0.0042396768
2024-08-22,0.0057075259,0.0025892029,-0.0230074255,0.0006466607,-0.0012484181,-0.0172754019,-0.0014681858,-0.0020718317,-0.0011953850,0.0038265151,-0.0082249311,-0.0089328055
2024-08-23,0.0086266943,0.0149338279,0.0161986906,0.0043286537,0.0100000122,0.0193151287,0.0028181440,0.0132212295,0.0027920689,0.0214300159,0.0087258820,0.0114833708
2024-08-26,0.0031510212,0.0089611013,-0.0125469089,-0.0005147660,-0.0010827885,-0.0077712110,0.0070869561,0.0044214106,0.0064969380,-0.0015129670,-0.0007149579,-0.0031537267
2024-08-27,0.0051603919,-0.0093201889,0.0060592982,0.0015447885,0.0006194417,-0.0026286127,0.0024267188,0.0001074144,-0.0079040971,0.0022224291,-0.0030046815,0.0015951961
2024-08-28,0.0024553926,-0.0064195156,-0.0137984101,0.0011565253,-0.0004643543,-0.0096816165,-0.0042362582,-0.0042941572,0.0000000000,-0.0035278459,-0.0059557447,-0.0059759732
2024-08-29,0.0089068943,0.0130333322,-0.0090240235,0.0021183200,0.0070456350,0.0011947020,-0.0049837504,0.0054986049,0.0054443375,-0.0033380678,-0.0028153172,-0.0000393791
2024-08-30,0.0094900691,0.0037388237,0.0132911980,0.0069180016,0.0106864171,0.0150809461,0.0079404215,0.0109370712,0.0075276420,0.0101491348,0.0073837950,0.0100930518
2024-09-03,-0.0074334096,-0.0248685549,-0.0459312278,-0.0019085815,-0.0221359471,-0.0137344031,0.0070295061,-0.0226983111,-0.0014418788,0.0000000000,-0.0193302269,-0.0211510744
2024-09-04,0.0011014319,-0.0138186806,-0.0025687397,-0.0017207263,0.0010112431,0.0026010533,0.0046938422,-0.0041240682,0.0085323610,0.0028132511,-0.0016121413,-0.0016025436
2024-09-05,-0.0110011631,-0.0077467428,-0.0015262236,-0.0137268367,-0.0116568432,0.0113493943,-0.0038334090,-0.0078466919,-0.0024730326,-0.0032060444,0.0058715900,-0.0030180176
2024-09-06,-0.0146829297,-0.0125141177,-0.0259374360,-0.0034307684,-0.0101430800,-0.0252766999,-0.0020443413,-0.0126317596,-0.0095250194,-0.0009046027,-0.0239328807,-0.0172602499
2024-09-09,0.0149017307,0.0072084900,0.0163789149,0.0070154113,0.0153307943,0.0145834597,0.0077117966,0.0096786053,0.0101436782,0.0121730620,0.0028407697,0.0115800703
2024-09-10,-0.0102337081,-0.0171997107,0.0149570658,0.0045796520,0.0017211178,0.0114556137,-0.0002391704,0.0004406625,0.0046947512,0.0158036201,0.0010436713,0.0044726727
2024-09-11,-0.0047200695,-0.0092788645,0.0341320264,-0.0029535821,0.0017963479,0.0099904057,-0.0093288194,0.0024228816,0.0031153487,-0.0035226190,0.0059570544,0.0106650259
2024-09-12,0.0022583158,0.0090100671,0.0082742841,0.0036063919,0.0077181035,0.0112669318,0.0061568753,0.0092287850,0.0021995647,0.0035350717,0.0179882463,0.0074953024
2024-09-13,0.0029293461,0.0056398245,0.0050150974,0.0020533032,0.0101347606,0.0067998754,0.0070796931,0.0090352236,0.0140736903,0.0091977061,0.0107620113,0.0054077114
2024-09-16,0.0130306532,0.0114497725,-0.0038105301,0.0069161280,0.0051313371,-0.0017144201,0.0039318222,0.0092784687,0.0076395227,0.0045568233,0.0092084552,0.0012566298
2024-09-17,0.0053228204,0.0135151943,-0.0019581611,-0.0103029356,0.0054861269,0.0051001789,-0.0094945220,0.0019240534,-0.0007582215,-0.0082039058,0.0037783723,0.0002645501
2024-09-18,-0.0030886328,0.0019375454,-0.0091253609,-0.0016705535,-0.0008336198,-0.0019676263,-0.0038340394,-0.0042675856,-0.0075872537,-0.0018489291,-0.0004262744,-0.0028964559
2024-09-19,0.0110645473,0.0119440884,0.0297001531,0.0036044331,0.0172165525,0.0227756174,-0.0058936288,0.0151076341,-0.0058611639,-0.0010725468,0.0161279976,0.0169768532
2024-09-20,-0.0006565613,-0.0022482421,-0.0048742189,-0.0041046009,-0.0070087105,-0.0022825906,0.0048395415,-0.0070719612,0.0264033130,-0.0018543428,0.0002795735,-0.0019410274
2024-09-23,-0.0012090077,0.0123475531,-0.0001845417,-0.0019587201,0.0067118218,0.0121505842,0.0057982785,0.0087345423,0.0099193086,0.0088002862,0.0005592088,0.0028092731
2024-09-24,-0.0083626754,-0.0024684757,0.0068440885,-0.0020076982,0.0071836137,0.0087584403,-0.0024070344,0.0136550139,-0.0070956002,0.0002906495,0.0081041051,0.0025111788
2024-09-25,-0.0059920148,-0.0195725517,0.0028621945,-0.0097346602,-0.0046804921,-0.0035926810,-0.0025334361,-0.0066831569,0.0052658326,-0.0058250195,-0.0022871029,-0.0018612489
2024-09-26,0.0051351205,-0.0196190960,0.0132440816,0.0033423167,0.0050009070,0.0042564897,0.0022979736,0.0207104916,-0.0068597569,-0.0092256439,0.0034730181,0.0040386757
2024-09-27,0.0028875365,0.0203628779,-0.0093301544,-0.0005223693,0.0014111247,0.0014960639,0.0018100202,-0.0017509552,0.0099211126,0.0019812811,0.0067109660,-0.0012532170
2024-09-30,0.0037651172,0.0069961151,0.0029320082,0.0065348787,0.0045244898,-0.0023402216,-0.0002408101,-0.0055715988,0.0044763998,0.0071181939,0.0033124740,0.0042365526
2024-10-01,-0.0052956027,0.0227790479,-0.0243621546,-0.0052588774,0.0005167139,-0.0040425444,-0.0033734058,-0.0024899493,0.0080465270,-0.0059880982,0.0006188847,-0.0093241071
2024-10-02,0.0011091530,0.0102449478,0.0074003460,-0.0020233947,-0.0018449314,-0.0084685645,-0.0084623987,-0.0038487904,0.0004913728,-0.0033577877,-0.0019932829,0.0001383909
2024-10-03,-0.0053178102,0.0176366530,0.0041461023,-0.0090254331,-0.0051011082,-0.0115733177,-0.0099975859,-0.0110680983,-0.0003683978,-0.0099088781,0.0000000000,-0.0016814135
2024-10-04,0.0169301835,0.0093154847,0.0111305761,0.0007917244,0.0069850814,0.0132425949,0.0033251806,0.0048568794,-0.0015962240,-0.0056044552,0.0093671178,0.0089702494
2024-10-07,-0.0122673670,0.0035415532,-0.0068799715,-0.0044183645,-0.0024353049,-0.0155421305,-0.0099421867,-0.0029421370,-0.0229983323,-0.0086552819,-0.0152851859,-0.0095860222
2024-10-08,0.0057661951,-0.0260935260,0.0186823750,0.0054315989,0.0022193918,0.0097391562,0.0049589997,-0.0046369058,0.0005034799,0.0023350651,0.0089391875,0.0096893475
2024-10-09,0.0092614335,0.0060393164,0.0111881793,0.0102115158,0.0089311587,0.0071577205,0.0060448700,0.0063526991,-0.0085555581,0.0007089604,0.0006867172,0.0071134120
2024-10-10,-0.0030587584,0.0067670145,-0.0002604086,-0.0037172353,-0.0051210302,-0.0049395643,-0.0044144803,0.0023144668,-0.0030458217,-0.0079959615,-0.0063828875,-0.0020701228
2024-10-11,0.0192856060,0.0061795921,0.0017360858,0.0073312320,0.0178689943,-0.0042548513,0.0055426171,0.0065078579,0.0087831332,0.0112232747,0.0075981639,0.0060518476
2024-10-14,0.0062352441,-0.0004309221,0.0130410589,0.0055236748,0.0059962850,0.0043747844,0.0040420967,0.0057357271,0.0126183910,0.0065583874,0.0052788413,0.0077076669
2024-10-15,0.0021366945,-0.0322303996,-0.0219827634,-0.0122141916,-0.0076840949,0.0021779037,0.0063437019,-0.0010368674,0.0044859825,0.0118285207,0.0017048821,-0.0076094663
2024-10-16,0.0123666223,0.0047896065,0.0031048696,0.0028132017,0.0077435974,0.0052559045,-0.0007273627,0.0077848228,0.0198485819,0.0103030511,-0.0021104980,0.0046791460
2024-10-17,0.0027380124,0.0047666861,0.0030515079,-0.0058064319,-0.0028725851,-0.0009049630,-0.0044887167,0.0015448888,-0.0088796905,-0.0077467049,-0.0030697260,-0.0001711605
2024-10-18,0.0002100919,-0.0033099132,0.0035638349,0.0048560797,0.0030247066,0.0039249286,0.0021935225,0.0040107583,0.0057682667,0.0074118684,0.0072536503,0.0039715527
2024-10-21,-0.0079796755,-0.0029885648,0.0046772213,-0.0117547026,-0.0035183138,-0.0077689610,-0.0083899532,-0.0076820424,-0.0039048649,-0.0200117130,-0.0047557263,-0.0018227695
2024-10-22,-0.0019053044,0.0023314765,-0.0010346102,-0.0014538369,-0.0121054935,-0.0040412376,0.0056406267,-0.0091864533,-0.0035525950,0.0011010783,-0.0004098452,-0.0004748539
2024-10-23,-0.0008484000,-0.0052060777,-0.0143258546,-0.0046985892,-0.0029175194,-0.0157232786,-0.0019508889,-0.0027086574,0.0095895129,0.0089991668,-0.0081266236,-0.0091913234
2024-10-24,0.0008491204,-0.0001112843,0.0029331342,-0.0065823026,-0.0068764722,0.0315366053,-0.0013439739,-0.0122219813,-0.0064540798,0.0024774253,0.0016524204,0.0021457720
2024-10-25,-0.0110287012,-0.0003341593,0.0051941639,-0.0054884146,-0.0026517309,0.0031472372,-0.0083189829,-0.0063450587,-0.0148301120,-0.0094899347,0.0055677989,-0.0002994472
2024-10-28,0.0124383974,-0.0063494424,-0.0003038578,0.0014807517,0.0029541501,0.0023404171,0.0018504362,0.0083011979,0.0078376725,0.0025947063,0.0072459312,0.0026514435
2024-10-29,-0.0061427092,-0.0152468344,0.0134652821,-0.0027554304,-0.0013255325,-0.0052166267,-0.0098509289,-0.0064385513,-0.0213554718,-0.0092574195,0.0103156096,0.0016141272
2024-10-30,0.0044756413,0.0022770697,-0.0159008101,-0.0018866206,-0.0016958176,-0.0013983283,-0.0016167678,0.0054181298,-0.0023965588,0.0048227559,0.0079263143,-0.0033002339
2024-10-31,-0.0137917269,0.0062468913,-0.0320979221,-0.0084392514,-0.0115223135,-0.0153039651,-0.0019929296,-0.0132080993,0.0103679280,-0.0169983027,-0.0115293805,-0.0186147009
2024-11-01,0.0034424341,-0.0063211087,0.0075143564,0.0059238238,0.0013451613,0.0162528806,0.0003744891,-0.0027841520,-0.0222749901,-0.0112909120,0.0020900451,0.0040925095
2024-11-04,-0.0077186738,0.0174940172,-0.0007592228,-0.0065656961,-0.0011194425,-0.0034484765,0.0027446600,0.0044027587,-0.0119034130,0.0108024550,-0.0062572669,-0.0028120835
2024-11-05,0.0092912831,0.0066988174,0.0140788589,0.0073584853,0.0167338668,0.0177031449,0.0063456171,0.0014965340,0.0150261335,0.0136387347,0.0115098924,0.0122656445
2024-11-06,0.0608007103,0.0375954877,0.0284720144,0.0012849462,0.0391623894,0.0319814308,-0.0163204162,0.0137704193,-0.0103369094,-0.0252033581,0.0252342273,0.0252959278
2024-11-07,-0.0161453475,-0.0045960111,0.0174416012,0.0072278846,-0.0060098915,0.0128450688,0.0036452073,0.0038958742,0.0018053334,0.0123610867,0.0138409252,0.0074312297
2024-11-08,0.0090255431,0.0066574686,-0.0010952313,0.0071759116,0.0107410691,0.0141906333,0.0121475541,-0.0091252382,0.0191787345,0.0163817207,-0.0073412779,0.0037568333
2024-11-11,0.0142306314,0.0056532857,-0.0055236336,-0.0058594599,0.0077415811,0.0201749137,-0.0034643986,-0.0043400569,0.0027784352,-0.0066072904,0.0067468419,0.0009690634
2024-11-12,-0.0030066515,-0.0053033960,0.0012719498,-0.0139319135,-0.0085898611,-0.0133509366,0.0011174102,-0.0170104076,-0.0114609497,-0.0135040364,0.0018041879,-0.0028926597
2024-11-13,0.0006032068,0.0077843184,-0.0034723811,-0.0026489544,0.0021131734,0.0085438779,0.0029765668,0.0023794707,-0.0017836105,0.0068444459,-0.0050170435,0.0002322277
2024-11-14,-0.0026120316,0.0038091351,-0.0033995140,-0.0157325973,-0.0168705075,-0.0141955873,-0.0024732099,-0.0082003146,-0.0034461785,-0.0088270821,-0.0049776545,-0.0060497348
2024-11-15,0.0046334013,-0.0014757327,-0.0248154597,-0.0185442751,-0.0053625366,-0.0085468875,-0.0088011628,-0.0069626057,0.0149846366,0.0011259876,-0.0200105248,-0.0132034899
2024-11-18,0.0030077786,0.0133008833,0.0032354999,0.0007052408,-0.0013656688,0.0092296377,0.0070035186,0.0077783465,0.0087065603,0.0081799749,0.0077565614,0.0039178144
2024-11-19,-0.0065974264,-0.0063547389,0.0081934797,-0.0051431110,-0.0008637664,0.0007428591,0.0013660738,-0.0032612484,0.0063798210,0.0052738639,0.0063154118,0.0039635848
2024-11-20,-0.0030185956,0.0100649002,-0.0008644907,0.0118263542,0.0010805852,-0.0044068771,-0.0050849187,0.0081797975,0.0004972588,-0.0021187532,0.0062104653,0.0000219509
2024-11-21,0.0127170570,0.0080964266,0.0101673548,0.0080487572,0.0125225849,0.0017704957,0.0108450522,0.0122241056,0.0173935151,0.0071782120,-0.0051975861,0.0053404615
2024-11-22,0.0111618412,0.0015443693,0.0005140369,0.0009026869,0.0139312102,0.0144186844,0.0092490552,0.0055572547,-0.0053731717,0.0074282921,-0.0005878444,0.0034679591
2024-11-25,0.0065050144,-0.0197388373,-0.0000428309,0.0085320545,0.0062388491,0.0102246911,0.0054985960,0.0103092334,0.0018417526,0.0139497883,0.0062079291,0.0030204803
2024-11-26,0.0019586579,-0.0013633164,0.0050087236,0.0053649172,0.0011845928,0.0036307919,0.0041316419,-0.0074689630,0.0159313330,0.0031446602,0.0038967721,0.0057220056
2024-11-27,0.0019545228,-0.0010502928,-0.0135457020,0.0053363960,-0.0036881199,-0.0049292606,0.0020575144,-0.0005297507,0.0000000000,0.0077390384,0.0023289676,-0.0038012380
2024-11-29,0.0015607515,0.0043103215,0.0092841075,0.0031302905,0.0056572262,0.0102710416,0.0050723789,0.0050899916,0.0003617529,-0.0054437359,0.0038077439,0.0056077855
2024-12-02,-0.0099337134,-0.0105725400,0.0094979594,-0.0017638709,-0.0073615715,0.0087268809,-0.0012015410,-0.0006330165,-0.0214639159,-0.0133905893,0.0115090740,0.0024484565
2024-12-03,-0.0074760529,-0.0001057389,0.0036025376,-0.0022423821,-0.0062969347,-0.0007581385,-0.0051733036,-0.0031672536,-0.0086259284,-0.0057461260,0.0113144184,0.0004514491
2024-12-04,-0.0037661050,-0.0241244938,0.0182855906,-0.0005452483,0.0043654404,0.0092827561,-0.0027816246,-0.0097437609,-0.0001243895,-0.0032880949,0.0027656583,0.0060514179
2024-12-05,0.0029845176,0.0039033002,-0.0050595062,-0.0111761309,-0.0121276627,0.0081805063,0.0040020959,-0.0131549949,0.0031081295,-0.0030991506,-0.0026325903,-0.0018697756
2024-12-06,-0.0001983447,-0.0169564501,0.0038763864,-0.0056512243,-0.0025545229,0.0210525844,-0.0049523489,-0.0039015884,-0.0123931015,-0.0003007782,0.0128204790,0.0024954538
2024-12-09,-0.0136905977,-0.0016480474,-0.0065188475,0.0029109588,-0.0086796471,-0.0031787443,-0.0015780082,-0.0002177660,-0.0125486178,0.0028086127,-0.0166293309,-0.0061442139
2024-12-10,-0.0002010589,-0.0068230439,-0.0138756724,-0.0041463959,-0.0024399244,0.0016374379,0.0047417012,-0.0102294207,-0.0072435819,-0.0158046837,0.0131878520,-0.0029638833
2024-12-11,0.0020120972,0.0016622872,0.0144945670,-0.0136016244,-0.0023023138,0.0175531003,-0.0076235898,-0.0035184315,-0.0062726650,-0.0018294679,0.0186832460,0.0081657860
2024-12-12,-0.0044175046,-0.0080753677,-0.0055979032,-0.0079501072,-0.0064177874,-0.0082869062,0.0029265772,-0.0069512883,-0.0005151158,-0.0019346488,-0.0027509689,-0.0054140225
2024-12-13,-0.0008068973,-0.0050183079,0.0042851776,-0.0001416776,-0.0026125510,0.0039649517,-0.0025532462,-0.0085556076,0.0006443557,-0.0041827926,-0.0109123053,-0.0000264666
2024-12-16,-0.0018166885,-0.0219681512,0.0099979170,-0.0119158780,0.0008732452,0.0135460775,-0.0052413097,-0.0088534791,-0.0079854857,-0.0028684624,0.0061361675,0.0037993543
2024-12-17,-0.0070779428,-0.0074491105,-0.0060470620,-0.0007178226,-0.0091602221,0.0031424016,-0.0017154802,-0.0055404969,-0.0041549166,-0.0048895735,-0.0066532368,-0.0038639950
2024-12-18,-0.0299388851,-0.0295577367,-0.0322527512,-0.0135764466,-0.0282485578,-0.0450654196,-0.0152201668,-0.0284253046,-0.0235984343,-0.0407037371,-0.0287330167,-0.0294928464
2024-12-19,0.0035690748,-0.0086852729,0.0010765783,-0.0075737919,-0.0012836389,-0.0013558033,-0.0071046401,-0.0107665990,0.0045402319,-0.0153012869,-0.0028815345,-0.0008651123
2024-12-20,0.0148536256,0.0098414238,0.0149252563,0.0126211284,0.0117183642,0.0025402176,0.0035148462,0.0124218132,0.0159510510,0.0181838687,0.0037247327,0.0108691238
2024-12-23,0.0024014783,0.0058725020,0.0105954033,0.0099871521,-0.0002253976,0.0030329762,-0.0052686583,-0.0007753385,0.0034033917,0.0043294993,0.0092769791,0.0072872735
2024-12-24,0.0117719583,0.0084595293,0.0103332302,0.0041081071,0.0078125475,0.0231270345,0.0065889265,0.0054072349,0.0055221041,0.0066817357,0.0096988934,0.0110427593
2024-12-26,0.0024493965,-0.0008268728,0.0006651012,0.0020097376,0.0007452828,-0.0037105135,0.0031470657,-0.0015198692,-0.0023534557,0.0020340854,-0.0012555897,-0.0004056588
2024-12-27,-0.0073303937,-0.0001182359,-0.0132951010,-0.0046560886,-0.0074482046,-0.0165239398,-0.0048940207,-0.0053864323,-0.0028834862,-0.0099359114,-0.0112522790,-0.0110557361
2024-12-30,-0.0096410323,-0.0001183444,-0.0127163123,-0.0123065816,-0.0100556389,-0.0160616339,-0.0117274525,-0.0134211086,-0.0042060815,-0.0042085370,-0.0090278878,-0.0107019957
2024-12-31,0.0010356847,0.0131283350,-0.0083166787,0.0024046482,-0.0012128185,-0.0075204679,0.0030624314,0.0040571113,-0.0009239600,0.0084525620,-0.0058381748,-0.0042848004
